<Ui xmlns="http://www.blizzard.com/wow/ui/" xmlns:xsi="http://www.w3.org/2001/XMLSchema-instance" xsi:schemaLocation="http://www.blizzard.com/wow/ui/
C:\Projects\WoW\Bin\Interface\FrameXML\UI.xsd">
	<GameTooltip name="SCTManaGainTooltip" frameStrata="TOOLTIP" hidden="true" inherits="GameTooltipTemplate">
		<Scripts>
			<OnLoad>
				this:SetOwner(UIParent, "ANCHOR_NONE");
			</OnLoad>
		</Scripts>
	</GameTooltip>
	
	<Script file="SCT_ManaGain.lua"/>
	<Frame name="SCT_ManaGainFrame">
		<Scripts>
			<OnLoad>
				SCT_ManaGain_OnLoad();
			</OnLoad>
			<OnEvent>
				SCT_ManaGain_OnEvent();
			</OnEvent>
		</Scripts>
	</Frame>
</Ui>