<Bindings>
	
	<Binding name="Prowler_Aquatic" header="Prowler">
		Shapeshift(Aqua)
	</Binding>
	
	<Binding name="Prowler_Bear">
		Prowler_Bear()
	</Binding>

	<Binding name="Prowler_Prowl">
		Prowler_Prowl()
	</Binding>
	
	<Binding name="Prowler_Moon">
		Shapeshift(Moon)
	</Binding>

	<Binding name="Prowler_Human">
		Shapeshift(Human)
	</Binding>

	<Binding name="Prowler_Travel">
		Shapeshift(Travel)
	</Binding>

	<Binding name="Prowler_Best">
		Prowler_BestForm()
	</Binding>	

</Bindings>