<Ui xmlns="http://www.blizzard.com/wow/ui/" xmlns:xsi="http://www.w3.org/2001/XMLSchema-instance" xsi:schemaLocation="http://www.blizzard.com/wow/ui/">
	<Script file="CompactComboBar.lua"/>

	<FontString name="CompactFont" font="Fonts\FRIZQT__.TTF" virtual="true">
		<FontHeight>
			<AbsValue val="9"/>
		</FontHeight>
		<Color r="1.0" g="1.0" b="1.0"/>
	</FontString>

	<Frame name="CompactComboBarFrame" frameStrata="LOW" toplevel="true" enableMouse="true" movable="true" parent="UIParent">
		<Anchors>
			<Anchor point="CENTER"/>
		</Anchors>
		<Size>
			<AbsDimension x="110" y="48"/>
		</Size>
		<Backdrop edgeFile="Interface\Tooltips\UI-Tooltip-Border" tile="true">
			<EdgeSize>
				<AbsValue val="16"/>
			</EdgeSize>
			<TileSize>
				<AbsValue val="16"/>
			</TileSize>
		</Backdrop>
		<Frames>
			<Button name="CompactBorder1">
				<Size>
					<AbsDimension x="20" y="12"/>
				</Size>
				<Anchors>
					<Anchor point="TOPLEFT">
						<Offset>
							<AbsDimension x="3" y="-1"/>
						</Offset>
					</Anchor>
				</Anchors>
				<Layers>
					<Layer level="ARTWORK">
						<Texture name="CompactBorder1Texture" file="Interface\Tooltips\UI-StatusBar-Border">
							<Size>
								<AbsDimension x="20" y="12"/>
							</Size>
							<Anchors>
								<Anchor point="TOPLEFT">
									<Offset>
										<AbsDimension x="3" y="-1"/>
									</Offset>
								</Anchor>
							</Anchors>
						</Texture>
					</Layer>
				</Layers>
				<Frames>
					<StatusBar name="CompactCombo1" inherits="TextStatusBar" framestrata="BACKGROUND">
						<Size>
							<AbsDimension x="17" y="8"/>
						</Size>
						<Anchors>
							<Anchor point="TOPLEFT">
								<Offset>
									<AbsDimension x="5" y="-3"/>
								</Offset>
							</Anchor>
						</Anchors>
						<BarTexture file="Interface\TargetingFrame\UI-StatusBar"/>
					</StatusBar>
				</Frames>
			</Button>
			<Button name="CompactBorder2">
				<Size>
					<AbsDimension x="20" y="12"/>
				</Size>
				<Anchors>
					<Anchor point="TOPLEFT">
						<Offset>
							<AbsDimension x="13" y="-1"/>
						</Offset>
					</Anchor>
				</Anchors>
				<Layers>
					<Layer level="ARTWORK">
						<Texture name="CompactBorder2Texture" file="Interface\Tooltips\UI-StatusBar-Border">
							<Size>
								<AbsDimension x="20" y="12"/>
							</Size>
							<Anchors>
								<Anchor point="TOPLEFT">
									<Offset>
										<AbsDimension x="13" y="-1"/>
									</Offset>
								</Anchor>
							</Anchors>
						</Texture>
					</Layer>
				</Layers>
				<Frames>
					<StatusBar name="CompactCombo2" inherits="TextStatusBar" framestrata="BACKGROUND">
						<Size>
							<AbsDimension x="17" y="8"/>
						</Size>
						<Anchors>
							<Anchor point="TOPLEFT">
								<Offset>
									<AbsDimension x="15" y="-3"/>
								</Offset>
							</Anchor>
						</Anchors>
						<BarTexture file="Interface\TargetingFrame\UI-StatusBar"/>
					</StatusBar>
				</Frames>
			</Button>
			<Button name="CompactBorder3">
				<Size>
					<AbsDimension x="20" y="12"/>
				</Size>
				<Anchors>
					<Anchor point="TOPLEFT">
						<Offset>
							<AbsDimension x="23" y="-1"/>
						</Offset>
					</Anchor>
				</Anchors>
				<Layers>
					<Layer level="ARTWORK">
						<Texture name="CompactBorder3Texture" file="Interface\Tooltips\UI-StatusBar-Border">
							<Size>
								<AbsDimension x="20" y="12"/>
							</Size>
							<Anchors>
								<Anchor point="TOPLEFT">
									<Offset>
										<AbsDimension x="23" y="-1"/>
									</Offset>
								</Anchor>
							</Anchors>
						</Texture>
					</Layer>
				</Layers>
				<Frames>
					<StatusBar name="CompactCombo3" inherits="TextStatusBar" framestrata="BACKGROUND">
						<Size>
							<AbsDimension x="17" y="8"/>
						</Size>
						<Anchors>
							<Anchor point="TOPLEFT">
								<Offset>
									<AbsDimension x="25" y="-3"/>
								</Offset>
							</Anchor>
						</Anchors>
						<BarTexture file="Interface\TargetingFrame\UI-StatusBar"/>
					</StatusBar>
				</Frames>
			</Button>
			<Button name="CompactBorder4">
				<Size>
					<AbsDimension x="20" y="12"/>
				</Size>
				<Anchors>
					<Anchor point="TOPLEFT">
						<Offset>
							<AbsDimension x="33" y="-1"/>
						</Offset>
					</Anchor>
				</Anchors>
				<Layers>
					<Layer level="ARTWORK">
						<Texture name="CompactBorder4Texture" file="Interface\Tooltips\UI-StatusBar-Border">
							<Size>
								<AbsDimension x="20" y="12"/>
							</Size>
							<Anchors>
								<Anchor point="TOPLEFT">
									<Offset>
										<AbsDimension x="33" y="-1"/>
									</Offset>
								</Anchor>
							</Anchors>
						</Texture>
					</Layer>
				</Layers>
				<Frames>
					<StatusBar name="CompactCombo4" inherits="TextStatusBar" framestrata="BACKGROUND">
						<Size>
							<AbsDimension x="17" y="8"/>
						</Size>
						<Anchors>
							<Anchor point="TOPLEFT">
								<Offset>
									<AbsDimension x="35" y="-3"/>
								</Offset>
							</Anchor>
						</Anchors>
						<BarTexture file="Interface\TargetingFrame\UI-StatusBar"/>
					</StatusBar>
				</Frames>
			</Button>
			<Button name="CompactBorder5">
				<Size>
					<AbsDimension x="20" y="12"/>
				</Size>
				<Anchors>
					<Anchor point="TOPLEFT">
						<Offset>
							<AbsDimension x="43" y="-1"/>
						</Offset>
					</Anchor>
				</Anchors>
				<Layers>
					<Layer level="ARTWORK">
						<Texture name="CompactBorder5Texture" file="Interface\Tooltips\UI-StatusBar-Border">
							<Size>
								<AbsDimension x="20" y="12"/>
							</Size>
							<Anchors>
								<Anchor point="TOPLEFT">
									<Offset>
										<AbsDimension x="43" y="-1"/>
									</Offset>
								</Anchor>
							</Anchors>
						</Texture>
					</Layer>
				</Layers>
				<Frames>
					<StatusBar name="CompactCombo5" inherits="TextStatusBar" framestrata="BACKGROUND">
						<Size>
							<AbsDimension x="17" y="8"/>
						</Size>
						<Anchors>
							<Anchor point="TOPLEFT">
								<Offset>
									<AbsDimension x="45" y="-3"/>
								</Offset>
							</Anchor>
						</Anchors>
						<BarTexture file="Interface\TargetingFrame\UI-StatusBar"/>
					</StatusBar>
				</Frames>
			</Button>
			<Button name="CompactBorderTargetHealth">
				<Size>
					<AbsDimension x="103" y="12"/>
				</Size>
				<Anchors>
					<Anchor point="TOPLEFT">
						<Offset>
							<AbsDimension x="2" y="-6"/>
						</Offset>
					</Anchor>
				</Anchors>
				<Layers>
					<Layer level="ARTWORK">
						<Texture name="CompactBorderTargetHealthTexture" file="Interface\Tooltips\UI-StatusBar-Border">
							<Size>
								<AbsDimension x="103" y="12"/>
							</Size>
							<Anchors>
								<Anchor point="TOPLEFT">
									<Offset>
										<AbsDimension x="2" y="-6"/>
									</Offset>
								</Anchor>
							</Anchors>
						</Texture>
					</Layer>
					<Layer level="ARTWORK">
						<FontString name="CompactTargetHealthText" inherits="CompactFont">
							<Anchors>
								<Anchor point="CENTER">
									<Offset>
										<AbsDimension x="2" y="-6"/>
									</Offset>
								</Anchor>
							</Anchors>
						</FontString>
					</Layer>
				</Layers>
				<Frames>
					<StatusBar name="CompactTargetHealthBar" inherits="TextStatusBar" framestrata="BACKGROUND">
						<Size>
							<AbsDimension x="99" y="8"/>
						</Size>
						<Anchors>
							<Anchor point="TOPLEFT">
								<Offset>
									<AbsDimension x="4" y="-8"/>
								</Offset>
							</Anchor>
						</Anchors>
						<BarTexture file="Interface\TargetingFrame\UI-StatusBar"/>
					</StatusBar>
				</Frames>
			</Button>
			<Button name="CompactBorderTargetMana">
				<Size>
					<AbsDimension x="103" y="12"/>
				</Size>
				<Anchors>
					<Anchor point="TOPLEFT">
						<Offset>
							<AbsDimension x="2" y="-11"/>
						</Offset>
					</Anchor>
				</Anchors>
				<Layers>
					<Layer level="ARTWORK">
						<Texture name="CompactBorderTargetManaTexture" file="Interface\Tooltips\UI-StatusBar-Border">
							<Size>
								<AbsDimension x="103" y="12"/>
							</Size>
							<Anchors>
								<Anchor point="TOPLEFT">
									<Offset>
										<AbsDimension x="2" y="-11"/>
									</Offset>
								</Anchor>
							</Anchors>
						</Texture>
					</Layer>
					<Layer level="ARTWORK">
						<FontString name="CompactTargetManaText" inherits="CompactFont">
							<Anchors>
								<Anchor point="CENTER">
									<Offset>
										<AbsDimension x="2" y="-11"/>
									</Offset>
								</Anchor>
							</Anchors>
						</FontString>
					</Layer>
				</Layers>
				<Frames>
					<StatusBar name="CompactTargetManaBar" inherits="TextStatusBar" framestrata="BACKGROUND">
						<Size>
							<AbsDimension x="99" y="8"/>
						</Size>
						<Anchors>
							<Anchor point="TOPLEFT">
								<Offset>
									<AbsDimension x="4" y="-13"/>
								</Offset>
							</Anchor>
						</Anchors>
						<BarTexture file="Interface\TargetingFrame\UI-StatusBar"/>
					</StatusBar>
				</Frames>
			</Button>
			<Button name="CompactBorderHealth">
				<Size>
					<AbsDimension x="103" y="12"/>
				</Size>
				<Anchors>
					<Anchor point="TOPLEFT">
						<Offset>
							<AbsDimension x="2" y="-11"/>
						</Offset>
					</Anchor>
				</Anchors>
				<Layers>
					<Layer level="ARTWORK">
						<Texture name="CompactBorderHealthTexture" file="Interface\Tooltips\UI-StatusBar-Border">
							<Size>
								<AbsDimension x="103" y="12"/>
							</Size>
							<Anchors>
								<Anchor point="TOPLEFT">
									<Offset>
										<AbsDimension x="2" y="-11"/>
									</Offset>
								</Anchor>
							</Anchors>
						</Texture>
					</Layer>
					<Layer level="ARTWORK">
						<FontString name="CompactHealthText" inherits="CompactFont">
							<Anchors>
								<Anchor point="CENTER">
									<Offset>
										<AbsDimension x="2" y="-11"/>
									</Offset>
								</Anchor>
							</Anchors>
						</FontString>
					</Layer>
				</Layers>
				<Frames>
					<StatusBar name="CompactHealthBar" inherits="TextStatusBar" framestrata="BACKGROUND">
						<Size>
							<AbsDimension x="99" y="8"/>
						</Size>
						<Anchors>
							<Anchor point="TOPLEFT">
								<Offset>
									<AbsDimension x="4" y="-13"/>
								</Offset>
							</Anchor>
						</Anchors>
						<BarTexture file="Interface\TargetingFrame\UI-StatusBar"/>
					</StatusBar>
				</Frames>
			</Button>
			<Button name="CompactBorderEnergy">
				<Size>
					<AbsDimension x="103" y="12"/>
				</Size>
				<Anchors>
					<Anchor point="TOPLEFT">
						<Offset>
							<AbsDimension x="2" y="-16"/>
						</Offset>
					</Anchor>
				</Anchors>
				<Layers>
					<Layer level="ARTWORK">
						<Texture name="CompactBorderEnergyTexture" file="Interface\Tooltips\UI-StatusBar-Border">
							<Size>
								<AbsDimension x="103" y="12"/>
							</Size>
							<Anchors>
								<Anchor point="TOPLEFT">
									<Offset>
										<AbsDimension x="2" y="-16"/>
									</Offset>
								</Anchor>
							</Anchors>
						</Texture>
					</Layer>
					<Layer level="ARTWORK">
						<FontString name="CompactEnergyText" inherits="CompactFont">
							<Anchors>
								<Anchor point="CENTER">
									<Offset>
										<AbsDimension x="2" y="-16"/>
									</Offset>
								</Anchor>
							</Anchors>
						</FontString>
					</Layer>
				</Layers>
				<Frames>
					<StatusBar name="CompactEnergyBar" inherits="TextStatusBar" framestrata="BACKGROUND">
						<Size>
							<AbsDimension x="99" y="8"/>
						</Size>
						<Anchors>
							<Anchor point="TOPLEFT">
								<Offset>
									<AbsDimension x="4" y="-18"/>
								</Offset>
							</Anchor>
						</Anchors>
						<BarTexture file="Interface\TargetingFrame\UI-StatusBar"/>
					</StatusBar>
				</Frames>
			</Button>
		</Frames>
		<Scripts>
			<OnLoad>
				this:SetBackdropBorderColor(0.7, 0.7, 0.7);
				CompactComboBar_OnLoad();
			</OnLoad>
			<OnMouseDown>
				CompactComboBar_OnDragStart();
			</OnMouseDown>
			<OnMouseUp>
				CompactComboBar_OnDragStop();
    			</OnMouseUp>
			<OnEvent>
				CompactComboBar_OnEvent(event);
			</OnEvent>
		</Scripts>
	</Frame>
</Ui>