<Ui xmlns="http://www.blizzard.com/wow/ui/" xmlns:xsi="http://www.w3.org/2001/XMLSchema-instance" xsi:schemaLocation="http://www.blizzard.com/wow/ui/
	..\FrameXML\UI.xsd">

	<Frame name="ISync_OptionsCleanFrame_Tab"  toplevel="true" enableMouse="true" hidden="true" parent="ISync_OptionsFrame">
 		<Size>
 			<AbsDimension x="360" y="450"/>
 		</Size>
 		<Anchors>
 			<Anchor point="CENTER" relativeTo="ISync_OptionsFrame" relativePoint="CENTER">
 				<Offset>
 					<AbsDimension x="0" y="0"/>
 				</Offset>
 			</Anchor>
 		</Anchors>
 		<Frames>
  
   			<Frame name="ISYNC_Options_Clean_Optimize" inherits="OptionFrameBoxTemplate">
   				<Size>
   					<AbsDimension x="335" y="40"/>
   				</Size>
   				<Anchors>
   					<Anchor point="TOPLEFT" relativeTo="ISync_OptionsCleanFrame_Tab" relativePoint="BOTTOMLEFT">
   						<Offset>
   							<AbsDimension x="13" y="410"/>
   						</Offset>
   					</Anchor>
   				</Anchors>
   				<Layers>
   					<Layer level="BACKGROUND">
 
   					</Layer>
   				</Layers>
   
   				<Frames>
   				
   					<Button name="ISync_OptionsOptimizeButton" inherits="UIPanelButtonTemplate" text="ISYNC_OPTIONS_OPTIMIZE">
   						<Size>
   							<AbsDimension x="90" y="21"/>
   						</Size>
   						<Anchors>
   							<Anchor point="CENTER" relativePoint="CENTER">
   								<Offset>
   									<AbsDimension x="0" y="0"/>
   								</Offset>
   							</Anchor>
   						</Anchors>
   						<Scripts>
   							<OnClick>
   
   								StaticPopup_Show("ISYNC_OPTIMIZE_CONFIRM");
   							</OnClick>
   						</Scripts>
   					</Button>
   					
      					<Button name="ISync_Options_Regular_Help9" virtual="true" hidden="false">
      						<Size>
      							<AbsDimension x="18" y="16"/>
      						</Size>
      						<Anchors>
      							<Anchor point="TOPRIGHT" relativePoint="TOPRIGHT">
      								<Offset>
      									<AbsDimension x="-8" y="-8"/>
      								</Offset>
      							</Anchor>
      						</Anchors>
      						<Layers>
      							<Layer level="OVERLAY">
      								<FontString name="$parentText" inherits="GameFontNormal" justifyH="RIGHT" text="[?]">
      									<Anchors>
      										<Anchor point="RIGHT">
      											<Offset>
      												<AbsDimension x="0" y="0"/>
      											</Offset>
      										</Anchor>
      									</Anchors>
      								</FontString>
      							</Layer>
      						</Layers>
      						<Scripts>
      							<OnEnter>
      								getglobal(this:GetName() .. "Text"):SetTextColor(1, 1, 0);
      								GameTooltip:SetOwner(this, "ANCHOR_LEFT");
      								GameTooltip:SetText(ISYNC_HELP_SUB9, 1, 0.72, 0, nil, 1);
      								GameTooltip:Show();
      							</OnEnter>
      							<OnLeave>
      								getglobal(this:GetName() .. "Text"):SetTextColor(1, 0.82, 0);
      								GameTooltip:Hide();						
      							</OnLeave>
      						</Scripts>
   					</Button>
   					
   				</Frames>
   
   				<Scripts>
   					<OnLoad>
   						this:SetBackdropBorderColor(0.4, 0.4, 0.4);
   						this:SetBackdropColor(0.15, 0.15, 0.15);
   						getglobal(this:GetName().."Title"):SetText(ISYNC_OPTIONS_HEADER4);
   					</OnLoad>
   				</Scripts>
 			</Frame>
   			
    
    
 
    
   			<Frame name="ISYNC_Options_PurgeDB_CleanFrame" inherits="OptionFrameBoxTemplate">
   				<Size>
   					<AbsDimension x="335" y="40"/>
   				</Size>
   				<Anchors>
   					<Anchor point="TOPLEFT" relativeTo="ISync_OptionsCleanFrame_Tab" relativePoint="BOTTOMLEFT">
   						<Offset>
   							<AbsDimension x="13" y="345"/>
   						</Offset>
   					</Anchor>
   				</Anchors>
   				<Layers>
   					<Layer level="BACKGROUND">
 
   					</Layer>
   				</Layers>
   
   				<Frames>
   					<Button name="ISYNC_Options_Clean_PurgeDBButton" inherits="UIPanelButtonTemplate" text="ISYNC_PURGEDB">
 						<Size>
 							<AbsDimension x="140" y="21"/>
 						</Size>
 						<Anchors>
 							<Anchor point="CENTER" relativePoint="CENTER">
 								<Offset>
 									<AbsDimension x="0" y="0"/>
 								</Offset>
 							</Anchor>
 						</Anchors>
 						<Scripts>
 							<OnClick>
 								
 								StaticPopup_Show("ISYNC_PURGE1_CONFIRM");
 							    
 							</OnClick>
 						</Scripts>
 					</Button>
 
 					<Button name="ISync_Options_Regular_Help_PurgeDB" virtual="true" hidden="false">
 						<Size>
 							<AbsDimension x="18" y="16"/>
 						</Size>
 						<Anchors>
 							<Anchor point="TOPRIGHT" relativePoint="TOPRIGHT">
 								<Offset>
 									<AbsDimension x="-8" y="-8"/>
 								</Offset>
 							</Anchor>
 						</Anchors>
 						<Layers>
 							<Layer level="OVERLAY">
 								<FontString name="$parentText" inherits="GameFontNormal" justifyH="RIGHT" text="[?]">
 									<Anchors>
 										<Anchor point="RIGHT">
 											<Offset>
 												<AbsDimension x="0" y="0"/>
 											</Offset>
 										</Anchor>
 									</Anchors>
 								</FontString>
 							</Layer>
 						</Layers>
 						<Scripts>
 							<OnEnter>
 								getglobal(this:GetName() .. "Text"):SetTextColor(1, 1, 0);
 								GameTooltip:SetOwner(this, "ANCHOR_LEFT");
 								GameTooltip:SetText(ISYNC_PURGEDB_TOOLTIP, 1, 0.72, 0, nil, 1);
 								GameTooltip:Show();
 							</OnEnter>
 							<OnLeave>
 								getglobal(this:GetName() .. "Text"):SetTextColor(1, 0.82, 0);
 								GameTooltip:Hide();						
 							</OnLeave>
 						</Scripts>
   					</Button>
   					
   				</Frames>
   
   				<Scripts>
   					<OnLoad>
   						this:SetBackdropBorderColor(0.4, 0.4, 0.4);
   						this:SetBackdropColor(0.15, 0.15, 0.15);
   						getglobal(this:GetName().."Title"):SetText(ISYNC_PURGEDB_HEADER);
   					</OnLoad>
   				</Scripts>
   			</Frame>
   			
 			
 			
 			
 			
 			
    			<Frame name="ISYNC_Options_Cleaner_CleanFrame" inherits="OptionFrameBoxTemplate">
    				<Size>
    					<AbsDimension x="335" y="40"/>
    				</Size>
    				<Anchors>
    					<Anchor point="TOPLEFT" relativeTo="ISync_OptionsCleanFrame_Tab" relativePoint="BOTTOMLEFT">
    						<Offset>
    							<AbsDimension x="13" y="55"/>
    						</Offset>
    					</Anchor>
    				</Anchors>
    				<Layers>
    					<Layer level="BACKGROUND">
  
    					</Layer>
    				</Layers>
    
    				<Frames>
    					<Button name="ISYNC_Options_CleanerButton" inherits="UIPanelButtonTemplate" text="ISYNC_CLEANER_BUTTON">
  						<Size>
  							<AbsDimension x="140" y="21"/>
  						</Size>
  						<Anchors>
  							<Anchor point="CENTER" relativePoint="CENTER">
  								<Offset>
  									<AbsDimension x="0" y="0"/>
  								</Offset>
  							</Anchor>
  						</Anchors>
  						<Scripts>
  							<OnClick>
  								
  								StaticPopup_Show("ISYNC_CLEANER_CONFIRM");
  							    
  							</OnClick>
  						</Scripts>
  					</Button>
  
  					<Button name="ISync_Options_Regular_Help_Cleaner" virtual="true" hidden="false">
  						<Size>
  							<AbsDimension x="18" y="16"/>
  						</Size>
  						<Anchors>
  							<Anchor point="TOPRIGHT" relativePoint="TOPRIGHT">
  								<Offset>
  									<AbsDimension x="-8" y="-8"/>
  								</Offset>
  							</Anchor>
  						</Anchors>
  						<Layers>
  							<Layer level="OVERLAY">
  								<FontString name="$parentText" inherits="GameFontNormal" justifyH="RIGHT" text="[?]">
  									<Anchors>
  										<Anchor point="RIGHT">
  											<Offset>
  												<AbsDimension x="0" y="0"/>
  											</Offset>
  										</Anchor>
  									</Anchors>
  								</FontString>
  							</Layer>
  						</Layers>
  						<Scripts>
  							<OnEnter>
  								getglobal(this:GetName() .. "Text"):SetTextColor(1, 1, 0);
  								GameTooltip:SetOwner(this, "ANCHOR_LEFT");
  								GameTooltip:SetText(ISYNC_CLEANER_TOOLTIP, 1, 0.72, 0, nil, 1);
  								GameTooltip:Show();
  							</OnEnter>
  							<OnLeave>
  								getglobal(this:GetName() .. "Text"):SetTextColor(1, 0.82, 0);
  								GameTooltip:Hide();						
  							</OnLeave>
  						</Scripts>
    					</Button>
    					
    				</Frames>
    
    				<Scripts>
    					<OnLoad>
    						this:SetBackdropBorderColor(0.4, 0.4, 0.4);
    						this:SetBackdropColor(0.15, 0.15, 0.15);
    						getglobal(this:GetName().."Title"):SetText(string.upper(ISYNC_CLEANER_HEADER));
    					</OnLoad>
    				</Scripts>
   			</Frame>		
  		</Frames>
  
  			<Scripts>
				<OnMouseDown> ISync_OptionsFrame:StartMoving();  </OnMouseDown>
				<OnMouseUp>  ISync_OptionsFrame:StopMovingOrSizing(); </OnMouseUp>
				<OnDragStop> ISync_OptionsFrame:StopMovingOrSizing(); </OnDragStop>
				<OnShow>PlaySound("igMainMenuOptionCheckBoxOn"); </OnShow>
  			</Scripts>
	</Frame>
	
	
</Ui>