<Ui xmlns="http://www.blizzard.com/wow/ui/" xmlns:xsi="http://www.w3.org/2001/XMLSchema-instance" xsi:schemaLocation="http://www.blizzard.com/wow/ui/
	..\FrameXML\UI.xsd">
	<Script file="ISync_Favorites.lua"/>
	
	
	<Frame name="ISync_FavFrame" inherits="ISyncFrame_MainTemplate" hidden="true" parent="UIParent">
			<Size>
				<AbsDimension x="360" y="450"/>
			</Size>
			<Anchors>
	 			<Anchor point="TOPLEFT">
	 				<Offset>
	 					<AbsDimension x="0" y="-104"/>
	 				</Offset>
	 			</Anchor>
			</Anchors>
			<Frames>
				<Button name="$parentFavIconButton" virtual="true" hidden="false">
					<Size>
						<AbsDimension x="37" y="37"/>
					</Size>
					<Anchors>
						<Anchor point="TOPRIGHT">
							<Offset>
								<AbsDimension x="-23" y="-25"/>
							</Offset>
						</Anchor>
					</Anchors>
					<NormalTexture file="Interface\Icons\INV_ValentinesCard01"/>
				</Button>
				<Button name="ISync_FavFrame_DropDown" inherits="UIDropDownMenuTemplate">
					<Anchors>
						<Anchor point="TOPLEFT">
							<Offset>
								<AbsDimension x="24" y="-40"/>
							</Offset>
						</Anchor>
					</Anchors>
				</Button>
				<Button name="ISync_FavFrame_HelpButton" virtual="true" hidden="false">
					<Size>
						<AbsDimension x="25" y="25"/>
					</Size>
					<Anchors>
						<Anchor point="TOPLEFT">
							<Offset>
								<AbsDimension x="233" y="-10"/>
							</Offset>
						</Anchor>
					</Anchors>
					<Layers>
						<Layer level="OVERLAY">
							<FontString name="$parentText" inherits="GameFontNormal" justifyH="RIGHT" text="ISYNC_HELPBUTTON">
								<Anchors>
									<Anchor point="RIGHT">
										<Offset>
											<AbsDimension x="0" y="0"/>
										</Offset>
									</Anchor>
								</Anchors>
							</FontString>
						</Layer>
					</Layers>
					<Scripts>
						<OnEnter>
							getglobal(this:GetName() .. "Text"):SetTextColor(1, 1, 0);
							GameTooltip:SetOwner(this, "ANCHOR_LEFT");
							GameTooltip:SetText(ISYNC_FAV_HELP, 1, 0.72, 0, nil, 1);
							GameTooltip:Show();
						</OnEnter>
						<OnLeave>
							getglobal(this:GetName() .. "Text"):SetTextColor(1, 0.82, 0);
							GameTooltip:Hide();						
						</OnLeave>
					</Scripts>
				</Button>
				<Button name="ISync_FavItem1" inherits="ISync_FavItemButtonTemplate" id="1" hidden="true">
					<Anchors>
						<Anchor point="TOPLEFT" relativeTo="ISync_FavFrame">
							<Offset>
								<AbsDimension x="19" y="-75"/>
							</Offset>
						</Anchor>
					</Anchors>
				</Button>

					    <Frame name="ISync_FavRemItem1" inherits="ISync_FavRemItem_ButtonTemplate" hidden="true">
						<Anchors>
						    <Anchor point="LEFT" relativeTo="ISync_FavItem1" relativePoint="LEFT">
							<Offset>
							    <AbsDimension x="13" y="-1"/>
							</Offset>
						    </Anchor>
						</Anchors>
					    </Frame>
					    
				<Button name="ISync_FavItem2" inherits="ISync_FavItemButtonTemplate" id="2" hidden="true">
					<Anchors>
						<Anchor point="TOPLEFT" relativeTo="ISync_FavItem1" relativePoint="BOTTOMLEFT">
							<Offset>
								<AbsDimension x="0" y="1"/>
							</Offset>
						</Anchor>
					</Anchors>
				</Button>
				
					    <Frame name="ISync_FavRemItem2" inherits="ISync_FavRemItem_ButtonTemplate" hidden="true">
						<Anchors>
						    <Anchor point="LEFT" relativeTo="ISync_FavItem2" relativePoint="LEFT">
							<Offset>
							    <AbsDimension x="13" y="-1"/>
							</Offset>
						    </Anchor>
						</Anchors>
					    </Frame>
					    
				<Button name="ISync_FavItem3" inherits="ISync_FavItemButtonTemplate" id="3" hidden="true">
					<Anchors>
						<Anchor point="TOPLEFT" relativeTo="ISync_FavItem2" relativePoint="BOTTOMLEFT">
							<Offset>
								<AbsDimension x="0" y="1"/>
							</Offset>
						</Anchor>
					</Anchors>
				</Button>
				
					    <Frame name="ISync_FavRemItem3" inherits="ISync_FavRemItem_ButtonTemplate" hidden="true">
						<Anchors>
						    <Anchor point="LEFT" relativeTo="ISync_FavItem3" relativePoint="LEFT">
							<Offset>
							    <AbsDimension x="13" y="-1"/>
							</Offset>
						    </Anchor>
						</Anchors>
					    </Frame>
					    
				<Button name="ISync_FavItem4" inherits="ISync_FavItemButtonTemplate" id="4" hidden="true">
					<Anchors>
						<Anchor point="TOPLEFT" relativeTo="ISync_FavItem3" relativePoint="BOTTOMLEFT">
							<Offset>
								<AbsDimension x="0" y="1"/>
							</Offset>
						</Anchor>
					</Anchors>
				</Button>
				
					    <Frame name="ISync_FavRemItem4" inherits="ISync_FavRemItem_ButtonTemplate" hidden="true">
						<Anchors>
						    <Anchor point="LEFT" relativeTo="ISync_FavItem4" relativePoint="LEFT">
							<Offset>
							    <AbsDimension x="13" y="-1"/>
							</Offset>
						    </Anchor>
						</Anchors>
					    </Frame>
					    
				<Button name="ISync_FavItem5" inherits="ISync_FavItemButtonTemplate" id="5" hidden="true">
					<Anchors>
						<Anchor point="TOPLEFT" relativeTo="ISync_FavItem4" relativePoint="BOTTOMLEFT">
							<Offset>
								<AbsDimension x="0" y="1"/>
							</Offset>
						</Anchor>
					</Anchors>
				</Button>
				
					    <Frame name="ISync_FavRemItem5" inherits="ISync_FavRemItem_ButtonTemplate" hidden="true">
						<Anchors>
						    <Anchor point="LEFT" relativeTo="ISync_FavItem5" relativePoint="LEFT">
							<Offset>
							    <AbsDimension x="13" y="-1"/>
							</Offset>
						    </Anchor>
						</Anchors>
					    </Frame>
					    
				<Button name="ISync_FavItem6" inherits="ISync_FavItemButtonTemplate" id="6" hidden="true">
					<Anchors>
						<Anchor point="TOPLEFT" relativeTo="ISync_FavItem5" relativePoint="BOTTOMLEFT">
							<Offset>
								<AbsDimension x="0" y="1"/>
							</Offset>
						</Anchor>
					</Anchors>
				</Button>
				
					    <Frame name="ISync_FavRemItem6" inherits="ISync_FavRemItem_ButtonTemplate" hidden="true">
						<Anchors>
						    <Anchor point="LEFT" relativeTo="ISync_FavItem6" relativePoint="LEFT">
							<Offset>
							    <AbsDimension x="13" y="-1"/>
							</Offset>
						    </Anchor>
						</Anchors>
					    </Frame>
					    
				<Button name="ISync_FavItem7" inherits="ISync_FavItemButtonTemplate" id="7" hidden="true">
					<Anchors>
						<Anchor point="TOPLEFT" relativeTo="ISync_FavItem6" relativePoint="BOTTOMLEFT">
							<Offset>
								<AbsDimension x="0" y="1"/>
							</Offset>
						</Anchor>
					</Anchors>
				</Button>

					    <Frame name="ISync_FavRemItem7" inherits="ISync_FavRemItem_ButtonTemplate" hidden="true">
						<Anchors>
						    <Anchor point="LEFT" relativeTo="ISync_FavItem7" relativePoint="LEFT">
							<Offset>
							    <AbsDimension x="13" y="-1"/>
							</Offset>
						    </Anchor>
						</Anchors>
					    </Frame>
					    
				<Button name="ISync_FavItem8" inherits="ISync_FavItemButtonTemplate" id="8" hidden="true">
					<Anchors>
						<Anchor point="TOPLEFT" relativeTo="ISync_FavItem7" relativePoint="BOTTOMLEFT">
							<Offset>
								<AbsDimension x="0" y="1"/>
							</Offset>
						</Anchor>
					</Anchors>
				</Button>
				
					    <Frame name="ISync_FavRemItem8" inherits="ISync_FavRemItem_ButtonTemplate" hidden="true">
						<Anchors>
						    <Anchor point="LEFT" relativeTo="ISync_FavItem8" relativePoint="LEFT">
							<Offset>
							    <AbsDimension x="13" y="-1"/>
							</Offset>
						    </Anchor>
						</Anchors>
					    </Frame>
					    
				<Button name="ISync_FavItem9" inherits="ISync_FavItemButtonTemplate" id="9" hidden="true">
					<Anchors>
						<Anchor point="TOPLEFT" relativeTo="ISync_FavItem8" relativePoint="BOTTOMLEFT">
							<Offset>
								<AbsDimension x="0" y="1"/>
							</Offset>
						</Anchor>
					</Anchors>
				</Button>
				
					    <Frame name="ISync_FavRemItem9" inherits="ISync_FavRemItem_ButtonTemplate" hidden="true">
						<Anchors>
						    <Anchor point="LEFT" relativeTo="ISync_FavItem9" relativePoint="LEFT">
							<Offset>
							    <AbsDimension x="13" y="-1"/>
							</Offset>
						    </Anchor>
						</Anchors>
					    </Frame>
					    
				<Button name="ISync_FavItem10" inherits="ISync_FavItemButtonTemplate" id="10" hidden="true">
					<Anchors>
						<Anchor point="TOPLEFT" relativeTo="ISync_FavItem9" relativePoint="BOTTOMLEFT">
							<Offset>
								<AbsDimension x="0" y="1"/>
							</Offset>
						</Anchor>
					</Anchors>
				</Button>

					    <Frame name="ISync_FavRemItem10" inherits="ISync_FavRemItem_ButtonTemplate" hidden="true">
						<Anchors>
						    <Anchor point="LEFT" relativeTo="ISync_FavItem10" relativePoint="LEFT">
							<Offset>
							    <AbsDimension x="13" y="-1"/>
							</Offset>
						    </Anchor>
						</Anchors>
					    </Frame>
					    
				<Button name="ISync_FavItem11" inherits="ISync_FavItemButtonTemplate" id="11" hidden="true">
					<Anchors>
						<Anchor point="TOPLEFT" relativeTo="ISync_FavItem10" relativePoint="BOTTOMLEFT">
							<Offset>
								<AbsDimension x="0" y="1"/>
							</Offset>
						</Anchor>
					</Anchors>
				</Button>
				
					    <Frame name="ISync_FavRemItem11" inherits="ISync_FavRemItem_ButtonTemplate" hidden="true">
						<Anchors>
						    <Anchor point="LEFT" relativeTo="ISync_FavItem11" relativePoint="LEFT">
							<Offset>
							    <AbsDimension x="13" y="-1"/>
							</Offset>
						    </Anchor>
						</Anchors>
					    </Frame>
					    
				<Button name="ISync_FavItem12" inherits="ISync_FavItemButtonTemplate" id="12" hidden="true">
					<Anchors>
						<Anchor point="TOPLEFT" relativeTo="ISync_FavItem11" relativePoint="BOTTOMLEFT">
							<Offset>
								<AbsDimension x="0" y="1"/>
							</Offset>
						</Anchor>
					</Anchors>
				</Button>
				
					    <Frame name="ISync_FavRemItem12" inherits="ISync_FavRemItem_ButtonTemplate" hidden="true">
						<Anchors>
						    <Anchor point="LEFT" relativeTo="ISync_FavItem12" relativePoint="LEFT">
							<Offset>
							    <AbsDimension x="13" y="-1"/>
							</Offset>
						    </Anchor>
						</Anchors>
					    </Frame>
					    
				<Button name="ISync_FavItem13" inherits="ISync_FavItemButtonTemplate" id="13" hidden="true">
					<Anchors>
						<Anchor point="TOPLEFT" relativeTo="ISync_FavItem12" relativePoint="BOTTOMLEFT">
							<Offset>
								<AbsDimension x="0" y="1"/>
							</Offset>
						</Anchor>
					</Anchors>
				</Button>
				
					    <Frame name="ISync_FavRemItem13" inherits="ISync_FavRemItem_ButtonTemplate" hidden="true">
						<Anchors>
						    <Anchor point="LEFT" relativeTo="ISync_FavItem13" relativePoint="LEFT">
							<Offset>
							    <AbsDimension x="13" y="-1"/>
							</Offset>
						    </Anchor>
						</Anchors>
					    </Frame>
					    

				<Button name="ISync_FavItem14" inherits="ISync_FavItemButtonTemplate" id="14" hidden="true">
					<Anchors>
						<Anchor point="TOPLEFT" relativeTo="ISync_FavItem13" relativePoint="BOTTOMLEFT">
							<Offset>
								<AbsDimension x="0" y="1"/>
							</Offset>
						</Anchor>
					</Anchors>
				</Button>
				
					    <Frame name="ISync_FavRemItem14" inherits="ISync_FavRemItem_ButtonTemplate" hidden="true">
						<Anchors>
						    <Anchor point="LEFT" relativeTo="ISync_FavItem14" relativePoint="LEFT">
							<Offset>
							    <AbsDimension x="13" y="-1"/>
							</Offset>
						    </Anchor>
						</Anchors>
					    </Frame>
					    
				<Button name="ISync_FavItem15" inherits="ISync_FavItemButtonTemplate" id="15" hidden="true">
					<Anchors>
						<Anchor point="TOPLEFT" relativeTo="ISync_FavItem14" relativePoint="BOTTOMLEFT">
							<Offset>
								<AbsDimension x="0" y="1"/>
							</Offset>
						</Anchor>
					</Anchors>
				</Button>
				
					    <Frame name="ISync_FavRemItem15" inherits="ISync_FavRemItem_ButtonTemplate" hidden="true">
						<Anchors>
						    <Anchor point="LEFT" relativeTo="ISync_FavItem15" relativePoint="LEFT">
							<Offset>
							    <AbsDimension x="13" y="-1"/>
							</Offset>
						    </Anchor>
						</Anchors>
					    </Frame>
					    
				<Button name="ISync_FavItem16" inherits="ISync_FavItemButtonTemplate" id="16" hidden="true">
					<Anchors>
						<Anchor point="TOPLEFT" relativeTo="ISync_FavItem15" relativePoint="BOTTOMLEFT">
							<Offset>
								<AbsDimension x="0" y="1"/>
							</Offset>
						</Anchor>
					</Anchors>
				</Button>
				
					    <Frame name="ISync_FavRemItem16" inherits="ISync_FavRemItem_ButtonTemplate" hidden="true">
						<Anchors>
						    <Anchor point="LEFT" relativeTo="ISync_FavItem16" relativePoint="LEFT">
							<Offset>
							    <AbsDimension x="13" y="-1"/>
							</Offset>
						    </Anchor>
						</Anchors>
					    </Frame>
					    
				<Button name="ISync_FavItem17" inherits="ISync_FavItemButtonTemplate" id="17" hidden="true">
					<Anchors>
						<Anchor point="TOPLEFT" relativeTo="ISync_FavItem16" relativePoint="BOTTOMLEFT">
							<Offset>
								<AbsDimension x="0" y="1"/>
							</Offset>
						</Anchor>
					</Anchors>
				</Button>
				
					    <Frame name="ISync_FavRemItem17" inherits="ISync_FavRemItem_ButtonTemplate" hidden="true">
						<Anchors>
						    <Anchor point="LEFT" relativeTo="ISync_FavItem17" relativePoint="LEFT">
							<Offset>
							    <AbsDimension x="13" y="-1"/>
							</Offset>
						    </Anchor>
						</Anchors>
					    </Frame>
					    
				<Button name="ISync_FavItem18" inherits="ISync_FavItemButtonTemplate" id="18" hidden="true">
					<Anchors>
						<Anchor point="TOPLEFT" relativeTo="ISync_FavItem17" relativePoint="BOTTOMLEFT">
							<Offset>
								<AbsDimension x="0" y="1"/>
							</Offset>
						</Anchor>
					</Anchors>
				</Button>
				
					    <Frame name="ISync_FavRemItem18" inherits="ISync_FavRemItem_ButtonTemplate" hidden="true">
						<Anchors>
						    <Anchor point="LEFT" relativeTo="ISync_FavItem18" relativePoint="LEFT">
							<Offset>
							    <AbsDimension x="13" y="-1"/>
							</Offset>
						    </Anchor>
						</Anchors>
					    </Frame>
					    
				<Button name="ISync_FavItem19" inherits="ISync_FavItemButtonTemplate" id="19" hidden="true">
					<Anchors>
						<Anchor point="TOPLEFT" relativeTo="ISync_FavItem18" relativePoint="BOTTOMLEFT">
							<Offset>
								<AbsDimension x="0" y="1"/>
							</Offset>
						</Anchor>
					</Anchors>
				</Button>
				
					    <Frame name="ISync_FavRemItem19" inherits="ISync_FavRemItem_ButtonTemplate" hidden="true">
						<Anchors>
						    <Anchor point="LEFT" relativeTo="ISync_FavItem19" relativePoint="LEFT">
							<Offset>
							    <AbsDimension x="13" y="-1"/>
							</Offset>
						    </Anchor>
						</Anchors>
					    </Frame>
					    
				<Button name="ISync_FavItem20" inherits="ISync_FavItemButtonTemplate" id="20" hidden="true">
					<Anchors>
						<Anchor point="TOPLEFT" relativeTo="ISync_FavItem19" relativePoint="BOTTOMLEFT">
							<Offset>
								<AbsDimension x="0" y="1"/>
							</Offset>
						</Anchor>
					</Anchors>
				</Button>
				
					    <Frame name="ISync_FavRemItem20" inherits="ISync_FavRemItem_ButtonTemplate" hidden="true">
						<Anchors>
						    <Anchor point="LEFT" relativeTo="ISync_FavItem20" relativePoint="LEFT">
							<Offset>
							    <AbsDimension x="13" y="-1"/>
							</Offset>
						    </Anchor>
						</Anchors>
					    </Frame>
					    
				<Button name="ISync_FavItem21" inherits="ISync_FavItemButtonTemplate" id="21" hidden="true">
					<Anchors>
						<Anchor point="TOPLEFT" relativeTo="ISync_FavItem20" relativePoint="BOTTOMLEFT">
							<Offset>
								<AbsDimension x="0" y="1"/>
							</Offset>
						</Anchor>
					</Anchors>
				</Button>
				
					    <Frame name="ISync_FavRemItem21" inherits="ISync_FavRemItem_ButtonTemplate" hidden="true">
						<Anchors>
						    <Anchor point="LEFT" relativeTo="ISync_FavItem21" relativePoint="LEFT">
							<Offset>
							    <AbsDimension x="13" y="-1"/>
							</Offset>
						    </Anchor>
						</Anchors>
					    </Frame>
					    
				<Button name="ISync_FavItem22" inherits="ISync_FavItemButtonTemplate" id="22" hidden="true">
					<Anchors>
						<Anchor point="TOPLEFT" relativeTo="ISync_FavItem21" relativePoint="BOTTOMLEFT">
							<Offset>
								<AbsDimension x="0" y="1"/>
							</Offset>
						</Anchor>
					</Anchors>
				</Button>

					    <Frame name="ISync_FavRemItem22" inherits="ISync_FavRemItem_ButtonTemplate" hidden="true">
						<Anchors>
						    <Anchor point="LEFT" relativeTo="ISync_FavItem22" relativePoint="LEFT">
							<Offset>
							    <AbsDimension x="13" y="-1"/>
							</Offset>
						    </Anchor>
						</Anchors>
					    </Frame>
					    
				<Button name="ISync_FavItem23" inherits="ISync_FavItemButtonTemplate" id="23" hidden="true">
					<Anchors>
						<Anchor point="TOPLEFT" relativeTo="ISync_FavItem22" relativePoint="BOTTOMLEFT">
							<Offset>
								<AbsDimension x="0" y="1"/>
							</Offset>
						</Anchor>
					</Anchors>
				</Button>
				
					    <Frame name="ISync_FavRemItem23" inherits="ISync_FavRemItem_ButtonTemplate" hidden="true">
						<Anchors>
						    <Anchor point="LEFT" relativeTo="ISync_FavItem23" relativePoint="LEFT">
							<Offset>
							    <AbsDimension x="13" y="-1"/>
							</Offset>
						    </Anchor>
						</Anchors>
					    </Frame>
					    
				<ScrollFrame name="ISync_FavFrame_ListScrollFrame" inherits="FauxScrollFrameTemplate">
					<Size>
						<AbsDimension x="296" y="354"/>
					</Size>
					<Anchors>
						<Anchor point="TOPLEFT" relativeTo="ISync_FavFrame">
							<Offset>
								<AbsDimension x="19" y="-75"/>
							</Offset>
						</Anchor>
					</Anchors>
					<Layers>
						<Layer level="ARTWORK">
							<Texture name="$parentScrollBarTop">
								<Size>
									<AbsDimension x="31" y="256"/>
								</Size>
								<Anchors>
									<Anchor point="TOP" relativeTo="$parentScrollBarScrollUpButton">
										<Offset>
											<AbsDimension x="0" y="5"/>
										</Offset>
									</Anchor>
								</Anchors>
								<TexCoords left="0" right="0.484375" top="0" bottom="1.0"/>
							</Texture>
							<Texture>
								<Size>
									<AbsDimension x="31" y="106"/>
								</Size>
								<Anchors>
									<Anchor point="BOTTOM" relativeTo="$parentScrollBarScrollDownButton">
										<Offset>
											<AbsDimension x="0" y="-2"/>
										</Offset>
									</Anchor>
								</Anchors>
								<TexCoords left="0.515625" right="1.0" top="0" bottom="0.4140625"/>
							</Texture>
						</Layer>
					</Layers>
					<Scripts>
						<OnVerticalScroll>
							if(ISync) then
								FauxScrollFrame_OnVerticalScroll(16, ISync.Fav_UpdateScrollFrame);
							end
						</OnVerticalScroll>
					</Scripts>
				</ScrollFrame>
				
	

				<Button name="ISync_FavFrame_ButtonFrameRefreshButton" inherits="UIPanelButtonTemplate">
					<Size>
						<AbsDimension x="70" y="24"/>
					</Size>
					<Anchors>
						<Anchor point="TOPRIGHT">
							<Offset>
								<AbsDimension x="-85" y="-40"/>
							</Offset>
						</Anchor>
					</Anchors>
					<Scripts>
						<OnLoad>
							this:SetText(ISYNC_BT_REFRESH);
						</OnLoad>
						<OnClick>
							ISync:Fav_Refresh();
						</OnClick>
					</Scripts>
				</Button>
				
				<Button name="ISync_FavFrame_ButtonFramePurgeButton" inherits="UIPanelButtonTemplate">
					<Size>
						<AbsDimension x="70" y="24"/>
					</Size>
					<Anchors>
						<Anchor point="TOPRIGHT">
							<Offset>
								<AbsDimension x="-248" y="-12"/>
							</Offset>
						</Anchor>
					</Anchors>
					<Scripts>
						<OnLoad>
							this:SetText(ISYNC_BT_PURGE);
						</OnLoad>
						<OnClick>
							ISync:FavPurge_Chk();
						</OnClick>
					</Scripts>
				</Button>

			</Frames>
 
 			<Scripts>
  				<OnLoad>	
  						ISync_FavFrameHeader_Box:SetBackdropBorderColor(0.4, 0.4, 0.4);
  						ISync_FavFrameHeader_Box:SetBackdropColor(250/255, 116/255, 123/255, 0.7);
  						
  						this:RegisterEvent("VARIABLES_LOADED");
  						
  						getglobal("ISync_FavFrameHeader_Box"):ClearAllPoints();
  						getglobal("ISync_FavFrameHeader_Box"):SetPoint("CENTER", ISync_FavFrame, "CENTER", 0, 233);

  					
 				</OnLoad>
 				<OnShow>	
 						PlaySound("igMainMenuOptionCheckBoxOn");
 						ISync_FavFrameHeader_BoxText:SetText(ISYNC_BT_FAVORITES);
 						ISync:Fav_Refresh();

 				</OnShow>
				<OnEvent>
						ISync:Fav_OnEvent();
				</OnEvent>
				<OnHide>
						PlaySound("igMainMenuOptionCheckBoxOff");
				</OnHide>
 			</Scripts>
	
	</Frame>

</Ui>