<Ui xmlns="http://www.blizzard.com/wow/ui/" xmlns:xsi="http://www.w3.org/2001/XMLSchema-instance" xsi:schemaLocation="http://www.blizzard.com/wow/ui/
	..\FrameXML\UI.xsd">
	<Script file="ItemSync.lua" />
	<Script file="ItemSync_CleanDB.lua" />
	
	<GameTooltip name="ISyncMoney_Tooltip" hidden="true">
			<Layers>
				<Layer level="ARTWORK">
					<FontString name="$parentTextLeft1" inherits="GameTooltipHeaderText" hidden="true"/>
					<FontString name="$parentTextRight1" inherits="GameTooltipHeaderText" hidden="true"/>
				</Layer>
			</Layers>
	</GameTooltip>
	
</Ui>