<Ui xmlns="http://www.blizzard.com/wow/ui/" xmlns:xsi="http://www.w3.org/2001/XMLSchema-instance"
xsi:schemaLocation="http://www.blizzard.com/wow/ui/">
	<Script file="localization.lua"/>
	<Script file="TypeDebuff.lua"/>
	<Frame name="TypeDebuffTextTemplate" virtual="true">
		<Size>
			<AbsDimension x="32" y="32"/>
		</Size>
		<Layers>
			<Layer level="ARTWORK">
				<FontString name="$parentTypeText" inherits="GameFontNormalSmall" justifyH="CENTER">
					<Size>
						<AbsDimension x="32" y="32"/>
					</Size>
					<Anchors>
						<Anchor point="CENTER">
							<Offset>
								<AbsDimension x="0" y="16"/>
							</Offset>
						</Anchor>
					</Anchors>
				</FontString>
			</Layer>
		</Layers>
	</Frame>
	<Frame name="TypeDebuffFrame" parent="UIParent" frameStrata="LOW" toplevel="true">
		<Size>
			<AbsDimension x="50" y="50"/>
		</Size>
		<Anchors>
			<Anchor point="TOPRIGHT" relativeTo="BuffButton16" relativePoint="TOPRIGHT"/>
		</Anchors>
		<Frames>
			<Frame name="TypeDebuff0" inherits="TypeDebuffTextTemplate" id="0">
				<Anchors>
					<Anchor point="TOPRIGHT">
						<Offset>
							<AbsDimension x="0" y="0"/>
						</Offset>
					</Anchor>
				</Anchors>
			</Frame>
			<Frame name="TypeDebuff1" inherits="TypeDebuffTextTemplate" id="1">
				<Anchors>
					<Anchor point="RIGHT" relativeTo="TypeDebuff0" relativePoint="LEFT">
						<Offset>
							<AbsDimension x="-5" y="0"/>
						</Offset>
					</Anchor>
				</Anchors>
			</Frame>
			<Frame name="TypeDebuff2" inherits="TypeDebuffTextTemplate" id="2">
				<Anchors>
					<Anchor point="RIGHT" relativeTo="TypeDebuff1" relativePoint="LEFT">
						<Offset>
							<AbsDimension x="-5" y="0"/>
						</Offset>
					</Anchor>
				</Anchors>
			</Frame>
			<Frame name="TypeDebuff3" inherits="TypeDebuffTextTemplate" id="3">
				<Anchors>
					<Anchor point="RIGHT" relativeTo="TypeDebuff2" relativePoint="LEFT">
						<Offset>
							<AbsDimension x="-5" y="0"/>
						</Offset>
					</Anchor>
				</Anchors>
			</Frame>
			<Frame name="TypeDebuff4" inherits="TypeDebuffTextTemplate" id="4">
				<Anchors>
					<Anchor point="RIGHT" relativeTo="TypeDebuff3" relativePoint="LEFT">
						<Offset>
							<AbsDimension x="-5" y="0"/>
						</Offset>
					</Anchor>
				</Anchors>
			</Frame>
			<Frame name="TypeDebuff5" inherits="TypeDebuffTextTemplate" id="5">
				<Anchors>
					<Anchor point="RIGHT" relativeTo="TypeDebuff4" relativePoint="LEFT">
						<Offset>
							<AbsDimension x="-5" y="0"/>
						</Offset>
					</Anchor>
				</Anchors>
			</Frame>
			<Frame name="TypeDebuff6" inherits="TypeDebuffTextTemplate" id="6">
				<Anchors>
					<Anchor point="RIGHT" relativeTo="TypeDebuff5" relativePoint="LEFT">
						<Offset>
							<AbsDimension x="-5" y="0"/>
						</Offset>
					</Anchor>
				</Anchors>
			</Frame>
			<Frame name="TypeDebuff7" inherits="TypeDebuffTextTemplate" id="7">
				<Anchors>
					<Anchor point="RIGHT" relativeTo="TypeDebuff6" relativePoint="LEFT">
						<Offset>
							<AbsDimension x="-5" y="0"/>
						</Offset>
					</Anchor>
				</Anchors>
			</Frame>
		</Frames>
		<Scripts>
			<OnLoad>
				TypeDebuff_OnLoad();
			</OnLoad>
			<OnEvent>
				TypeDebuff_OnEvent();
			</OnEvent>
		</Scripts>
	</Frame>
	<GameTooltip name="TypeDebuffTooltip" frameStrata="TOOLTIP" hidden="true" inherits="GameTooltipTemplate" parent="UIParent">
	</GameTooltip>
</Ui>
