<Ui xmlns="http://www.blizzard.com/wow/ui/"   xmlns:xsi="http://www.w3.org/2001/XMLSchema-instance"   xsi:schemaLocation="http://www.blizzard.com/wow/ui/"> 

	<Frame name="AfkAlertFrame" parent="UIParent" frameStrata="LOW" toplevel="true">
		<Anchors>
			<Anchor point="TOP" relativeTo="PVPArenaTextString" relativePoint="BOTTOM" />
		</Anchors>
		<Size>
			<AbsDimension x="256" y="256"/>
		</Size>
		<Layers>
			<Layer level="ARTWORK">
				<FontString name="AfkAlertText" font="Fonts\FRIZQT__.TTF" outline="THICK" hidden="true">
					<Size>
						<AbsDimension x="512" y="0"/>
					</Size>
					<Anchors>
						<Anchor point="CENTER"/>
					</Anchors>
					<FontHeight>
						<AbsValue val="52"/>
					</FontHeight>
				</FontString>
			</Layer>
		</Layers>
		<Scripts>
			<OnLoad>
				AfkAlert.OnLoad();
			</OnLoad>
			<OnEvent>
				AfkAlert.OnEvent();
			</OnEvent>
		</Scripts>
	</Frame>
</Ui>
