<Ui xmlns="http://www.blizzard.com/wow/ui/" xmlns:xsi="http://www.w3.org/2001/XMLSchema-instance" xsi:schemaLocation="http://www.blizzard.com/wow/ui/
..\FrameXML\UI.xsd">
	<Script file="IMBA_RaidIcons.lua"/>

	<Frame name="IMBA_RaidIcons" parent="UIParent" enableMouse="true" movable="true" hidden="true" frameStrata="HIGH">
		<Size>
			<AbsDimension x="220" y="224"/>
		</Size>
		<Anchors>
			<Anchor point="CENTER"/>
		</Anchors>
		<Backdrop name="$parentBackdrop" bgFile="Interface\Tooltips\UI-Tooltip-Background" edgeFile="Interface\Tooltips\UI-Tooltip-Border" tile="true">
			<EdgeSize>
				<AbsValue val="16"/>
			</EdgeSize>
			<TileSize>
				<AbsValue val="16"/>
			</TileSize>
			<BackgroundInsets>
				<AbsInset left="5" right="5" top="5" bottom="5"/>
			</BackgroundInsets>
		</Backdrop>
		<Frames>
			<Frame name="$parent_Title" inherits="IMBA_MainTitleTemplate">
				<Anchors>
					<Anchor point="TOP">
						<Offset>
							<AbsDimension x="0" y="-8"/>
						</Offset>
					</Anchor>
				</Anchors>
			</Frame>
			<StatusBar name="$parent_RaidIconHealth1" inherits="IMBA_RaidIconHealthTemplate">
				<Anchors>
					<Anchor point="TOP" relativeTo="$parent_Title" relativePoint="BOTTOM">
						<Offset>
							<AbsDimension x="10" y="-4"/>
						</Offset>
					</Anchor>
				</Anchors>
			</StatusBar>
			<StatusBar name="$parent_RaidIconHealth2" inherits="IMBA_RaidIconHealthTemplate">
				<Anchors>
					<Anchor point="TOP" relativeTo="$parent_RaidIconHealth1" relativePoint="BOTTOM">
						<Offset>
							<AbsDimension x="0" y="-4"/>
						</Offset>
					</Anchor>
				</Anchors>
			</StatusBar>			
			<StatusBar name="$parent_RaidIconHealth3" inherits="IMBA_RaidIconHealthTemplate">
				<Anchors>
					<Anchor point="TOP" relativeTo="$parent_RaidIconHealth2" relativePoint="BOTTOM">
						<Offset>
							<AbsDimension x="0" y="-4"/>
						</Offset>
					</Anchor>
				</Anchors>
			</StatusBar>
			<StatusBar name="$parent_RaidIconHealth4" inherits="IMBA_RaidIconHealthTemplate">
				<Anchors>
					<Anchor point="TOP" relativeTo="$parent_RaidIconHealth3" relativePoint="BOTTOM">
						<Offset>
							<AbsDimension x="0" y="-4"/>
						</Offset>
					</Anchor>
				</Anchors>
			</StatusBar>
			<StatusBar name="$parent_RaidIconHealth5" inherits="IMBA_RaidIconHealthTemplate">
				<Anchors>
					<Anchor point="TOP" relativeTo="$parent_RaidIconHealth4" relativePoint="BOTTOM">
						<Offset>
							<AbsDimension x="0" y="-4"/>
						</Offset>
					</Anchor>
				</Anchors>
			</StatusBar>
			<StatusBar name="$parent_RaidIconHealth6" inherits="IMBA_RaidIconHealthTemplate">
				<Anchors>
					<Anchor point="TOP" relativeTo="$parent_RaidIconHealth5" relativePoint="BOTTOM">
						<Offset>
							<AbsDimension x="0" y="-4"/>
						</Offset>
					</Anchor>
				</Anchors>
			</StatusBar>
			<StatusBar name="$parent_RaidIconHealth7" inherits="IMBA_RaidIconHealthTemplate">
				<Anchors>
					<Anchor point="TOP" relativeTo="$parent_RaidIconHealth6" relativePoint="BOTTOM">
						<Offset>
							<AbsDimension x="0" y="-4"/>
						</Offset>
					</Anchor>
				</Anchors>
			</StatusBar>
			<StatusBar name="$parent_RaidIconHealth8" inherits="IMBA_RaidIconHealthTemplate">
				<Anchors>
					<Anchor point="TOP" relativeTo="$parent_RaidIconHealth7" relativePoint="BOTTOM">
						<Offset>
							<AbsDimension x="0" y="-4"/>
						</Offset>
					</Anchor>
				</Anchors>
			</StatusBar>
			<Frame name="$parent_RaidIcon1" inherits="IMBA_IconTemplate">
				<Anchors>
					<Anchor point="RIGHT" relativeTo="$parent_RaidIconHealth1" relativePoint="LEFT">
						<Offset>
							<AbsDimension x="-2" y="0"/>
						</Offset>
					</Anchor>
				</Anchors>
			</Frame>
			<Frame name="$parent_RaidIcon2" inherits="IMBA_IconTemplate">
				<Anchors>
					<Anchor point="RIGHT" relativeTo="$parent_RaidIconHealth2" relativePoint="LEFT">
						<Offset>
							<AbsDimension x="-2" y="0"/>
						</Offset>
					</Anchor>
				</Anchors>
			</Frame>
			<Frame name="$parent_RaidIcon3" inherits="IMBA_IconTemplate">
				<Anchors>
					<Anchor point="RIGHT" relativeTo="$parent_RaidIconHealth3" relativePoint="LEFT">
						<Offset>
							<AbsDimension x="-2" y="0"/>
						</Offset>
					</Anchor>
				</Anchors>
			</Frame>
			<Frame name="$parent_RaidIcon4" inherits="IMBA_IconTemplate">
				<Anchors>
					<Anchor point="RIGHT" relativeTo="$parent_RaidIconHealth4" relativePoint="LEFT">
						<Offset>
							<AbsDimension x="-2" y="0"/>
						</Offset>
					</Anchor>
				</Anchors>
			</Frame>
			<Frame name="$parent_RaidIcon5" inherits="IMBA_IconTemplate">
				<Anchors>
					<Anchor point="RIGHT" relativeTo="$parent_RaidIconHealth5" relativePoint="LEFT">
						<Offset>
							<AbsDimension x="-2" y="0"/>
						</Offset>
					</Anchor>
				</Anchors>
			</Frame>
			<Frame name="$parent_RaidIcon6" inherits="IMBA_IconTemplate">
				<Anchors>
					<Anchor point="RIGHT" relativeTo="$parent_RaidIconHealth6" relativePoint="LEFT">
						<Offset>
							<AbsDimension x="-2" y="0"/>
						</Offset>
					</Anchor>
				</Anchors>
			</Frame>
			<Frame name="$parent_RaidIcon7" inherits="IMBA_IconTemplate">
				<Anchors>
					<Anchor point="RIGHT" relativeTo="$parent_RaidIconHealth7" relativePoint="LEFT">
						<Offset>
							<AbsDimension x="-2" y="0"/>
						</Offset>
					</Anchor>
				</Anchors>
			</Frame>
			<Frame name="$parent_RaidIcon8" inherits="IMBA_IconTemplate">
				<Anchors>
					<Anchor point="RIGHT" relativeTo="$parent_RaidIconHealth8" relativePoint="LEFT">
						<Offset>
							<AbsDimension x="-2" y="0"/>
						</Offset>
					</Anchor>
				</Anchors>
			</Frame>
			<Frame name="$parent_Close" enableMouse="true">
				<Size>
					<AbsDimension x="24" y="24"/>
				</Size>
				<Anchors>
					<Anchor point="TOPRIGHT">
						<Offset>
							<AbsDimension x="0" y="0"/>
						</Offset>
					</Anchor>
				</Anchors>
				<Layers>
					<Layer level="OVERLAY">
						<Texture name="$parent_Image" file="Interface\AddOns\IMBA\textures\close.blp">
							<Size>
								<AbsDimension x="32" y="32"/>
							</Size>
							<Anchors>
								<Anchor point="TOPRIGHT"/>
							</Anchors>
						</Texture>
					</Layer>
				</Layers>
				<Scripts>
					<OnLoad>
						this:SetBackdropBorderColor(1, 1, 1, 1);
						this:SetBackdropColor(0.0,0.0,0.0,0);
					</OnLoad>
					<OnMouseDown>
						IMBA_RaidIcons:Hide();
					</OnMouseDown>
				</Scripts>
			</Frame>
			
		</Frames>
		<Scripts>
			<OnLoad>
				IMBA_RaidIcons_OnLoad();
			</OnLoad>
			<OnUpdate>
				IMBA_RaidIcons_OnUpdate()
			</OnUpdate>
			<OnMouseUp>
			 if ( this.isMoving ) then
			  this:StopMovingOrSizing();
			  this.isMoving = false;
			 end
			</OnMouseUp>
			<OnMouseDown>
			 if ( ( ( not this.isLocked ) or ( this.isLocked == 0 ) ) and ( arg1 == "LeftButton" ) ) then
			  this:StartMoving();
			  this.isMoving = true;
			 end
			</OnMouseDown>
			<OnHide>
			 if ( this.isMoving ) then
			  this:StopMovingOrSizing();
			  this.isMoving = false;
			 end
			</OnHide>
		</Scripts>
	</Frame>
</Ui>