<Ui xmlns="http://www.blizzard.com/wow/ui" xmlns:xsi="http://www.w3.org/2001/XMLSchema-instance">
  <!--Autogenerated by wowuides, Version=1.0.300.0, Culture=neutral, PublicKeyToken=null-->
  <Frame name="BananaConfigFrame" hidden="true" parent="UIParent" movable="true" clampedToScreen="true">
    <!--<FrameSkin skinid="f15d4970-d66d-444e-bb2d-1ad102c87fed" frameid="f15d4971-d66d-444e-bb2d-1ad102c87fed" />-->
    <Size>
      <AbsDimension x="310" y="459" />
    </Size>
    <Anchors>
      <Anchor point="CENTER" relativeTo="UIParent">
        <Offset>
          <AbsDimension x="0" y="0" />
        </Offset>
      </Anchor>
    </Anchors>
    <Backdrop bgFile="Interface\Buttons\UI-SliderBar-Background" edgeFile="Interface\Buttons\UI-SliderBar-Border" tile="true">
      <BackgroundInsets>
        <AbsInset left="3" right="3" top="6" bottom="6" />
      </BackgroundInsets>
      <TileSize>
        <AbsValue val="8" />
      </TileSize>
      <EdgeSize>
        <AbsValue val="8" />
      </EdgeSize>
    </Backdrop>
    <Frames>
      <Frame hidden="true">
        <!--<FrameSkin skinid="dcb143e1-a4ab-4e7c-b934-1efa40101d21" frameid="2d508888-59c2-4f83-ae10-27aaad48391b" />-->
        <Size>
          <AbsDimension x="301" y="333" />
        </Size>
        <Anchors>
          <Anchor point="TOPLEFT">
            <Offset>
              <AbsDimension x="309" y="-56" />
            </Offset>
          </Anchor>
        </Anchors>
        <Backdrop bgFile="Interface\Tooltips\UI-Tooltip-Background" edgeFile="Interface\Tooltips\UI-Tooltip-Border" tile="true">
          <BackgroundInsets>
            <AbsInset left="5" right="5" top="5" bottom="5" />
          </BackgroundInsets>
          <TileSize>
            <AbsValue val="16" />
          </TileSize>
          <EdgeSize>
            <AbsValue val="16" />
          </EdgeSize>
        </Backdrop>
        <Frames>
          <Frame>
            <!--<FrameSkin skinid="dcb143e1-a4ab-4e7c-b934-1efa40101d21" frameid="2d508885-59c2-4f83-ae10-27aaad48391b" />-->
            <Size>
              <AbsDimension x="231" y="18" />
            </Size>
            <Anchors>
              <Anchor point="TOPLEFT">
                <Offset>
                  <AbsDimension x="27" y="-12" />
                </Offset>
              </Anchor>
            </Anchors>
            <Layers>
              <Layer>
                <FontString name="$parentLabel" font="Fonts\FRIZQT__.TTF" text="Info Icon Priority" justifyH="LEFT">
                  <Anchors>
                    <Anchor point="TOPLEFT" />
                    <Anchor point="BOTTOMRIGHT" />
                  </Anchors>
                  <FontHeight>
                    <AbsValue val="12" />
                  </FontHeight>
                  <Color r="1" g="0.8196079" b="0" />
                  <Shadow>
                    <Color r="0" g="0" b="0" />
                    <Offset>
                      <AbsDimension x="1" y="-1" />
                    </Offset>
                  </Shadow>
                </FontString>
              </Layer>
            </Layers>
          </Frame>
          <Button name="$parentComboBoxIcon1">
            <!--<FrameSkin skinid="dcb143e1-a4ab-4e7c-b934-1efa40101d21" frameid="2d50888b-59c2-4f83-ae10-27aaad48391b"><Property name="Items">&lt;?xml version="1.0"?&gt;
&lt;ArrayOfString xmlns:xsi="http://www.w3.org/2001/XMLSchema-instance" xmlns:xsd="http://www.w3.org/2001/XMLSchema" /&gt;</Property><Property name="OnSelectionChanged">&lt;?xml version="1.0"?&gt;
&lt;string /&gt;</Property></FrameSkin>-->
            <Size>
              <AbsDimension x="263" y="32" />
            </Size>
            <Anchors>
              <Anchor point="TOPLEFT">
                <Offset>
                  <AbsDimension x="7" y="-36" />
                </Offset>
              </Anchor>
            </Anchors>
            <Layers>
              <Layer>
                <Texture name="$parentLeft" file="Interface\Glues\CharacterCreate\CharacterCreate-LabelFrame">
                  <Size>
                    <AbsDimension x="25" y="64" />
                  </Size>
                  <Anchors>
                    <Anchor point="TOPLEFT">
                      <Offset>
                        <AbsDimension x="0" y="17" />
                      </Offset>
                    </Anchor>
                  </Anchors>
                  <TexCoords left="0" right="0.1953125" top="0" bottom="1" />
                </Texture>
                <Texture name="$parentMiddle" file="Interface\Glues\CharacterCreate\CharacterCreate-LabelFrame">
                  <Size>
                    <AbsDimension x="213" y="64" />
                  </Size>
                  <Anchors>
                    <Anchor point="LEFT" relativeTo="$parentLeft" relativePoint="RIGHT" />
                  </Anchors>
                  <TexCoords left="0.1953125" right="0.8046875" top="0" bottom="1" />
                </Texture>
                <Texture name="$parentRight" file="Interface\Glues\CharacterCreate\CharacterCreate-LabelFrame">
                  <Size>
                    <AbsDimension x="25" y="64" />
                  </Size>
                  <Anchors>
                    <Anchor point="LEFT" relativeTo="$parentMiddle" relativePoint="RIGHT" />
                  </Anchors>
                  <TexCoords left="0.8046875" right="1" top="0" bottom="1" />
                </Texture>
                <FontString name="$parentText" font="Fonts\FRIZQT__.TTF" text="icon" justifyH="RIGHT">
                  <Size>
                    <AbsDimension x="238" y="10" />
                  </Size>
                  <Anchors>
                    <Anchor point="RIGHT" relativeTo="$parentRight">
                      <Offset>
                        <AbsDimension x="-43" y="2" />
                      </Offset>
                    </Anchor>
                  </Anchors>
                  <FontHeight>
                    <AbsValue val="10" />
                  </FontHeight>
                  <Color r="1" g="1" b="1" />
                  <Shadow>
                    <Color r="0" g="0" b="0" />
                    <Offset>
                      <AbsDimension x="1" y="-1" />
                    </Offset>
                  </Shadow>
                </FontString>
              </Layer>
            </Layers>
            <Frames>
              <Button name="$parentButton">
                <Size>
                  <AbsDimension x="24" y="24" />
                </Size>
                <Anchors>
                  <Anchor point="TOPRIGHT" relativeTo="$parentRight">
                    <Offset>
                      <AbsDimension x="-16" y="-18" />
                    </Offset>
                  </Anchor>
                </Anchors>
                <Scripts>
                  <OnClick>
						ToggleDropDownMenu();
						PlaySound("igMainMenuOptionCheckBoxOn");
					</OnClick>
                </Scripts>
                <NormalTexture name="$parentNormalTexture" file="Interface\ChatFrame\UI-ChatIcon-ScrollDown-Up">
                  <Size>
                    <AbsDimension x="24" y="24" />
                  </Size>
                  <Anchors>
                    <Anchor point="RIGHT" />
                  </Anchors>
                </NormalTexture>
                <PushedTexture name="$parentPushedTexture" file="Interface\ChatFrame\UI-ChatIcon-ScrollDown-Down">
                  <Size>
                    <AbsDimension x="24" y="24" />
                  </Size>
                  <Anchors>
                    <Anchor point="RIGHT" />
                  </Anchors>
                </PushedTexture>
                <DisabledTexture name="$parentDisabledTexture" file="Interface\ChatFrame\UI-ChatIcon-ScrollDown-Disabled">
                  <Size>
                    <AbsDimension x="24" y="24" />
                  </Size>
                  <Anchors>
                    <Anchor point="RIGHT" />
                  </Anchors>
                </DisabledTexture>
                <HighlightTexture name="$parentHighlightTexture" file="Interface\Buttons\UI-Common-MouseHilight" alphaMode="ADD">
                  <Size>
                    <AbsDimension x="24" y="24" />
                  </Size>
                  <Anchors>
                    <Anchor point="RIGHT" />
                  </Anchors>
                </HighlightTexture>
              </Button>
            </Frames>
            <Scripts>
              <OnHide>CloseDropDownMenus();
</OnHide>
            </Scripts>
          </Button>
          <Button name="$parentComboBoxIcon2">
            <!--<FrameSkin skinid="dcb143e1-a4ab-4e7c-b934-1efa40101d21" frameid="2d50888b-59c2-4f83-ae10-27aaad48391b"><Property name="Items">&lt;?xml version="1.0"?&gt;
&lt;ArrayOfString xmlns:xsi="http://www.w3.org/2001/XMLSchema-instance" xmlns:xsd="http://www.w3.org/2001/XMLSchema" /&gt;</Property><Property name="OnSelectionChanged">&lt;?xml version="1.0"?&gt;
&lt;string /&gt;</Property></FrameSkin>-->
            <Size>
              <AbsDimension x="263" y="32" />
            </Size>
            <Anchors>
              <Anchor point="TOPLEFT">
                <Offset>
                  <AbsDimension x="7" y="-64" />
                </Offset>
              </Anchor>
            </Anchors>
            <Layers>
              <Layer>
                <Texture name="$parentLeft" file="Interface\Glues\CharacterCreate\CharacterCreate-LabelFrame">
                  <Size>
                    <AbsDimension x="25" y="64" />
                  </Size>
                  <Anchors>
                    <Anchor point="TOPLEFT">
                      <Offset>
                        <AbsDimension x="0" y="17" />
                      </Offset>
                    </Anchor>
                  </Anchors>
                  <TexCoords left="0" right="0.1953125" top="0" bottom="1" />
                </Texture>
                <Texture name="$parentMiddle" file="Interface\Glues\CharacterCreate\CharacterCreate-LabelFrame">
                  <Size>
                    <AbsDimension x="213" y="64" />
                  </Size>
                  <Anchors>
                    <Anchor point="LEFT" relativeTo="$parentLeft" relativePoint="RIGHT" />
                  </Anchors>
                  <TexCoords left="0.1953125" right="0.8046875" top="0" bottom="1" />
                </Texture>
                <Texture name="$parentRight" file="Interface\Glues\CharacterCreate\CharacterCreate-LabelFrame">
                  <Size>
                    <AbsDimension x="25" y="64" />
                  </Size>
                  <Anchors>
                    <Anchor point="LEFT" relativeTo="$parentMiddle" relativePoint="RIGHT" />
                  </Anchors>
                  <TexCoords left="0.8046875" right="1" top="0" bottom="1" />
                </Texture>
                <FontString name="$parentText" font="Fonts\FRIZQT__.TTF" text="icon" justifyH="RIGHT">
                  <Size>
                    <AbsDimension x="238" y="10" />
                  </Size>
                  <Anchors>
                    <Anchor point="RIGHT" relativeTo="$parentRight">
                      <Offset>
                        <AbsDimension x="-43" y="2" />
                      </Offset>
                    </Anchor>
                  </Anchors>
                  <FontHeight>
                    <AbsValue val="10" />
                  </FontHeight>
                  <Color r="1" g="1" b="1" />
                  <Shadow>
                    <Color r="0" g="0" b="0" />
                    <Offset>
                      <AbsDimension x="1" y="-1" />
                    </Offset>
                  </Shadow>
                </FontString>
              </Layer>
            </Layers>
            <Frames>
              <Button name="$parentButton">
                <Size>
                  <AbsDimension x="24" y="24" />
                </Size>
                <Anchors>
                  <Anchor point="TOPRIGHT" relativeTo="$parentRight">
                    <Offset>
                      <AbsDimension x="-16" y="-18" />
                    </Offset>
                  </Anchor>
                </Anchors>
                <Scripts>
                  <OnClick>
						ToggleDropDownMenu();
						PlaySound("igMainMenuOptionCheckBoxOn");
					</OnClick>
                </Scripts>
                <NormalTexture name="$parentNormalTexture" file="Interface\ChatFrame\UI-ChatIcon-ScrollDown-Up">
                  <Size>
                    <AbsDimension x="24" y="24" />
                  </Size>
                  <Anchors>
                    <Anchor point="RIGHT" />
                  </Anchors>
                </NormalTexture>
                <PushedTexture name="$parentPushedTexture" file="Interface\ChatFrame\UI-ChatIcon-ScrollDown-Down">
                  <Size>
                    <AbsDimension x="24" y="24" />
                  </Size>
                  <Anchors>
                    <Anchor point="RIGHT" />
                  </Anchors>
                </PushedTexture>
                <DisabledTexture name="$parentDisabledTexture" file="Interface\ChatFrame\UI-ChatIcon-ScrollDown-Disabled">
                  <Size>
                    <AbsDimension x="24" y="24" />
                  </Size>
                  <Anchors>
                    <Anchor point="RIGHT" />
                  </Anchors>
                </DisabledTexture>
                <HighlightTexture name="$parentHighlightTexture" file="Interface\Buttons\UI-Common-MouseHilight" alphaMode="ADD">
                  <Size>
                    <AbsDimension x="24" y="24" />
                  </Size>
                  <Anchors>
                    <Anchor point="RIGHT" />
                  </Anchors>
                </HighlightTexture>
              </Button>
            </Frames>
            <Scripts>
              <OnHide>CloseDropDownMenus();
</OnHide>
            </Scripts>
          </Button>
          <Button name="$parentComboBoxIcon3">
            <!--<FrameSkin skinid="dcb143e1-a4ab-4e7c-b934-1efa40101d21" frameid="2d50888b-59c2-4f83-ae10-27aaad48391b"><Property name="Items">&lt;?xml version="1.0"?&gt;
&lt;ArrayOfString xmlns:xsi="http://www.w3.org/2001/XMLSchema-instance" xmlns:xsd="http://www.w3.org/2001/XMLSchema" /&gt;</Property><Property name="OnSelectionChanged">&lt;?xml version="1.0"?&gt;
&lt;string /&gt;</Property></FrameSkin>-->
            <Size>
              <AbsDimension x="263" y="32" />
            </Size>
            <Anchors>
              <Anchor point="TOPLEFT">
                <Offset>
                  <AbsDimension x="8" y="-92" />
                </Offset>
              </Anchor>
            </Anchors>
            <Layers>
              <Layer>
                <Texture name="$parentLeft" file="Interface\Glues\CharacterCreate\CharacterCreate-LabelFrame">
                  <Size>
                    <AbsDimension x="25" y="64" />
                  </Size>
                  <Anchors>
                    <Anchor point="TOPLEFT">
                      <Offset>
                        <AbsDimension x="0" y="17" />
                      </Offset>
                    </Anchor>
                  </Anchors>
                  <TexCoords left="0" right="0.1953125" top="0" bottom="1" />
                </Texture>
                <Texture name="$parentMiddle" file="Interface\Glues\CharacterCreate\CharacterCreate-LabelFrame">
                  <Size>
                    <AbsDimension x="213" y="64" />
                  </Size>
                  <Anchors>
                    <Anchor point="LEFT" relativeTo="$parentLeft" relativePoint="RIGHT" />
                  </Anchors>
                  <TexCoords left="0.1953125" right="0.8046875" top="0" bottom="1" />
                </Texture>
                <Texture name="$parentRight" file="Interface\Glues\CharacterCreate\CharacterCreate-LabelFrame">
                  <Size>
                    <AbsDimension x="25" y="64" />
                  </Size>
                  <Anchors>
                    <Anchor point="LEFT" relativeTo="$parentMiddle" relativePoint="RIGHT" />
                  </Anchors>
                  <TexCoords left="0.8046875" right="1" top="0" bottom="1" />
                </Texture>
                <FontString name="$parentText" font="Fonts\FRIZQT__.TTF" text="icon" justifyH="RIGHT">
                  <Size>
                    <AbsDimension x="238" y="10" />
                  </Size>
                  <Anchors>
                    <Anchor point="RIGHT" relativeTo="$parentRight">
                      <Offset>
                        <AbsDimension x="-43" y="2" />
                      </Offset>
                    </Anchor>
                  </Anchors>
                  <FontHeight>
                    <AbsValue val="10" />
                  </FontHeight>
                  <Color r="1" g="1" b="1" />
                  <Shadow>
                    <Color r="0" g="0" b="0" />
                    <Offset>
                      <AbsDimension x="1" y="-1" />
                    </Offset>
                  </Shadow>
                </FontString>
              </Layer>
            </Layers>
            <Frames>
              <Button name="$parentButton">
                <Size>
                  <AbsDimension x="24" y="24" />
                </Size>
                <Anchors>
                  <Anchor point="TOPRIGHT" relativeTo="$parentRight">
                    <Offset>
                      <AbsDimension x="-16" y="-18" />
                    </Offset>
                  </Anchor>
                </Anchors>
                <Scripts>
                  <OnClick>
						ToggleDropDownMenu();
						PlaySound("igMainMenuOptionCheckBoxOn");
					</OnClick>
                </Scripts>
                <NormalTexture name="$parentNormalTexture" file="Interface\ChatFrame\UI-ChatIcon-ScrollDown-Up">
                  <Size>
                    <AbsDimension x="24" y="24" />
                  </Size>
                  <Anchors>
                    <Anchor point="RIGHT" />
                  </Anchors>
                </NormalTexture>
                <PushedTexture name="$parentPushedTexture" file="Interface\ChatFrame\UI-ChatIcon-ScrollDown-Down">
                  <Size>
                    <AbsDimension x="24" y="24" />
                  </Size>
                  <Anchors>
                    <Anchor point="RIGHT" />
                  </Anchors>
                </PushedTexture>
                <DisabledTexture name="$parentDisabledTexture" file="Interface\ChatFrame\UI-ChatIcon-ScrollDown-Disabled">
                  <Size>
                    <AbsDimension x="24" y="24" />
                  </Size>
                  <Anchors>
                    <Anchor point="RIGHT" />
                  </Anchors>
                </DisabledTexture>
                <HighlightTexture name="$parentHighlightTexture" file="Interface\Buttons\UI-Common-MouseHilight" alphaMode="ADD">
                  <Size>
                    <AbsDimension x="24" y="24" />
                  </Size>
                  <Anchors>
                    <Anchor point="RIGHT" />
                  </Anchors>
                </HighlightTexture>
              </Button>
            </Frames>
            <Scripts>
              <OnHide>CloseDropDownMenus();
</OnHide>
            </Scripts>
          </Button>
          <Button name="$parentComboBoxIcon5">
            <!--<FrameSkin skinid="dcb143e1-a4ab-4e7c-b934-1efa40101d21" frameid="2d50888b-59c2-4f83-ae10-27aaad48391b"><Property name="Items">&lt;?xml version="1.0"?&gt;
&lt;ArrayOfString xmlns:xsi="http://www.w3.org/2001/XMLSchema-instance" xmlns:xsd="http://www.w3.org/2001/XMLSchema" /&gt;</Property><Property name="OnSelectionChanged">&lt;?xml version="1.0"?&gt;
&lt;string /&gt;</Property></FrameSkin>-->
            <Size>
              <AbsDimension x="263" y="32" />
            </Size>
            <Anchors>
              <Anchor point="TOPLEFT">
                <Offset>
                  <AbsDimension x="7" y="-148" />
                </Offset>
              </Anchor>
            </Anchors>
            <Layers>
              <Layer>
                <Texture name="$parentLeft" file="Interface\Glues\CharacterCreate\CharacterCreate-LabelFrame">
                  <Size>
                    <AbsDimension x="25" y="64" />
                  </Size>
                  <Anchors>
                    <Anchor point="TOPLEFT">
                      <Offset>
                        <AbsDimension x="0" y="17" />
                      </Offset>
                    </Anchor>
                  </Anchors>
                  <TexCoords left="0" right="0.1953125" top="0" bottom="1" />
                </Texture>
                <Texture name="$parentMiddle" file="Interface\Glues\CharacterCreate\CharacterCreate-LabelFrame">
                  <Size>
                    <AbsDimension x="213" y="64" />
                  </Size>
                  <Anchors>
                    <Anchor point="LEFT" relativeTo="$parentLeft" relativePoint="RIGHT" />
                  </Anchors>
                  <TexCoords left="0.1953125" right="0.8046875" top="0" bottom="1" />
                </Texture>
                <Texture name="$parentRight" file="Interface\Glues\CharacterCreate\CharacterCreate-LabelFrame">
                  <Size>
                    <AbsDimension x="25" y="64" />
                  </Size>
                  <Anchors>
                    <Anchor point="LEFT" relativeTo="$parentMiddle" relativePoint="RIGHT" />
                  </Anchors>
                  <TexCoords left="0.8046875" right="1" top="0" bottom="1" />
                </Texture>
                <FontString name="$parentText" font="Fonts\FRIZQT__.TTF" text="icon" justifyH="RIGHT">
                  <Size>
                    <AbsDimension x="238" y="10" />
                  </Size>
                  <Anchors>
                    <Anchor point="RIGHT" relativeTo="$parentRight">
                      <Offset>
                        <AbsDimension x="-43" y="2" />
                      </Offset>
                    </Anchor>
                  </Anchors>
                  <FontHeight>
                    <AbsValue val="10" />
                  </FontHeight>
                  <Color r="1" g="1" b="1" />
                  <Shadow>
                    <Color r="0" g="0" b="0" />
                    <Offset>
                      <AbsDimension x="1" y="-1" />
                    </Offset>
                  </Shadow>
                </FontString>
              </Layer>
            </Layers>
            <Frames>
              <Button name="$parentButton">
                <Size>
                  <AbsDimension x="24" y="24" />
                </Size>
                <Anchors>
                  <Anchor point="TOPRIGHT" relativeTo="$parentRight">
                    <Offset>
                      <AbsDimension x="-16" y="-18" />
                    </Offset>
                  </Anchor>
                </Anchors>
                <Scripts>
                  <OnClick>
						ToggleDropDownMenu();
						PlaySound("igMainMenuOptionCheckBoxOn");
					</OnClick>
                </Scripts>
                <NormalTexture name="$parentNormalTexture" file="Interface\ChatFrame\UI-ChatIcon-ScrollDown-Up">
                  <Size>
                    <AbsDimension x="24" y="24" />
                  </Size>
                  <Anchors>
                    <Anchor point="RIGHT" />
                  </Anchors>
                </NormalTexture>
                <PushedTexture name="$parentPushedTexture" file="Interface\ChatFrame\UI-ChatIcon-ScrollDown-Down">
                  <Size>
                    <AbsDimension x="24" y="24" />
                  </Size>
                  <Anchors>
                    <Anchor point="RIGHT" />
                  </Anchors>
                </PushedTexture>
                <DisabledTexture name="$parentDisabledTexture" file="Interface\ChatFrame\UI-ChatIcon-ScrollDown-Disabled">
                  <Size>
                    <AbsDimension x="24" y="24" />
                  </Size>
                  <Anchors>
                    <Anchor point="RIGHT" />
                  </Anchors>
                </DisabledTexture>
                <HighlightTexture name="$parentHighlightTexture" file="Interface\Buttons\UI-Common-MouseHilight" alphaMode="ADD">
                  <Size>
                    <AbsDimension x="24" y="24" />
                  </Size>
                  <Anchors>
                    <Anchor point="RIGHT" />
                  </Anchors>
                </HighlightTexture>
              </Button>
            </Frames>
            <Scripts>
              <OnHide>CloseDropDownMenus();
</OnHide>
            </Scripts>
          </Button>
          <Button name="$parentComboBoxIcon7">
            <!--<FrameSkin skinid="dcb143e1-a4ab-4e7c-b934-1efa40101d21" frameid="2d50888b-59c2-4f83-ae10-27aaad48391b"><Property name="Items">&lt;?xml version="1.0"?&gt;
&lt;ArrayOfString xmlns:xsi="http://www.w3.org/2001/XMLSchema-instance" xmlns:xsd="http://www.w3.org/2001/XMLSchema" /&gt;</Property><Property name="OnSelectionChanged">&lt;?xml version="1.0"?&gt;
&lt;string /&gt;</Property></FrameSkin>-->
            <Size>
              <AbsDimension x="263" y="32" />
            </Size>
            <Anchors>
              <Anchor point="TOPLEFT">
                <Offset>
                  <AbsDimension x="7" y="-204" />
                </Offset>
              </Anchor>
            </Anchors>
            <Layers>
              <Layer>
                <Texture name="$parentLeft" file="Interface\Glues\CharacterCreate\CharacterCreate-LabelFrame">
                  <Size>
                    <AbsDimension x="25" y="64" />
                  </Size>
                  <Anchors>
                    <Anchor point="TOPLEFT">
                      <Offset>
                        <AbsDimension x="0" y="17" />
                      </Offset>
                    </Anchor>
                  </Anchors>
                  <TexCoords left="0" right="0.1953125" top="0" bottom="1" />
                </Texture>
                <Texture name="$parentMiddle" file="Interface\Glues\CharacterCreate\CharacterCreate-LabelFrame">
                  <Size>
                    <AbsDimension x="213" y="64" />
                  </Size>
                  <Anchors>
                    <Anchor point="LEFT" relativeTo="$parentLeft" relativePoint="RIGHT" />
                  </Anchors>
                  <TexCoords left="0.1953125" right="0.8046875" top="0" bottom="1" />
                </Texture>
                <Texture name="$parentRight" file="Interface\Glues\CharacterCreate\CharacterCreate-LabelFrame">
                  <Size>
                    <AbsDimension x="25" y="64" />
                  </Size>
                  <Anchors>
                    <Anchor point="LEFT" relativeTo="$parentMiddle" relativePoint="RIGHT" />
                  </Anchors>
                  <TexCoords left="0.8046875" right="1" top="0" bottom="1" />
                </Texture>
                <FontString name="$parentText" font="Fonts\FRIZQT__.TTF" text="icon" justifyH="RIGHT">
                  <Size>
                    <AbsDimension x="238" y="10" />
                  </Size>
                  <Anchors>
                    <Anchor point="RIGHT" relativeTo="$parentRight">
                      <Offset>
                        <AbsDimension x="-43" y="2" />
                      </Offset>
                    </Anchor>
                  </Anchors>
                  <FontHeight>
                    <AbsValue val="10" />
                  </FontHeight>
                  <Color r="1" g="1" b="1" />
                  <Shadow>
                    <Color r="0" g="0" b="0" />
                    <Offset>
                      <AbsDimension x="1" y="-1" />
                    </Offset>
                  </Shadow>
                </FontString>
              </Layer>
            </Layers>
            <Frames>
              <Button name="$parentButton">
                <Size>
                  <AbsDimension x="24" y="24" />
                </Size>
                <Anchors>
                  <Anchor point="TOPRIGHT" relativeTo="$parentRight">
                    <Offset>
                      <AbsDimension x="-16" y="-18" />
                    </Offset>
                  </Anchor>
                </Anchors>
                <Scripts>
                  <OnClick>
						ToggleDropDownMenu();
						PlaySound("igMainMenuOptionCheckBoxOn");
					</OnClick>
                </Scripts>
                <NormalTexture name="$parentNormalTexture" file="Interface\ChatFrame\UI-ChatIcon-ScrollDown-Up">
                  <Size>
                    <AbsDimension x="24" y="24" />
                  </Size>
                  <Anchors>
                    <Anchor point="RIGHT" />
                  </Anchors>
                </NormalTexture>
                <PushedTexture name="$parentPushedTexture" file="Interface\ChatFrame\UI-ChatIcon-ScrollDown-Down">
                  <Size>
                    <AbsDimension x="24" y="24" />
                  </Size>
                  <Anchors>
                    <Anchor point="RIGHT" />
                  </Anchors>
                </PushedTexture>
                <DisabledTexture name="$parentDisabledTexture" file="Interface\ChatFrame\UI-ChatIcon-ScrollDown-Disabled">
                  <Size>
                    <AbsDimension x="24" y="24" />
                  </Size>
                  <Anchors>
                    <Anchor point="RIGHT" />
                  </Anchors>
                </DisabledTexture>
                <HighlightTexture name="$parentHighlightTexture" file="Interface\Buttons\UI-Common-MouseHilight" alphaMode="ADD">
                  <Size>
                    <AbsDimension x="24" y="24" />
                  </Size>
                  <Anchors>
                    <Anchor point="RIGHT" />
                  </Anchors>
                </HighlightTexture>
              </Button>
            </Frames>
            <Scripts>
              <OnHide>CloseDropDownMenus();
</OnHide>
            </Scripts>
          </Button>
          <Button name="$parentComboBoxIcon9">
            <!--<FrameSkin skinid="dcb143e1-a4ab-4e7c-b934-1efa40101d21" frameid="2d50888b-59c2-4f83-ae10-27aaad48391b"><Property name="Items">&lt;?xml version="1.0"?&gt;
&lt;ArrayOfString xmlns:xsi="http://www.w3.org/2001/XMLSchema-instance" xmlns:xsd="http://www.w3.org/2001/XMLSchema" /&gt;</Property><Property name="OnSelectionChanged">&lt;?xml version="1.0"?&gt;
&lt;string /&gt;</Property></FrameSkin>-->
            <Size>
              <AbsDimension x="263" y="32" />
            </Size>
            <Anchors>
              <Anchor point="TOPLEFT">
                <Offset>
                  <AbsDimension x="7" y="-260" />
                </Offset>
              </Anchor>
            </Anchors>
            <Layers>
              <Layer>
                <Texture name="$parentLeft" file="Interface\Glues\CharacterCreate\CharacterCreate-LabelFrame">
                  <Size>
                    <AbsDimension x="25" y="64" />
                  </Size>
                  <Anchors>
                    <Anchor point="TOPLEFT">
                      <Offset>
                        <AbsDimension x="0" y="17" />
                      </Offset>
                    </Anchor>
                  </Anchors>
                  <TexCoords left="0" right="0.1953125" top="0" bottom="1" />
                </Texture>
                <Texture name="$parentMiddle" file="Interface\Glues\CharacterCreate\CharacterCreate-LabelFrame">
                  <Size>
                    <AbsDimension x="213" y="64" />
                  </Size>
                  <Anchors>
                    <Anchor point="LEFT" relativeTo="$parentLeft" relativePoint="RIGHT" />
                  </Anchors>
                  <TexCoords left="0.1953125" right="0.8046875" top="0" bottom="1" />
                </Texture>
                <Texture name="$parentRight" file="Interface\Glues\CharacterCreate\CharacterCreate-LabelFrame">
                  <Size>
                    <AbsDimension x="25" y="64" />
                  </Size>
                  <Anchors>
                    <Anchor point="LEFT" relativeTo="$parentMiddle" relativePoint="RIGHT" />
                  </Anchors>
                  <TexCoords left="0.8046875" right="1" top="0" bottom="1" />
                </Texture>
                <FontString name="$parentText" font="Fonts\FRIZQT__.TTF" text="icon" justifyH="RIGHT">
                  <Size>
                    <AbsDimension x="238" y="10" />
                  </Size>
                  <Anchors>
                    <Anchor point="RIGHT" relativeTo="$parentRight">
                      <Offset>
                        <AbsDimension x="-43" y="2" />
                      </Offset>
                    </Anchor>
                  </Anchors>
                  <FontHeight>
                    <AbsValue val="10" />
                  </FontHeight>
                  <Color r="1" g="1" b="1" />
                  <Shadow>
                    <Color r="0" g="0" b="0" />
                    <Offset>
                      <AbsDimension x="1" y="-1" />
                    </Offset>
                  </Shadow>
                </FontString>
              </Layer>
            </Layers>
            <Frames>
              <Button name="$parentButton">
                <Size>
                  <AbsDimension x="24" y="24" />
                </Size>
                <Anchors>
                  <Anchor point="TOPRIGHT" relativeTo="$parentRight">
                    <Offset>
                      <AbsDimension x="-16" y="-18" />
                    </Offset>
                  </Anchor>
                </Anchors>
                <Scripts>
                  <OnClick>
						ToggleDropDownMenu();
						PlaySound("igMainMenuOptionCheckBoxOn");
					</OnClick>
                </Scripts>
                <NormalTexture name="$parentNormalTexture" file="Interface\ChatFrame\UI-ChatIcon-ScrollDown-Up">
                  <Size>
                    <AbsDimension x="24" y="24" />
                  </Size>
                  <Anchors>
                    <Anchor point="RIGHT" />
                  </Anchors>
                </NormalTexture>
                <PushedTexture name="$parentPushedTexture" file="Interface\ChatFrame\UI-ChatIcon-ScrollDown-Down">
                  <Size>
                    <AbsDimension x="24" y="24" />
                  </Size>
                  <Anchors>
                    <Anchor point="RIGHT" />
                  </Anchors>
                </PushedTexture>
                <DisabledTexture name="$parentDisabledTexture" file="Interface\ChatFrame\UI-ChatIcon-ScrollDown-Disabled">
                  <Size>
                    <AbsDimension x="24" y="24" />
                  </Size>
                  <Anchors>
                    <Anchor point="RIGHT" />
                  </Anchors>
                </DisabledTexture>
                <HighlightTexture name="$parentHighlightTexture" file="Interface\Buttons\UI-Common-MouseHilight" alphaMode="ADD">
                  <Size>
                    <AbsDimension x="24" y="24" />
                  </Size>
                  <Anchors>
                    <Anchor point="RIGHT" />
                  </Anchors>
                </HighlightTexture>
              </Button>
            </Frames>
            <Scripts>
              <OnHide>CloseDropDownMenus();
</OnHide>
            </Scripts>
          </Button>
          <Button name="$parentComboBoxIcon8">
            <!--<FrameSkin skinid="dcb143e1-a4ab-4e7c-b934-1efa40101d21" frameid="2d50888b-59c2-4f83-ae10-27aaad48391b"><Property name="Items">&lt;?xml version="1.0"?&gt;
&lt;ArrayOfString xmlns:xsi="http://www.w3.org/2001/XMLSchema-instance" xmlns:xsd="http://www.w3.org/2001/XMLSchema" /&gt;</Property><Property name="OnSelectionChanged">&lt;?xml version="1.0"?&gt;
&lt;string /&gt;</Property></FrameSkin>-->
            <Size>
              <AbsDimension x="263" y="32" />
            </Size>
            <Anchors>
              <Anchor point="TOPLEFT">
                <Offset>
                  <AbsDimension x="7" y="-232" />
                </Offset>
              </Anchor>
            </Anchors>
            <Layers>
              <Layer>
                <Texture name="$parentLeft" file="Interface\Glues\CharacterCreate\CharacterCreate-LabelFrame">
                  <Size>
                    <AbsDimension x="25" y="64" />
                  </Size>
                  <Anchors>
                    <Anchor point="TOPLEFT">
                      <Offset>
                        <AbsDimension x="0" y="17" />
                      </Offset>
                    </Anchor>
                  </Anchors>
                  <TexCoords left="0" right="0.1953125" top="0" bottom="1" />
                </Texture>
                <Texture name="$parentMiddle" file="Interface\Glues\CharacterCreate\CharacterCreate-LabelFrame">
                  <Size>
                    <AbsDimension x="213" y="64" />
                  </Size>
                  <Anchors>
                    <Anchor point="LEFT" relativeTo="$parentLeft" relativePoint="RIGHT" />
                  </Anchors>
                  <TexCoords left="0.1953125" right="0.8046875" top="0" bottom="1" />
                </Texture>
                <Texture name="$parentRight" file="Interface\Glues\CharacterCreate\CharacterCreate-LabelFrame">
                  <Size>
                    <AbsDimension x="25" y="64" />
                  </Size>
                  <Anchors>
                    <Anchor point="LEFT" relativeTo="$parentMiddle" relativePoint="RIGHT" />
                  </Anchors>
                  <TexCoords left="0.8046875" right="1" top="0" bottom="1" />
                </Texture>
                <FontString name="$parentText" font="Fonts\FRIZQT__.TTF" text="icon" justifyH="RIGHT">
                  <Size>
                    <AbsDimension x="238" y="10" />
                  </Size>
                  <Anchors>
                    <Anchor point="RIGHT" relativeTo="$parentRight">
                      <Offset>
                        <AbsDimension x="-43" y="2" />
                      </Offset>
                    </Anchor>
                  </Anchors>
                  <FontHeight>
                    <AbsValue val="10" />
                  </FontHeight>
                  <Color r="1" g="1" b="1" />
                  <Shadow>
                    <Color r="0" g="0" b="0" />
                    <Offset>
                      <AbsDimension x="1" y="-1" />
                    </Offset>
                  </Shadow>
                </FontString>
              </Layer>
            </Layers>
            <Frames>
              <Button name="$parentButton">
                <Size>
                  <AbsDimension x="24" y="24" />
                </Size>
                <Anchors>
                  <Anchor point="TOPRIGHT" relativeTo="$parentRight">
                    <Offset>
                      <AbsDimension x="-16" y="-18" />
                    </Offset>
                  </Anchor>
                </Anchors>
                <Scripts>
                  <OnClick>
						ToggleDropDownMenu();
						PlaySound("igMainMenuOptionCheckBoxOn");
					</OnClick>
                </Scripts>
                <NormalTexture name="$parentNormalTexture" file="Interface\ChatFrame\UI-ChatIcon-ScrollDown-Up">
                  <Size>
                    <AbsDimension x="24" y="24" />
                  </Size>
                  <Anchors>
                    <Anchor point="RIGHT" />
                  </Anchors>
                </NormalTexture>
                <PushedTexture name="$parentPushedTexture" file="Interface\ChatFrame\UI-ChatIcon-ScrollDown-Down">
                  <Size>
                    <AbsDimension x="24" y="24" />
                  </Size>
                  <Anchors>
                    <Anchor point="RIGHT" />
                  </Anchors>
                </PushedTexture>
                <DisabledTexture name="$parentDisabledTexture" file="Interface\ChatFrame\UI-ChatIcon-ScrollDown-Disabled">
                  <Size>
                    <AbsDimension x="24" y="24" />
                  </Size>
                  <Anchors>
                    <Anchor point="RIGHT" />
                  </Anchors>
                </DisabledTexture>
                <HighlightTexture name="$parentHighlightTexture" file="Interface\Buttons\UI-Common-MouseHilight" alphaMode="ADD">
                  <Size>
                    <AbsDimension x="24" y="24" />
                  </Size>
                  <Anchors>
                    <Anchor point="RIGHT" />
                  </Anchors>
                </HighlightTexture>
              </Button>
            </Frames>
            <Scripts>
              <OnHide>CloseDropDownMenus();
</OnHide>
            </Scripts>
          </Button>
          <Button name="$parentComboBoxIcon4">
            <!--<FrameSkin skinid="dcb143e1-a4ab-4e7c-b934-1efa40101d21" frameid="2d50888b-59c2-4f83-ae10-27aaad48391b"><Property name="Items">&lt;?xml version="1.0"?&gt;
&lt;ArrayOfString xmlns:xsi="http://www.w3.org/2001/XMLSchema-instance" xmlns:xsd="http://www.w3.org/2001/XMLSchema" /&gt;</Property><Property name="OnSelectionChanged">&lt;?xml version="1.0"?&gt;
&lt;string /&gt;</Property></FrameSkin>-->
            <Size>
              <AbsDimension x="263" y="32" />
            </Size>
            <Anchors>
              <Anchor point="TOPLEFT">
                <Offset>
                  <AbsDimension x="8" y="-120" />
                </Offset>
              </Anchor>
            </Anchors>
            <Layers>
              <Layer>
                <Texture name="$parentLeft" file="Interface\Glues\CharacterCreate\CharacterCreate-LabelFrame">
                  <Size>
                    <AbsDimension x="25" y="64" />
                  </Size>
                  <Anchors>
                    <Anchor point="TOPLEFT">
                      <Offset>
                        <AbsDimension x="0" y="17" />
                      </Offset>
                    </Anchor>
                  </Anchors>
                  <TexCoords left="0" right="0.1953125" top="0" bottom="1" />
                </Texture>
                <Texture name="$parentMiddle" file="Interface\Glues\CharacterCreate\CharacterCreate-LabelFrame">
                  <Size>
                    <AbsDimension x="213" y="64" />
                  </Size>
                  <Anchors>
                    <Anchor point="LEFT" relativeTo="$parentLeft" relativePoint="RIGHT" />
                  </Anchors>
                  <TexCoords left="0.1953125" right="0.8046875" top="0" bottom="1" />
                </Texture>
                <Texture name="$parentRight" file="Interface\Glues\CharacterCreate\CharacterCreate-LabelFrame">
                  <Size>
                    <AbsDimension x="25" y="64" />
                  </Size>
                  <Anchors>
                    <Anchor point="LEFT" relativeTo="$parentMiddle" relativePoint="RIGHT" />
                  </Anchors>
                  <TexCoords left="0.8046875" right="1" top="0" bottom="1" />
                </Texture>
                <FontString name="$parentText" font="Fonts\FRIZQT__.TTF" text="icon" justifyH="RIGHT">
                  <Size>
                    <AbsDimension x="238" y="10" />
                  </Size>
                  <Anchors>
                    <Anchor point="RIGHT" relativeTo="$parentRight">
                      <Offset>
                        <AbsDimension x="-43" y="2" />
                      </Offset>
                    </Anchor>
                  </Anchors>
                  <FontHeight>
                    <AbsValue val="10" />
                  </FontHeight>
                  <Color r="1" g="1" b="1" />
                  <Shadow>
                    <Color r="0" g="0" b="0" />
                    <Offset>
                      <AbsDimension x="1" y="-1" />
                    </Offset>
                  </Shadow>
                </FontString>
              </Layer>
            </Layers>
            <Frames>
              <Button name="$parentButton">
                <Size>
                  <AbsDimension x="24" y="24" />
                </Size>
                <Anchors>
                  <Anchor point="TOPRIGHT" relativeTo="$parentRight">
                    <Offset>
                      <AbsDimension x="-16" y="-18" />
                    </Offset>
                  </Anchor>
                </Anchors>
                <Scripts>
                  <OnClick>
						ToggleDropDownMenu();
						PlaySound("igMainMenuOptionCheckBoxOn");
					</OnClick>
                </Scripts>
                <NormalTexture name="$parentNormalTexture" file="Interface\ChatFrame\UI-ChatIcon-ScrollDown-Up">
                  <Size>
                    <AbsDimension x="24" y="24" />
                  </Size>
                  <Anchors>
                    <Anchor point="RIGHT" />
                  </Anchors>
                </NormalTexture>
                <PushedTexture name="$parentPushedTexture" file="Interface\ChatFrame\UI-ChatIcon-ScrollDown-Down">
                  <Size>
                    <AbsDimension x="24" y="24" />
                  </Size>
                  <Anchors>
                    <Anchor point="RIGHT" />
                  </Anchors>
                </PushedTexture>
                <DisabledTexture name="$parentDisabledTexture" file="Interface\ChatFrame\UI-ChatIcon-ScrollDown-Disabled">
                  <Size>
                    <AbsDimension x="24" y="24" />
                  </Size>
                  <Anchors>
                    <Anchor point="RIGHT" />
                  </Anchors>
                </DisabledTexture>
                <HighlightTexture name="$parentHighlightTexture" file="Interface\Buttons\UI-Common-MouseHilight" alphaMode="ADD">
                  <Size>
                    <AbsDimension x="24" y="24" />
                  </Size>
                  <Anchors>
                    <Anchor point="RIGHT" />
                  </Anchors>
                </HighlightTexture>
              </Button>
            </Frames>
            <Scripts>
              <OnHide>CloseDropDownMenus();
</OnHide>
            </Scripts>
          </Button>
          <Button name="$parentComboBoxIcon10">
            <!--<FrameSkin skinid="dcb143e1-a4ab-4e7c-b934-1efa40101d21" frameid="2d50888b-59c2-4f83-ae10-27aaad48391b"><Property name="Items">&lt;?xml version="1.0"?&gt;
&lt;ArrayOfString xmlns:xsi="http://www.w3.org/2001/XMLSchema-instance" xmlns:xsd="http://www.w3.org/2001/XMLSchema" /&gt;</Property><Property name="OnSelectionChanged">&lt;?xml version="1.0"?&gt;
&lt;string /&gt;</Property></FrameSkin>-->
            <Size>
              <AbsDimension x="263" y="32" />
            </Size>
            <Anchors>
              <Anchor point="TOPLEFT">
                <Offset>
                  <AbsDimension x="7" y="-288" />
                </Offset>
              </Anchor>
            </Anchors>
            <Layers>
              <Layer>
                <Texture name="$parentLeft" file="Interface\Glues\CharacterCreate\CharacterCreate-LabelFrame">
                  <Size>
                    <AbsDimension x="25" y="64" />
                  </Size>
                  <Anchors>
                    <Anchor point="TOPLEFT">
                      <Offset>
                        <AbsDimension x="0" y="17" />
                      </Offset>
                    </Anchor>
                  </Anchors>
                  <TexCoords left="0" right="0.1953125" top="0" bottom="1" />
                </Texture>
                <Texture name="$parentMiddle" file="Interface\Glues\CharacterCreate\CharacterCreate-LabelFrame">
                  <Size>
                    <AbsDimension x="213" y="64" />
                  </Size>
                  <Anchors>
                    <Anchor point="LEFT" relativeTo="$parentLeft" relativePoint="RIGHT" />
                  </Anchors>
                  <TexCoords left="0.1953125" right="0.8046875" top="0" bottom="1" />
                </Texture>
                <Texture name="$parentRight" file="Interface\Glues\CharacterCreate\CharacterCreate-LabelFrame">
                  <Size>
                    <AbsDimension x="25" y="64" />
                  </Size>
                  <Anchors>
                    <Anchor point="LEFT" relativeTo="$parentMiddle" relativePoint="RIGHT" />
                  </Anchors>
                  <TexCoords left="0.8046875" right="1" top="0" bottom="1" />
                </Texture>
                <FontString name="$parentText" font="Fonts\FRIZQT__.TTF" text="icon" justifyH="RIGHT">
                  <Size>
                    <AbsDimension x="238" y="10" />
                  </Size>
                  <Anchors>
                    <Anchor point="RIGHT" relativeTo="$parentRight">
                      <Offset>
                        <AbsDimension x="-43" y="2" />
                      </Offset>
                    </Anchor>
                  </Anchors>
                  <FontHeight>
                    <AbsValue val="10" />
                  </FontHeight>
                  <Color r="1" g="1" b="1" />
                  <Shadow>
                    <Color r="0" g="0" b="0" />
                    <Offset>
                      <AbsDimension x="1" y="-1" />
                    </Offset>
                  </Shadow>
                </FontString>
              </Layer>
            </Layers>
            <Frames>
              <Button name="$parentButton">
                <Size>
                  <AbsDimension x="24" y="24" />
                </Size>
                <Anchors>
                  <Anchor point="TOPRIGHT" relativeTo="$parentRight">
                    <Offset>
                      <AbsDimension x="-16" y="-18" />
                    </Offset>
                  </Anchor>
                </Anchors>
                <Scripts>
                  <OnClick>
						ToggleDropDownMenu();
						PlaySound("igMainMenuOptionCheckBoxOn");
					</OnClick>
                </Scripts>
                <NormalTexture name="$parentNormalTexture" file="Interface\ChatFrame\UI-ChatIcon-ScrollDown-Up">
                  <Size>
                    <AbsDimension x="24" y="24" />
                  </Size>
                  <Anchors>
                    <Anchor point="RIGHT" />
                  </Anchors>
                </NormalTexture>
                <PushedTexture name="$parentPushedTexture" file="Interface\ChatFrame\UI-ChatIcon-ScrollDown-Down">
                  <Size>
                    <AbsDimension x="24" y="24" />
                  </Size>
                  <Anchors>
                    <Anchor point="RIGHT" />
                  </Anchors>
                </PushedTexture>
                <DisabledTexture name="$parentDisabledTexture" file="Interface\ChatFrame\UI-ChatIcon-ScrollDown-Disabled">
                  <Size>
                    <AbsDimension x="24" y="24" />
                  </Size>
                  <Anchors>
                    <Anchor point="RIGHT" />
                  </Anchors>
                </DisabledTexture>
                <HighlightTexture name="$parentHighlightTexture" file="Interface\Buttons\UI-Common-MouseHilight" alphaMode="ADD">
                  <Size>
                    <AbsDimension x="24" y="24" />
                  </Size>
                  <Anchors>
                    <Anchor point="RIGHT" />
                  </Anchors>
                </HighlightTexture>
              </Button>
            </Frames>
            <Scripts>
              <OnHide>CloseDropDownMenus();
</OnHide>
            </Scripts>
          </Button>
          <Button name="$parentComboBoxIcon6">
            <!--<FrameSkin skinid="dcb143e1-a4ab-4e7c-b934-1efa40101d21" frameid="2d50888b-59c2-4f83-ae10-27aaad48391b"><Property name="Items">&lt;?xml version="1.0"?&gt;
&lt;ArrayOfString xmlns:xsi="http://www.w3.org/2001/XMLSchema-instance" xmlns:xsd="http://www.w3.org/2001/XMLSchema" /&gt;</Property><Property name="OnSelectionChanged">&lt;?xml version="1.0"?&gt;
&lt;string /&gt;</Property></FrameSkin>-->
            <Size>
              <AbsDimension x="263" y="32" />
            </Size>
            <Anchors>
              <Anchor point="TOPLEFT">
                <Offset>
                  <AbsDimension x="7" y="-176" />
                </Offset>
              </Anchor>
            </Anchors>
            <Layers>
              <Layer>
                <Texture name="$parentLeft" file="Interface\Glues\CharacterCreate\CharacterCreate-LabelFrame">
                  <Size>
                    <AbsDimension x="25" y="64" />
                  </Size>
                  <Anchors>
                    <Anchor point="TOPLEFT">
                      <Offset>
                        <AbsDimension x="0" y="17" />
                      </Offset>
                    </Anchor>
                  </Anchors>
                  <TexCoords left="0" right="0.1953125" top="0" bottom="1" />
                </Texture>
                <Texture name="$parentMiddle" file="Interface\Glues\CharacterCreate\CharacterCreate-LabelFrame">
                  <Size>
                    <AbsDimension x="213" y="64" />
                  </Size>
                  <Anchors>
                    <Anchor point="LEFT" relativeTo="$parentLeft" relativePoint="RIGHT" />
                  </Anchors>
                  <TexCoords left="0.1953125" right="0.8046875" top="0" bottom="1" />
                </Texture>
                <Texture name="$parentRight" file="Interface\Glues\CharacterCreate\CharacterCreate-LabelFrame">
                  <Size>
                    <AbsDimension x="25" y="64" />
                  </Size>
                  <Anchors>
                    <Anchor point="LEFT" relativeTo="$parentMiddle" relativePoint="RIGHT" />
                  </Anchors>
                  <TexCoords left="0.8046875" right="1" top="0" bottom="1" />
                </Texture>
                <FontString name="$parentText" font="Fonts\FRIZQT__.TTF" text="icon" justifyH="RIGHT">
                  <Size>
                    <AbsDimension x="238" y="10" />
                  </Size>
                  <Anchors>
                    <Anchor point="RIGHT" relativeTo="$parentRight">
                      <Offset>
                        <AbsDimension x="-43" y="2" />
                      </Offset>
                    </Anchor>
                  </Anchors>
                  <FontHeight>
                    <AbsValue val="10" />
                  </FontHeight>
                  <Color r="1" g="1" b="1" />
                  <Shadow>
                    <Color r="0" g="0" b="0" />
                    <Offset>
                      <AbsDimension x="1" y="-1" />
                    </Offset>
                  </Shadow>
                </FontString>
              </Layer>
            </Layers>
            <Frames>
              <Button name="$parentButton">
                <Size>
                  <AbsDimension x="24" y="24" />
                </Size>
                <Anchors>
                  <Anchor point="TOPRIGHT" relativeTo="$parentRight">
                    <Offset>
                      <AbsDimension x="-16" y="-18" />
                    </Offset>
                  </Anchor>
                </Anchors>
                <Scripts>
                  <OnClick>
						ToggleDropDownMenu();
						PlaySound("igMainMenuOptionCheckBoxOn");
					</OnClick>
                </Scripts>
                <NormalTexture name="$parentNormalTexture" file="Interface\ChatFrame\UI-ChatIcon-ScrollDown-Up">
                  <Size>
                    <AbsDimension x="24" y="24" />
                  </Size>
                  <Anchors>
                    <Anchor point="RIGHT" />
                  </Anchors>
                </NormalTexture>
                <PushedTexture name="$parentPushedTexture" file="Interface\ChatFrame\UI-ChatIcon-ScrollDown-Down">
                  <Size>
                    <AbsDimension x="24" y="24" />
                  </Size>
                  <Anchors>
                    <Anchor point="RIGHT" />
                  </Anchors>
                </PushedTexture>
                <DisabledTexture name="$parentDisabledTexture" file="Interface\ChatFrame\UI-ChatIcon-ScrollDown-Disabled">
                  <Size>
                    <AbsDimension x="24" y="24" />
                  </Size>
                  <Anchors>
                    <Anchor point="RIGHT" />
                  </Anchors>
                </DisabledTexture>
                <HighlightTexture name="$parentHighlightTexture" file="Interface\Buttons\UI-Common-MouseHilight" alphaMode="ADD">
                  <Size>
                    <AbsDimension x="24" y="24" />
                  </Size>
                  <Anchors>
                    <Anchor point="RIGHT" />
                  </Anchors>
                </HighlightTexture>
              </Button>
            </Frames>
            <Scripts>
              <OnHide>CloseDropDownMenus();
</OnHide>
            </Scripts>
          </Button>
        </Frames>
      </Frame>
      <Frame>
        <!--<FrameSkin skinid="dcb143e1-a4ab-4e7c-b934-1efa40101d21" frameid="2d508888-59c2-4f83-ae10-27aaad48391b" />-->
        <Size>
          <AbsDimension x="293" y="390" />
        </Size>
        <Anchors>
          <Anchor point="TOPLEFT">
            <Offset>
              <AbsDimension x="10" y="-56" />
            </Offset>
          </Anchor>
        </Anchors>
        <Backdrop bgFile="Interface\Tooltips\UI-Tooltip-Background" edgeFile="Interface\Tooltips\UI-Tooltip-Border" tile="true">
          <BackgroundInsets>
            <AbsInset left="5" right="5" top="5" bottom="5" />
          </BackgroundInsets>
          <TileSize>
            <AbsValue val="16" />
          </TileSize>
          <EdgeSize>
            <AbsValue val="16" />
          </EdgeSize>
        </Backdrop>
        <Frames>
          <CheckButton name="$parentCheckButtonShowExtraInfo">
            <!--<FrameSkin skinid="dcb143e1-a4ab-4e7c-b934-1efa40101d21" frameid="2d508886-59c2-4f83-ae10-27aaad48391b"><Property name="Size">&lt;?xml version="1.0"?&gt;
&lt;Size xmlns:xsi="http://www.w3.org/2001/XMLSchema-instance" xmlns:xsd="http://www.w3.org/2001/XMLSchema"&gt;
  &lt;Width&gt;222&lt;/Width&gt;
  &lt;Height&gt;32&lt;/Height&gt;
&lt;/Size&gt;</Property></FrameSkin>-->
            <Size>
              <AbsDimension x="32" y="32" />
            </Size>
            <Anchors>
              <Anchor point="TOPLEFT">
                <Offset>
                  <AbsDimension x="26" y="-311" />
                </Offset>
              </Anchor>
            </Anchors>
            <Layers>
              <Layer>
                <FontString name="$parentText" font="Fonts\FRIZQT__.TTF" text="Show target extra info">
                  <Anchors>
                    <Anchor point="LEFT" relativePoint="RIGHT">
                      <Offset>
                        <AbsDimension x="-2" y="0" />
                      </Offset>
                    </Anchor>
                  </Anchors>
                  <FontHeight>
                    <AbsValue val="10" />
                  </FontHeight>
                  <Color r="1" g="0.8196079" b="0" />
                  <Shadow>
                    <Color r="0" g="0" b="0" />
                    <Offset>
                      <AbsDimension x="1" y="-1" />
                    </Offset>
                  </Shadow>
                </FontString>
              </Layer>
            </Layers>
            <Scripts>
              <OnClick>BananaConfig_ValueChangedShowExtraInfo();
</OnClick>
              <OnValueChanged>BananaConfig_ValueChangedShowExtraInfo();
</OnValueChanged>
            </Scripts>
            <NormalTexture file="Interface\Buttons\UI-CheckBox-Up" />
            <PushedTexture file="Interface\Buttons\UI-CheckBox-Down" />
            <HighlightTexture file="Interface\Buttons\UI-CheckBox-Highlight" alphaMode="ADD" />
            <CheckedTexture file="Interface\Buttons\UI-CheckBox-Check" />
            <DisabledCheckedTexture file="Interface\Buttons\UI-CheckBox-Check-Disabled" />
          </CheckButton>
          <CheckButton name="$parentCheckButtonGreyOutDeath">
            <!--<FrameSkin skinid="dcb143e1-a4ab-4e7c-b934-1efa40101d21" frameid="2d508886-59c2-4f83-ae10-27aaad48391b"><Property name="Size">&lt;?xml version="1.0"?&gt;
&lt;Size xmlns:xsi="http://www.w3.org/2001/XMLSchema-instance" xmlns:xsd="http://www.w3.org/2001/XMLSchema"&gt;
  &lt;Width&gt;195&lt;/Width&gt;
  &lt;Height&gt;29&lt;/Height&gt;
&lt;/Size&gt;</Property></FrameSkin>-->
            <Size>
              <AbsDimension x="32" y="32" />
            </Size>
            <Anchors>
              <Anchor point="TOPLEFT">
                <Offset>
                  <AbsDimension x="26" y="-276" />
                </Offset>
              </Anchor>
            </Anchors>
            <Layers>
              <Layer>
                <FontString name="$parentText" font="Fonts\FRIZQT__.TTF" text="Grey out death targets">
                  <Anchors>
                    <Anchor point="LEFT" relativePoint="RIGHT">
                      <Offset>
                        <AbsDimension x="-2" y="0" />
                      </Offset>
                    </Anchor>
                  </Anchors>
                  <FontHeight>
                    <AbsValue val="10" />
                  </FontHeight>
                  <Color r="1" g="0.8196079" b="0" />
                  <Shadow>
                    <Color r="0" g="0" b="0" />
                    <Offset>
                      <AbsDimension x="1" y="-1" />
                    </Offset>
                  </Shadow>
                </FontString>
              </Layer>
            </Layers>
            <Scripts>
              <OnClick>BananaConfig_ValueChangedGreyOutDeath();
</OnClick>
              <OnValueChanged>BananaConfig_ValueChangedGreyOutDeath();
</OnValueChanged>
            </Scripts>
            <NormalTexture file="Interface\Buttons\UI-CheckBox-Up" />
            <PushedTexture file="Interface\Buttons\UI-CheckBox-Down" />
            <HighlightTexture file="Interface\Buttons\UI-CheckBox-Highlight" alphaMode="ADD" />
            <CheckedTexture file="Interface\Buttons\UI-CheckBox-Check" />
            <DisabledCheckedTexture file="Interface\Buttons\UI-CheckBox-Check-Disabled" />
          </CheckButton>
          <CheckButton name="$parentCheckButtonShowOutOfGroup">
            <!--<FrameSkin skinid="dcb143e1-a4ab-4e7c-b934-1efa40101d21" frameid="2d508886-59c2-4f83-ae10-27aaad48391b"><Property name="Size">&lt;?xml version="1.0"?&gt;
&lt;Size xmlns:xsi="http://www.w3.org/2001/XMLSchema-instance" xmlns:xsd="http://www.w3.org/2001/XMLSchema"&gt;
  &lt;Width&gt;142&lt;/Width&gt;
  &lt;Height&gt;31&lt;/Height&gt;
&lt;/Size&gt;</Property></FrameSkin>-->
            <Size>
              <AbsDimension x="32" y="32" />
            </Size>
            <Anchors>
              <Anchor point="TOPLEFT">
                <Offset>
                  <AbsDimension x="26" y="-202" />
                </Offset>
              </Anchor>
            </Anchors>
            <Layers>
              <Layer>
                <FontString name="$parentText" font="Fonts\FRIZQT__.TTF" text="Show buttons out of group">
                  <Anchors>
                    <Anchor point="LEFT" relativePoint="RIGHT">
                      <Offset>
                        <AbsDimension x="-2" y="0" />
                      </Offset>
                    </Anchor>
                  </Anchors>
                  <FontHeight>
                    <AbsValue val="10" />
                  </FontHeight>
                  <Color r="1" g="0.8196079" b="0" />
                  <Shadow>
                    <Color r="0" g="0" b="0" />
                    <Offset>
                      <AbsDimension x="1" y="-1" />
                    </Offset>
                  </Shadow>
                </FontString>
              </Layer>
            </Layers>
            <Scripts>
              <OnClick>BananaConfig_ValueChangedShowOutOfGroup();
</OnClick>
              <OnValueChanged>BananaConfig_ValueChangedShowOutOfGroup();
</OnValueChanged>
            </Scripts>
            <NormalTexture file="Interface\Buttons\UI-CheckBox-Up" />
            <PushedTexture file="Interface\Buttons\UI-CheckBox-Down" />
            <HighlightTexture file="Interface\Buttons\UI-CheckBox-Highlight" alphaMode="ADD" />
            <CheckedTexture file="Interface\Buttons\UI-CheckBox-Check" />
            <DisabledCheckedTexture file="Interface\Buttons\UI-CheckBox-Check-Disabled" />
          </CheckButton>
          <CheckButton name="$parentCheckButtonShowInParty">
            <!--<FrameSkin skinid="dcb143e1-a4ab-4e7c-b934-1efa40101d21" frameid="2d508886-59c2-4f83-ae10-27aaad48391b"><Property name="Size">&lt;?xml version="1.0"?&gt;
&lt;Size xmlns:xsi="http://www.w3.org/2001/XMLSchema-instance" xmlns:xsd="http://www.w3.org/2001/XMLSchema"&gt;
  &lt;Width&gt;142&lt;/Width&gt;
  &lt;Height&gt;31&lt;/Height&gt;
&lt;/Size&gt;</Property></FrameSkin>-->
            <Size>
              <AbsDimension x="32" y="32" />
            </Size>
            <Anchors>
              <Anchor point="TOPLEFT">
                <Offset>
                  <AbsDimension x="26" y="-175" />
                </Offset>
              </Anchor>
            </Anchors>
            <Layers>
              <Layer>
                <FontString name="$parentText" font="Fonts\FRIZQT__.TTF" text="Show buttons in party">
                  <Anchors>
                    <Anchor point="LEFT" relativePoint="RIGHT">
                      <Offset>
                        <AbsDimension x="-2" y="0" />
                      </Offset>
                    </Anchor>
                  </Anchors>
                  <FontHeight>
                    <AbsValue val="10" />
                  </FontHeight>
                  <Color r="1" g="0.8196079" b="0" />
                  <Shadow>
                    <Color r="0" g="0" b="0" />
                    <Offset>
                      <AbsDimension x="1" y="-1" />
                    </Offset>
                  </Shadow>
                </FontString>
              </Layer>
            </Layers>
            <Scripts>
              <OnClick>BananaConfig_ValueChangedShowInParty();
</OnClick>
              <OnValueChanged>BananaConfig_ValueChangedShowInParty();
</OnValueChanged>
            </Scripts>
            <NormalTexture file="Interface\Buttons\UI-CheckBox-Up" />
            <PushedTexture file="Interface\Buttons\UI-CheckBox-Down" />
            <HighlightTexture file="Interface\Buttons\UI-CheckBox-Highlight" alphaMode="ADD" />
            <CheckedTexture file="Interface\Buttons\UI-CheckBox-Check" />
            <DisabledCheckedTexture file="Interface\Buttons\UI-CheckBox-Check-Disabled" />
          </CheckButton>
          <Button name="$parentButtonReset" text="Reset default positions and settings">
            <!--<FrameSkin skinid="f15d4970-d66d-444e-bb2d-1ad102c87fed" frameid="f15d4973-d66d-444e-bb2d-1ad102c87fed" />-->
            <Size>
              <AbsDimension x="248" y="28" />
            </Size>
            <Anchors>
              <Anchor point="TOPLEFT">
                <Offset>
                  <AbsDimension x="25" y="-349" />
                </Offset>
              </Anchor>
            </Anchors>
            <Scripts>
              <OnClick>Banana_ResetAll();
</OnClick>
            </Scripts>
            <NormalTexture file="Interface\Buttons\UI-Panel-Button-Up">
              <TexCoords left="0" right="0.625" top="0" bottom="0.6875" />
            </NormalTexture>
            <PushedTexture file="Interface\Buttons\UI-Panel-Button-Down">
              <TexCoords left="0" right="0.625" top="0" bottom="0.6875" />
            </PushedTexture>
            <DisabledTexture file="Interface\Buttons\UI-Panel-Button-Disabled">
              <TexCoords left="0" right="0.625" top="0" bottom="0.6875" />
            </DisabledTexture>
            <HighlightTexture file="Interface\Buttons\UI-Panel-Button-Highlight" alphaMode="ADD">
              <TexCoords left="0" right="0.625" top="0" bottom="0.6875" />
            </HighlightTexture>
            <ButtonText name="$parentText">
              <FontHeight>
                <AbsValue val="10" />
              </FontHeight>
            </ButtonText>
            <NormalFont inherits="GameFontNormal" font="Fonts\FRIZQT__.TTF">
              <FontHeight>
                <AbsValue val="12" />
              </FontHeight>
              <Color r="1" g="0.8196079" b="0" />
              <Shadow>
                <Color r="0" g="0" b="0" />
                <Offset>
                  <AbsDimension x="1" y="-1" />
                </Offset>
              </Shadow>
            </NormalFont>
            <HighlightFont inherits="GameFontHighlight" font="Fonts\FRIZQT__.TTF">
              <FontHeight>
                <AbsValue val="12" />
              </FontHeight>
              <Color r="1" g="1" b="1" />
              <Shadow>
                <Color r="0" g="0" b="0" />
                <Offset>
                  <AbsDimension x="1" y="-1" />
                </Offset>
              </Shadow>
            </HighlightFont>
            <DisabledFont inherits="GameFontDisable" font="Fonts\FRIZQT__.TTF">
              <FontHeight>
                <AbsValue val="12" />
              </FontHeight>
              <Color r="0.4901961" g="0.4901961" b="0.4901961" />
              <Shadow>
                <Color r="0" g="0" b="0" />
                <Offset>
                  <AbsDimension x="1" y="-1" />
                </Offset>
              </Shadow>
            </DisabledFont>
            <PushedTextOffset x="0" y="0" />
          </Button>
          <CheckButton name="$parentCheckButtonHideUnused">
            <!--<FrameSkin skinid="dcb143e1-a4ab-4e7c-b934-1efa40101d21" frameid="2d508886-59c2-4f83-ae10-27aaad48391b"><Property name="Size">&lt;?xml version="1.0"?&gt;
&lt;Size xmlns:xsi="http://www.w3.org/2001/XMLSchema-instance" xmlns:xsd="http://www.w3.org/2001/XMLSchema"&gt;
  &lt;Width&gt;142&lt;/Width&gt;
  &lt;Height&gt;31&lt;/Height&gt;
&lt;/Size&gt;</Property></FrameSkin>-->
            <Size>
              <AbsDimension x="32" y="32" />
            </Size>
            <Anchors>
              <Anchor point="TOPLEFT">
                <Offset>
                  <AbsDimension x="26" y="-239" />
                </Offset>
              </Anchor>
            </Anchors>
            <Layers>
              <Layer>
                <FontString name="$parentText" font="Fonts\FRIZQT__.TTF" text="Hide unused buttons">
                  <Anchors>
                    <Anchor point="LEFT" relativePoint="RIGHT">
                      <Offset>
                        <AbsDimension x="-2" y="0" />
                      </Offset>
                    </Anchor>
                  </Anchors>
                  <FontHeight>
                    <AbsValue val="10" />
                  </FontHeight>
                  <Color r="1" g="0.8196079" b="0" />
                  <Shadow>
                    <Color r="0" g="0" b="0" />
                    <Offset>
                      <AbsDimension x="1" y="-1" />
                    </Offset>
                  </Shadow>
                </FontString>
              </Layer>
            </Layers>
            <Scripts>
              <OnClick>BananaConfig_ValueChangedHideUnused();
</OnClick>
              <OnValueChanged>BananaConfig_ValueChangedHideUnused();
</OnValueChanged>
            </Scripts>
            <NormalTexture file="Interface\Buttons\UI-CheckBox-Up" />
            <PushedTexture file="Interface\Buttons\UI-CheckBox-Down" />
            <HighlightTexture file="Interface\Buttons\UI-CheckBox-Highlight" alphaMode="ADD" />
            <CheckedTexture file="Interface\Buttons\UI-CheckBox-Check" />
            <DisabledCheckedTexture file="Interface\Buttons\UI-CheckBox-Check-Disabled" />
          </CheckButton>
          <CheckButton name="$parentCheckButtonShowInRaid">
            <!--<FrameSkin skinid="dcb143e1-a4ab-4e7c-b934-1efa40101d21" frameid="2d508886-59c2-4f83-ae10-27aaad48391b"><Property name="Size">&lt;?xml version="1.0"?&gt;
&lt;Size xmlns:xsi="http://www.w3.org/2001/XMLSchema-instance" xmlns:xsd="http://www.w3.org/2001/XMLSchema"&gt;
  &lt;Width&gt;142&lt;/Width&gt;
  &lt;Height&gt;31&lt;/Height&gt;
&lt;/Size&gt;</Property></FrameSkin>-->
            <Size>
              <AbsDimension x="32" y="32" />
            </Size>
            <Anchors>
              <Anchor point="TOPLEFT">
                <Offset>
                  <AbsDimension x="26" y="-148" />
                </Offset>
              </Anchor>
            </Anchors>
            <Layers>
              <Layer>
                <FontString name="$parentText" font="Fonts\FRIZQT__.TTF" text="Show buttons in raid">
                  <Anchors>
                    <Anchor point="LEFT" relativePoint="RIGHT">
                      <Offset>
                        <AbsDimension x="-2" y="0" />
                      </Offset>
                    </Anchor>
                  </Anchors>
                  <FontHeight>
                    <AbsValue val="10" />
                  </FontHeight>
                  <Color r="1" g="0.8196079" b="0" />
                  <Shadow>
                    <Color r="0" g="0" b="0" />
                    <Offset>
                      <AbsDimension x="1" y="-1" />
                    </Offset>
                  </Shadow>
                </FontString>
              </Layer>
            </Layers>
            <Scripts>
              <OnClick>BananaConfig_ValueChangedShowInRaid();
</OnClick>
              <OnValueChanged>BananaConfig_ValueChangedShowInRaid();
</OnValueChanged>
            </Scripts>
            <NormalTexture file="Interface\Buttons\UI-CheckBox-Up" />
            <PushedTexture file="Interface\Buttons\UI-CheckBox-Down" />
            <HighlightTexture file="Interface\Buttons\UI-CheckBox-Highlight" alphaMode="ADD" />
            <CheckedTexture file="Interface\Buttons\UI-CheckBox-Check" />
            <DisabledCheckedTexture file="Interface\Buttons\UI-CheckBox-Check-Disabled" />
          </CheckButton>
          <Frame name="$parentLabel1">
            <!--<FrameSkin skinid="f15d4970-d66d-444e-bb2d-1ad102c87fed" frameid="f15d4978-d66d-444e-bb2d-1ad102c87fed" />-->
            <Size>
              <AbsDimension x="248" y="18" />
            </Size>
            <Anchors>
              <Anchor point="TOPLEFT">
                <Offset>
                  <AbsDimension x="26" y="-12" />
                </Offset>
              </Anchor>
            </Anchors>
            <Layers>
              <Layer>
                <FontString name="$parentLabel" setAllPoints="true" font="Fonts\FRIZQT__.TTF" text="Resize buttons">
                  <FontHeight>
                    <AbsValue val="12" />
                  </FontHeight>
                  <Color r="1" g="0.8196079" b="0" />
                  <Shadow>
                    <Color r="0" g="0" b="0" />
                    <Offset>
                      <AbsDimension x="1" y="-1" />
                    </Offset>
                  </Shadow>
                </FontString>
              </Layer>
            </Layers>
          </Frame>
          <Slider name="$parentResizeSlider" enableMouse="true" minValue="10" maxValue="200" defaultValue="100" valueStep="5" orientation="HORIZONTAL">
            <!--<FrameSkin skinid="f15d4970-d66d-444e-bb2d-1ad102c87fed" frameid="f15d4976-d66d-444e-bb2d-1ad102c87fed" />-->
            <Size>
              <AbsDimension x="248" y="17" />
            </Size>
            <Anchors>
              <Anchor point="TOPLEFT">
                <Offset>
                  <AbsDimension x="26" y="-25" />
                </Offset>
              </Anchor>
            </Anchors>
            <Backdrop bgFile="Interface\Buttons\UI-SliderBar-Background" edgeFile="Interface\Buttons\UI-SliderBar-Border" tile="true">
              <BackgroundInsets>
                <AbsInset left="3" right="3" top="6" bottom="6" />
              </BackgroundInsets>
              <TileSize>
                <AbsValue val="8" />
              </TileSize>
              <EdgeSize>
                <AbsValue val="8" />
              </EdgeSize>
            </Backdrop>
            <HitRectInsets>
              <AbsInset left="0" right="0" top="-10" bottom="-10" />
            </HitRectInsets>
            <Scripts>
              <OnValueChanged>BananaConfig_ValueChangedResize();
</OnValueChanged>
            </Scripts>
            <ThumbTexture name="$parentThumb" file="Interface\Buttons\UI-SliderBar-Button-Horizontal">
              <Size>
                <AbsDimension x="32" y="32" />
              </Size>
            </ThumbTexture>
          </Slider>
          <Frame name="$parentLabel2">
            <!--<FrameSkin skinid="f15d4970-d66d-444e-bb2d-1ad102c87fed" frameid="f15d4978-d66d-444e-bb2d-1ad102c87fed" />-->
            <Size>
              <AbsDimension x="53" y="17" />
            </Size>
            <Anchors>
              <Anchor point="TOPLEFT">
                <Offset>
                  <AbsDimension x="26" y="-40" />
                </Offset>
              </Anchor>
            </Anchors>
            <Layers>
              <Layer>
                <FontString name="$parentLabel" setAllPoints="true" font="Fonts\FRIZQT__.TTF" text="10 %" justifyH="LEFT">
                  <FontHeight>
                    <AbsValue val="12" />
                  </FontHeight>
                  <Color r="1" g="0.8196079" b="0" />
                  <Shadow>
                    <Color r="0" g="0" b="0" />
                    <Offset>
                      <AbsDimension x="1" y="-1" />
                    </Offset>
                  </Shadow>
                </FontString>
              </Layer>
            </Layers>
          </Frame>
          <Button name="$parentComboBoxLayout">
            <!--<FrameSkin skinid="dcb143e1-a4ab-4e7c-b934-1efa40101d21" frameid="2d50888b-59c2-4f83-ae10-27aaad48391b"><Property name="Items">&lt;?xml version="1.0"?&gt;
&lt;ArrayOfString xmlns:xsi="http://www.w3.org/2001/XMLSchema-instance" xmlns:xsd="http://www.w3.org/2001/XMLSchema" /&gt;</Property><Property name="OnSelectionChanged">&lt;?xml version="1.0"?&gt;
&lt;string /&gt;</Property></FrameSkin>-->
            <Size>
              <AbsDimension x="261" y="32" />
            </Size>
            <Anchors>
              <Anchor point="TOPLEFT">
                <Offset>
                  <AbsDimension x="13" y="-72" />
                </Offset>
              </Anchor>
            </Anchors>
            <Layers>
              <Layer>
                <Texture name="$parentLeft" file="Interface\Glues\CharacterCreate\CharacterCreate-LabelFrame">
                  <Size>
                    <AbsDimension x="25" y="64" />
                  </Size>
                  <Anchors>
                    <Anchor point="TOPLEFT">
                      <Offset>
                        <AbsDimension x="0" y="17" />
                      </Offset>
                    </Anchor>
                  </Anchors>
                  <TexCoords left="0" right="0.1953125" top="0" bottom="1" />
                </Texture>
                <Texture name="$parentMiddle" file="Interface\Glues\CharacterCreate\CharacterCreate-LabelFrame">
                  <Size>
                    <AbsDimension x="211" y="64" />
                  </Size>
                  <Anchors>
                    <Anchor point="LEFT" relativeTo="$parentLeft" relativePoint="RIGHT" />
                  </Anchors>
                  <TexCoords left="0.1953125" right="0.8046875" top="0" bottom="1" />
                </Texture>
                <Texture name="$parentRight" file="Interface\Glues\CharacterCreate\CharacterCreate-LabelFrame">
                  <Size>
                    <AbsDimension x="25" y="64" />
                  </Size>
                  <Anchors>
                    <Anchor point="LEFT" relativeTo="$parentMiddle" relativePoint="RIGHT" />
                  </Anchors>
                  <TexCoords left="0.8046875" right="1" top="0" bottom="1" />
                </Texture>
                <FontString name="$parentText" font="Fonts\FRIZQT__.TTF" text="Layout" justifyH="RIGHT">
                  <Size>
                    <AbsDimension x="236" y="10" />
                  </Size>
                  <Anchors>
                    <Anchor point="RIGHT" relativeTo="$parentRight">
                      <Offset>
                        <AbsDimension x="-43" y="2" />
                      </Offset>
                    </Anchor>
                  </Anchors>
                  <FontHeight>
                    <AbsValue val="10" />
                  </FontHeight>
                  <Color r="1" g="1" b="1" />
                  <Shadow>
                    <Color r="0" g="0" b="0" />
                    <Offset>
                      <AbsDimension x="1" y="-1" />
                    </Offset>
                  </Shadow>
                </FontString>
              </Layer>
            </Layers>
            <Frames>
              <Button name="$parentButton">
                <Size>
                  <AbsDimension x="24" y="24" />
                </Size>
                <Anchors>
                  <Anchor point="TOPRIGHT" relativeTo="$parentRight">
                    <Offset>
                      <AbsDimension x="-16" y="-18" />
                    </Offset>
                  </Anchor>
                </Anchors>
                <Scripts>
                  <OnClick>
						ToggleDropDownMenu();
						PlaySound("igMainMenuOptionCheckBoxOn");
					</OnClick>
                </Scripts>
                <NormalTexture name="$parentNormalTexture" file="Interface\ChatFrame\UI-ChatIcon-ScrollDown-Up">
                  <Size>
                    <AbsDimension x="24" y="24" />
                  </Size>
                  <Anchors>
                    <Anchor point="RIGHT" />
                  </Anchors>
                </NormalTexture>
                <PushedTexture name="$parentPushedTexture" file="Interface\ChatFrame\UI-ChatIcon-ScrollDown-Down">
                  <Size>
                    <AbsDimension x="24" y="24" />
                  </Size>
                  <Anchors>
                    <Anchor point="RIGHT" />
                  </Anchors>
                </PushedTexture>
                <DisabledTexture name="$parentDisabledTexture" file="Interface\ChatFrame\UI-ChatIcon-ScrollDown-Disabled">
                  <Size>
                    <AbsDimension x="24" y="24" />
                  </Size>
                  <Anchors>
                    <Anchor point="RIGHT" />
                  </Anchors>
                </DisabledTexture>
                <HighlightTexture name="$parentHighlightTexture" file="Interface\Buttons\UI-Common-MouseHilight" alphaMode="ADD">
                  <Size>
                    <AbsDimension x="24" y="24" />
                  </Size>
                  <Anchors>
                    <Anchor point="RIGHT" />
                  </Anchors>
                </HighlightTexture>
              </Button>
            </Frames>
          </Button>
          <Frame name="$parentLabel4">
            <!--<FrameSkin skinid="f15d4970-d66d-444e-bb2d-1ad102c87fed" frameid="f15d4978-d66d-444e-bb2d-1ad102c87fed" />-->
            <Size>
              <AbsDimension x="57" y="18" />
            </Size>
            <Anchors>
              <Anchor point="TOPLEFT">
                <Offset>
                  <AbsDimension x="113" y="-40" />
                </Offset>
              </Anchor>
            </Anchors>
            <Layers>
              <Layer>
                <FontString name="$parentLabel" setAllPoints="true" font="Fonts\FRIZQT__.TTF" text="|">
                  <FontHeight>
                    <AbsValue val="12" />
                  </FontHeight>
                  <Color r="1" g="0.8196079" b="0" />
                  <Shadow>
                    <Color r="0" g="0" b="0" />
                    <Offset>
                      <AbsDimension x="1" y="-1" />
                    </Offset>
                  </Shadow>
                </FontString>
              </Layer>
            </Layers>
          </Frame>
          <Frame name="$parentLabel3">
            <!--<FrameSkin skinid="f15d4970-d66d-444e-bb2d-1ad102c87fed" frameid="f15d4978-d66d-444e-bb2d-1ad102c87fed" />-->
            <Size>
              <AbsDimension x="48" y="17" />
            </Size>
            <Anchors>
              <Anchor point="TOPLEFT">
                <Offset>
                  <AbsDimension x="225" y="-40" />
                </Offset>
              </Anchor>
            </Anchors>
            <Layers>
              <Layer>
                <FontString name="$parentLabel" setAllPoints="true" font="Fonts\FRIZQT__.TTF" text="200 %" justifyH="RIGHT">
                  <FontHeight>
                    <AbsValue val="12" />
                  </FontHeight>
                  <Color r="1" g="0.8196079" b="0" />
                  <Shadow>
                    <Color r="0" g="0" b="0" />
                    <Offset>
                      <AbsDimension x="1" y="-1" />
                    </Offset>
                  </Shadow>
                </FontString>
              </Layer>
            </Layers>
          </Frame>
          <CheckButton name="$parentCheckButtonHideButtonFrames">
            <!--<FrameSkin skinid="dcb143e1-a4ab-4e7c-b934-1efa40101d21" frameid="2d508886-59c2-4f83-ae10-27aaad48391b"><Property name="Size">&lt;?xml version="1.0"?&gt;
&lt;Size xmlns:xsi="http://www.w3.org/2001/XMLSchema-instance" xmlns:xsd="http://www.w3.org/2001/XMLSchema"&gt;
  &lt;Width&gt;222&lt;/Width&gt;
  &lt;Height&gt;32&lt;/Height&gt;
&lt;/Size&gt;</Property></FrameSkin>-->
            <Size>
              <AbsDimension x="32" y="32" />
            </Size>
            <Anchors>
              <Anchor point="TOPLEFT">
                <Offset>
                  <AbsDimension x="26" y="-111" />
                </Offset>
              </Anchor>
            </Anchors>
            <Layers>
              <Layer>
                <FontString name="$parentText" font="Fonts\FRIZQT__.TTF" text="Hide button frames">
                  <Anchors>
                    <Anchor point="LEFT" relativePoint="RIGHT">
                      <Offset>
                        <AbsDimension x="-2" y="0" />
                      </Offset>
                    </Anchor>
                  </Anchors>
                  <FontHeight>
                    <AbsValue val="10" />
                  </FontHeight>
                  <Color r="1" g="0.8196079" b="0" />
                  <Shadow>
                    <Color r="0" g="0" b="0" />
                    <Offset>
                      <AbsDimension x="1" y="-1" />
                    </Offset>
                  </Shadow>
                </FontString>
              </Layer>
            </Layers>
            <Scripts>
              <OnClick>BananaConfig_ValueChangedHideButtonFrames();
</OnClick>
              <OnValueChanged>BananaConfig_ValueChangedHideButtonFrames();
</OnValueChanged>
            </Scripts>
            <NormalTexture file="Interface\Buttons\UI-CheckBox-Up" />
            <PushedTexture file="Interface\Buttons\UI-CheckBox-Down" />
            <HighlightTexture file="Interface\Buttons\UI-CheckBox-Highlight" alphaMode="ADD" />
            <CheckedTexture file="Interface\Buttons\UI-CheckBox-Check" />
            <DisabledCheckedTexture file="Interface\Buttons\UI-CheckBox-Check-Disabled" />
          </CheckButton>
        </Frames>
      </Frame>
      <Frame name="$parentPanel1">
        <!--<FrameSkin skinid="dcb143e1-a4ab-4e7c-b934-1efa40101d21" frameid="2d508888-59c2-4f83-ae10-27aaad48391b" />-->
        <Size>
          <AbsDimension x="293" y="40" />
        </Size>
        <Anchors>
          <Anchor point="TOPLEFT">
            <Offset>
              <AbsDimension x="10" y="-10" />
            </Offset>
          </Anchor>
        </Anchors>
        <Backdrop bgFile="Interface\Tooltips\UI-Tooltip-Background" edgeFile="Interface\Tooltips\UI-Tooltip-Border" tile="true">
          <BackgroundInsets>
            <AbsInset left="5" right="5" top="5" bottom="5" />
          </BackgroundInsets>
          <TileSize>
            <AbsValue val="16" />
          </TileSize>
          <EdgeSize>
            <AbsValue val="16" />
          </EdgeSize>
        </Backdrop>
        <Frames>
          <Frame name="$parentLabelTitle">
            <!--<FrameSkin skinid="f15d4970-d66d-444e-bb2d-1ad102c87fed" frameid="f15d4978-d66d-444e-bb2d-1ad102c87fed" />-->
            <Size>
              <AbsDimension x="206" y="18" />
            </Size>
            <Anchors>
              <Anchor point="TOPLEFT">
                <Offset>
                  <AbsDimension x="7" y="-12" />
                </Offset>
              </Anchor>
            </Anchors>
            <Layers>
              <Layer>
                <FontString name="$parentLabel" setAllPoints="true" font="Fonts\FRIZQT__.TTF" text="BananaBar Raid Symbols">
                  <FontHeight>
                    <AbsValue val="16" />
                  </FontHeight>
                  <Color r="0.7529412" g="1" b="0.7529412" />
                  <Shadow>
                    <Color r="0" g="0" b="0" />
                    <Offset>
                      <AbsDimension x="2" y="-1" />
                    </Offset>
                  </Shadow>
                </FontString>
              </Layer>
            </Layers>
            <Scripts>
              <OnMouseDown>Banana_HeaderMouseDown();
</OnMouseDown>
              <OnMouseUp>Banana_HeaderMouseUp();
</OnMouseUp>
            </Scripts>
          </Frame>
          <Button>
            <!--<FrameSkin skinid="f15d4970-d66d-444e-bb2d-1ad102c87fed" frameid="f15d4973-d66d-444e-bb2d-1ad102c87fed" />-->
            <Size>
              <AbsDimension x="23" y="25" />
            </Size>
            <Anchors>
              <Anchor point="TOPLEFT">
                <Offset>
                  <AbsDimension x="263" y="-7" />
                </Offset>
              </Anchor>
            </Anchors>
            <Scripts>
              <OnClick>BananaConfig_Close();
</OnClick>
            </Scripts>
            <NormalTexture file="Interface\Buttons\UI-Panel-MinimizeButton-Up">
              <TexCoords left="0.2" right="0.8" top="0.2" bottom="0.8" />
            </NormalTexture>
            <PushedTexture file="Interface\Buttons\UI-Panel-MinimizeButton-Down">
              <TexCoords left="0.2" right="0.8" top="0.2" bottom="0.8" />
            </PushedTexture>
            <DisabledTexture file="Interface\Buttons\UI-Panel-Button-Disabled">
              <TexCoords left="0" right="0.625" top="0" bottom="0.6875" />
            </DisabledTexture>
            <HighlightTexture file="Interface\Buttons\UI-Panel-MinimizeButton-Highlight" alphaMode="ADD">
              <TexCoords left="0.2" right="0.8" top="0.2" bottom="0.8" />
            </HighlightTexture>
            <ButtonText name="$parentText">
              <FontHeight>
                <AbsValue val="10" />
              </FontHeight>
            </ButtonText>
            <NormalFont inherits="GameFontNormal" font="Fonts\FRIZQT__.TTF">
              <FontHeight>
                <AbsValue val="12" />
              </FontHeight>
              <Color r="1" g="0.8196079" b="0" />
              <Shadow>
                <Color r="0" g="0" b="0" />
                <Offset>
                  <AbsDimension x="1" y="-1" />
                </Offset>
              </Shadow>
            </NormalFont>
            <HighlightFont inherits="GameFontHighlight" font="Fonts\FRIZQT__.TTF">
              <FontHeight>
                <AbsValue val="12" />
              </FontHeight>
              <Color r="1" g="1" b="1" />
              <Shadow>
                <Color r="0" g="0" b="0" />
                <Offset>
                  <AbsDimension x="1" y="-1" />
                </Offset>
              </Shadow>
            </HighlightFont>
            <DisabledFont inherits="GameFontDisable" font="Fonts\FRIZQT__.TTF">
              <FontHeight>
                <AbsValue val="12" />
              </FontHeight>
              <Color r="0.4901961" g="0.4901961" b="0.4901961" />
              <Shadow>
                <Color r="0" g="0" b="0" />
                <Offset>
                  <AbsDimension x="1" y="-1" />
                </Offset>
              </Shadow>
            </DisabledFont>
            <PushedTextOffset x="0" y="0" />
          </Button>
        </Frames>
      </Frame>
    </Frames>
  </Frame>
</Ui>