<Ui xmlns="http://www.blizzard.com/wow/ui/" xmlns:xsi="http://www.w3.org/2001/XMLSchema-instance" xsi:schemaLocation="http://www.blizzard.com/wow/ui/"> 
	<Script file="GFWUtils.lua"/>
	<Script file="GFWTable.lua"/>
	<Script file="GFWTooltip.lua"/>
	<Script file="Localization.lua"/>
	<Script file="CompareStats.lua"/>
	<Frame name="CompareStats">
		<Scripts>
			<OnLoad>
				CompareStats_OnLoad();
			</OnLoad>
			<OnUpdate>
				CompareStats_OnUpdate();
			</OnUpdate>
		</Scripts>
	</Frame>
</Ui>
