<!-- myAddOns v2.6 -->


<Ui xmlns="http://www.blizzard.com/wow/ui/" xmlns:xsi="http://www.w3.org/2001/XMLSchema-instance" xsi:schemaLocation="http://www.blizzard.com/wow/ui/
..\..\FrameXML\UI.xsd">
	<Button name="myGameMenuButtonAddOns" inherits="GameMenuButtonTemplate" text="AddOns" parent="GameMenuFrame">
		<Anchors>
			<Anchor point="TOP" relativeTo="GameMenuButtonKeybindings" relativePoint="BOTTOM">
				<Offset>
					<AbsDimension x="0" y="-1"/>
				</Offset>
			</Anchor>
		</Anchors>
		<Scripts>
			<OnLoad>
				GameMenuFrame:SetHeight(GameMenuFrame:GetHeight() + this:GetHeight());
				GameMenuButtonMacros:SetPoint("TOP", this:GetName(), "BOTTOM", 0, -1);
			</OnLoad>
			<OnClick>
				PlaySound("igMainMenuOption");
				HideUIPanel(GameMenuFrame);
				ShowUIPanel(myAddOnsFrame);
			</OnClick>
		</Scripts>
	</Button>
</Ui>
