<Ui xmlns="http://www.blizzard.com/wow/ui/" xmlns:xsi="http://www.w3.org/2001/XMLSchema-instance" xsi:schemaLocation="http://www.blizzard.com/wow/ui/
	..\FrameXML\UI.xsd">

	<Script file="StunWatch.lua"/>
	<Script file="StunWatch_Globals.lua"/>
	<Script file="StunWatch_Config.lua"/>
	<Script file="localization.lua"/>

	<Frame name="StunWatchBarTemplate" virtual="true" hidden="true">
		<Size>
			<AbsDimension x="170" y="20" />
		</Size>
		<Backdrop edgeFile="Interface\Tooltips\UI-Tooltip-Border" bgFile="Interface\Tooltips\UI-Tooltip-Background" tile="true">
			<EdgeSize>
				<AbsValue val="16" />
			</EdgeSize>
			<TileSize>
				<AbsValue val="16" />
			</TileSize>
			<BackgroundInsets>
				<AbsInset left="5" right="5" top="5" bottom="5" />
			</BackgroundInsets>
		</Backdrop>
		<Layers>
			<Layer level="OVERLAY">
				<FontString name="$parentText" inherits="GameFontHighlight">
					<Size>
						<AbsDimension x="160" y="10"/>
					</Size>
					<Anchors>
						<Anchor point="TOP">
							<Offset>
								<AbsDimension x="0" y="-3"/>
							</Offset>
						</Anchor>
					</Anchors>
				</FontString>
			</Layer>
		</Layers>
		<Frames>
			<StatusBar name="$parentStatusBar">
				<Size>
					<AbsDimension x="160" y="10"/>
				</Size>
				<Anchors>
					<Anchor point="CENTER" relativeto="$parent">
						<Offset>
							<AbsDimension x="0" y="0"/>
						</Offset>
					</Anchor>
				</Anchors>
				<Layers>
					<Layer level="OVERLAY">
						<Texture name="$parentSpark" file="Interface\CastingBar\UI-CastingBar-Spark" alphaMode="ADD">
							<Size>
								<AbsDimension x="32" y="32"/>
							</Size>
							<Anchors>
								<Anchor point="CENTER">
									<Offset>
										<AbsDimension x="0" y="0"/>
									</Offset>
								</Anchor>
							</Anchors>
						</Texture>
					</Layer>
				</Layers>
				<Scripts>
					<OnLoad>
						this:SetFrameLevel(this:GetFrameLevel() - 1)
					</OnLoad>
				</Scripts>
				<BarTexture file="Interface\TargetingFrame\UI-StatusBar"/>
				<BarColor r="1.0" g="1.0" b="0.0"/>
			</StatusBar>
		</Frames>
	</Frame>

	<Frame name="StunWatch" movable="true">
		<Size>
			<AbsDimension x="170" y="100" />
		</Size>
		<Anchors>
			<Anchor point="CENTER">
				<Offset>
					<AbsDimension x="0" y="80" />
				</Offset>
			</Anchor>
		</Anchors>
		<Scripts>
			<OnLoad>
				this:EnableMouse(0)
				StunWatch_OnLoad()
			</OnLoad>
			<OnUpdate>
				StunWatch_OnUpdate()
			</OnUpdate>
			<OnEvent>
				StunWatch_OnEvent(event)
			</OnEvent>

 			<OnMouseDown>
 				if ( arg1 == "LeftButton" and STUNWATCH.STATUS == 2) then
 					this:StartMoving();
 				end
 			</OnMouseDown>
 			<OnMouseUp>
 				if ( arg1 == "LeftButton" ) then
 					this:StopMovingOrSizing();
 				end
 			</OnMouseUp>
		</Scripts>
	</Frame>

	<Frame name="StunWatchBar1" parent="StunWatch" inherits="StunWatchBarTemplate">
		<Anchors>
			<Anchor point="TOPLEFT">
				<Offset>
					<AbsDimension x="0" y="-80" />
				</Offset>
			</Anchor>
		</Anchors>
		<Scripts>
			<OnShow>
				StunWatchBar1_OnShow()
			</OnShow>
		</Scripts>
	</Frame>

	<Frame name="StunWatchBar2" parent="StunWatch" inherits="StunWatchBarTemplate">
		<Anchors>
			<Anchor point="TOPLEFT">
				<Offset>
					<AbsDimension x="0" y="-60" />
				</Offset>
			</Anchor>
		</Anchors>
		<Scripts>
			<OnShow>
				StunWatchBar2_OnShow()
			</OnShow>
		</Scripts>
	</Frame>

	<Frame name="StunWatchBar3" parent="StunWatch" inherits="StunWatchBarTemplate">
		<Anchors>
			<Anchor point="TOPLEFT">
				<Offset>
					<AbsDimension x="0" y="-40" />
				</Offset>
			</Anchor>
		</Anchors>
		<Scripts>
			<OnShow>
				StunWatchBar3_OnShow()
			</OnShow>
		</Scripts>
	</Frame>

	<Frame name="StunWatchBar4" parent="StunWatch" inherits="StunWatchBarTemplate">
		<Anchors>
			<Anchor point="TOPLEFT">
				<Offset>
					<AbsDimension x="0" y="-20" />
				</Offset>
			</Anchor>
		</Anchors>
		<Scripts>
			<OnShow>
				StunWatchBar4_OnShow()
			</OnShow>
		</Scripts>
	</Frame>

	<Frame name="StunWatchBar5" parent="StunWatch" inherits="StunWatchBarTemplate">
		<Anchors>
			<Anchor point="TOPLEFT">
				<Offset>
					<AbsDimension x="0" y="0" />
				</Offset>
			</Anchor>
		</Anchors>
		<Scripts>
			<OnShow>
				StunWatchBar5_OnShow()
			</OnShow>
		</Scripts>
	</Frame>

	<Frame name="StunWatch_Variable_Frame" hidden="false">
		<Scripts>
			<OnUpdate>
				StunWatch_LoadVariables(arg1)
			</OnUpdate>
		</Scripts>
	</Frame>
</Ui>