<Ui xmlns="http://www.blizzard.com/wow/ui/"   xmlns:xsi="http://www.w3.org/2001/XMLSchema-instance"   xsi:schemaLocation="http://www.blizzard.com/wow/ui/">
	<script file="COE_TotemData.lua"/>
	<script file="COE_TotemVisual.lua"/>
	<script file="COE_TotemLogic.lua"/>

	<!-- Template for the totem buttons -->
	<CheckButton name="COETotemButtonTemplate" inherits="SecureActionButtonTemplate,ActionButtonTemplate,SecureAnchorEnterTemplate" virtual="true">
		<Size>
			<AbsDimension x="36" y="36"/>
		</Size>
		<Anchors>
			<Anchor point="TOPLEFT"/>
		</Anchors>
		<Scripts>
			<OnLoad>
				COE_Totem:OnTotemButtonLoad();
			</OnLoad>
			<OnEvent>
				COE_Totem:OnTotemButtonEvent( event );
			</OnEvent>
			<PreClick>
				COE_Totem:OnTotemButtonControlClick(this);
			</PreClick>
			<OnUpdate>
				COE_Totem:UpdateTotemButton( arg1 );
			</OnUpdate>
			<OnDragStart>
				COE_Totem:ButtonStartDrag(this);
			</OnDragStart>
			<OnDragStop>
				COE_Totem:ButtonStopDrag(this);
			</OnDragStop>
		</Scripts>
		<Layers>
			<Layer level="ARTWORK">
				<FontString name="$parentHotKey2" inherits="NumberFontNormalSmallGray" justifyH="RIGHT">
					<Size>
						<AbsDimension x="36" y="10"/>
					</Size>
					<Anchors>
						<Anchor point="TOPLEFT">
							<Offset>
								<AbsDimension x="0" y="-2"/>
							</Offset>
						</Anchor>
					</Anchors>
				</FontString>
				<Texture name="$parentOverlayTex" file="Interface\Tooltips\UI-Tooltip-Background" hidden="true">
					<Size>
						<AbsDimension x="34" y="16"/>
					</Size>
					<Anchors>
						<Anchor point="CENTER">
							<Offset>
								<AbsDimension x="0" y="-5"/>
							</Offset>
						</Anchor>
					</Anchors>
				</Texture>
			</Layer>
			<Layer level="OVERLAY">
				<FontString name="$parentText" inherits="GameFontNormalLarge" text="">
					<Anchors>
						<Anchor point="CENTER">
							<Offset>
								<AbsDimension x="0" y="-5"/>
							</Offset>
						</Anchor>
					</Anchors>
					<Color r="1" g="1" b="1"/>
				</FontString>
			</Layer>
		</Layers>
		<Frames>
			<!-- An invisible frame to handle OnEnter/OnLeave -->
			<Button name="$parentDummy" inherits="SecureActionButtonTemplate">
				<Size>
					<AbsDimension x="12" y="12" />
				</Size>
				<Anchors>
					<Anchor point="CENTER" relativePoint="CENTER" relativeTo="$parent">
						<Offset>
							<AbsDimension x="0" y="0"/>
						</Offset>
					</Anchor>
				</Anchors>
				<Scripts>
					<OnEnter>
						COE_Totem:OnEnterTotemButton(this:GetParent());
					</OnEnter>
					<OnLeave>
						COE_Totem:OnLeaveTotemButton();
					</OnLeave>
					<PreClick>
						COE_Totem:OnTotemButtonControlClick(this:GetParent());
					</PreClick>
				</Scripts>
			</Button>
		</Frames>
	</CheckButton>
	
	<CheckButton name="COETotemDropSetTemplate" frameStrata="HIGH" inherits="COETotemButtonTemplate" enableMouse="true" movable="true" hidden="true" parent="UIParent" virtual="true">
		<Scripts>
			<OnDragStart>
				COE_Config_StateTotem_StartMoving(this);
			</OnDragStart>
			<OnDragStop>
				COE_Config_StateTotem_StopMoving(this);
			</OnDragStop>
			<OnUpdate>
				COE_Totem:UpdateDropSetButton( arg1 );
			</OnUpdate>
			<OnEnter>
				COE_Totem:OnEnterTotemButton(this);
			</OnEnter>
			<OnLeave>
				COE_Totem:OnLeaveTotemButton();
			</OnLeave>
		</Scripts>
	</CheckButton>

	<!-- Totem EarthFrame -->
	<Frame name="COEEarthFrame" frameStrata="LOW" enableMouse="true" movable="true" hidden="true" parent="UIParent">
		<Size>
			<AbsDimension x="50" y="50" />
		</Size>
		<Anchors>
			<Anchor point="CENTER">
				<Offset>
					<AbsDimension x="-75" y="75"/>
				</Offset>
			</Anchor>
		</Anchors>
			<!--<Backdrop name="$parentBackdrop" bgFile="Interface\TutorialFrame\TutorialFrameBackground" edgeFile="Interface\Tooltips\UI-Tooltip-Border" tile="true">
				<EdgeSize>
					<AbsValue val="16"/>
				</EdgeSize>
				<TileSize>
					<AbsValue val="16"/>
				</TileSize>
				<BackgroundInsets>
					<AbsInset left="3" right="5" top="3" bottom="5"/>
				</BackgroundInsets>
			</Backdrop>-->

		<Scripts>
			<OnLoad>
				COE_Totem:InitFrame();
				this.Element = "Earth";
			</OnLoad>
			<OnUpdate>
				COE_Totem:UpdateFrame( arg1 );
			</OnUpdate>
			<OnEvent>
				COE_Totem:OnFrameEvent( event );
			</OnEvent>
		</Scripts>

		<Frames>
			<!-- Create earth totem placeholders -->
			<CheckButton name="COETotemEarth1" inherits="COETotemButtonTemplate" hidden="true" id="1">
				<Anchors>
					<Anchor point="TOPLEFT"/>
				</Anchors>
			</CheckButton>
			<CheckButton name="COETotemEarth2" inherits="COETotemButtonTemplate" hidden="true" id="2"/>
			<CheckButton name="COETotemEarth3" inherits="COETotemButtonTemplate" hidden="true" id="3"/>
			<CheckButton name="COETotemEarth4" inherits="COETotemButtonTemplate" hidden="true" id="4"/>
			<CheckButton name="COETotemEarth5" inherits="COETotemButtonTemplate" hidden="true" id="5"/>
			<CheckButton name="COETotemEarth6" inherits="COETotemButtonTemplate" hidden="true" id="6"/>
			<CheckButton name="COETotemEarth7" inherits="COETotemButtonTemplate" hidden="true" id="7"/>
			<CheckButton name="COETotemEarth8" inherits="COETotemButtonTemplate" hidden="true" id="8"/>
			<CheckButton name="COETotemEarth9" inherits="COETotemButtonTemplate" hidden="true" id="9"/>
			<CheckButton name="COETotemEarthNone" inherits="COETotemButtonTemplate" hidden="true" id="10"/>
		</Frames>
	</Frame>


	<!-- Totem FireFrame -->
	<Frame name="COEFireFrame" frameStrata="LOW" enableMouse="true" movable="true" hidden="true" parent="UIParent">
		<Size>
			<AbsDimension x="50" y="50" />
		</Size>
		<Anchors>
			<Anchor point="CENTER">
				<Offset>
					<AbsDimension x="75" y="75"/>
				</Offset>
			</Anchor>
		</Anchors>

		<Scripts>
			<OnLoad>
				COE_Totem:InitFrame();
				this.Element = "Fire";
			</OnLoad>
			<OnUpdate>
				COE_Totem:UpdateFrame( arg1 );
			</OnUpdate>
			<OnEvent>
				COE_Totem:OnFrameEvent( event );
			</OnEvent>
		</Scripts>

		<Frames>
			<!-- Create Fire totem placeholders -->
			<CheckButton name="COETotemFire1" inherits="COETotemButtonTemplate" hidden="true" id="11">
				<Anchors>
					<Anchor point="TOPLEFT"/>
				</Anchors>
			</CheckButton>
			<CheckButton name="COETotemFire2" inherits="COETotemButtonTemplate" hidden="true" id="12"/>
			<CheckButton name="COETotemFire3" inherits="COETotemButtonTemplate" hidden="true" id="13"/>
			<CheckButton name="COETotemFire4" inherits="COETotemButtonTemplate" hidden="true" id="14"/>
			<CheckButton name="COETotemFire5" inherits="COETotemButtonTemplate" hidden="true" id="15"/>
			<CheckButton name="COETotemFire6" inherits="COETotemButtonTemplate" hidden="true" id="16"/>
			<CheckButton name="COETotemFire7" inherits="COETotemButtonTemplate" hidden="true" id="17"/>
			<CheckButton name="COETotemFire8" inherits="COETotemButtonTemplate" hidden="true" id="18"/>
			<CheckButton name="COETotemFire9" inherits="COETotemButtonTemplate" hidden="true" id="19"/>
			<CheckButton name="COETotemFireNone" inherits="COETotemButtonTemplate" hidden="true" id="20"/>
		</Frames>
	</Frame>


	<!-- Totem WaterFrame -->
	<Frame name="COEWaterFrame" frameStrata="LOW" enableMouse="true" movable="true" hidden="true" parent="UIParent">
		<Size>
			<AbsDimension x="50" y="50" />
		</Size>
		<Anchors>
			<Anchor point="CENTER">
				<Offset>
					<AbsDimension x="-75" y="-75"/>
				</Offset>
			</Anchor>
		</Anchors>

		<Scripts>
			<OnLoad>
				COE_Totem:InitFrame();
				this.Element = "Water";
			</OnLoad>
			<OnUpdate>
				COE_Totem:UpdateFrame( arg1 );
			</OnUpdate>
			<OnEvent>
				COE_Totem:OnFrameEvent( event );
			</OnEvent>
		</Scripts>

		<Frames>
			<!-- Create Water totem placeholders -->
			<CheckButton name="COETotemWater1" inherits="COETotemButtonTemplate" hidden="true" id="21">
				<Anchors>
					<Anchor point="TOPLEFT"/>
				</Anchors>
			</CheckButton>
			<CheckButton name="COETotemWater2" inherits="COETotemButtonTemplate" hidden="true" id="22"/>
			<CheckButton name="COETotemWater3" inherits="COETotemButtonTemplate" hidden="true" id="23"/>
			<CheckButton name="COETotemWater4" inherits="COETotemButtonTemplate" hidden="true" id="24"/>
			<CheckButton name="COETotemWater5" inherits="COETotemButtonTemplate" hidden="true" id="25"/>
			<CheckButton name="COETotemWater6" inherits="COETotemButtonTemplate" hidden="true" id="26"/>
			<CheckButton name="COETotemWater7" inherits="COETotemButtonTemplate" hidden="true" id="27"/>
			<CheckButton name="COETotemWater8" inherits="COETotemButtonTemplate" hidden="true" id="28"/>
			<CheckButton name="COETotemWater9" inherits="COETotemButtonTemplate" hidden="true" id="29"/>
			<CheckButton name="COETotemWaterNone" inherits="COETotemButtonTemplate" hidden="true" id="30"/>
		</Frames>
	</Frame>


	<!-- Totem AirFrame -->
	<Frame name="COEAirFrame" frameStrata="LOW" enableMouse="true" movable="true" hidden="true" parent="UIParent">
		<Size>
			<AbsDimension x="50" y="50" />
		</Size>
		<Anchors>
			<Anchor point="CENTER">
				<Offset>
					<AbsDimension x="75" y="-75"/>
				</Offset>
			</Anchor>
		</Anchors>

		<Scripts>
			<OnLoad>
				COE_Totem:InitFrame();
				this.Element = "Air";
			</OnLoad>
			<OnUpdate>
				COE_Totem:UpdateFrame( arg1 );
			</OnUpdate>
			<OnEvent>
				COE_Totem:OnFrameEvent( event );
			</OnEvent>
		</Scripts>

		<Frames>
			<!-- Create Air totem placeholders -->
			<CheckButton name="COETotemAir1" inherits="COETotemButtonTemplate" hidden="true" id="31">
				<Anchors>
					<Anchor point="TOPLEFT"/>
				</Anchors>
			</CheckButton>
			<CheckButton name="COETotemAir2" inherits="COETotemButtonTemplate" hidden="true" id="32"/>
			<CheckButton name="COETotemAir3" inherits="COETotemButtonTemplate" hidden="true" id="33"/>
			<CheckButton name="COETotemAir4" inherits="COETotemButtonTemplate" hidden="true" id="34"/>
			<CheckButton name="COETotemAir5" inherits="COETotemButtonTemplate" hidden="true" id="35"/>
			<CheckButton name="COETotemAir6" inherits="COETotemButtonTemplate" hidden="true" id="36"/>
			<CheckButton name="COETotemAir7" inherits="COETotemButtonTemplate" hidden="true" id="37"/>
			<CheckButton name="COETotemAir8" inherits="COETotemButtonTemplate" hidden="true" id="38"/>
			<CheckButton name="COETotemAir9" inherits="COETotemButtonTemplate" hidden="true" id="39"/>
			<CheckButton name="COETotemAirNone" inherits="COETotemButtonTemplate" hidden="true" id="40"/>
		</Frames>
	</Frame>
	

	<!-- Totem MainFrame -->
	<Frame name="COETotemFrame" frameStrata="LOW" hidden="true" parent="UIParent">
		<Scripts>
			<OnLoad>
				COE_Totem:InitMainFrame();
			</OnLoad>
			<OnEvent>
				COE_Totem:OnMainFrameEvent( event , ...);
			</OnEvent>
		</Scripts>
	</Frame>
	
	<!-- TimerFrame -->
	<Frame name="COETimerFrame" frameStrata="LOW" enableMouse="true" movable="true" hidden="true" parent="UIParent">
		<Size>
			<AbsDimension x="50" y="50" />
		</Size>
		<Anchors>
			<Anchor point="CENTER" relativeTo="UIParent"/>
		</Anchors>

		<Scripts>
			<OnLoad>
				COE_Totem:InitTimerFrame();
			</OnLoad>
			<OnUpdate>
				COE_Totem:UpdateTimerFrame( arg1 );
			</OnUpdate>
		</Scripts>

		<Frames>
			<!-- Create Air totem placeholders -->
			<CheckButton name="COETimerEarth" inherits="COETotemButtonTemplate" hidden="false" id="1"/>
			<CheckButton name="COETimerFire" inherits="COETotemButtonTemplate" hidden="false" id="2"/>
			<CheckButton name="COETimerWater" inherits="COETotemButtonTemplate" hidden="false" id="3"/>
			<CheckButton name="COETimerAir" inherits="COETotemButtonTemplate" hidden="false" id="4"/>
		</Frames>
	</Frame>
	
	<!-- DropSet buttons -->
	<CheckButton name="COE_TB_DropSet1" inherits="COETotemDropSetTemplate">
		<Anchors>
			<Anchor point="TOPLEFT" relativeTo="UIParent" relativePoint="TOPLEFT">
				<Offset>
					<AbsDimension x="80" y="-300"/>
				</Offset>
			</Anchor>
		</Anchors>
	</CheckButton>
	<CheckButton name="COE_TB_DropSet2" inherits="COETotemDropSetTemplate">
		<Anchors>
			<Anchor point="TOPLEFT" relativeTo="COE_TB_DropSet1" relativePoint="TOPRIGHT">
				<Offset>
					<AbsDimension x="2" y="0"/>
				</Offset>
			</Anchor>
		</Anchors>
	</CheckButton>
	<CheckButton name="COE_TB_DropSet3" inherits="COETotemDropSetTemplate">
		<Anchors>
			<Anchor point="TOPLEFT" relativeTo="COE_TB_DropSet2" relativePoint="TOPRIGHT">
				<Offset>
					<AbsDimension x="2" y="0"/>
				</Offset>
			</Anchor>
		</Anchors>
	</CheckButton>
	<CheckButton name="COE_TB_DropSet4" inherits="COETotemDropSetTemplate">
		<Anchors>
			<Anchor point="TOPLEFT" relativeTo="COE_TB_DropSet3" relativePoint="TOPRIGHT">
				<Offset>
					<AbsDimension x="2" y="0"/>
				</Offset>
			</Anchor>
		</Anchors>
	</CheckButton>
	<CheckButton name="COE_TB_DropSet5" inherits="COETotemDropSetTemplate">
		<Anchors>
			<Anchor point="TOPLEFT" relativeTo="COE_TB_DropSet4" relativePoint="TOPRIGHT">
				<Offset>
					<AbsDimension x="2" y="0"/>
				</Offset>
			</Anchor>
		</Anchors>
	</CheckButton>
	
</Ui>
