<Ui xmlns="http://www.blizzard.com/wow/ui/" xmlns:xsi="http://www.w3.org/2001/XMLSchema-instance" xsi:schemaLocation="http://www.blizzard.com/wow/ui/ C:\Projects\WoW\Bin\Interface\FrameXML\UI.xsd">
 <!--  
  $Id: CleanMinimapButton.xml 54 2005-08-15 07:53:24Z joev $
 -->
 <Script file="CleanMinimapButton.lua"/>
  <Frame name="CleanMinimapButtonFrame" parent="Minimap" enableMouse="true" hidden="false" frameStrata="LOW">
    <Size>
      <AbsDimension x="32" y="32"/>
    </Size>
    <Anchors>
      <Anchor point="TOPLEFT" relativeTo="Minimap" relativePoint="RIGHT">
        <Offset>
          <AbsDimension x="2" y="0"/>
        </Offset>
      </Anchor>
    </Anchors>
    <Frames>
      <Button name="CleanMinimapButton">
        <Size>
          <AbsDimension x="32" y="32"/>
        </Size>
        <Anchors>
          <Anchor point="TOPLEFT">
            <Offset>
              <AbsDimension x="0" y="0"/>
            </Offset>
          </Anchor>
        </Anchors>
        <NormalTexture file="Interface\AddOns\CleanMinimap\ArtWork\CleanMinimapButton"/>
        <PushedTexture file="Interface\AddOns\CleanMinimap\ArtWork\CleanMinimapButton_Down"/>
        <HighlightTexture alphaMode="ADD" file="Interface\Minimap\UI-Minimap-ZoomButton-Highlight"/>
        <Scripts>
          <OnClick>
            CleanMinimapButton_OnClick(arg1);
          </OnClick>
        </Scripts>
      </Button>
    </Frames>
  </Frame>
</Ui>
