<Ui xmlns="http://www.blizzard.com/wow/ui/" xmlns:xsi="http://www.w3.org/2001/XMLSchema-instance" xsi:schemaLocation="http://www.blizzard.com/wow/ui/
..\FrameXML\UI.xsd">
  <!-- 
       $Id: TitanCleanMinimap.xml 65 2005-08-28 14:54:49Z joev $
  -->
  <Script file="TitanCleanMinimap.lua"/>
  <Frame parent="UIParent">
    <Frames>
      <Button name="TitanPanelCleanMinimapButton" inherits="TitanPanelIconTemplate" frameStrata="FULLSCREEN" toplevel="true">
        <Scripts>
          <OnLoad>
            TitanPanelCleanMinimapButton_OnLoad();
          </OnLoad>
          <OnShow>
            TitanPanelCleanMinimapButton_OnShow();
          </OnShow>
          <OnClick>
            TitanPanelCleanMinimapButton_OnClick(arg1);
          </OnClick>
        </Scripts>
      </Button>
     </Frames>       
  </Frame>  
</Ui>