<Ui xmlns="http://www.blizzard.com/wow/ui/" xmlns:xsi="http://www.w3.org/2001/XMLSchema-instance" xsi:schemaLocation="http://www.blizzard.com/wow/ui/
	C:\Projects\WoW\Bin\Interface\FrameXML\UI.xsd">
	<Script file="ArgentDawnGrinder_frFR.lua"/>
	<Script file="ArgentDawnGrinder_deDE.lua"/>
	<Script file="ArgentDawnGrinder_zhTW.lua"/>
	<Script file="ArgentDawnGrinder.lua"/>

	<GameTooltip name="ADGToolTip" inherits="GameTooltipTemplate" parent="UIParent" hidden="true"/>

	<Frame name="ArgentDawnGrinderFrame">
		<Scripts>
			<OnLoad>
				ArgentDawnGrinder_OnLoad();
			</OnLoad>
			<OnEvent>
				ArgentDawnGrinder_OnEvent(event);
			</OnEvent>
			<OnUpdate>
				ArgentDawnGrinder_UpdateGrindingStats();
			</OnUpdate>
		</Scripts>
	</Frame>

	<Button name="ADG_ItemButton" virtual="true" hidden="false">
        	<Size><AbsDimension x="32" y="32"/></Size>

		<Layers>
		</Layers>

		<Scripts>
	            	<OnShow>
				this:SetFrameLevel( (this:GetParent()):GetFrameLevel() + 1 );
			</OnShow>
			<OnLeave>
				ArgentDawnGrinder_HideToolTip();
			</OnLeave>
		</Scripts>
    	</Button>


	<!--This is the frame containing all the cool display info-->
        <Frame name="ArgentDawnGrinderDisplayFrame" hidden="true" virtual="false" movable="true" parent="UIParent">
		<Size><AbsDimension x="182" y="265"/></Size>

		<Anchors>
			<Anchor point="TOPRIGHT">
				<Offset><AbsDimension x="-100" y="-200"/></Offset>
			</Anchor>
		</Anchors>

		<Backdrop bgFile="Interface\DialogFrame\UI-DialogBox-Background" edgeFile="Interface\DialogFrame\UI-DialogBox-Border" tile="true">
                	<TileSize><AbsValue val="32"/></TileSize>
                	<EdgeSize><AbsValue val="32"/></EdgeSize>
                	<BackgroundInsets>
                        	<AbsInset left="11" right="12" top="12" bottom="11"/>
                	</BackgroundInsets>
        	</Backdrop>


		<Layers>
			<Layer level="OVERLAY">
				<FontString name="ADG_Superior" inherits="NumberFontNormalSmall" text="Superior">
					<Anchors>
						<Anchor point="TOP" relativePoint="TOP" >
							<Offset><AbsDimension x="0" y="-169"/></Offset>
						</Anchor>
					</Anchors>
					<Color r="0" g="0.44" b="0.87"/>
				</FontString>

				<FontString name="ADG_Epic" inherits="NumberFontNormalSmall" text="Epic">
					<Anchors>
						<Anchor point="TOP" relativePoint="TOP" >
							<Offset><AbsDimension x="0" y="-185"/></Offset>
						</Anchor>
					</Anchors>
					<Color r="0.64" g="0.21" b="0.93"/>
				</FontString>

				<FontString name="ADG_RepValue" inherits="NumberFontNormalSmall" text="Rep Value : 0">
					<Anchors>
						<Anchor point="TOP" relativePoint="TOP" >
							<Offset><AbsDimension x="0" y="-202"/></Offset>
						</Anchor>
					</Anchors>
					<Color r="255" g="255" b="0"/>
				</FontString>

				<FontString name="ADG_RepPercent" inherits="NumberFontNormalSmall" text = "|cff00ff000% |caaaaaaaa+ |cffffff000% |caaaaaaaa= |cff88ff000%">
					<Anchors>
						<Anchor point="TOP" relativePoint="TOP" >
							<Offset><AbsDimension x="0" y="-236"/></Offset>
						</Anchor>
					</Anchors>
				</FontString>
			</Layer>
		</Layers>

		<Scripts>
            		<OnMouseDown> this:StartMoving();  </OnMouseDown>
                	<OnMouseUp>   this:StopMovingOrSizing(); </OnMouseUp>
                	<OnDragStop>  this:StopMovingOrSizing(); </OnDragStop>
		</Scripts> 

		<Frames>
			<Button name="ADG_MinionsScourgestoneButton" hidden="false" virtual="false" inherits="ADG_ItemButton" parent="ArgentDawnGrinderDisplayFrame">
				<Size><AbsDimension x="32" y="32"/></Size>
	                        <Anchors>
					<Anchor point="LEFT" relativePoint="TOPLEFT" >
						<Offset><AbsDimension x="15" y="-32"/></Offset>
					</Anchor>
				</Anchors>
				<Layers>
					<Layer level="ARTWORK">
						<Texture name="$parentTexture" file="Interface\Icons\INV_Jewelry_Talisman_14">
							<Size><AbsDimension x="32" y="32"/></Size>
							<Anchors><Anchor point="TOPLEFT" relativePoint="TOPLEFT" /></Anchors>
							<TexCoords left="0" right="1" top="0" bottom="1"/>
						</Texture>
					</Layer>
					<Layer level="OVERLAY">
						<FontString name="ADG_MinionsScourgestoneCount" inherits="NumberFontNormalSmall" text="0">
							<Anchors>
								<Anchor point="BOTTOM" relativePoint="BOTTOM" >
									<Offset><AbsDimension x="0" y="-11"/></Offset>
								</Anchor>
							</Anchors>
						</FontString>
					</Layer>
				</Layers>
				<Scripts>
					<OnEnter>
						ArgentDawnGrinder_ShowTurninToolTip("Minion's Scourgestone","white");
					</OnEnter>
					<OnClick>
						ArgentDawnGrinder_ItemButtonClick("Minion's Scourgestone","white");
					</OnClick>
				</Scripts>
			</Button>

			<Button name="ADG_InvadersScourgestoneButton" hidden="false" virtual="false" inherits="ADG_ItemButton" parent="ArgentDawnGrinderDisplayFrame">
				<Size><AbsDimension x="32" y="32"/></Size>
	                        <Anchors>
					<Anchor point="LEFT" relativePoint="TOPLEFT" >
						<Offset><AbsDimension x="55" y="-32"/></Offset>
					</Anchor>
				</Anchors>
				<Layers>
					<Layer level="ARTWORK">
						<Texture name="$parentTexture" file="Interface\Icons\INV_Jewelry_Talisman_13">
							<Size><AbsDimension x="32" y="32"/></Size>
		                		        <Anchors><Anchor point="TOPLEFT" relativePoint="TOPLEFT" /></Anchors>
                				        <TexCoords left="0" right="1" top="0" bottom="1"/>
						</Texture>
					</Layer>
					<Layer level="OVERLAY">
						<FontString name="ADG_InvadersScourgestoneCount" inherits="NumberFontNormalSmall" text="0">
							<Anchors>
								<Anchor point="BOTTOM" relativePoint="BOTTOM" >
									<Offset><AbsDimension x="0" y="-11"/></Offset>
								</Anchor>
							</Anchors>
						</FontString>
					</Layer>
				</Layers>
				<Scripts>
					<OnEnter>
						ArgentDawnGrinder_ShowTurninToolTip("Invader's Scourgestone","white");
					</OnEnter>
					<OnClick>
						ArgentDawnGrinder_ItemButtonClick("Invader's Scourgestone","white");
					</OnClick>
				</Scripts>
			</Button>

			<Button name="ADG_CorruptorsScourgestoneButton" hidden="false" virtual="false" inherits="ADG_ItemButton" parent="ArgentDawnGrinderDisplayFrame">
				<Size><AbsDimension x="32" y="32"/></Size>
	                        <Anchors>
					<Anchor point="LEFT" relativePoint="TOPLEFT" >
						<Offset><AbsDimension x="95" y="-32"/></Offset>
					</Anchor>
				</Anchors>
				<Layers>
					<Layer level="ARTWORK">
						<Texture name="$parentTexture" file="Interface\Icons\INV_Jewelry_Talisman_12">
							<Size><AbsDimension x="32" y="32"/></Size>
		                		        <Anchors><Anchor point="TOPLEFT" relativePoint="TOPLEFT" /></Anchors>
                				        <TexCoords left="0" right="1" top="0" bottom="1"/>
						</Texture>
					</Layer>
					<Layer level="OVERLAY">
						<FontString name="ADG_CorruptorsScourgestoneCount" inherits="NumberFontNormalSmall" text="0">
							<Anchors>
								<Anchor point="BOTTOM" relativePoint="BOTTOM" >
									<Offset><AbsDimension x="0" y="-11"/></Offset>
								</Anchor>
							</Anchors>
						</FontString>
					</Layer>
				</Layers>
				<Scripts>
					<OnEnter>
						ArgentDawnGrinder_ShowTurninToolTip("Corruptor's Scourgestone","green");
					</OnEnter>
					<OnClick>
						ArgentDawnGrinder_ItemButtonClick("Corruptor's Scourgestone","green");
					</OnClick>
				</Scripts>
			</Button>

			<Button name="ADG_ArgentDawnValorTokenButton" hidden="false" virtual="false" inherits="ADG_ItemButton" parent="ArgentDawnGrinderDisplayFrame">
				<Size><AbsDimension x="32" y="32"/></Size>
	                        <Anchors>
					<Anchor point="LEFT" relativePoint="TOPLEFT" >
						<Offset><AbsDimension x="135" y="-32"/></Offset>
					</Anchor>
				</Anchors>
				<Layers>
					<Layer level="ARTWORK">
						<Texture name="$parentTexture" file="Interface\Icons\INV_Jewelry_Talisman_08">
							<Size><AbsDimension x="32" y="32"/></Size>
		                		        <Anchors><Anchor point="TOPLEFT" relativePoint="TOPLEFT" /></Anchors>
                				        <TexCoords left="0" right="1" top="0" bottom="1"/>
						</Texture>
					</Layer>
					<Layer level="OVERLAY">
						<FontString name="ADG_ArgentDawnValorTokenCount" inherits="NumberFontNormalSmall" text="0">
							<Anchors>
								<Anchor point="BOTTOM" relativePoint="BOTTOM" >
									<Offset><AbsDimension x="0" y="-11"/></Offset>
								</Anchor>
							</Anchors>
						</FontString>
					</Layer>
				</Layers>
				<Scripts>
					<OnEnter>
						ArgentDawnGrinder_ShowTurninToolTip("Argent Dawn Valor Token","green");
					</OnEnter>
					<OnClick>
						ArgentDawnGrinder_ItemButtonClick("Argent Dawn Valor Token","green");
					</OnClick>
				</Scripts>
			</Button>

			<Button name="ADG_CoreofElementsButton" hidden="false" virtual="false" inherits="ADG_ItemButton" parent="ArgentDawnGrinderDisplayFrame">
				<Size><AbsDimension x="32" y="32"/></Size>
	                        <Anchors>
					<Anchor point="LEFT" relativePoint="TOPLEFT" >
						<Offset><AbsDimension x="15" y="-87"/></Offset>
					</Anchor>
				</Anchors>
				<Layers>
					<Layer level="ARTWORK">
						<Texture name="$parentTexture" file="Interface\Icons\INV_Misc_Gem_Variety_02">
							<Size><AbsDimension x="32" y="32"/></Size>
		                		        <Anchors><Anchor point="TOPLEFT" relativePoint="TOPLEFT" /></Anchors>
                				        <TexCoords left="0" right="1" top="0" bottom="1"/>
						</Texture>
					</Layer>
					<Layer level="OVERLAY">
						<FontString name="ADG_CoreofElementsCount" inherits="NumberFontNormalSmall" text="0">
							<Anchors>
								<Anchor point="BOTTOM" relativePoint="BOTTOM" >
									<Offset><AbsDimension x="0" y="-11"/></Offset>
								</Anchor>
							</Anchors>
						</FontString>
					</Layer>
				</Layers>
				<Scripts>
					<OnEnter>
						ArgentDawnGrinder_ShowTurninToolTip("Core of Elements","white");
					</OnEnter>
					<OnClick>
						ArgentDawnGrinder_ItemButtonClick("Core of Elements","white");
					</OnClick>
				</Scripts>
			</Button>

			<Button name="ADG_DarkIronScrapsButton" hidden="false" virtual="false" inherits="ADG_ItemButton" parent="ArgentDawnGrinderDisplayFrame">
				<Size><AbsDimension x="32" y="32"/></Size>
	                        <Anchors>
					<Anchor point="LEFT" relativePoint="TOPLEFT" >
						<Offset><AbsDimension x="55" y="-87"/></Offset>
					</Anchor>
				</Anchors>
				<Layers>
					<Layer level="ARTWORK">
						<Texture name="$parentTexture" file="Interface\Icons\INV_Misc_ArmorKit_20">
							<Size><AbsDimension x="32" y="32"/></Size>
		                		        <Anchors><Anchor point="TOPLEFT" relativePoint="TOPLEFT" /></Anchors>
                				        <TexCoords left="0" right="1" top="0" bottom="1"/>
						</Texture>
					</Layer>
					<Layer level="OVERLAY">
						<FontString name="ADG_DarkIronScrapsCount" inherits="NumberFontNormalSmall" text="0">
							<Anchors>
								<Anchor point="BOTTOM" relativePoint="BOTTOM" >
									<Offset><AbsDimension x="0" y="-11"/></Offset>
								</Anchor>
							</Anchors>
						</FontString>
					</Layer>
				</Layers>
				<Scripts>
					<OnEnter>
						ArgentDawnGrinder_ShowTurninToolTip("Dark Iron Scraps","white");
					</OnEnter>
					<OnClick>
						ArgentDawnGrinder_ItemButtonClick("Dark Iron Scraps","white");
					</OnClick>
				</Scripts>
			</Button>

			<Button name="ADG_BoneFragmentsButton" hidden="false" virtual="false" inherits="ADG_ItemButton" parent="ArgentDawnGrinderDisplayFrame">
				<Size><AbsDimension x="32" y="32"/></Size>
	                        <Anchors>
					<Anchor point="LEFT" relativePoint="TOPLEFT" >
						<Offset><AbsDimension x="95" y="-87"/></Offset>
					</Anchor>
				</Anchors>
				<Layers>
					<Layer level="ARTWORK">
						<Texture name="$parentTexture" file="Interface\Icons\INV_Misc_Bone_07">
							<Size><AbsDimension x="32" y="32"/></Size>
		                		        <Anchors><Anchor point="TOPLEFT" relativePoint="TOPLEFT" /></Anchors>
                				        <TexCoords left="0" right="1" top="0" bottom="1"/>
						</Texture>
					</Layer>
					<Layer level="OVERLAY">
						<FontString name="ADG_BoneFragmentCount" inherits="NumberFontNormalSmall" text="0">
							<Anchors>
								<Anchor point="BOTTOM" relativePoint="BOTTOM" >
									<Offset><AbsDimension x="0" y="-11"/></Offset>
								</Anchor>
							</Anchors>
						</FontString>
					</Layer>
				</Layers>
				<Scripts>
					<OnEnter>
						ArgentDawnGrinder_ShowTurninToolTip("Bone Fragments","white");
					</OnEnter>
					<OnClick>
						ArgentDawnGrinder_ItemButtonClick("Bone Fragments","white");
					</OnClick>
				</Scripts>
			</Button>

			<Button name="ADG_CryptFiendPartsButton" hidden="false" virtual="false" inherits="ADG_ItemButton" parent="ArgentDawnGrinderDisplayFrame">
				<Size><AbsDimension x="32" y="32"/></Size>
	                        <Anchors>
					<Anchor point="LEFT" relativePoint="TOPLEFT" >
						<Offset><AbsDimension x="135" y="-87"/></Offset>
					</Anchor>
				</Anchors>
				<Layers>
					<Layer level="ARTWORK">
						<Texture name="$parentTexture" file="Interface\Icons\INV_Misc_AhnQirajTrinket_02">
							<Size><AbsDimension x="32" y="32"/></Size>
		                		        <Anchors><Anchor point="TOPLEFT" relativePoint="TOPLEFT" /></Anchors>
                				        <TexCoords left="0" right="1" top="0" bottom="1"/>
						</Texture>
					</Layer>
					<Layer level="OVERLAY">
						<FontString name="ADG_CryptFiendPartsCount" inherits="NumberFontNormalSmall" text="0">
							<Anchors>
								<Anchor point="BOTTOM" relativePoint="BOTTOM" >
									<Offset><AbsDimension x="0" y="-11"/></Offset>
								</Anchor>
							</Anchors>
						</FontString>
					</Layer>
				</Layers>
				<Scripts>
					<OnEnter>
						ArgentDawnGrinder_ShowTurninToolTip("Crypt Fiend Parts","white");
					</OnEnter>
					<OnClick>
						ArgentDawnGrinder_ItemButtonClick("Crypt Fiend Parts","white");
					</OnClick>
				</Scripts>
			</Button>

			<Button name="ADG_SavageFrondButton" hidden="false" virtual="false" inherits="ADG_ItemButton" parent="ArgentDawnGrinderDisplayFrame">
				<Size><AbsDimension x="32" y="32"/></Size>
	                        <Anchors>
					<Anchor point="LEFT" relativePoint="TOPLEFT" >
						<Offset><AbsDimension x="75" y="-132"/></Offset>
					</Anchor>
				</Anchors>
				<Layers>
					<Layer level="ARTWORK">
						<Texture name="$parentTexture" file="Interface\Icons\Spell_Nature_ProtectionformNature">
							<Size><AbsDimension x="32" y="32"/></Size>
		                		        <Anchors><Anchor point="TOPLEFT" relativePoint="TOPLEFT" /></Anchors>
                				        <TexCoords left="0" right="1" top="0" bottom="1"/>
						</Texture>
					</Layer>
					<Layer level="OVERLAY">
						<FontString name="ADG_SavageFrondCount" inherits="NumberFontNormalSmall" text="0">
							<Anchors>
								<Anchor point="BOTTOM" relativePoint="BOTTOM" >
									<Offset><AbsDimension x="0" y="-11"/></Offset>
								</Anchor>
							</Anchors>
						</FontString>
					</Layer>
				</Layers>
				<Scripts>
					<OnEnter>
						ArgentDawnGrinder_ShowTurninToolTip("Savage Frond","white");
					</OnEnter>
					<OnClick>
						ArgentDawnGrinder_ItemButtonClick("Savage Frond","white");
					</OnClick>
				</Scripts>
			</Button>

			<Button name="ADG_InsigniaOfTheDawnButton" hidden="false" virtual="false" inherits="ADG_ItemButton" parent="ArgentDawnGrinderDisplayFrame">
				<Size><AbsDimension x="32" y="32"/></Size>
	                        <Anchors>
					<Anchor point="LEFT" relativePoint="TOPLEFT" >
						<Offset><AbsDimension x="25" y="-150"/></Offset>
					</Anchor>
				</Anchors>
				<Layers>
					<Layer level="ARTWORK">
						<Texture name="$parentTexture" file="Interface\Icons\INV_Misc_Token_ArgentDawn">
							<Size><AbsDimension x="32" y="32"/></Size>
		                		        <Anchors><Anchor point="TOPLEFT" relativePoint="TOPLEFT" /></Anchors>
                				        <TexCoords left="0" right="1" top="0" bottom="1"/>
						</Texture>
					</Layer>
					<Layer level="OVERLAY">
						<FontString name="ADG_SuperiorADCount" inherits="NumberFontNormalSmall" text="0/0">
							<Anchors>
								<Anchor point="BOTTOM" relativePoint="BOTTOM" >
									<Offset><AbsDimension x="0" y="-15"/></Offset>
								</Anchor>
							</Anchors>
						</FontString>

						<FontString name="ADG_EpicADCount" inherits="NumberFontNormalSmall" text="0/0">
							<Anchors>
								<Anchor point="BOTTOM" relativePoint="BOTTOM" >
									<Offset><AbsDimension x="0" y="-31"/></Offset>
								</Anchor>
							</Anchors>
						</FontString>
					</Layer>
				</Layers>
				<Scripts>
					<OnEnter>
						ArgentDawnGrinder_ShowTurninToolTip("Insignia of the Dawn","green");
					</OnEnter>
					<OnClick>
						ArgentDawnGrinder_ItemButtonClick("Insignia of the Dawn","green");
					</OnClick>
				</Scripts>
			</Button>

			<Button name="ADG_InsigniaOfTheCrusadeButton" hidden="false" virtual="false" inherits="ADG_ItemButton" parent="ArgentDawnGrinderDisplayFrame">
				<Size><AbsDimension x="32" y="32"/></Size>
	                        <Anchors>
					<Anchor point="LEFT" relativePoint="TOPLEFT" >
						<Offset><AbsDimension x="125" y="-150"/></Offset>
					</Anchor>
				</Anchors>
				<Layers>
					<Layer level="ARTWORK">
						<Texture name="$parentTexture" file="Interface\Icons\INV_Misc_Token_ScarletCrusade">
							<Size><AbsDimension x="32" y="32"/></Size>
		                		        <Anchors><Anchor point="TOPLEFT" relativePoint="TOPLEFT" /></Anchors>
                				        <TexCoords left="0" right="1" top="0" bottom="1"/>
						</Texture>
					</Layer>
					<Layer level="OVERLAY">
						<FontString name="ADG_SuperiorSCCount" inherits="NumberFontNormalSmall" text="0/0">
							<Anchors>
								<Anchor point="BOTTOM" relativePoint="BOTTOM" >
									<Offset><AbsDimension x="0" y="-15"/></Offset>
								</Anchor>
							</Anchors>
						</FontString>

						<FontString name="ADG_EpicSCCount" inherits="NumberFontNormalSmall" text="0/0">
							<Anchors>
								<Anchor point="BOTTOM" relativePoint="BOTTOM" >
									<Offset><AbsDimension x="0" y="-31"/></Offset>
								</Anchor>
							</Anchors>
						</FontString>
					</Layer>
				</Layers>
				<Scripts>
					<OnEnter>
						ArgentDawnGrinder_ShowTurninToolTip("Insignia of the Crusade","green");
					</OnEnter>
					<OnClick>
						ArgentDawnGrinder_ItemButtonClick("Insignia of the Crusade","green");
					</OnClick>
				</Scripts>
			</Button>			

			<Frame name="ADGToRepUpFrame" hidden="false" virtual="false" moveable="false" parent="ArgentDawnGrinderDisplayFrame">
				<Size><AbsDimension x="110" y="20"/></Size>

				<Anchors>
					<Anchor point="TOP">
						<Offset><AbsDimension x="20" y="-216"/></Offset>
					</Anchor>
				</Anchors>

				<Layers>
					<Layer level="ARTWORK">
						<FontString name="ADG_ADRep" inherits="NumberFontNormalSmall" text="AD Rep">
							<Anchors>
								<Anchor point="CENTER">
									<Offset><AbsDimension x="-75" y="0"/></Offset>
								</Anchor>
							</Anchors>
							<Color r="1" g="1" b="1"/>
						</FontString>
					</Layer>

				</Layers>

				<Backdrop edgeFile="Interface\DialogFrame\UI-DialogBox-Border" bgFile="Interface\CharacterFrame\BarHighlight" tile="true">
					<EdgeSize><AbsValue val="16"/></EdgeSize>
					<TileSize><AbsValue val="16"/></TileSize>
					<BackgroundInsets><AbsInset left="5" right="5" top="5" bottom="5"/></BackgroundInsets>
				</Backdrop>
				<Frames>
					<StatusBar name="ADG_SB_ActualRep" drawLayer="OVERLAY" minValue="0" maxValue="100" defaultValue="0">
						<Size><AbsDimension x="100" y="10"/></Size>
						<Anchors>
							<Anchor point="CENTER">
								<Offset><AbsDimension x="0" y="0"/></Offset>
							</Anchor>
						</Anchors>
						<BarTexture file="Interface\TargetingFrame\UI-StatusBar"/>
						<BarColor r="0" g="0.7" b="0.13"/>
					</StatusBar>

					<StatusBar name="ADG_SB_RepWithItems" drawLayer="ARTWORK" minValue="0" maxValue="100" defaultValue="0">
						<Size><AbsDimension x="100" y="10"/></Size>
						<Anchors>
							<Anchor point="CENTER">
								<Offset><AbsDimension x="0" y="0"/></Offset>
							</Anchor>
						</Anchors>
						<BarTexture file="Interface\TargetingFrame\UI-StatusBar"/>
						<BarColor r="1" g="1" b="0"/>
					</StatusBar>
				</Frames>
			</Frame>
		</Frames>

	</Frame>

	<!--This is the frame containing all the cauldron info-->
        <Frame name="ArgentDawnGrinderCauldronFrame" hidden="true" virtual="false" movable="true" parent="UIParent">
		<Size><AbsDimension x="175" y="235"/></Size>

		<Anchors>
			<Anchor point="RIGHT">
				<Offset><AbsDimension x="-275" y="0"/></Offset>
			</Anchor>
		</Anchors>

		<Backdrop bgFile="Interface\DialogFrame\UI-DialogBox-Background" edgeFile="Interface\DialogFrame\UI-DialogBox-Border" tile="true">
                	<TileSize><AbsValue val="32"/></TileSize>
                	<EdgeSize><AbsValue val="32"/></EdgeSize>
                	<BackgroundInsets>
                        	<AbsInset left="11" right="12" top="12" bottom="11"/>
			</BackgroundInsets>
        	</Backdrop>


		<Layers>
			<Layer level="OVERLAY">
				<FontString name="ADG_Cauldron1" inherits="GameFontWhite" text="Felstone Field">
					<Anchors>
						<Anchor point="TOP" >
							<Offset><AbsDimension x="0" y="-15"/></Offset>
						</Anchor>
					</Anchors>
				</FontString>

				<FontString name="ADG_Cauldron2" inherits="GameFontWhite" text="Dalson's Tears or">
					<Anchors>
						<Anchor point="TOP" >
							<Offset><AbsDimension x="0" y="-80"/></Offset>
						</Anchor>
					</Anchors>
				</FontString>

				<FontString name="ADG_Cauldron3" inherits="GameFontWhite" text="Writhing Haunt">
					<Anchors>
						<Anchor point="TOP" >
							<Offset><AbsDimension x="0" y="-90"/></Offset>
						</Anchor>
					</Anchors>
				</FontString>

				<FontString name="ADG_Cauldron4" inherits="GameFontWhite" text="Gahrron's Withering">
					<Anchors>
						<Anchor point="TOP"  >
							<Offset><AbsDimension x="0" y="-155"/></Offset>
						</Anchor>
					</Anchors>
				</FontString>
			</Layer>
		</Layers>

		<Scripts>
            		<OnMouseDown> this:StartMoving();  </OnMouseDown>
                	<OnMouseUp>   this:StopMovingOrSizing(); </OnMouseUp>
                	<OnDragStop>  this:StopMovingOrSizing(); </OnDragStop>
		</Scripts>

		<Frames>
			<Button name="ADG_ArcaneQuickener1Button" hidden="false" virtual="false" inherits="ADG_ItemButton" parent="ArgentDawnGrinderCauldronFrame">
				<Size><AbsDimension x="32" y="32"/></Size>
	                        <Anchors>
					<Anchor point="TOP">
						<Offset><AbsDimension x="-47" y="-32"/></Offset>
					</Anchor>
				</Anchors>
				<Layers>
					<Layer level="ARTWORK">
						<Texture name="$parentTexture" file="Interface\Icons\Spell_Nature_AbolishMagic">
							<Size><AbsDimension x="32" y="32"/></Size>
							<Anchors><Anchor point="TOP" relativePoint="TOP" /></Anchors>
							<TexCoords left="0" right="1" top="0" bottom="1"/>
						</Texture>
					</Layer>
					<Layer level="OVERLAY">
						<FontString name="ADG_ArcaneQuickener1" inherits="NumberFontNormalSmall" text="0">
							<Anchors>
								<Anchor point="BOTTOM" relativePoint="BOTTOM" >
									<Offset><AbsDimension x="0" y="-11"/></Offset>
								</Anchor>
							</Anchors>
						</FontString>
					</Layer>
				</Layers>
				<Scripts>
					<OnEnter>
						ArgentDawnGrinder_ShowCauldronToolTip("Arcane Quickener","white");
					</OnEnter>
					<OnClick>
						ArgentDawnGrinder_ItemButtonClick("Arcane Quickener","white");
					</OnClick>
				</Scripts>
			</Button>			

			<Button name="ADG_ArcaneQuickener2Button" hidden="false" virtual="false" inherits="ADG_ItemButton" parent="ArgentDawnGrinderCauldronFrame">
				<Size><AbsDimension x="32" y="32"/></Size>
	                        <Anchors>
					<Anchor point="TOP">
						<Offset><AbsDimension x="-47" y="-107"/></Offset>
					</Anchor>
				</Anchors>
				<Layers>
					<Layer level="ARTWORK">
						<Texture name="$parentTexture" file="Interface\Icons\Spell_Nature_AbolishMagic">
							<Size><AbsDimension x="32" y="32"/></Size>
							<Anchors><Anchor point="TOP" relativePoint="TOP" /></Anchors>
							<TexCoords left="0" right="1" top="0" bottom="1"/>
						</Texture>
					</Layer>
					<Layer level="OVERLAY">
						<FontString name="ADG_ArcaneQuickener2" inherits="NumberFontNormalSmall" text="0">
							<Anchors>
								<Anchor point="BOTTOM" relativePoint="BOTTOM" >
									<Offset><AbsDimension x="0" y="-11"/></Offset>
								</Anchor>
							</Anchors>
						</FontString>
					</Layer>
				</Layers>
				<Scripts>
					<OnEnter>
						ArgentDawnGrinder_ShowCauldronToolTip("Arcane Quickener","white");
					</OnEnter>
					<OnClick>
						ArgentDawnGrinder_ItemButtonClick("Arcane Quickener","white");
					</OnClick>
				</Scripts>
			</Button>			

			<Button name="ADG_ArcaneQuickener3Button" hidden="false" virtual="false" inherits="ADG_ItemButton" parent="ArgentDawnGrinderCauldronFrame">
				<Size><AbsDimension x="32" y="32"/></Size>
	                        <Anchors>
					<Anchor point="TOP">
						<Offset><AbsDimension x="-47" y="-172"/></Offset>
					</Anchor>
				</Anchors>
				<Layers>
					<Layer level="ARTWORK">
						<Texture name="$parentTexture" file="Interface\Icons\Spell_Nature_AbolishMagic">
							<Size><AbsDimension x="32" y="32"/></Size>
							<Anchors><Anchor point="TOP" relativePoint="TOP" /></Anchors>
							<TexCoords left="0" right="1" top="0" bottom="1"/>
						</Texture>
					</Layer>
					<Layer level="OVERLAY">
						<FontString name="ADG_ArcaneQuickener3" inherits="NumberFontNormalSmall" text="0">
							<Anchors>
								<Anchor point="BOTTOM" relativePoint="BOTTOM" >
									<Offset><AbsDimension x="0" y="-11"/></Offset>
								</Anchor>
							</Anchors>
						</FontString>
					</Layer>
				</Layers>
				<Scripts>
					<OnEnter>
						ArgentDawnGrinder_ShowCauldronToolTip("Arcane Quickener","white");
					</OnEnter>
					<OnClick>
						ArgentDawnGrinder_ItemButtonClick("Arcane Quickener","white");
					</OnClick>
				</Scripts>
			</Button>			

			<Button name="ADG_Runecloth1Button" hidden="false" virtual="false" inherits="ADG_ItemButton" parent="ArgentDawnGrinderCauldronFrame">
				<Size><AbsDimension x="32" y="32"/></Size>
	                        <Anchors>
					<Anchor point="TOP">
						<Offset><AbsDimension x="47" y="-32"/></Offset>
					</Anchor>
				</Anchors>
				<Layers>
					<Layer level="ARTWORK">
						<Texture name="$parentTexture" file="Interface\Icons\INV_Fabric_PurpleFire_01">
							<Size><AbsDimension x="32" y="32"/></Size>
							<Anchors><Anchor point="TOP" relativePoint="TOP" /></Anchors>
							<TexCoords left="0" right="1" top="0" bottom="1"/>
						</Texture>
					</Layer>
					<Layer level="OVERLAY">
						<FontString name="ADG_Runecloth1" inherits="NumberFontNormalSmall" text="0">
							<Anchors>
								<Anchor point="BOTTOM" relativePoint="BOTTOM" >
									<Offset><AbsDimension x="0" y="-11"/></Offset>
								</Anchor>
							</Anchors>
						</FontString>
					</Layer>
				</Layers>
				<Scripts>
					<OnEnter>
						ArgentDawnGrinder_ShowCauldronToolTip("Runecloth","white");
					</OnEnter>
					<OnClick>
						ArgentDawnGrinder_ItemButtonClick("Runecloth","white");
					</OnClick>
				</Scripts>
			</Button>			

			<Button name="ADG_Runecloth2Button" hidden="false" virtual="false" inherits="ADG_ItemButton" parent="ArgentDawnGrinderCauldronFrame">
				<Size><AbsDimension x="32" y="32"/></Size>
	                        <Anchors>
					<Anchor point="TOP">
						<Offset><AbsDimension x="47" y="-107"/></Offset>
					</Anchor>
				</Anchors>
				<Layers>
					<Layer level="ARTWORK">
						<Texture name="$parentTexture" file="Interface\Icons\INV_Fabric_PurpleFire_01">
							<Size><AbsDimension x="32" y="32"/></Size>
							<Anchors><Anchor point="TOP" relativePoint="TOP" /></Anchors>
							<TexCoords left="0" right="1" top="0" bottom="1"/>
						</Texture>
					</Layer>
					<Layer level="OVERLAY">
						<FontString name="ADG_Runecloth2" inherits="NumberFontNormalSmall" text="0">
							<Anchors>
								<Anchor point="BOTTOM" relativePoint="BOTTOM" >
									<Offset><AbsDimension x="0" y="-11"/></Offset>
								</Anchor>
							</Anchors>
						</FontString>
					</Layer>
				</Layers>
				<Scripts>
					<OnEnter>
						ArgentDawnGrinder_ShowCauldronToolTip("Runecloth","white");
					</OnEnter>
					<OnClick>
						ArgentDawnGrinder_ItemButtonClick("Runecloth","white");
					</OnClick>
				</Scripts>
			</Button>			

			<Button name="ADG_Runecloth3Button" hidden="false" virtual="false" inherits="ADG_ItemButton" parent="ArgentDawnGrinderCauldronFrame">
				<Size><AbsDimension x="32" y="32"/></Size>
	                        <Anchors>
					<Anchor point="TOP">
						<Offset><AbsDimension x="47" y="-172"/></Offset>
					</Anchor>
				</Anchors>
				<Layers>
					<Layer level="ARTWORK">
						<Texture name="$parentTexture" file="Interface\Icons\INV_Fabric_PurpleFire_01">
							<Size><AbsDimension x="32" y="32"/></Size>
							<Anchors><Anchor point="TOP" relativePoint="TOP" /></Anchors>
							<TexCoords left="0" right="1" top="0" bottom="1"/>
						</Texture>
					</Layer>
					<Layer level="OVERLAY">
						<FontString name="ADG_Runecloth3" inherits="NumberFontNormalSmall" text="0">
							<Anchors>
								<Anchor point="BOTTOM" relativePoint="BOTTOM" >
									<Offset><AbsDimension x="0" y="-11"/></Offset>
								</Anchor>
							</Anchors>
						</FontString>
					</Layer>
				</Layers>
				<Scripts>
					<OnEnter>
						ArgentDawnGrinder_ShowCauldronToolTip("Runecloth","white");
					</OnEnter>
					<OnClick>
						ArgentDawnGrinder_ItemButtonClick("Runecloth","white");
					</OnClick>
				</Scripts>
			</Button>			

			<Button name="ADG_OsseousAgitatorButton" hidden="false" virtual="false" inherits="ADG_ItemButton" parent="ArgentDawnGrinderCauldronFrame">
				<Size><AbsDimension x="32" y="32"/></Size>
	                        <Anchors>
					<Anchor point="TOP">
						<Offset><AbsDimension x="0" y="-32"/></Offset>
					</Anchor>
				</Anchors>
				<Layers>
					<Layer level="ARTWORK">
						<Texture name="$parentTexture" file="Interface\Icons\Spell_Shadow_Requiem">
							<Size><AbsDimension x="32" y="32"/></Size>
							<Anchors><Anchor point="TOP" relativePoint="TOP" /></Anchors>
							<TexCoords left="0" right="1" top="0" bottom="1"/>
						</Texture>
					</Layer>
					<Layer level="OVERLAY">
						<FontString name="ADG_OsseousAgitator" inherits="NumberFontNormalSmall" text="0/6">
							<Anchors>
								<Anchor point="BOTTOM" relativePoint="BOTTOM" >
									<Offset><AbsDimension x="0" y="-11"/></Offset>
								</Anchor>
							</Anchors>
						</FontString>
					</Layer>
				</Layers>
				<Scripts>
					<OnEnter>
						ArgentDawnGrinder_ShowCauldronToolTip("Osseous Agitator","white");
					</OnEnter>
					<OnClick>
						ArgentDawnGrinder_ItemButtonClick("Osseous Agitator","white");
					</OnClick>
				</Scripts>
			</Button>			

			<Button name="ADG_SomaticIntensifierButton" hidden="false" virtual="false" inherits="ADG_ItemButton" parent="ArgentDawnGrinderCauldronFrame">
				<Size><AbsDimension x="32" y="32"/></Size>
	                        <Anchors>
					<Anchor point="TOP">
						<Offset><AbsDimension x="0" y="-107"/></Offset>
					</Anchor>
				</Anchors>
				<Layers>
					<Layer level="ARTWORK">
						<Texture name="$parentTexture" file="Interface\Icons\Spell_Shadow_CreepingPlague">
							<Size><AbsDimension x="32" y="32"/></Size>
							<Anchors><Anchor point="TOP" relativePoint="TOP" /></Anchors>
							<TexCoords left="0" right="1" top="0" bottom="1"/>
						</Texture>
					</Layer>
					<Layer level="OVERLAY">
						<FontString name="ADG_SomaticIntensifier" inherits="NumberFontNormalSmall" text="0/5">
							<Anchors>
								<Anchor point="BOTTOM" relativePoint="BOTTOM" >
									<Offset><AbsDimension x="0" y="-11"/></Offset>
								</Anchor>
							</Anchors>
						</FontString>
					</Layer>
				</Layers>
				<Scripts>
					<OnEnter>
						ArgentDawnGrinder_ShowCauldronToolTip("Somatic Intensifier","white");
					</OnEnter>
					<OnClick>
						ArgentDawnGrinder_ItemButtonClick("Somatic Intensifier","white");
					</OnClick>
				</Scripts>
			</Button>			

			<Button name="ADG_EctoplasmicResonatorButton" hidden="false" virtual="false" inherits="ADG_ItemButton" parent="ArgentDawnGrinderCauldronFrame">
				<Size><AbsDimension x="32" y="32"/></Size>
	                        <Anchors>
					<Anchor point="TOP">
						<Offset><AbsDimension x="0" y="-172"/></Offset>
					</Anchor>
				</Anchors>
				<Layers>
					<Layer level="ARTWORK">
						<Texture name="$parentTexture" file="Interface\Icons\Spell_Shadow_DetectInvisibility">
							<Size><AbsDimension x="32" y="32"/></Size>
							<Anchors><Anchor point="TOP" relativePoint="TOP" /></Anchors>
							<TexCoords left="0" right="1" top="0" bottom="1"/>
						</Texture>
					</Layer>
					<Layer level="OVERLAY">
						<FontString name="ADG_EctoplasmicResonator" inherits="NumberFontNormalSmall" text="0/4">
							<Anchors>
								<Anchor point="BOTTOM" relativePoint="BOTTOM" >
									<Offset><AbsDimension x="0" y="-11"/></Offset>
								</Anchor>
							</Anchors>
						</FontString>
					</Layer>
				</Layers>
				<Scripts>
					<OnEnter>
						ArgentDawnGrinder_ShowCauldronToolTip("Ectoplasmic Resonator","white");
					</OnEnter>
					<OnClick>
						ArgentDawnGrinder_ItemButtonClick("Ectoplasmic Resonator","white");
					</OnClick>
				</Scripts>
			</Button>			
		</Frames> 
	</Frame>

	<!--This is the frame containing all the grinding statistics-->
        <Frame name="ArgentDawnGrinderGrindFrame" hidden="true" virtual="false" movable="true" parent="UIParent">
		<Size><AbsDimension x="200" y="200"/></Size>

		<Anchors>
			<Anchor point="LEFT">
				<Offset><AbsDimension x="0" y="0"/></Offset>
			</Anchor>
		</Anchors>

		<Backdrop bgFile="Interface\DialogFrame\UI-DialogBox-Background" edgeFile="Interface\DialogFrame\UI-DialogBox-Border" tile="true">
                	<TileSize><AbsValue val="32"/></TileSize>
                	<EdgeSize><AbsValue val="32"/></EdgeSize>
                	<BackgroundInsets>
                        	<AbsInset left="11" right="12" top="12" bottom="11"/>
			</BackgroundInsets>
        	</Backdrop>


		<Layers>
			<Layer level="ARTWORK">
				<Texture name="$parentTexture" file="Interface\Icons\INV_Jewelry_Talisman_07">
					<Size><AbsDimension x="16" y="16"/></Size>
					<Anchors>
						<Anchor point="TOPLEFT" relativePoint="TOPLEFT">
							<Offset><AbsDimension x="13" y="-13"/></Offset>
						</Anchor>
					</Anchors>
					<TexCoords left="0" right="1" top="0" bottom="1"/>
				</Texture>

				<FontString name="ADG_CurrentlyGrinding" inherits="NumberFontNormalSmall" text = "|cffff0000Not Grinding">
					<Anchors>
						<Anchor point="TOP" relativePoint="TOP" >
							<Offset><AbsDimension x="0" y="-40"/></Offset>
						</Anchor>
					</Anchors>
				</FontString>

				<FontString name="ADG_Today" inherits="NumberFontNormalSmall" text = "|cffffffffToday's Grinding">
					<Anchors>
						<Anchor point="TOPLEFT" relativePoint="TOPLEFT" >
							<Offset><AbsDimension x="15" y="-55"/></Offset>
						</Anchor>
					</Anchors>
				</FontString>

				<FontString name="ADG_TimeToday" inherits="NumberFontNormalSmall" text = "|cffaaaaaaTime :">
					<Anchors>
						<Anchor point="TOPLEFT" relativePoint="TOPLEFT" >
							<Offset><AbsDimension x="23" y="-68"/></Offset>
						</Anchor>
					</Anchors>
				</FontString>

				<FontString name="ADG_RepToday" inherits="NumberFontNormalSmall" text = "|cffaaaaaaRep :">
					<Anchors>
						<Anchor point="TOPLEFT" relativePoint="TOPLEFT" >
							<Offset><AbsDimension x="23" y="-79"/></Offset>
						</Anchor>
					</Anchors>
				</FontString>

				<FontString name="ADG_RepPerHourToday" inherits="NumberFontNormalSmall" text = "|cffaaaaaaRep/Hour :">
					<Anchors>
						<Anchor point="TOPLEFT" relativePoint="TOPLEFT" >
							<Offset><AbsDimension x="23" y="-90"/></Offset>
						</Anchor>
					</Anchors>
				</FontString>

				<FontString name="ADG_TimeToRepUpToday" inherits="NumberFontNormalSmall" text = "|cffaaaaaaRep-up In :">
					<Anchors>
						<Anchor point="TOPLEFT" relativePoint="TOPLEFT" >
							<Offset><AbsDimension x="23" y="-101"/></Offset>
						</Anchor>
					</Anchors>
				</FontString>

				<FontString name="ADG_TimeTodayVal" inherits="NumberFontNormalSmall" text = "|cffaaaaaa-----">
					<Anchors>
						<Anchor point="TOPLEFT" relativePoint="TOPLEFT" >
							<Offset><AbsDimension x="93" y="-68"/></Offset>
						</Anchor>
					</Anchors>
				</FontString>

				<FontString name="ADG_RepTodayVal" inherits="NumberFontNormalSmall" text = "|cffaaaaaa0">
					<Anchors>
						<Anchor point="TOPLEFT" relativePoint="TOPLEFT" >
							<Offset><AbsDimension x="93" y="-79"/></Offset>
						</Anchor>
					</Anchors>
				</FontString>

				<FontString name="ADG_RepPerHourTodayVal" inherits="NumberFontNormalSmall" text = "|cffaaaaaa0">
					<Anchors>
						<Anchor point="TOPLEFT" relativePoint="TOPLEFT" >
							<Offset><AbsDimension x="93" y="-90"/></Offset>
						</Anchor>
					</Anchors>
				</FontString>

				<FontString name="ADG_TimeToRepUpTodayVal" inherits="NumberFontNormalSmall" text = "|cffaaaaaa-----">
					<Anchors>
						<Anchor point="TOPLEFT" relativePoint="TOPLEFT" >
							<Offset><AbsDimension x="93" y="-101"/></Offset>
						</Anchor>
					</Anchors>
				</FontString>

				<FontString name="ADG_Total" inherits="NumberFontNormalSmall" text = "|cffffffffTotal Grinding">
					<Anchors>
						<Anchor point="TOPLEFT" relativePoint="TOPLEFT" >
							<Offset><AbsDimension x="15" y="-120"/></Offset>
						</Anchor>
					</Anchors>
				</FontString>

				<FontString name="ADG_TimeTotal" inherits="NumberFontNormalSmall" text = "|cffaaaaaaTime :">
					<Anchors>
						<Anchor point="TOPLEFT" relativePoint="TOPLEFT" >
							<Offset><AbsDimension x="23" y="-133"/></Offset>
						</Anchor>
					</Anchors>
				</FontString>

				<FontString name="ADG_RepTotal" inherits="NumberFontNormalSmall" text = "|cffaaaaaaRep :">
					<Anchors>
						<Anchor point="TOPLEFT" relativePoint="TOPLEFT" >
							<Offset><AbsDimension x="23" y="-144"/></Offset>
						</Anchor>
					</Anchors>
				</FontString>

				<FontString name="ADG_RepPerHourTotal" inherits="NumberFontNormalSmall" text = "|cffaaaaaaRep/Hour :">
					<Anchors>
						<Anchor point="TOPLEFT" relativePoint="TOPLEFT" >
							<Offset><AbsDimension x="23" y="-155"/></Offset>
						</Anchor>
					</Anchors>
				</FontString>

				<FontString name="ADG_TimeToRepUpTotal" inherits="NumberFontNormalSmall" text = "|cffaaaaaaRep-up In :">
					<Anchors>
						<Anchor point="TOPLEFT" relativePoint="TOPLEFT" >
							<Offset><AbsDimension x="23" y="-166"/></Offset>
						</Anchor>
					</Anchors>
				</FontString>

				<FontString name="ADG_TimeTotalVal" inherits="NumberFontNormalSmall" text = "|cffaaaaaa-----">
					<Anchors>
						<Anchor point="TOPLEFT" relativePoint="TOPLEFT" >
							<Offset><AbsDimension x="93" y="-133"/></Offset>
						</Anchor>
					</Anchors>
				</FontString>

				<FontString name="ADG_RepTotalVal" inherits="NumberFontNormalSmall" text = "|cffaaaaaa0">
					<Anchors>
						<Anchor point="TOPLEFT" relativePoint="TOPLEFT" >
							<Offset><AbsDimension x="93" y="-144"/></Offset>
						</Anchor>
					</Anchors>
				</FontString>

				<FontString name="ADG_RepPerHourTotalVal" inherits="NumberFontNormalSmall" text = "|cffaaaaaa0">
					<Anchors>
						<Anchor point="TOPLEFT" relativePoint="TOPLEFT" >
							<Offset><AbsDimension x="93" y="-155"/></Offset>
						</Anchor>
					</Anchors>
				</FontString>

				<FontString name="ADG_TimeToRepUpTotalVal" inherits="NumberFontNormalSmall" text = "|cffaaaaaa-----">
					<Anchors>
						<Anchor point="TOPLEFT" relativePoint="TOPLEFT" >
							<Offset><AbsDimension x="93" y="-166"/></Offset>
						</Anchor>
					</Anchors>
				</FontString>
			</Layer>
		</Layers>

		<Frames>
			<Button name="ADG_BU_ToggleGrinding" inherits="UIPanelButtonTemplate" text="Start Grinding">
		        	<Size><AbsDimension x="120" y="22"/></Size>
                 		<Anchors>
					<Anchor point="TOP">
						<Offset><AbsDimension x="0" y="-15"/></Offset>
					</Anchor>
                 		</Anchors>
                 		<Scripts>
					<OnClick>
						ArgentDawnGrinder_ToggleGrinding();
					</OnClick>
                 		</Scripts>
			</Button>
		</Frames> 

		<Scripts>
            		<OnMouseDown> this:StartMoving();  </OnMouseDown>
                	<OnMouseUp>   this:StopMovingOrSizing(); </OnMouseUp>
                	<OnDragStop>  this:StopMovingOrSizing(); </OnDragStop>
		</Scripts> 
	</Frame>
</Ui>
