<Ui xmlns="http://www.blizzard.com/wow/ui/"
    xmlns:xsi="http://www.w3.org/2001/XMLSchema-instance"
    xsi:schemaLocation="http://www.blizzard.com/wow/ui/FrameXML/UI.xsd">

	<CheckButton name="KC_Auction_FilterChk0" inherits="AceGUICheckBoxTemplate"/>	
	<CheckButton name="KC_Auction_FilterChk1" inherits="AceGUICheckBoxTemplate"/>
	<CheckButton name="KC_Auction_FilterChk2" inherits="AceGUICheckBoxTemplate"/>
	<CheckButton name="KC_Auction_FilterChk3" inherits="AceGUICheckBoxTemplate"/>
	<CheckButton name="KC_Auction_FilterChk4" inherits="AceGUICheckBoxTemplate"/>
	<CheckButton name="KC_Auction_FilterChk5" inherits="AceGUICheckBoxTemplate"/>
	<CheckButton name="KC_Auction_FilterChk6" inherits="AceGUICheckBoxTemplate"/>
	<CheckButton name="KC_Auction_FilterChk7" inherits="AceGUICheckBoxTemplate"/>
	<CheckButton name="KC_Auction_FilterChk8" inherits="AceGUICheckBoxTemplate"/>
	<CheckButton name="KC_Auction_FilterChk9" inherits="AceGUICheckBoxTemplate"/>
	<CheckButton name="KC_Auction_FilterChk10" inherits="AceGUICheckBoxTemplate"/>
	<CheckButton name="KC_Auction_FilterChk11" inherits="AceGUICheckBoxTemplate"/>
	<CheckButton name="KC_Auction_FilterChk12" inherits="AceGUICheckBoxTemplate"/>
	<CheckButton name="KC_Auction_FilterChk13" inherits="AceGUICheckBoxTemplate"/>
	<CheckButton name="KC_Auction_FilterChk14" inherits="AceGUICheckBoxTemplate"/>
	<CheckButton name="KC_Auction_FilterChk15" inherits="AceGUICheckBoxTemplate"/>

	<Button name="KC_Auction_ScanButton" toplevel="true" inherits="AceGUIPanelButtonTemplate"/>
</Ui>
