<Ui xmlns="http://www.blizzard.com/wow/ui/" xmlns:xsi="http://www.w3.org/2001/XMLSchema-instance" xsi:schemaLocation="http://www.blizzard.com/wow/ui/">
	<Script file="ComboEnergyBar.lua"/>
	<FontString name="ComboEnergyBarFont" font="Fonts\FRIZQT__.TTF" virtual="true">
		<FontHeight>
			<AbsValue val="9"/>
		</FontHeight>
		<Color r="1.0" g="1.0" b="1.0"/>
	</FontString>
	<Frame name="ComboEnergyBarFrame" frameStrata="LOW" toplevel="true" enableMouse="true" movable="true" parent="UIParent">
		<Anchors>
			<Anchor point="CENTER"/>
		</Anchors>
		<Size>
			<AbsDimension x="110" y="13"/>
		</Size>
		<TitleRegion setAllPoints="true"/>
		<Backdrop edgeFile="Interface\Tooltips\UI-Tooltip-Border" tile="true">
			<EdgeSize>
				<AbsValue val="8"/>
			</EdgeSize>
			<TileSize>
				<AbsValue val="8"/>
			</TileSize>
		</Backdrop>
		<Frames>
			<Button name="ComboEnergyBarBorder1">
				<Size>
					<AbsDimension x="20" y="12"/>
				</Size>
				<Anchors>
					<Anchor point="TOPLEFT">
						<Offset>
							<AbsDimension x="3" y="-1"/>
						</Offset>
					</Anchor>
				</Anchors>
				<Layers>
					<Layer level="ARTWORK">
						<Texture name="ComboEnergyBarBorder1Texture" file="Interface\Tooltips\UI-StatusBar-Border">
							<Size>
								<AbsDimension x="20" y="12"/>
							</Size>
							<Anchors>
								<Anchor point="TOPLEFT">
									<Offset>
										<AbsDimension x="3" y="0"/>
									</Offset>
								</Anchor>
							</Anchors>
						</Texture>
					</Layer>
				</Layers>
				<Frames>
					<StatusBar name="ComboEnergyBarCombo1" inherits="TextStatusBar" framestrata="BACKGROUND">
						<Size>
							<AbsDimension x="16" y="8"/>
						</Size>
						<Anchors>
							<Anchor point="TOPLEFT">
								<Offset>
									<AbsDimension x="5" y="-3"/>
								</Offset>
							</Anchor>
						</Anchors>
						<BarTexture file="Interface\TargetingFrame\UI-StatusBar"/>
					</StatusBar>
				</Frames>
			</Button>
			<Button name="ComboEnergyBarBorder2">
				<Size>
					<AbsDimension x="20" y="12"/>
				</Size>
				<Anchors>
					<Anchor point="TOPLEFT">
						<Offset>
							<AbsDimension x="12" y="-1"/>
						</Offset>
					</Anchor>
				</Anchors>
				<Layers>
					<Layer level="ARTWORK">
						<Texture name="ComboEnergyBarBorder2Texture" file="Interface\Tooltips\UI-StatusBar-Border">
							<Size>
								<AbsDimension x="20" y="12"/>
							</Size>
							<Anchors>
								<Anchor point="TOPLEFT">
									<Offset>
										<AbsDimension x="13" y="0"/>
									</Offset>
								</Anchor>
							</Anchors>
						</Texture>
					</Layer>
				</Layers>
				<Frames>
					<StatusBar name="ComboEnergyBarCombo2" inherits="TextStatusBar" framestrata="BACKGROUND">
						<Size>
							<AbsDimension x="16" y="8"/>
						</Size>
						<Anchors>
							<Anchor point="TOPLEFT">
								<Offset>
									<AbsDimension x="15" y="-3"/>
								</Offset>
							</Anchor>
						</Anchors>
						<BarTexture file="Interface\TargetingFrame\UI-StatusBar"/>
					</StatusBar>
				</Frames>
			</Button>
			<Button name="ComboEnergyBarBorder3">
				<Size>
					<AbsDimension x="20" y="12"/>
				</Size>
				<Anchors>
					<Anchor point="TOPLEFT">
						<Offset>
							<AbsDimension x="23" y="-1"/>
						</Offset>
					</Anchor>
				</Anchors>
				<Layers>
					<Layer level="ARTWORK">
						<Texture name="ComboEnergyBarBorder3Texture" file="Interface\Tooltips\UI-StatusBar-Border">
							<Size>
								<AbsDimension x="20" y="12"/>
							</Size>
							<Anchors>
								<Anchor point="TOPLEFT">
									<Offset>
										<AbsDimension x="23" y="0"/>
									</Offset>
								</Anchor>
							</Anchors>
						</Texture>
					</Layer>
				</Layers>
				<Frames>
					<StatusBar name="ComboEnergyBarCombo3" inherits="TextStatusBar" framestrata="BACKGROUND">
						<Size>
							<AbsDimension x="16" y="8"/>
						</Size>
						<Anchors>
							<Anchor point="TOPLEFT">
								<Offset>
									<AbsDimension x="25" y="-3"/>
								</Offset>
							</Anchor>
						</Anchors>
						<BarTexture file="Interface\TargetingFrame\UI-StatusBar"/>
					</StatusBar>
				</Frames>
			</Button>
			<Button name="ComboEnergyBarBorder4">
				<Size>
					<AbsDimension x="20" y="12"/>
				</Size>
				<Anchors>
					<Anchor point="TOPLEFT">
						<Offset>
							<AbsDimension x="33" y="-1"/>
						</Offset>
					</Anchor>
				</Anchors>
				<Layers>
					<Layer level="ARTWORK">
						<Texture name="ComboEnergyBarBorder4Texture" file="Interface\Tooltips\UI-StatusBar-Border">
							<Size>
								<AbsDimension x="20" y="12"/>
							</Size>
							<Anchors>
								<Anchor point="TOPLEFT">
									<Offset>
										<AbsDimension x="33" y="0"/>
									</Offset>
								</Anchor>
							</Anchors>
						</Texture>
					</Layer>
				</Layers>
				<Frames>
					<StatusBar name="ComboEnergyBarCombo4" inherits="TextStatusBar" framestrata="BACKGROUND">
						<Size>
							<AbsDimension x="16" y="8"/>
						</Size>
						<Anchors>
							<Anchor point="TOPLEFT">
								<Offset>
									<AbsDimension x="35" y="-3"/>
								</Offset>
							</Anchor>
						</Anchors>
						<BarTexture file="Interface\TargetingFrame\UI-StatusBar"/>
					</StatusBar>
				</Frames>
			</Button>
			<Button name="ComboEnergyBarBorder5">
				<Size>
					<AbsDimension x="20" y="12"/>
				</Size>
				<Anchors>
					<Anchor point="TOPLEFT">
						<Offset>
							<AbsDimension x="43" y="-1"/>
						</Offset>
					</Anchor>
				</Anchors>
				<Layers>
					<Layer level="ARTWORK">
						<Texture name="ComboEnergyBarBorder5Texture" file="Interface\Tooltips\UI-StatusBar-Border">
							<Size>
								<AbsDimension x="20" y="12"/>
							</Size>
							<Anchors>
								<Anchor point="TOPLEFT">
									<Offset>
										<AbsDimension x="43" y="0"/>
									</Offset>
								</Anchor>
							</Anchors>
						</Texture>
					</Layer>
				</Layers>
				<Frames>
					<StatusBar name="ComboEnergyBarCombo5" inherits="TextStatusBar" framestrata="BACKGROUND">
						<Size>
							<AbsDimension x="16" y="8"/>
						</Size>
						<Anchors>
							<Anchor point="TOPLEFT">
								<Offset>
									<AbsDimension x="45" y="-3"/>
								</Offset>
							</Anchor>
						</Anchors>
						<BarTexture file="Interface\TargetingFrame\UI-StatusBar"/>
					</StatusBar>
				</Frames>
			</Button>
		</Frames>
		<Scripts>
			<OnLoad>
				this:SetBackdropBorderColor(1, 1, 1);
				ComboEnergyBar_OnLoad();
			</OnLoad>
			<OnEvent>
				ComboEnergyBar_OnEvent(event);
			</OnEvent>
		</Scripts>
	</Frame>
</Ui>