<Ui xmlns="http://www.blizzard.com/wow/ui/" xmlns:xsi="http://www.w3.org/2001/XMLSchema-instance" xsi:schemaLocation="http://www.blizzard.com/wow/ui/ C:\Projects\WoW\Bin\Interface\FrameXML\UI.xsd">

	<Script file="localization.lua"/> 
	<Script file="DynamicDataItem.lua"/> 
	<Script file="DynamicDataItem_Frame.lua"/> 
	
	<Frame name="DynamicDataItemScriptFrame" hidden="false">
		<Scripts>
			<OnLoad>
				DynamicDataItemScriptFrame_OnLoad();
			</OnLoad>
			<OnEvent>
				DynamicDataItemScriptFrame_OnEvent(event);
			</OnEvent>
		</Scripts>
	</Frame>
</Ui>