<Ui xmlns="http://www.blizzard.com/wow/ui/" xmlns:xsi="http://www.w3.org/2001/XMLSchema-instance" xsi:schemaLocation="http://www.blizzard.com/wow/ui/ C:\Projects\WoW\Bin\Interface\FrameXML\UI.xsd">
	<Script file="localization.lua"/> 
	<Script file="CooldownCountCT.lua"/> 
	
	<Frame name="CooldownCountCTFrame" frameStrata="LOW" enableMouse="false" parent="UIParent" hidden="false">
		<Scripts>
			<OnLoad>
				CooldownCountCT_OnLoad();
			</OnLoad>
		</Scripts>
	</Frame>
	<Frame name="CT_ActionButton1CooldownCountFrame" parent="CT_ActionButton1" hidden="true">
        <Size>
            <AbsDimension x="32" y="32"/>
        </Size>
        <Anchors>
            <Anchor point="CENTER" relativeTo="$parent" relativePoint="CENTER">
                <Offset>
                    <AbsDimension x="0" y="0"/>
                </Offset>
            </Anchor>
        </Anchors>
		<Layers>
			<Layer level="ARTWORK">
				<FontString name="CT_ActionButton1CooldownCount" inherits="GameFontNormalLarge" hidden="true" justifyH="CENTER">
					<Anchors>
						<Anchor point="CENTER">
							<Offset>
								<AbsDimension x="0" y="0"/>
							</Offset>
						</Anchor>
					</Anchors>
				</FontString>
			</Layer>
		</Layers>
	</Frame>
	<Frame name="CT_ActionButton2CooldownCountFrame" parent="CT_ActionButton2" hidden="true">
        <Size>
            <AbsDimension x="32" y="32"/>
        </Size>
        <Anchors>
            <Anchor point="CENTER" relativeTo="$parent" relativePoint="CENTER">
                <Offset>
                    <AbsDimension x="0" y="0"/>
                </Offset>
            </Anchor>
        </Anchors>
		<Layers>
			<Layer level="ARTWORK">
				<FontString name="CT_ActionButton2CooldownCount" inherits="GameFontNormalLarge" hidden="true" justifyH="CENTER">
					<Anchors>
						<Anchor point="CENTER">
							<Offset>
								<AbsDimension x="0" y="0"/>
							</Offset>
						</Anchor>
					</Anchors>
				</FontString>
			</Layer>
		</Layers>
	</Frame>
	<Frame name="CT_ActionButton3CooldownCountFrame" parent="CT_ActionButton3" hidden="true">
        <Size>
            <AbsDimension x="32" y="32"/>
        </Size>
        <Anchors>
            <Anchor point="CENTER" relativeTo="$parent" relativePoint="CENTER">
                <Offset>
                    <AbsDimension x="0" y="0"/>
                </Offset>
            </Anchor>
        </Anchors>
		<Layers>
			<Layer level="ARTWORK">
				<FontString name="CT_ActionButton3CooldownCount" inherits="GameFontNormalLarge" hidden="true" justifyH="CENTER">
					<Anchors>
						<Anchor point="CENTER">
							<Offset>
								<AbsDimension x="0" y="0"/>
							</Offset>
						</Anchor>
					</Anchors>
				</FontString>
			</Layer>
		</Layers>
	</Frame>
	<Frame name="CT_ActionButton4CooldownCountFrame" parent="CT_ActionButton4" hidden="true">
        <Size>
            <AbsDimension x="32" y="32"/>
        </Size>
        <Anchors>
            <Anchor point="CENTER" relativeTo="$parent" relativePoint="CENTER">
                <Offset>
                    <AbsDimension x="0" y="0"/>
                </Offset>
            </Anchor>
        </Anchors>
		<Layers>
			<Layer level="ARTWORK">
				<FontString name="CT_ActionButton4CooldownCount" inherits="GameFontNormalLarge" hidden="true" justifyH="CENTER">
					<Anchors>
						<Anchor point="CENTER">
							<Offset>
								<AbsDimension x="0" y="0"/>
							</Offset>
						</Anchor>
					</Anchors>
				</FontString>
			</Layer>
		</Layers>
	</Frame>
	<Frame name="CT_ActionButton5CooldownCountFrame" parent="CT_ActionButton5" hidden="true">
        <Size>
            <AbsDimension x="32" y="32"/>
        </Size>
        <Anchors>
            <Anchor point="CENTER" relativeTo="$parent" relativePoint="CENTER">
                <Offset>
                    <AbsDimension x="0" y="0"/>
                </Offset>
            </Anchor>
        </Anchors>
		<Layers>
			<Layer level="ARTWORK">
				<FontString name="CT_ActionButton5CooldownCount" inherits="GameFontNormalLarge" hidden="true" justifyH="CENTER">
					<Anchors>
						<Anchor point="CENTER">
							<Offset>
								<AbsDimension x="0" y="0"/>
							</Offset>
						</Anchor>
					</Anchors>
				</FontString>
			</Layer>
		</Layers>
	</Frame>
	<Frame name="CT_ActionButton6CooldownCountFrame" parent="CT_ActionButton6" hidden="true">
        <Size>
            <AbsDimension x="32" y="32"/>
        </Size>
        <Anchors>
            <Anchor point="CENTER" relativeTo="$parent" relativePoint="CENTER">
                <Offset>
                    <AbsDimension x="0" y="0"/>
                </Offset>
            </Anchor>
        </Anchors>
		<Layers>
			<Layer level="ARTWORK">
				<FontString name="CT_ActionButton6CooldownCount" inherits="GameFontNormalLarge" hidden="true" justifyH="CENTER">
					<Anchors>
						<Anchor point="CENTER">
							<Offset>
								<AbsDimension x="0" y="0"/>
							</Offset>
						</Anchor>
					</Anchors>
				</FontString>
			</Layer>
		</Layers>
	</Frame>
	<Frame name="CT_ActionButton7CooldownCountFrame" parent="CT_ActionButton7" hidden="true">
        <Size>
            <AbsDimension x="32" y="32"/>
        </Size>
        <Anchors>
            <Anchor point="CENTER" relativeTo="$parent" relativePoint="CENTER">
                <Offset>
                    <AbsDimension x="0" y="0"/>
                </Offset>
            </Anchor>
        </Anchors>
		<Layers>
			<Layer level="ARTWORK">
				<FontString name="CT_ActionButton7CooldownCount" inherits="GameFontNormalLarge" hidden="true" justifyH="CENTER">
					<Anchors>
						<Anchor point="CENTER">
							<Offset>
								<AbsDimension x="0" y="0"/>
							</Offset>
						</Anchor>
					</Anchors>
				</FontString>
			</Layer>
		</Layers>
	</Frame>
	<Frame name="CT_ActionButton8CooldownCountFrame" parent="CT_ActionButton8" hidden="true">
        <Size>
            <AbsDimension x="32" y="32"/>
        </Size>
        <Anchors>
            <Anchor point="CENTER" relativeTo="$parent" relativePoint="CENTER">
                <Offset>
                    <AbsDimension x="0" y="0"/>
                </Offset>
            </Anchor>
        </Anchors>
		<Layers>
			<Layer level="ARTWORK">
				<FontString name="CT_ActionButton8CooldownCount" inherits="GameFontNormalLarge" hidden="true" justifyH="CENTER">
					<Anchors>
						<Anchor point="CENTER">
							<Offset>
								<AbsDimension x="0" y="0"/>
							</Offset>
						</Anchor>
					</Anchors>
				</FontString>
			</Layer>
		</Layers>
	</Frame>
	<Frame name="CT_ActionButton9CooldownCountFrame" parent="CT_ActionButton9" hidden="true">
        <Size>
            <AbsDimension x="32" y="32"/>
        </Size>
        <Anchors>
            <Anchor point="CENTER" relativeTo="$parent" relativePoint="CENTER">
                <Offset>
                    <AbsDimension x="0" y="0"/>
                </Offset>
            </Anchor>
        </Anchors>
		<Layers>
			<Layer level="ARTWORK">
				<FontString name="CT_ActionButton9CooldownCount" inherits="GameFontNormalLarge" hidden="true" justifyH="CENTER">
					<Anchors>
						<Anchor point="CENTER">
							<Offset>
								<AbsDimension x="0" y="0"/>
							</Offset>
						</Anchor>
					</Anchors>
				</FontString>
			</Layer>
		</Layers>
	</Frame>
	<Frame name="CT_ActionButton10CooldownCountFrame" parent="CT_ActionButton10" hidden="true">
        <Size>
            <AbsDimension x="32" y="32"/>
        </Size>
        <Anchors>
            <Anchor point="CENTER" relativeTo="$parent" relativePoint="CENTER">
                <Offset>
                    <AbsDimension x="0" y="0"/>
                </Offset>
            </Anchor>
        </Anchors>
		<Layers>
			<Layer level="ARTWORK">
				<FontString name="CT_ActionButton10CooldownCount" inherits="GameFontNormalLarge" hidden="true" justifyH="CENTER">
					<Anchors>
						<Anchor point="CENTER">
							<Offset>
								<AbsDimension x="0" y="0"/>
							</Offset>
						</Anchor>
					</Anchors>
				</FontString>
			</Layer>
		</Layers>
	</Frame>
	<Frame name="CT_ActionButton11CooldownCountFrame" parent="CT_ActionButton11" hidden="true">
        <Size>
            <AbsDimension x="32" y="32"/>
        </Size>
        <Anchors>
            <Anchor point="CENTER" relativeTo="$parent" relativePoint="CENTER">
                <Offset>
                    <AbsDimension x="0" y="0"/>
                </Offset>
            </Anchor>
        </Anchors>
		<Layers>
			<Layer level="ARTWORK">
				<FontString name="CT_ActionButton11CooldownCount" inherits="GameFontNormalLarge" hidden="true" justifyH="CENTER">
					<Anchors>
						<Anchor point="CENTER">
							<Offset>
								<AbsDimension x="0" y="0"/>
							</Offset>
						</Anchor>
					</Anchors>
				</FontString>
			</Layer>
		</Layers>
	</Frame>
	<Frame name="CT_ActionButton12CooldownCountFrame" parent="CT_ActionButton12" hidden="true">
        <Size>
            <AbsDimension x="32" y="32"/>
        </Size>
        <Anchors>
            <Anchor point="CENTER" relativeTo="$parent" relativePoint="CENTER">
                <Offset>
                    <AbsDimension x="0" y="0"/>
                </Offset>
            </Anchor>
        </Anchors>
		<Layers>
			<Layer level="ARTWORK">
				<FontString name="CT_ActionButton12CooldownCount" inherits="GameFontNormalLarge" hidden="true" justifyH="CENTER">
					<Anchors>
						<Anchor point="CENTER">
							<Offset>
								<AbsDimension x="0" y="0"/>
							</Offset>
						</Anchor>
					</Anchors>
				</FontString>
			</Layer>
		</Layers>
	</Frame>
	<Frame name="CT2_ActionButton1CooldownCountFrame" parent="CT2_ActionButton1" hidden="true">
        <Size>
            <AbsDimension x="32" y="32"/>
        </Size>
        <Anchors>
            <Anchor point="CENTER" relativeTo="$parent" relativePoint="CENTER">
                <Offset>
                    <AbsDimension x="0" y="0"/>
                </Offset>
            </Anchor>
        </Anchors>
		<Layers>
			<Layer level="ARTWORK">
				<FontString name="CT2_ActionButton1CooldownCount" inherits="GameFontNormalLarge" hidden="true" justifyH="CENTER">
					<Anchors>
						<Anchor point="CENTER">
							<Offset>
								<AbsDimension x="0" y="0"/>
							</Offset>
						</Anchor>
					</Anchors>
				</FontString>
			</Layer>
		</Layers>
	</Frame>
	<Frame name="CT2_ActionButton2CooldownCountFrame" parent="CT2_ActionButton2" hidden="true">
        <Size>
            <AbsDimension x="32" y="32"/>
        </Size>
        <Anchors>
            <Anchor point="CENTER" relativeTo="$parent" relativePoint="CENTER">
                <Offset>
                    <AbsDimension x="0" y="0"/>
                </Offset>
            </Anchor>
        </Anchors>
		<Layers>
			<Layer level="ARTWORK">
				<FontString name="CT2_ActionButton2CooldownCount" inherits="GameFontNormalLarge" hidden="true" justifyH="CENTER">
					<Anchors>
						<Anchor point="CENTER">
							<Offset>
								<AbsDimension x="0" y="0"/>
							</Offset>
						</Anchor>
					</Anchors>
				</FontString>
			</Layer>
		</Layers>
	</Frame>
	<Frame name="CT2_ActionButton3CooldownCountFrame" parent="CT2_ActionButton3" hidden="true">
        <Size>
            <AbsDimension x="32" y="32"/>
        </Size>
        <Anchors>
            <Anchor point="CENTER" relativeTo="$parent" relativePoint="CENTER">
                <Offset>
                    <AbsDimension x="0" y="0"/>
                </Offset>
            </Anchor>
        </Anchors>
		<Layers>
			<Layer level="ARTWORK">
				<FontString name="CT2_ActionButton3CooldownCount" inherits="GameFontNormalLarge" hidden="true" justifyH="CENTER">
					<Anchors>
						<Anchor point="CENTER">
							<Offset>
								<AbsDimension x="0" y="0"/>
							</Offset>
						</Anchor>
					</Anchors>
				</FontString>
			</Layer>
		</Layers>
	</Frame>
	<Frame name="CT2_ActionButton4CooldownCountFrame" parent="CT2_ActionButton4" hidden="true">
        <Size>
            <AbsDimension x="32" y="32"/>
        </Size>
        <Anchors>
            <Anchor point="CENTER" relativeTo="$parent" relativePoint="CENTER">
                <Offset>
                    <AbsDimension x="0" y="0"/>
                </Offset>
            </Anchor>
        </Anchors>
		<Layers>
			<Layer level="ARTWORK">
				<FontString name="CT2_ActionButton4CooldownCount" inherits="GameFontNormalLarge" hidden="true" justifyH="CENTER">
					<Anchors>
						<Anchor point="CENTER">
							<Offset>
								<AbsDimension x="0" y="0"/>
							</Offset>
						</Anchor>
					</Anchors>
				</FontString>
			</Layer>
		</Layers>
	</Frame>
	<Frame name="CT2_ActionButton5CooldownCountFrame" parent="CT2_ActionButton5" hidden="true">
        <Size>
            <AbsDimension x="32" y="32"/>
        </Size>
        <Anchors>
            <Anchor point="CENTER" relativeTo="$parent" relativePoint="CENTER">
                <Offset>
                    <AbsDimension x="0" y="0"/>
                </Offset>
            </Anchor>
        </Anchors>
		<Layers>
			<Layer level="ARTWORK">
				<FontString name="CT2_ActionButton5CooldownCount" inherits="GameFontNormalLarge" hidden="true" justifyH="CENTER">
					<Anchors>
						<Anchor point="CENTER">
							<Offset>
								<AbsDimension x="0" y="0"/>
							</Offset>
						</Anchor>
					</Anchors>
				</FontString>
			</Layer>
		</Layers>
	</Frame>
	<Frame name="CT2_ActionButton6CooldownCountFrame" parent="CT2_ActionButton6" hidden="true">
        <Size>
            <AbsDimension x="32" y="32"/>
        </Size>
        <Anchors>
            <Anchor point="CENTER" relativeTo="$parent" relativePoint="CENTER">
                <Offset>
                    <AbsDimension x="0" y="0"/>
                </Offset>
            </Anchor>
        </Anchors>
		<Layers>
			<Layer level="ARTWORK">
				<FontString name="CT2_ActionButton6CooldownCount" inherits="GameFontNormalLarge" hidden="true" justifyH="CENTER">
					<Anchors>
						<Anchor point="CENTER">
							<Offset>
								<AbsDimension x="0" y="0"/>
							</Offset>
						</Anchor>
					</Anchors>
				</FontString>
			</Layer>
		</Layers>
	</Frame>
	<Frame name="CT2_ActionButton7CooldownCountFrame" parent="CT2_ActionButton7" hidden="true">
        <Size>
            <AbsDimension x="32" y="32"/>
        </Size>
        <Anchors>
            <Anchor point="CENTER" relativeTo="$parent" relativePoint="CENTER">
                <Offset>
                    <AbsDimension x="0" y="0"/>
                </Offset>
            </Anchor>
        </Anchors>
		<Layers>
			<Layer level="ARTWORK">
				<FontString name="CT2_ActionButton7CooldownCount" inherits="GameFontNormalLarge" hidden="true" justifyH="CENTER">
					<Anchors>
						<Anchor point="CENTER">
							<Offset>
								<AbsDimension x="0" y="0"/>
							</Offset>
						</Anchor>
					</Anchors>
				</FontString>
			</Layer>
		</Layers>
	</Frame>
	<Frame name="CT2_ActionButton8CooldownCountFrame" parent="CT2_ActionButton8" hidden="true">
        <Size>
            <AbsDimension x="32" y="32"/>
        </Size>
        <Anchors>
            <Anchor point="CENTER" relativeTo="$parent" relativePoint="CENTER">
                <Offset>
                    <AbsDimension x="0" y="0"/>
                </Offset>
            </Anchor>
        </Anchors>
		<Layers>
			<Layer level="ARTWORK">
				<FontString name="CT2_ActionButton8CooldownCount" inherits="GameFontNormalLarge" hidden="true" justifyH="CENTER">
					<Anchors>
						<Anchor point="CENTER">
							<Offset>
								<AbsDimension x="0" y="0"/>
							</Offset>
						</Anchor>
					</Anchors>
				</FontString>
			</Layer>
		</Layers>
	</Frame>
	<Frame name="CT2_ActionButton9CooldownCountFrame" parent="CT2_ActionButton9" hidden="true">
        <Size>
            <AbsDimension x="32" y="32"/>
        </Size>
        <Anchors>
            <Anchor point="CENTER" relativeTo="$parent" relativePoint="CENTER">
                <Offset>
                    <AbsDimension x="0" y="0"/>
                </Offset>
            </Anchor>
        </Anchors>
		<Layers>
			<Layer level="ARTWORK">
				<FontString name="CT2_ActionButton9CooldownCount" inherits="GameFontNormalLarge" hidden="true" justifyH="CENTER">
					<Anchors>
						<Anchor point="CENTER">
							<Offset>
								<AbsDimension x="0" y="0"/>
							</Offset>
						</Anchor>
					</Anchors>
				</FontString>
			</Layer>
		</Layers>
	</Frame>
	<Frame name="CT2_ActionButton10CooldownCountFrame" parent="CT2_ActionButton10" hidden="true">
        <Size>
            <AbsDimension x="32" y="32"/>
        </Size>
        <Anchors>
            <Anchor point="CENTER" relativeTo="$parent" relativePoint="CENTER">
                <Offset>
                    <AbsDimension x="0" y="0"/>
                </Offset>
            </Anchor>
        </Anchors>
		<Layers>
			<Layer level="ARTWORK">
				<FontString name="CT2_ActionButton10CooldownCount" inherits="GameFontNormalLarge" hidden="true" justifyH="CENTER">
					<Anchors>
						<Anchor point="CENTER">
							<Offset>
								<AbsDimension x="0" y="0"/>
							</Offset>
						</Anchor>
					</Anchors>
				</FontString>
			</Layer>
		</Layers>
	</Frame>
	<Frame name="CT2_ActionButton11CooldownCountFrame" parent="CT2_ActionButton11" hidden="true">
        <Size>
            <AbsDimension x="32" y="32"/>
        </Size>
        <Anchors>
            <Anchor point="CENTER" relativeTo="$parent" relativePoint="CENTER">
                <Offset>
                    <AbsDimension x="0" y="0"/>
                </Offset>
            </Anchor>
        </Anchors>
		<Layers>
			<Layer level="ARTWORK">
				<FontString name="CT2_ActionButton11CooldownCount" inherits="GameFontNormalLarge" hidden="true" justifyH="CENTER">
					<Anchors>
						<Anchor point="CENTER">
							<Offset>
								<AbsDimension x="0" y="0"/>
							</Offset>
						</Anchor>
					</Anchors>
				</FontString>
			</Layer>
		</Layers>
	</Frame>
	<Frame name="CT2_ActionButton12CooldownCountFrame" parent="CT2_ActionButton12" hidden="true">
        <Size>
            <AbsDimension x="32" y="32"/>
        </Size>
        <Anchors>
            <Anchor point="CENTER" relativeTo="$parent" relativePoint="CENTER">
                <Offset>
                    <AbsDimension x="0" y="0"/>
                </Offset>
            </Anchor>
        </Anchors>
		<Layers>
			<Layer level="ARTWORK">
				<FontString name="CT2_ActionButton12CooldownCount" inherits="GameFontNormalLarge" hidden="true" justifyH="CENTER">
					<Anchors>
						<Anchor point="CENTER">
							<Offset>
								<AbsDimension x="0" y="0"/>
							</Offset>
						</Anchor>
					</Anchors>
				</FontString>
			</Layer>
		</Layers>
	</Frame>
	<Frame name="CT3_ActionButton1CooldownCountFrame" parent="CT3_ActionButton1" hidden="true">
        <Size>
            <AbsDimension x="32" y="32"/>
        </Size>
        <Anchors>
            <Anchor point="CENTER" relativeTo="$parent" relativePoint="CENTER">
                <Offset>
                    <AbsDimension x="0" y="0"/>
                </Offset>
            </Anchor>
        </Anchors>
		<Layers>
			<Layer level="ARTWORK">
				<FontString name="CT3_ActionButton1CooldownCount" inherits="GameFontNormalLarge" hidden="true" justifyH="CENTER">
					<Anchors>
						<Anchor point="CENTER">
							<Offset>
								<AbsDimension x="0" y="0"/>
							</Offset>
						</Anchor>
					</Anchors>
				</FontString>
			</Layer>
		</Layers>
	</Frame>
	<Frame name="CT3_ActionButton2CooldownCountFrame" parent="CT3_ActionButton2" hidden="true">
        <Size>
            <AbsDimension x="32" y="32"/>
        </Size>
        <Anchors>
            <Anchor point="CENTER" relativeTo="$parent" relativePoint="CENTER">
                <Offset>
                    <AbsDimension x="0" y="0"/>
                </Offset>
            </Anchor>
        </Anchors>
		<Layers>
			<Layer level="ARTWORK">
				<FontString name="CT3_ActionButton2CooldownCount" inherits="GameFontNormalLarge" hidden="true" justifyH="CENTER">
					<Anchors>
						<Anchor point="CENTER">
							<Offset>
								<AbsDimension x="0" y="0"/>
							</Offset>
						</Anchor>
					</Anchors>
				</FontString>
			</Layer>
		</Layers>
	</Frame>
	<Frame name="CT3_ActionButton3CooldownCountFrame" parent="CT3_ActionButton3" hidden="true">
        <Size>
            <AbsDimension x="32" y="32"/>
        </Size>
        <Anchors>
            <Anchor point="CENTER" relativeTo="$parent" relativePoint="CENTER">
                <Offset>
                    <AbsDimension x="0" y="0"/>
                </Offset>
            </Anchor>
        </Anchors>
		<Layers>
			<Layer level="ARTWORK">
				<FontString name="CT3_ActionButton3CooldownCount" inherits="GameFontNormalLarge" hidden="true" justifyH="CENTER">
					<Anchors>
						<Anchor point="CENTER">
							<Offset>
								<AbsDimension x="0" y="0"/>
							</Offset>
						</Anchor>
					</Anchors>
				</FontString>
			</Layer>
		</Layers>
	</Frame>
	<Frame name="CT3_ActionButton4CooldownCountFrame" parent="CT3_ActionButton4" hidden="true">
        <Size>
            <AbsDimension x="32" y="32"/>
        </Size>
        <Anchors>
            <Anchor point="CENTER" relativeTo="$parent" relativePoint="CENTER">
                <Offset>
                    <AbsDimension x="0" y="0"/>
                </Offset>
            </Anchor>
        </Anchors>
		<Layers>
			<Layer level="ARTWORK">
				<FontString name="CT3_ActionButton4CooldownCount" inherits="GameFontNormalLarge" hidden="true" justifyH="CENTER">
					<Anchors>
						<Anchor point="CENTER">
							<Offset>
								<AbsDimension x="0" y="0"/>
							</Offset>
						</Anchor>
					</Anchors>
				</FontString>
			</Layer>
		</Layers>
	</Frame>
	<Frame name="CT3_ActionButton5CooldownCountFrame" parent="CT3_ActionButton5" hidden="true">
        <Size>
            <AbsDimension x="32" y="32"/>
        </Size>
        <Anchors>
            <Anchor point="CENTER" relativeTo="$parent" relativePoint="CENTER">
                <Offset>
                    <AbsDimension x="0" y="0"/>
                </Offset>
            </Anchor>
        </Anchors>
		<Layers>
			<Layer level="ARTWORK">
				<FontString name="CT3_ActionButton5CooldownCount" inherits="GameFontNormalLarge" hidden="true" justifyH="CENTER">
					<Anchors>
						<Anchor point="CENTER">
							<Offset>
								<AbsDimension x="0" y="0"/>
							</Offset>
						</Anchor>
					</Anchors>
				</FontString>
			</Layer>
		</Layers>
	</Frame>
	<Frame name="CT3_ActionButton6CooldownCountFrame" parent="CT3_ActionButton6" hidden="true">
        <Size>
            <AbsDimension x="32" y="32"/>
        </Size>
        <Anchors>
            <Anchor point="CENTER" relativeTo="$parent" relativePoint="CENTER">
                <Offset>
                    <AbsDimension x="0" y="0"/>
                </Offset>
            </Anchor>
        </Anchors>
		<Layers>
			<Layer level="ARTWORK">
				<FontString name="CT3_ActionButton6CooldownCount" inherits="GameFontNormalLarge" hidden="true" justifyH="CENTER">
					<Anchors>
						<Anchor point="CENTER">
							<Offset>
								<AbsDimension x="0" y="0"/>
							</Offset>
						</Anchor>
					</Anchors>
				</FontString>
			</Layer>
		</Layers>
	</Frame>
	<Frame name="CT3_ActionButton7CooldownCountFrame" parent="CT3_ActionButton7" hidden="true">
        <Size>
            <AbsDimension x="32" y="32"/>
        </Size>
        <Anchors>
            <Anchor point="CENTER" relativeTo="$parent" relativePoint="CENTER">
                <Offset>
                    <AbsDimension x="0" y="0"/>
                </Offset>
            </Anchor>
        </Anchors>
		<Layers>
			<Layer level="ARTWORK">
				<FontString name="CT3_ActionButton7CooldownCount" inherits="GameFontNormalLarge" hidden="true" justifyH="CENTER">
					<Anchors>
						<Anchor point="CENTER">
							<Offset>
								<AbsDimension x="0" y="0"/>
							</Offset>
						</Anchor>
					</Anchors>
				</FontString>
			</Layer>
		</Layers>
	</Frame>
	<Frame name="CT3_ActionButton8CooldownCountFrame" parent="CT3_ActionButton8" hidden="true">
        <Size>
            <AbsDimension x="32" y="32"/>
        </Size>
        <Anchors>
            <Anchor point="CENTER" relativeTo="$parent" relativePoint="CENTER">
                <Offset>
                    <AbsDimension x="0" y="0"/>
                </Offset>
            </Anchor>
        </Anchors>
		<Layers>
			<Layer level="ARTWORK">
				<FontString name="CT3_ActionButton8CooldownCount" inherits="GameFontNormalLarge" hidden="true" justifyH="CENTER">
					<Anchors>
						<Anchor point="CENTER">
							<Offset>
								<AbsDimension x="0" y="0"/>
							</Offset>
						</Anchor>
					</Anchors>
				</FontString>
			</Layer>
		</Layers>
	</Frame>
	<Frame name="CT3_ActionButton9CooldownCountFrame" parent="CT3_ActionButton9" hidden="true">
        <Size>
            <AbsDimension x="32" y="32"/>
        </Size>
        <Anchors>
            <Anchor point="CENTER" relativeTo="$parent" relativePoint="CENTER">
                <Offset>
                    <AbsDimension x="0" y="0"/>
                </Offset>
            </Anchor>
        </Anchors>
		<Layers>
			<Layer level="ARTWORK">
				<FontString name="CT3_ActionButton9CooldownCount" inherits="GameFontNormalLarge" hidden="true" justifyH="CENTER">
					<Anchors>
						<Anchor point="CENTER">
							<Offset>
								<AbsDimension x="0" y="0"/>
							</Offset>
						</Anchor>
					</Anchors>
				</FontString>
			</Layer>
		</Layers>
	</Frame>
	<Frame name="CT3_ActionButton10CooldownCountFrame" parent="CT3_ActionButton10" hidden="true">
        <Size>
            <AbsDimension x="32" y="32"/>
        </Size>
        <Anchors>
            <Anchor point="CENTER" relativeTo="$parent" relativePoint="CENTER">
                <Offset>
                    <AbsDimension x="0" y="0"/>
                </Offset>
            </Anchor>
        </Anchors>
		<Layers>
			<Layer level="ARTWORK">
				<FontString name="CT3_ActionButton10CooldownCount" inherits="GameFontNormalLarge" hidden="true" justifyH="CENTER">
					<Anchors>
						<Anchor point="CENTER">
							<Offset>
								<AbsDimension x="0" y="0"/>
							</Offset>
						</Anchor>
					</Anchors>
				</FontString>
			</Layer>
		</Layers>
	</Frame>
	<Frame name="CT3_ActionButton11CooldownCountFrame" parent="CT3_ActionButton11" hidden="true">
        <Size>
            <AbsDimension x="32" y="32"/>
        </Size>
        <Anchors>
            <Anchor point="CENTER" relativeTo="$parent" relativePoint="CENTER">
                <Offset>
                    <AbsDimension x="0" y="0"/>
                </Offset>
            </Anchor>
        </Anchors>
		<Layers>
			<Layer level="ARTWORK">
				<FontString name="CT3_ActionButton11CooldownCount" inherits="GameFontNormalLarge" hidden="true" justifyH="CENTER">
					<Anchors>
						<Anchor point="CENTER">
							<Offset>
								<AbsDimension x="0" y="0"/>
							</Offset>
						</Anchor>
					</Anchors>
				</FontString>
			</Layer>
		</Layers>
	</Frame>
	<Frame name="CT3_ActionButton12CooldownCountFrame" parent="CT3_ActionButton12" hidden="true">
        <Size>
            <AbsDimension x="32" y="32"/>
        </Size>
        <Anchors>
            <Anchor point="CENTER" relativeTo="$parent" relativePoint="CENTER">
                <Offset>
                    <AbsDimension x="0" y="0"/>
                </Offset>
            </Anchor>
        </Anchors>
		<Layers>
			<Layer level="ARTWORK">
				<FontString name="CT3_ActionButton12CooldownCount" inherits="GameFontNormalLarge" hidden="true" justifyH="CENTER">
					<Anchors>
						<Anchor point="CENTER">
							<Offset>
								<AbsDimension x="0" y="0"/>
							</Offset>
						</Anchor>
					</Anchors>
				</FontString>
			</Layer>
		</Layers>
	</Frame>
	<Frame name="CT4_ActionButton1CooldownCountFrame" parent="CT4_ActionButton1" hidden="true">
        <Size>
            <AbsDimension x="32" y="32"/>
        </Size>
        <Anchors>
            <Anchor point="CENTER" relativeTo="$parent" relativePoint="CENTER">
                <Offset>
                    <AbsDimension x="0" y="0"/>
                </Offset>
            </Anchor>
        </Anchors>
		<Layers>
			<Layer level="ARTWORK">
				<FontString name="CT4_ActionButton1CooldownCount" inherits="GameFontNormalLarge" hidden="true" justifyH="CENTER">
					<Anchors>
						<Anchor point="CENTER">
							<Offset>
								<AbsDimension x="0" y="0"/>
							</Offset>
						</Anchor>
					</Anchors>
				</FontString>
			</Layer>
		</Layers>
	</Frame>
	<Frame name="CT4_ActionButton2CooldownCountFrame" parent="CT4_ActionButton2" hidden="true">
        <Size>
            <AbsDimension x="32" y="32"/>
        </Size>
        <Anchors>
            <Anchor point="CENTER" relativeTo="$parent" relativePoint="CENTER">
                <Offset>
                    <AbsDimension x="0" y="0"/>
                </Offset>
            </Anchor>
        </Anchors>
		<Layers>
			<Layer level="ARTWORK">
				<FontString name="CT4_ActionButton2CooldownCount" inherits="GameFontNormalLarge" hidden="true" justifyH="CENTER">
					<Anchors>
						<Anchor point="CENTER">
							<Offset>
								<AbsDimension x="0" y="0"/>
							</Offset>
						</Anchor>
					</Anchors>
				</FontString>
			</Layer>
		</Layers>
	</Frame>
	<Frame name="CT4_ActionButton3CooldownCountFrame" parent="CT4_ActionButton3" hidden="true">
        <Size>
            <AbsDimension x="32" y="32"/>
        </Size>
        <Anchors>
            <Anchor point="CENTER" relativeTo="$parent" relativePoint="CENTER">
                <Offset>
                    <AbsDimension x="0" y="0"/>
                </Offset>
            </Anchor>
        </Anchors>
		<Layers>
			<Layer level="ARTWORK">
				<FontString name="CT4_ActionButton3CooldownCount" inherits="GameFontNormalLarge" hidden="true" justifyH="CENTER">
					<Anchors>
						<Anchor point="CENTER">
							<Offset>
								<AbsDimension x="0" y="0"/>
							</Offset>
						</Anchor>
					</Anchors>
				</FontString>
			</Layer>
		</Layers>
	</Frame>
	<Frame name="CT4_ActionButton4CooldownCountFrame" parent="CT4_ActionButton4" hidden="true">
        <Size>
            <AbsDimension x="32" y="32"/>
        </Size>
        <Anchors>
            <Anchor point="CENTER" relativeTo="$parent" relativePoint="CENTER">
                <Offset>
                    <AbsDimension x="0" y="0"/>
                </Offset>
            </Anchor>
        </Anchors>
		<Layers>
			<Layer level="ARTWORK">
				<FontString name="CT4_ActionButton4CooldownCount" inherits="GameFontNormalLarge" hidden="true" justifyH="CENTER">
					<Anchors>
						<Anchor point="CENTER">
							<Offset>
								<AbsDimension x="0" y="0"/>
							</Offset>
						</Anchor>
					</Anchors>
				</FontString>
			</Layer>
		</Layers>
	</Frame>
	<Frame name="CT4_ActionButton5CooldownCountFrame" parent="CT4_ActionButton5" hidden="true">
        <Size>
            <AbsDimension x="32" y="32"/>
        </Size>
        <Anchors>
            <Anchor point="CENTER" relativeTo="$parent" relativePoint="CENTER">
                <Offset>
                    <AbsDimension x="0" y="0"/>
                </Offset>
            </Anchor>
        </Anchors>
		<Layers>
			<Layer level="ARTWORK">
				<FontString name="CT4_ActionButton5CooldownCount" inherits="GameFontNormalLarge" hidden="true" justifyH="CENTER">
					<Anchors>
						<Anchor point="CENTER">
							<Offset>
								<AbsDimension x="0" y="0"/>
							</Offset>
						</Anchor>
					</Anchors>
				</FontString>
			</Layer>
		</Layers>
	</Frame>
	<Frame name="CT4_ActionButton6CooldownCountFrame" parent="CT4_ActionButton6" hidden="true">
        <Size>
            <AbsDimension x="32" y="32"/>
        </Size>
        <Anchors>
            <Anchor point="CENTER" relativeTo="$parent" relativePoint="CENTER">
                <Offset>
                    <AbsDimension x="0" y="0"/>
                </Offset>
            </Anchor>
        </Anchors>
		<Layers>
			<Layer level="ARTWORK">
				<FontString name="CT4_ActionButton6CooldownCount" inherits="GameFontNormalLarge" hidden="true" justifyH="CENTER">
					<Anchors>
						<Anchor point="CENTER">
							<Offset>
								<AbsDimension x="0" y="0"/>
							</Offset>
						</Anchor>
					</Anchors>
				</FontString>
			</Layer>
		</Layers>
	</Frame>
	<Frame name="CT4_ActionButton7CooldownCountFrame" parent="CT4_ActionButton7" hidden="true">
        <Size>
            <AbsDimension x="32" y="32"/>
        </Size>
        <Anchors>
            <Anchor point="CENTER" relativeTo="$parent" relativePoint="CENTER">
                <Offset>
                    <AbsDimension x="0" y="0"/>
                </Offset>
            </Anchor>
        </Anchors>
		<Layers>
			<Layer level="ARTWORK">
				<FontString name="CT4_ActionButton7CooldownCount" inherits="GameFontNormalLarge" hidden="true" justifyH="CENTER">
					<Anchors>
						<Anchor point="CENTER">
							<Offset>
								<AbsDimension x="0" y="0"/>
							</Offset>
						</Anchor>
					</Anchors>
				</FontString>
			</Layer>
		</Layers>
	</Frame>
	<Frame name="CT4_ActionButton8CooldownCountFrame" parent="CT4_ActionButton8" hidden="true">
        <Size>
            <AbsDimension x="32" y="32"/>
        </Size>
        <Anchors>
            <Anchor point="CENTER" relativeTo="$parent" relativePoint="CENTER">
                <Offset>
                    <AbsDimension x="0" y="0"/>
                </Offset>
            </Anchor>
        </Anchors>
		<Layers>
			<Layer level="ARTWORK">
				<FontString name="CT4_ActionButton8CooldownCount" inherits="GameFontNormalLarge" hidden="true" justifyH="CENTER">
					<Anchors>
						<Anchor point="CENTER">
							<Offset>
								<AbsDimension x="0" y="0"/>
							</Offset>
						</Anchor>
					</Anchors>
				</FontString>
			</Layer>
		</Layers>
	</Frame>
	<Frame name="CT4_ActionButton9CooldownCountFrame" parent="CT4_ActionButton9" hidden="true">
        <Size>
            <AbsDimension x="32" y="32"/>
        </Size>
        <Anchors>
            <Anchor point="CENTER" relativeTo="$parent" relativePoint="CENTER">
                <Offset>
                    <AbsDimension x="0" y="0"/>
                </Offset>
            </Anchor>
        </Anchors>
		<Layers>
			<Layer level="ARTWORK">
				<FontString name="CT4_ActionButton9CooldownCount" inherits="GameFontNormalLarge" hidden="true" justifyH="CENTER">
					<Anchors>
						<Anchor point="CENTER">
							<Offset>
								<AbsDimension x="0" y="0"/>
							</Offset>
						</Anchor>
					</Anchors>
				</FontString>
			</Layer>
		</Layers>
	</Frame>
	<Frame name="CT4_ActionButton10CooldownCountFrame" parent="CT4_ActionButton10" hidden="true">
        <Size>
            <AbsDimension x="32" y="32"/>
        </Size>
        <Anchors>
            <Anchor point="CENTER" relativeTo="$parent" relativePoint="CENTER">
                <Offset>
                    <AbsDimension x="0" y="0"/>
                </Offset>
            </Anchor>
        </Anchors>
		<Layers>
			<Layer level="ARTWORK">
				<FontString name="CT4_ActionButton10CooldownCount" inherits="GameFontNormalLarge" hidden="true" justifyH="CENTER">
					<Anchors>
						<Anchor point="CENTER">
							<Offset>
								<AbsDimension x="0" y="0"/>
							</Offset>
						</Anchor>
					</Anchors>
				</FontString>
			</Layer>
		</Layers>
	</Frame>
	<Frame name="CT4_ActionButton11CooldownCountFrame" parent="CT4_ActionButton11" hidden="true">
        <Size>
            <AbsDimension x="32" y="32"/>
        </Size>
        <Anchors>
            <Anchor point="CENTER" relativeTo="$parent" relativePoint="CENTER">
                <Offset>
                    <AbsDimension x="0" y="0"/>
                </Offset>
            </Anchor>
        </Anchors>
		<Layers>
			<Layer level="ARTWORK">
				<FontString name="CT4_ActionButton11CooldownCount" inherits="GameFontNormalLarge" hidden="true" justifyH="CENTER">
					<Anchors>
						<Anchor point="CENTER">
							<Offset>
								<AbsDimension x="0" y="0"/>
							</Offset>
						</Anchor>
					</Anchors>
				</FontString>
			</Layer>
		</Layers>
	</Frame>
	<Frame name="CT4_ActionButton12CooldownCountFrame" parent="CT4_ActionButton12" hidden="true">
        <Size>
            <AbsDimension x="32" y="32"/>
        </Size>
        <Anchors>
            <Anchor point="CENTER" relativeTo="$parent" relativePoint="CENTER">
                <Offset>
                    <AbsDimension x="0" y="0"/>
                </Offset>
            </Anchor>
        </Anchors>
		<Layers>
			<Layer level="ARTWORK">
				<FontString name="CT4_ActionButton12CooldownCount" inherits="GameFontNormalLarge" hidden="true" justifyH="CENTER">
					<Anchors>
						<Anchor point="CENTER">
							<Offset>
								<AbsDimension x="0" y="0"/>
							</Offset>
						</Anchor>
					</Anchors>
				</FontString>
			</Layer>
		</Layers>
	</Frame>
</Ui>