<Ui xmlns="http://www.blizzard.com/wow/ui/"
 xmlns:xsi="http://www.w3.org/2001/XMLSchema-instance"
 xsi:schemaLocation="http://www.blizzard.com/wow/ui/ ..\FrameXML\UI.xsd">

<EditBox name="AHB_button" hidden="true" autoFocus="false" frameStrata="HIGH" historyLines="32" justifyH="LEFT" parent="AutoHideBar_Settings_Template">
	<Size>
		<AbsDimension x="65" y="32"></AbsDimension>
	</Size>
	<Anchors>
		<Anchor point="TOPLEFT">
			<Offset>
				<AbsDimension x="30" y="-25"></AbsDimension>
			</Offset>
		</Anchor>
	</Anchors>
			
	<Layers>
		<Layer level="BACKGROUND">
			<Texture file="Interface\ChatFrame\UI-ChatInputBorder-Left">
				<Size>
					<AbsDimension x="75" y="32"></AbsDimension>
				</Size>
				<Anchors>
					<Anchor point="LEFT">
						<Offset>
							<AbsDimension x="-10" y="0"></AbsDimension>
						</Offset>
					</Anchor>
				</Anchors>
				<TexCoords left="0" right="0.2" top="0" bottom="1.0"></TexCoords>
			</Texture>
				
			<Texture file="Interface\ChatFrame\UI-ChatInputBorder-Right">
				<Size>
					<AbsDimension x="75" y="32"></AbsDimension>
				</Size>
				<Anchors>
					<Anchor point="RIGHT">
						<Offset>
							<AbsDimension x="10" y="0"></AbsDimension>
						</Offset>
					</Anchor>
				</Anchors>
				<TexCoords left="0.7" right="1.0" top="0" bottom="1.0"></TexCoords>
			</Texture>
			
			<FontString name="AutoHideBar_button" parent="AHB_button" inherits="GameFontNormal" text="AutoHideBar_Button">
				<Anchors>
					<Anchor point="RIGHT">
						<Offset>
   							<AbsDimension x="60" y="0"></AbsDimension>
						</Offset>
  					</Anchor>
				</Anchors>
			</FontString>
		</Layer>
	</Layers>
	
	<Scripts>	
		<OnShow>
			this:ClearFocus();
		</OnShow>
		<OnEscapePressed>
			this:ClearFocus();
		</OnEscapePressed>
		<OnTextChanged>
			AutoHideBar_ChangeID();
		</OnTextChanged>
	</Scripts>
	<FontString inherits="ChatFontNormal"></FontString>
</EditBox>	

<EditBox name="AHB_buttonid" autoFocus="false" frameStrata="HIGH" historyLines="32" hidden="true" parent="AutoHideBar_Settings_Template" justifyH="CENTER">
	<Size>
		<AbsDimension x="65" y="32"></AbsDimension>
	</Size>
	<Anchors>
		<Anchor point="TOPRIGHT">
			<Offset>
				<AbsDimension x="-30" y="-25"></AbsDimension>
			</Offset>
		</Anchor>
	</Anchors>
			
	<Layers>
		<Layer level="BACKGROUND">
			<Texture file="Interface\ChatFrame\UI-ChatInputBorder-Left">
				<Size>
					<AbsDimension x="75" y="32"></AbsDimension>
				</Size>
				<Anchors>
					<Anchor point="LEFT">
						<Offset>
							<AbsDimension x="-10" y="0"></AbsDimension>
						</Offset>
					</Anchor>
				</Anchors>
			<TexCoords left="0" right="0.2" top="0" bottom="1.0"></TexCoords>
			</Texture>
				
			<Texture file="Interface\ChatFrame\UI-ChatInputBorder-Right">
				<Size>
					<AbsDimension x="75" y="32"></AbsDimension>
				</Size>
					<Anchors>
						<Anchor point="RIGHT">
							<Offset>
								<AbsDimension x="10" y="0"></AbsDimension>
							</Offset>
						</Anchor>
					</Anchors>
				<TexCoords left="0.7" right="1.0" top="0" bottom="1.0"></TexCoords>
				</Texture>
				
				<FontString name="AutoHideBar_buttonid" parent="AHB_buttonid" inherits="GameFontNormal" text="AutoHideBar_ButtonID">
					<Anchors>
						<Anchor point="LEFT">
							<Offset>
    							<AbsDimension x="-70" y="0"></AbsDimension>
   							</Offset>
	  					</Anchor>
					</Anchors>
				</FontString>
			</Layer>
		</Layers>
		
		<Scripts>
			<OnShow>
				this:ClearFocus();
			</OnShow>
			<OnEscapePressed>
				this:ClearFocus();
			</OnEscapePressed>
			<OnTextChanged>
				 AutoHideBar_ChangeButton();	
			</OnTextChanged>
		</Scripts>
	<FontString inherits="ChatFontNormal"></FontString>
</EditBox>	
</Ui>