<Ui xmlns="http://www.blizzard.com/wow/ui/"
 xmlns:xsi="http://www.w3.org/2001/XMLSchema-instance"
 xsi:schemaLocation="http://www.blizzard.com/wow/ui/ ..\FrameXML\UI.xsd">

<FontString name="Text_Button" font="TextStatusBarText" virtual="true"/> 
 
<Frame name="AutoHideBar_Button_Template" hidden="true" frameStrata="HIGH" toplevel="true" enableMouse="true" movable="true">
	<Size>
		<AbsDimension x="209" y="188"/>
	</Size>
	<Anchors>
		<Anchor point="RIGHT">
			<Offset><AbsDimension x="-100" y="0"/></Offset>
		</Anchor>
	</Anchors>
		
	<Backdrop bgFile="Interface\TutorialFrame\TutorialFrameBackground" edgeFile="Interface\Tooltips\UI-Tooltip-Border">
		<EdgeSize><AbsValue val="16"/></EdgeSize>
		<TileSize><AbsValue val="32"/></TileSize>
		<BackgroundInsets><AbsInset left="4" right="4" top="4" bottom="4"/></BackgroundInsets>
	</Backdrop>
		
	<Layers> 
		<Layer level="BACKGROUND">
			<FontString name="autohidebartitle" inherits="GameFontNormalSmall" wraponspaces="true" justifyH="CENTER" justifyV="TOP" text="AutoHideBar_Name2">
				<Size>
					<AbsDimension x="209" y="12"/>
				</Size>
				<Anchors>
					<Anchor point="TOP">
						<Offset>
							<AbsDimension x="0" y="-7"/>
						</Offset>
					</Anchor>
				</Anchors>
			</FontString>
		</Layer>
	</Layers> 
	
	<Frames>
		<CheckButton name="AHB" inherits="OptionsCheckButtonTemplate" checked="false" id="9">
		<Size>
			<AbsDimension x="20" y="20"/>
		</Size>
 			<Anchors>
  				<Anchor point="TOPRIGHT" relativeTo="AutoHideBar_Button_Template">
  					<Offset>
						<AbsDimension x="-2" y="-2"/>
					</Offset>
				</Anchor>
 			</Anchors>
 			
 			<Scripts>
				<OnClick>AutoHideBar_Button_Click();</OnClick>
			</Scripts>
		</CheckButton>
	</Frames>
	
	<Scripts>
		<OnLoad> 		this:RegisterForDrag("LeftButton");	</OnLoad>
		<OnDragStart> 	AutoHideBar_DragStart(this);</OnDragStart>
		<OnDragStop>  	AutoHideBar_DragStop(this);</OnDragStop>
	</Scripts>
</Frame>

<CheckButton name="AutoHideBarButtonTemplate" inherits="ActionButtonTemplate" virtual="true">

	<Scripts>
		<OnLoad>	AutoHideBar_Button_OnLoad();</OnLoad>
		<OnShow>	AutoHideBar_Button_Update();</OnShow>
		<OnEvent>	AutoHideBar_Button_OnEvent(event);</OnEvent>
		<OnClick>
			if (IsShiftKeyDown() and AHB_Save.incombat == false and not AHB_Save.locked) then
				PickupAction(this:GetID());
			else
				UseAction(this:GetID(), 1);
			end
			AutoHideBar_Button_UpdateState();</OnClick>
		<OnDragStart>
			DragStart();
		</OnDragStart>
		<OnReceiveDrag>			
			PlaceAction(this:GetID());
			AutoHideBar_Button_UpdateState();</OnReceiveDrag>
		<OnEnter>AutoHideBar_Button_SetTooltip();</OnEnter>
		<OnLeave>
			this.updateTooltip = nil;
			GameTooltip:Hide();</OnLeave>
		<OnUpdate>AutoHideBar_Button_OnUpdate(arg1);</OnUpdate>
	</Scripts>
</CheckButton>

	
	<CheckButton name="AutoHideBarButton1" inherits="AutoHideBarButtonTemplate" parent="AutoHideBar_Button_Template">
		<Anchors>
			<Anchor point="TOPLEFT">
				<Offset>
					<AbsDimension x="7" y="-24"/>
				</Offset>
			</Anchor>
		</Anchors>
		
		<Layers>
			<Layer>
			<FontString name="Text_Button1" inherits="Text_Button">
				<Anchors>
					<Anchor point="TOP"/>
				</Anchors>
			</FontString>
		</Layer>	
	</Layers>
		
	</CheckButton>
	
	<CheckButton name="AutoHideBarButton2" inherits="AutoHideBarButtonTemplate" parent="AutoHideBar_Button_Template">
		<Anchors>
			<Anchor point="LEFT" relativeTo="AutoHideBarButton1" relativePoint="RIGHT">
				<Offset>
					<AbsDimension x="4" y="0"/>
				</Offset>
			</Anchor>
		</Anchors>
		
		<Layers>
			<Layer>
			<FontString name="Text_Button2" inherits="Text_Button">
				<Anchors>
					<Anchor point="TOP"/>
				</Anchors>
			</FontString>
		</Layer>	
	</Layers>
		
	</CheckButton>
	
	<CheckButton name="AutoHideBarButton3" inherits="AutoHideBarButtonTemplate" parent="AutoHideBar_Button_Template">
		<Anchors>
			<Anchor point="LEFT" relativeTo="AutoHideBarButton2" relativePoint="RIGHT">
				<Offset>
					<AbsDimension x="4" y="0"/>
				</Offset>
			</Anchor>
		</Anchors>
		
		<Layers>
			<Layer>
			<FontString name="Text_Button3" inherits="Text_Button">
				<Anchors>
					<Anchor point="TOP"/>
				</Anchors>
			</FontString>
		</Layer>	
	</Layers>
	</CheckButton>
	
	<CheckButton name="AutoHideBarButton4" inherits="AutoHideBarButtonTemplate" parent="AutoHideBar_Button_Template">
		<Anchors>
			<Anchor point="LEFT" relativeTo="AutoHideBarButton3" relativePoint="RIGHT">
				<Offset>
					<AbsDimension x="4" y="0"/>
				</Offset>
			</Anchor>
		</Anchors>
		
		<Layers>
			<Layer>
			<FontString name="Text_Button4" inherits="Text_Button">
				<Anchors>
					<Anchor point="TOP"/>
				</Anchors>
			</FontString>
		</Layer>	
	</Layers>
	</CheckButton>
	
	<CheckButton name="AutoHideBarButton5" inherits="AutoHideBarButtonTemplate" parent="AutoHideBar_Button_Template">
		<Anchors>
			<Anchor point="LEFT" relativeTo="AutoHideBarButton4" relativePoint="RIGHT">
				<Offset>
					<AbsDimension x="4" y="0"/>
				</Offset>
			</Anchor>
		</Anchors>
		
		<Layers>
			<Layer>
			<FontString name="Text_Button5" inherits="Text_Button">
				<Anchors>
					<Anchor point="TOP"/>
				</Anchors>
			</FontString>
		</Layer>	
	</Layers>
	</CheckButton>
	
	<CheckButton name="AutoHideBarButton6" inherits="AutoHideBarButtonTemplate" parent="AutoHideBar_Button_Template">
		<Anchors>
			<Anchor point="TOP" relativeTo="AutoHideBarButton1" relativePoint="BOTTOM">
				<Offset>
					<AbsDimension x="0" y="-4"/>
				</Offset>
			</Anchor>		
		</Anchors>
		
		<Layers>
			<Layer>
			<FontString name="Text_Button6" inherits="Text_Button">
				<Anchors>
					<Anchor point="TOP"/>
				</Anchors>
			</FontString>
		</Layer>	
	</Layers>
	</CheckButton>
	
	<CheckButton name="AutoHideBarButton7" inherits="AutoHideBarButtonTemplate" parent="AutoHideBar_Button_Template">
		<Anchors>
			<Anchor point="LEFT" relativeTo="AutoHideBarButton6" relativePoint="RIGHT">
				<Offset>
					<AbsDimension x="4" y="0"/>
				</Offset>
			</Anchor>
		</Anchors>
		
		<Layers>
			<Layer>
			<FontString name="Text_Button7" inherits="Text_Button">
				<Anchors>
					<Anchor point="TOP"/>
				</Anchors>
			</FontString>
		</Layer>	
	</Layers>
	</CheckButton>
	
	<CheckButton name="AutoHideBarButton8" inherits="AutoHideBarButtonTemplate" parent="AutoHideBar_Button_Template">
		<Anchors>
			<Anchor point="LEFT" relativeTo="AutoHideBarButton7" relativePoint="RIGHT">
				<Offset>
					<AbsDimension x="4" y="0"/>
				</Offset>
			</Anchor>
		</Anchors>
		
		<Layers>
			<Layer>
			<FontString name="Text_Button8" inherits="Text_Button">
				<Anchors>
					<Anchor point="TOP"/>
				</Anchors>
			</FontString>
		</Layer>	
	</Layers>
	</CheckButton>
	
	<CheckButton name="AutoHideBarButton9" inherits="AutoHideBarButtonTemplate" parent="AutoHideBar_Button_Template">
		<Anchors>
			<Anchor point="LEFT" relativeTo="AutoHideBarButton8" relativePoint="RIGHT">
				<Offset>
					<AbsDimension x="4" y="0"/>
				</Offset>
			</Anchor>
		</Anchors>
		
		<Layers>
			<Layer>
			<FontString name="Text_Button9" inherits="Text_Button">
				<Anchors>
					<Anchor point="TOP"/>
				</Anchors>
			</FontString>
		</Layer>	
	</Layers>
	</CheckButton>
	
	<CheckButton name="AutoHideBarButton10" inherits="AutoHideBarButtonTemplate" parent="AutoHideBar_Button_Template">
		<Anchors>
			<Anchor point="LEFT" relativeTo="AutoHideBarButton9" relativePoint="RIGHT">
				<Offset>
					<AbsDimension x="4" y="0"/>
				</Offset>
			</Anchor>
		</Anchors>
		
		<Layers>
			<Layer>
			<FontString name="Text_Button10" inherits="Text_Button">
				<Anchors>
					<Anchor point="TOP"/>
				</Anchors>
			</FontString>
		</Layer>	
	</Layers>
	</CheckButton>
	
	<CheckButton name="AutoHideBarButton11" inherits="AutoHideBarButtonTemplate" parent="AutoHideBar_Button_Template">
		<Anchors>
			<Anchor point="TOP" relativeTo="AutoHideBarButton6" relativePoint="BOTTOM">
				<Offset>
					<AbsDimension x="0" y="-4"/>
				</Offset>
			</Anchor>
		</Anchors>
		
		<Layers>
			<Layer>
			<FontString name="Text_Button11" inherits="Text_Button">
				<Anchors>
					<Anchor point="TOP"/>
				</Anchors>
			</FontString>
		</Layer>	
	</Layers>
	</CheckButton>
	
	<CheckButton name="AutoHideBarButton12" inherits="AutoHideBarButtonTemplate" parent="AutoHideBar_Button_Template">
		<Anchors>
			<Anchor point="LEFT" relativeTo="AutoHideBarButton11" relativePoint="RIGHT">
				<Offset>
					<AbsDimension x="4" y="0"/>
				</Offset>
			</Anchor>
		</Anchors>
		
		<Layers>
			<Layer>
			<FontString name="Text_Button12" inherits="Text_Button">
				<Anchors>
					<Anchor point="TOP"/>
				</Anchors>
			</FontString>
		</Layer>	
	</Layers>
	</CheckButton>
	
	<CheckButton name="AutoHideBarButton13" inherits="AutoHideBarButtonTemplate" parent="AutoHideBar_Button_Template">
		<Anchors>
			<Anchor point="LEFT" relativeTo="AutoHideBarButton12" relativePoint="RIGHT">
			
				<Offset>
					<AbsDimension x="4" y="0"/>
				</Offset>
			</Anchor>
		</Anchors>
		
		<Layers>
			<Layer>
			<FontString name="Text_Button13" inherits="Text_Button">
				<Anchors>
					<Anchor point="TOP"/>
				</Anchors>
			</FontString>
		</Layer>	
	</Layers>
	</CheckButton>
	
	<CheckButton name="AutoHideBarButton14" inherits="AutoHideBarButtonTemplate" parent="AutoHideBar_Button_Template">
		<Anchors>
			<Anchor point="LEFT" relativeTo="AutoHideBarButton13" relativePoint="RIGHT">
				<Offset>
					<AbsDimension x="4" y="0"/>
				</Offset>
			</Anchor>
		</Anchors>
		
		<Layers>
			<Layer>
			<FontString name="Text_Button14" inherits="Text_Button">
				<Anchors>
					<Anchor point="TOP"/>
				</Anchors>
			</FontString>
		</Layer>	
	</Layers>
	</CheckButton>
	
	<CheckButton name="AutoHideBarButton15" inherits="AutoHideBarButtonTemplate" parent="AutoHideBar_Button_Template">
		<Anchors>
			<Anchor point="LEFT" relativeTo="AutoHideBarButton14" relativePoint="RIGHT">
				<Offset>
					<AbsDimension x="4" y="0"/>
				</Offset>
			</Anchor>
		</Anchors>
		
		<Layers>
			<Layer>
			<FontString name="Text_Button15" inherits="Text_Button">
				<Anchors>
					<Anchor point="TOP"/>
				</Anchors>
			</FontString>
		</Layer>	
	</Layers>
	</CheckButton>
	
	<CheckButton name="AutoHideBarButton16" inherits="AutoHideBarButtonTemplate" parent="AutoHideBar_Button_Template">
		<Anchors>
			<Anchor point="TOP" relativeTo="AutoHideBarButton11" relativePoint="BOTTOM">
				<Offset>
					<AbsDimension x="0" y="-4"/>
				</Offset>
			</Anchor>
		</Anchors>
		
		<Layers>
			<Layer>
			<FontString name="Text_Button16" inherits="Text_Button">
				<Anchors>
					<Anchor point="TOP"/>
				</Anchors>
			</FontString>
		</Layer>	
	</Layers>
	</CheckButton>
	
	<CheckButton name="AutoHideBarButton17" inherits="AutoHideBarButtonTemplate" parent="AutoHideBar_Button_Template">
		<Anchors>
			<Anchor point="LEFT" relativeTo="AutoHideBarButton16" relativePoint="RIGHT">
				<Offset>
					<AbsDimension x="4" y="0"/>
				</Offset>
			</Anchor>
		</Anchors>
		
		<Layers>
			<Layer>
			<FontString name="Text_Button17" inherits="Text_Button">
				<Anchors>
					<Anchor point="TOP"/>
				</Anchors>
			</FontString>
		</Layer>	
	</Layers>
	</CheckButton>
	
	<CheckButton name="AutoHideBarButton18" inherits="AutoHideBarButtonTemplate" parent="AutoHideBar_Button_Template">
		<Anchors>
			<Anchor point="LEFT" relativeTo="AutoHideBarButton17" relativePoint="RIGHT">
				<Offset>
					<AbsDimension x="4" y="0"/>
				</Offset>
			</Anchor>
		</Anchors>
		
		<Layers>
			<Layer>
			<FontString name="Text_Button18" inherits="Text_Button">
				<Anchors>
					<Anchor point="TOP"/>
				</Anchors>
			</FontString>
		</Layer>	
	</Layers>
	</CheckButton>
	
	<CheckButton name="AutoHideBarButton19" inherits="AutoHideBarButtonTemplate" parent="AutoHideBar_Button_Template">
		<Anchors>
			<Anchor point="LEFT" relativeTo="AutoHideBarButton18" relativePoint="RIGHT">
				<Offset>
					<AbsDimension x="4" y="0"/>
				</Offset>
			</Anchor>
		</Anchors>
		
		<Layers>
			<Layer>
			<FontString name="Text_Button19" inherits="Text_Button">
				<Anchors>
					<Anchor point="TOP"/>
				</Anchors>
			</FontString>
		</Layer>	
	</Layers>
	</CheckButton>
	
	<CheckButton name="AutoHideBarButton20" inherits="AutoHideBarButtonTemplate" parent="AutoHideBar_Button_Template">
		<Anchors>
			<Anchor point="LEFT" relativeTo="AutoHideBarButton19" relativePoint="RIGHT">
				<Offset>
					<AbsDimension x="4" y="0"/>
				</Offset>
			</Anchor>
		</Anchors>
		
		<Layers>
			<Layer>
			<FontString name="Text_Button20" inherits="Text_Button">
				<Anchors>
					<Anchor point="TOP"/>
				</Anchors>
			</FontString>
		</Layer>	
	</Layers>
	</CheckButton>
</Ui>