<Bindings>
	<Binding name="AUTOHIDEBAR1" header="HIDEBAR">
		AutoHideBar_Binding_show();
	</Binding>
	<Binding name="AUTOHIDEBAR2" header="HIDEBAR">
		AutoHideBar_showkey();
	</Binding>
	<Binding name="AUTOHIDEBAR3" header="HIDEBAR">
		AutoHideBar_openhide();
	</Binding>
	<Binding name="AUTOHIDEBARBUTTON1" runonUp="true">
  		AutoHideBar_key_binding(1)
 	</Binding>
  	<Binding name="AUTOHIDEBARBUTTON2" runonUp="true">
  		AutoHideBar_key_binding(2)
  	</Binding>
  	<Binding name="AUTOHIDEBARBUTTON3" runonUp="true">
  		AutoHideBar_key_binding(3)
  	</Binding>
  	<Binding name="AUTOHIDEBARBUTTON4" runonUp="true">
 		AutoHideBar_key_binding(4)
  	</Binding>
  	<Binding name="AUTOHIDEBARBUTTON5" runonUp="true">
 		AutoHideBar_key_binding(5)
  	</Binding>
  	<Binding name="AUTOHIDEBARBUTTON6" runonUp="true">
 		AutoHideBar_key_binding(6)
 	</Binding>
  	<Binding name="AUTOHIDEBARBUTTON7" runonUp="true">
  		AutoHideBar_key_binding(7)
  	</Binding>
  	<Binding name="AUTOHIDEBARBUTTON8" runonUp="true">
  		AutoHideBar_key_binding(8)
  	</Binding>
  	<Binding name="AUTOHIDEBARBUTTON9" runonUp="true">
 		AutoHideBar_key_binding(9)
  	</Binding>
  	<Binding name="AUTOHIDEBARBUTTON10" runonUp="true">
  		AutoHideBar_key_binding(10)
  	</Binding>
  	<Binding name="AUTOHIDEBARBUTTON11" runonUp="true">
 		AutoHideBar_key_binding(11)
  	</Binding>
  	<Binding name="AUTOHIDEBARBUTTON12" runonUp="true">
 		AutoHideBar_key_binding(12)
  	</Binding>
  	<Binding name="AUTOHIDEBARBUTTON13" runonUp="true">
  		AutoHideBar_key_binding(13)
  	</Binding>
  	<Binding name="AUTOHIDEBARBUTTON14" runonUp="true">
 	 	AutoHideBar_key_binding(14)
  	</Binding>
  	<Binding name="AUTOHIDEBARBUTTON15" runonUp="true">
 		AutoHideBar_key_binding(15)
  	</Binding>
  	<Binding name="AUTOHIDEBARBUTTON16" runonUp="true">
   		AutoHideBar_key_binding(16)
  	</Binding>
  	<Binding name="AUTOHIDEBARBUTTON17" runonUp="true">
 		AutoHideBar_key_binding(17)
  	</Binding>
  	<Binding name="AUTOHIDEBARBUTTON18" runonUp="true">
 		AutoHideBar_key_binding(18)
  	</Binding>
  	<Binding name="AUTOHIDEBARBUTTON19" runonUp="true">
 		AutoHideBar_key_binding(19)
  	</Binding>
  	<Binding name="AUTOHIDEBARBUTTON20" runonUp="true">
		AutoHideBar_key_binding(20)
  	</Binding>	
</Bindings>