<Ui xmlns="http://www.blizzard.com/wow/ui/" xmlns:xsi="http://www.w3.org/2001/XMLSchema-instance" xsi:schemaLocation="http://www.blizzard.com/wow/ui/
..\FrameXML\UI.xsd">
	<Script file="Minesweeper.lua"/>
	
	<Button name="MinesweeperButtonTemplate" virtual="true">
		<Size>
  			<AbsDimension x="16" y="16" /> 
		</Size>

		
		<NormalText inherits="GameFontNormalSmall" /> 
		<!--
		<DisabledText inherits="GameFontDisableSmall" /> 
		<HighlightText inherits="GameFontHighlightSmall" />
		-->
		
		<Layers>
			<Layer level="ARTWORK">
				<Texture name="$ParentTexture">
					<Size>
						<AbsDimension x="16" y="16"/>
					</Size>
					<Anchors>
						<Anchor point="TOPLEFT">
							<Offset>
								<AbsDimension x="0" y="0"/>
							</Offset>
						</Anchor>
					</Anchors>
				 
				</Texture>
			</Layer>

			<Layer level="OVERLAY">
				<Texture name="$ParentTextureOverlay">
					<Size>
						<AbsDimension x="16" y="16"/>
					</Size>
					<Anchors>
						<Anchor point="TOPLEFT">
							<Offset>
								<AbsDimension x="0" y="0"/>
							</Offset>
						</Anchor>
					</Anchors>
				 
				</Texture>
			</Layer>
		</Layers>

		<Scripts>
			<OnClick>
				MS_OnClick(this:GetID());
			</OnClick>
		</Scripts>
				
	</Button>

	<Frame name="MinesweeperFrame" movable="true" hidden="true" parent="UIParent">
		<Size>
			<AbsDimension x="154" y="200"/>
		</Size>

		<Anchors>
			<Anchor point="TOPLEFT">
				<Offset>
					<AbsDimension x="100" y="-200"/>
				</Offset>
			</Anchor>
		</Anchors>

		
		<Backdrop bgFile="Interface\DialogFrame\UI-DialogBox-Background" edgeFile="Interface\DialogFrame\UI-DialogBox-Border" tile="true">
			<EdgeSize>
				<AbsValue val="16"/>
			</EdgeSize>
			<TileSize>
				<AbsValue val="16"/>
			</TileSize>
			<BackgroundInsets>
				<AbsInset left="5" right="5" top="5" bottom="5"/>
			</BackgroundInsets>
		</Backdrop>
		

		<Layers>
			<Layer level="ARTWORK">
				<Texture file="Interface\AddOns\Minesweeper\Button2">
					<Size>
						<AbsDimension x="148" y="16"/>
					</Size>
					<Anchors>
						<Anchor point="TOPLEFT">
							<Offset>
								<AbsDimension x="4" y="-4"/>
							</Offset>
						</Anchor>
					</Anchors>
				 
				</Texture>

				<Texture file="Interface\AddOns\Minesweeper\Button2">
					<Size>
						<AbsDimension x="148" y="16"/>
					</Size>
					<Anchors>
						<Anchor point="TOPLEFT">
							<Offset>
								<AbsDimension x="4" y="-36"/>
							</Offset>
						</Anchor>
					</Anchors>
				 
				</Texture>
			</Layer> 

			<Layer level="OVERLAY">
				
				<FontString inherits="GameFontNormalSmall" text="Goblin Minesweeper">
					<Anchors>
						<Anchor point="TOP">
							<Offset>
								<AbsDimension x="0" y="-6"/>
							</Offset>
						</Anchor>
					</Anchors>
					<Color r="0" g="1" b="0" a="1"/>
				</FontString>	
			</Layer>
		</Layers>
		<Frames>


			<Button name="MS_ResetButton" parent="MinesweeperFrame" text="Reset">
				<Size>
					<AbsDimension x="100" y="16"/>
				</Size>
				<Anchors>
					<Anchor point="TOPLEFT">
						<Offset>
							<AbsDimension x="4" y="-20" /> 
						</Offset>
					</Anchor>
				</Anchors>
				
				<NormalText inherits="GameFontNormalSmall"/> 
				<DisabledText inherits="GameFontDisableSmall"/> 
				<HighlightText inherits="GameFontHighlightSmall"/>

				<Layers>
					<Layer level="ARTWORK">
						<Texture file="Interface\AddOns\Minesweeper\Button2">
							<Size>
								<AbsDimension x="100" y="16"/>
							</Size>
							<Anchors>
								<Anchor point="TOPLEFT">
									<Offset>
										<AbsDimension x="0" y="0"/>
									</Offset>
								</Anchor>
							</Anchors>
					 
						</Texture>
					</Layer> 
				</Layers>

				<Scripts>
					<OnClick>
						MS_CreateMatrix();
					</OnClick>
				</Scripts>
			</Button>

			<Button name="MS_CloseButton" parent="MinesweeperFrame" text="Close">
				<Size>
					<AbsDimension x="48" y="16"/>
				</Size>
				<Anchors>
					<Anchor point="TOPLEFT">
						<Offset>
							<AbsDimension x="102" y="-20" /> 
						</Offset>
					</Anchor>
				</Anchors>
				
				<NormalText inherits="GameFontNormalSmall"/> 
				<DisabledText inherits="GameFontDisableSmall"/> 
				<HighlightText inherits="GameFontHighlightSmall"/>

				<Layers>
					<Layer level="ARTWORK">
						<Texture file="Interface\AddOns\Minesweeper\Button2">
							<Size>
								<AbsDimension x="48" y="16"/>
							</Size>
							<Anchors>
								<Anchor point="TOPLEFT">
									<Offset>
										<AbsDimension x="0" y="0"/>
									</Offset>
								</Anchor>
							</Anchors>
					 
						</Texture>
					</Layer> 
				</Layers>

				<Scripts>
					<OnClick>
						PlaySoundFile("Sound\\Creature\\GoblinMaleZanyNPC\\GoblinMaleZanyNPCFarewell03.wav");
						MinesweeperFrame:Hide();
					</OnClick>
				</Scripts>
			</Button>

<!-- First row -->
			<Button name="MSButton1" parent="MinesweeperFrame" inherits="MinesweeperButtonTemplate" id="1">
	
				<Anchors>
					<Anchor point="TOPLEFT">
						<Offset>
							<AbsDimension x="6" y="-51" /> 
						</Offset>
					</Anchor>
				</Anchors>
			</Button>

			<Button name="MSButton2" parent="MinesweeperFrame" inherits="MinesweeperButtonTemplate" id="2">
	
				<Anchors>
					<Anchor point="TOPLEFT" relativeTo="MSButton1">
						<Offset>
							<AbsDimension x="16" y="0" /> 
						</Offset>
					</Anchor>
				</Anchors>
			</Button>

			<Button name="MSButton3" parent="MinesweeperFrame" inherits="MinesweeperButtonTemplate" id="3">
	
				<Anchors>
					<Anchor point="TOPLEFT" relativeTo="MSButton2">
						<Offset>
							<AbsDimension x="16" y="0" /> 
						</Offset>
					</Anchor>
				</Anchors>
			</Button>

			<Button name="MSButton4" parent="MinesweeperFrame" inherits="MinesweeperButtonTemplate" id="4">
	
				<Anchors>
					<Anchor point="TOPLEFT" relativeTo="MSButton3">
						<Offset>
							<AbsDimension x="16" y="0" /> 
						</Offset>
					</Anchor>
				</Anchors>
			</Button>

			<Button name="MSButton5" parent="MinesweeperFrame" inherits="MinesweeperButtonTemplate" id="5">
	
				<Anchors>
					<Anchor point="TOPLEFT" relativeTo="MSButton4">
						<Offset>
							<AbsDimension x="16" y="0" /> 
						</Offset>
					</Anchor>
				</Anchors>
			</Button>

			<Button name="MSButton6" parent="MinesweeperFrame" inherits="MinesweeperButtonTemplate" id="6">
	
				<Anchors>
					<Anchor point="TOPLEFT" relativeTo="MSButton5">
						<Offset>
							<AbsDimension x="16" y="0" /> 
						</Offset>
					</Anchor>
				</Anchors>
			</Button>

			<Button name="MSButton7" parent="MinesweeperFrame" inherits="MinesweeperButtonTemplate" id="7">
	
				<Anchors>
					<Anchor point="TOPLEFT" relativeTo="MSButton6">
						<Offset>
							<AbsDimension x="16" y="0" /> 
						</Offset>
					</Anchor>
				</Anchors>
			</Button>

			<Button name="MSButton8" parent="MinesweeperFrame" inherits="MinesweeperButtonTemplate" id="8">
	
				<Anchors>
					<Anchor point="TOPLEFT" relativeTo="MSButton7">
						<Offset>
							<AbsDimension x="16" y="0" /> 
						</Offset>
					</Anchor>
				</Anchors>
			</Button>

			<Button name="MSButton9" parent="MinesweeperFrame" inherits="MinesweeperButtonTemplate" id="9">
	
				<Anchors>
					<Anchor point="TOPLEFT" relativeTo="MSButton8">
						<Offset>
							<AbsDimension x="16" y="0" /> 
						</Offset>
					</Anchor>
				</Anchors>
			</Button>

<!-- Second row -->
			<Button name="MSButton10" parent="MinesweeperFrame" inherits="MinesweeperButtonTemplate" id="10">
	
				<Anchors>
					<Anchor point="TOPLEFT" relativeTo="MSButton1">
						<Offset>
							<AbsDimension x="0" y="-16" /> 
						</Offset>
					</Anchor>
				</Anchors>
			</Button>

			<Button name="MSButton11" parent="MinesweeperFrame" inherits="MinesweeperButtonTemplate" id="11">
	
				<Anchors>
					<Anchor point="TOPLEFT" relativeTo="MSButton10">
						<Offset>
							<AbsDimension x="16" y="0" /> 
						</Offset>
					</Anchor>
				</Anchors>
			</Button>

			<Button name="MSButton12" parent="MinesweeperFrame" inherits="MinesweeperButtonTemplate" id="12">
	
				<Anchors>
					<Anchor point="TOPLEFT" relativeTo="MSButton11">
						<Offset>
							<AbsDimension x="16" y="0" /> 
						</Offset>
					</Anchor>
				</Anchors>
			</Button>

			<Button name="MSButton13" parent="MinesweeperFrame" inherits="MinesweeperButtonTemplate" id="13">
	
				<Anchors>
					<Anchor point="TOPLEFT" relativeTo="MSButton12">
						<Offset>
							<AbsDimension x="16" y="0" /> 
						</Offset>
					</Anchor>
				</Anchors>
			</Button>

			<Button name="MSButton14" parent="MinesweeperFrame" inherits="MinesweeperButtonTemplate" id="14">
	
				<Anchors>
					<Anchor point="TOPLEFT" relativeTo="MSButton13">
						<Offset>
							<AbsDimension x="16" y="0" /> 
						</Offset>
					</Anchor>
				</Anchors>
			</Button>

			<Button name="MSButton15" parent="MinesweeperFrame" inherits="MinesweeperButtonTemplate" id="15">
	
				<Anchors>
					<Anchor point="TOPLEFT" relativeTo="MSButton14">
						<Offset>
							<AbsDimension x="16" y="0" /> 
						</Offset>
					</Anchor>
				</Anchors>
			</Button>

			<Button name="MSButton16" parent="MinesweeperFrame" inherits="MinesweeperButtonTemplate" id="16">
	
				<Anchors>
					<Anchor point="TOPLEFT" relativeTo="MSButton15">
						<Offset>
							<AbsDimension x="16" y="0" /> 
						</Offset>
					</Anchor>
				</Anchors>
			</Button>

			<Button name="MSButton17" parent="MinesweeperFrame" inherits="MinesweeperButtonTemplate" id="17">
	
				<Anchors>
					<Anchor point="TOPLEFT" relativeTo="MSButton16">
						<Offset>
							<AbsDimension x="16" y="0" /> 
						</Offset>
					</Anchor>
				</Anchors>
			</Button>

			<Button name="MSButton18" parent="MinesweeperFrame" inherits="MinesweeperButtonTemplate" id="18">
	
				<Anchors>
					<Anchor point="TOPLEFT" relativeTo="MSButton17">
						<Offset>
							<AbsDimension x="16" y="0" /> 
						</Offset>
					</Anchor>
				</Anchors>
			</Button>

<!-- Third row -->
			<Button name="MSButton19" parent="MinesweeperFrame" inherits="MinesweeperButtonTemplate" id="19">
	
				<Anchors>
					<Anchor point="TOPLEFT" relativeTo="MSButton10">
						<Offset>
							<AbsDimension x="0" y="-16" /> 
						</Offset>
					</Anchor>
				</Anchors>
			</Button>

			<Button name="MSButton20" parent="MinesweeperFrame" inherits="MinesweeperButtonTemplate" id="20">
	
				<Anchors>
					<Anchor point="TOPLEFT" relativeTo="MSButton19">
						<Offset>
							<AbsDimension x="16" y="0" /> 
						</Offset>
					</Anchor>
				</Anchors>
			</Button>

			<Button name="MSButton21" parent="MinesweeperFrame" inherits="MinesweeperButtonTemplate" id="21">
	
				<Anchors>
					<Anchor point="TOPLEFT" relativeTo="MSButton20">
						<Offset>
							<AbsDimension x="16" y="0" /> 
						</Offset>
					</Anchor>
				</Anchors>
			</Button>

			<Button name="MSButton22" parent="MinesweeperFrame" inherits="MinesweeperButtonTemplate" id="22">
	
				<Anchors>
					<Anchor point="TOPLEFT" relativeTo="MSButton21">
						<Offset>
							<AbsDimension x="16" y="0" /> 
						</Offset>
					</Anchor>
				</Anchors>
			</Button>

			<Button name="MSButton23" parent="MinesweeperFrame" inherits="MinesweeperButtonTemplate" id="23">
	
				<Anchors>
					<Anchor point="TOPLEFT" relativeTo="MSButton22">
						<Offset>
							<AbsDimension x="16" y="0" /> 
						</Offset>
					</Anchor>
				</Anchors>
			</Button>

			<Button name="MSButton24" parent="MinesweeperFrame" inherits="MinesweeperButtonTemplate" id="24">
	
				<Anchors>
					<Anchor point="TOPLEFT" relativeTo="MSButton23">
						<Offset>
							<AbsDimension x="16" y="0" /> 
						</Offset>
					</Anchor>
				</Anchors>
			</Button>

			<Button name="MSButton25" parent="MinesweeperFrame" inherits="MinesweeperButtonTemplate" id="25">
	
				<Anchors>
					<Anchor point="TOPLEFT" relativeTo="MSButton24">
						<Offset>
							<AbsDimension x="16" y="0" /> 
						</Offset>
					</Anchor>
				</Anchors>
			</Button>

			<Button name="MSButton26" parent="MinesweeperFrame" inherits="MinesweeperButtonTemplate" id="26">
	
				<Anchors>
					<Anchor point="TOPLEFT" relativeTo="MSButton25">
						<Offset>
							<AbsDimension x="16" y="0" /> 
						</Offset>
					</Anchor>
				</Anchors>
			</Button>

			<Button name="MSButton27" parent="MinesweeperFrame" inherits="MinesweeperButtonTemplate" id="27">
	
				<Anchors>
					<Anchor point="TOPLEFT" relativeTo="MSButton26">
						<Offset>
							<AbsDimension x="16" y="0" /> 
						</Offset>
					</Anchor>
				</Anchors>
			</Button>



<!-- Fourth row -->
			<Button name="MSButton28" parent="MinesweeperFrame" inherits="MinesweeperButtonTemplate" id="28">
	
				<Anchors>
					<Anchor point="TOPLEFT" relativeTo="MSButton19">
						<Offset>
							<AbsDimension x="0" y="-16" /> 
						</Offset>
					</Anchor>
				</Anchors>
			</Button>

			<Button name="MSButton29" parent="MinesweeperFrame" inherits="MinesweeperButtonTemplate" id="29">
	
				<Anchors>
					<Anchor point="TOPLEFT" relativeTo="MSButton28">
						<Offset>
							<AbsDimension x="16" y="0" /> 
						</Offset>
					</Anchor>
				</Anchors>
			</Button>

			<Button name="MSButton30" parent="MinesweeperFrame" inherits="MinesweeperButtonTemplate" id="30">
	
				<Anchors>
					<Anchor point="TOPLEFT" relativeTo="MSButton29">
						<Offset>
							<AbsDimension x="16" y="0" /> 
						</Offset>
					</Anchor>
				</Anchors>
			</Button>

			<Button name="MSButton31" parent="MinesweeperFrame" inherits="MinesweeperButtonTemplate" id="31">
	
				<Anchors>
					<Anchor point="TOPLEFT" relativeTo="MSButton30">
						<Offset>
							<AbsDimension x="16" y="0" /> 
						</Offset>
					</Anchor>
				</Anchors>
			</Button>

			<Button name="MSButton32" parent="MinesweeperFrame" inherits="MinesweeperButtonTemplate" id="32">
	
				<Anchors>
					<Anchor point="TOPLEFT" relativeTo="MSButton31">
						<Offset>
							<AbsDimension x="16" y="0" /> 
						</Offset>
					</Anchor>
				</Anchors>
			</Button>

			<Button name="MSButton33" parent="MinesweeperFrame" inherits="MinesweeperButtonTemplate" id="33">
	
				<Anchors>
					<Anchor point="TOPLEFT" relativeTo="MSButton32">
						<Offset>
							<AbsDimension x="16" y="0" /> 
						</Offset>
					</Anchor>
				</Anchors>
			</Button>

			<Button name="MSButton34" parent="MinesweeperFrame" inherits="MinesweeperButtonTemplate" id="34">
	
				<Anchors>
					<Anchor point="TOPLEFT" relativeTo="MSButton33">
						<Offset>
							<AbsDimension x="16" y="0" /> 
						</Offset>
					</Anchor>
				</Anchors>
			</Button>

			<Button name="MSButton35" parent="MinesweeperFrame" inherits="MinesweeperButtonTemplate" id="35">
	
				<Anchors>
					<Anchor point="TOPLEFT" relativeTo="MSButton34">
						<Offset>
							<AbsDimension x="16" y="0" /> 
						</Offset>
					</Anchor>
				</Anchors>
			</Button>

			<Button name="MSButton36" parent="MinesweeperFrame" inherits="MinesweeperButtonTemplate" id="36">
	
				<Anchors>
					<Anchor point="TOPLEFT" relativeTo="MSButton35">
						<Offset>
							<AbsDimension x="16" y="0" /> 
						</Offset>
					</Anchor>
				</Anchors>
			</Button>



<!-- Fifth row -->
			<Button name="MSButton37" parent="MinesweeperFrame" inherits="MinesweeperButtonTemplate" id="37">
	
				<Anchors>
					<Anchor point="TOPLEFT" relativeTo="MSButton28">
						<Offset>
							<AbsDimension x="0" y="-16" /> 
						</Offset>
					</Anchor>
				</Anchors>
			</Button>

			<Button name="MSButton38" parent="MinesweeperFrame" inherits="MinesweeperButtonTemplate" id="38">
	
				<Anchors>
					<Anchor point="TOPLEFT" relativeTo="MSButton37">
						<Offset>
							<AbsDimension x="16" y="0" /> 
						</Offset>
					</Anchor>
				</Anchors>
			</Button>

			<Button name="MSButton39" parent="MinesweeperFrame" inherits="MinesweeperButtonTemplate" id="39">
	
				<Anchors>
					<Anchor point="TOPLEFT" relativeTo="MSButton38">
						<Offset>
							<AbsDimension x="16" y="0" /> 
						</Offset>
					</Anchor>
				</Anchors>
			</Button>

			<Button name="MSButton40" parent="MinesweeperFrame" inherits="MinesweeperButtonTemplate" id="40">
	
				<Anchors>
					<Anchor point="TOPLEFT" relativeTo="MSButton39">
						<Offset>
							<AbsDimension x="16" y="0" /> 
						</Offset>
					</Anchor>
				</Anchors>
			</Button>

			<Button name="MSButton41" parent="MinesweeperFrame" inherits="MinesweeperButtonTemplate" id="41">
	
				<Anchors>
					<Anchor point="TOPLEFT" relativeTo="MSButton40">
						<Offset>
							<AbsDimension x="16" y="0" /> 
						</Offset>
					</Anchor>
				</Anchors>
			</Button>

			<Button name="MSButton42" parent="MinesweeperFrame" inherits="MinesweeperButtonTemplate" id="42">
	
				<Anchors>
					<Anchor point="TOPLEFT" relativeTo="MSButton41">
						<Offset>
							<AbsDimension x="16" y="0" /> 
						</Offset>
					</Anchor>
				</Anchors>
			</Button>

			<Button name="MSButton43" parent="MinesweeperFrame" inherits="MinesweeperButtonTemplate" id="43">
	
				<Anchors>
					<Anchor point="TOPLEFT" relativeTo="MSButton42">
						<Offset>
							<AbsDimension x="16" y="0" /> 
						</Offset>
					</Anchor>
				</Anchors>
			</Button>

			<Button name="MSButton44" parent="MinesweeperFrame" inherits="MinesweeperButtonTemplate" id="44">
	
				<Anchors>
					<Anchor point="TOPLEFT" relativeTo="MSButton43">
						<Offset>
							<AbsDimension x="16" y="0" /> 
						</Offset>
					</Anchor>
				</Anchors>
			</Button>

			<Button name="MSButton45" parent="MinesweeperFrame" inherits="MinesweeperButtonTemplate" id="45">
	
				<Anchors>
					<Anchor point="TOPLEFT" relativeTo="MSButton44">
						<Offset>
							<AbsDimension x="16" y="0" /> 
						</Offset>
					</Anchor>
				</Anchors>
			</Button>



<!-- Sixth row -->
			<Button name="MSButton46" parent="MinesweeperFrame" inherits="MinesweeperButtonTemplate" id="46">
	
				<Anchors>
					<Anchor point="TOPLEFT" relativeTo="MSButton37">
						<Offset>
							<AbsDimension x="0" y="-16" /> 
						</Offset>
					</Anchor>
				</Anchors>
			</Button>

			<Button name="MSButton47" parent="MinesweeperFrame" inherits="MinesweeperButtonTemplate" id="47">
	
				<Anchors>
					<Anchor point="TOPLEFT" relativeTo="MSButton46">
						<Offset>
							<AbsDimension x="16" y="0" /> 
						</Offset>
					</Anchor>
				</Anchors>
			</Button>

			<Button name="MSButton48" parent="MinesweeperFrame" inherits="MinesweeperButtonTemplate" id="48">
	
				<Anchors>
					<Anchor point="TOPLEFT" relativeTo="MSButton47">
						<Offset>
							<AbsDimension x="16" y="0" /> 
						</Offset>
					</Anchor>
				</Anchors>
			</Button>

			<Button name="MSButton49" parent="MinesweeperFrame" inherits="MinesweeperButtonTemplate" id="49">
	
				<Anchors>
					<Anchor point="TOPLEFT" relativeTo="MSButton48">
						<Offset>
							<AbsDimension x="16" y="0" /> 
						</Offset>
					</Anchor>
				</Anchors>
			</Button>

			<Button name="MSButton50" parent="MinesweeperFrame" inherits="MinesweeperButtonTemplate" id="50">
	
				<Anchors>
					<Anchor point="TOPLEFT" relativeTo="MSButton49">
						<Offset>
							<AbsDimension x="16" y="0" /> 
						</Offset>
					</Anchor>
				</Anchors>
			</Button>

			<Button name="MSButton51" parent="MinesweeperFrame" inherits="MinesweeperButtonTemplate" id="51">
	
				<Anchors>
					<Anchor point="TOPLEFT" relativeTo="MSButton50">
						<Offset>
							<AbsDimension x="16" y="0" /> 
						</Offset>
					</Anchor>
				</Anchors>
			</Button>

			<Button name="MSButton52" parent="MinesweeperFrame" inherits="MinesweeperButtonTemplate" id="52">
	
				<Anchors>
					<Anchor point="TOPLEFT" relativeTo="MSButton51">
						<Offset>
							<AbsDimension x="16" y="0" /> 
						</Offset>
					</Anchor>
				</Anchors>
			</Button>

			<Button name="MSButton53" parent="MinesweeperFrame" inherits="MinesweeperButtonTemplate" id="53">
	
				<Anchors>
					<Anchor point="TOPLEFT" relativeTo="MSButton52">
						<Offset>
							<AbsDimension x="16" y="0" /> 
						</Offset>
					</Anchor>
				</Anchors>
			</Button>

			<Button name="MSButton54" parent="MinesweeperFrame" inherits="MinesweeperButtonTemplate" id="54">
	
				<Anchors>
					<Anchor point="TOPLEFT" relativeTo="MSButton53">
						<Offset>
							<AbsDimension x="16" y="0" /> 
						</Offset>
					</Anchor>
				</Anchors>
			</Button>



<!-- Seventh row -->
			<Button name="MSButton55" parent="MinesweeperFrame" inherits="MinesweeperButtonTemplate" id="55">
	
				<Anchors>
					<Anchor point="TOPLEFT" relativeTo="MSButton46">
						<Offset>
							<AbsDimension x="0" y="-16" /> 
						</Offset>
					</Anchor>
				</Anchors>
			</Button>

			<Button name="MSButton56" parent="MinesweeperFrame" inherits="MinesweeperButtonTemplate" id="56">
	
				<Anchors>
					<Anchor point="TOPLEFT" relativeTo="MSButton55">
						<Offset>
							<AbsDimension x="16" y="0" /> 
						</Offset>
					</Anchor>
				</Anchors>
			</Button>

			<Button name="MSButton57" parent="MinesweeperFrame" inherits="MinesweeperButtonTemplate" id="57">
	
				<Anchors>
					<Anchor point="TOPLEFT" relativeTo="MSButton56">
						<Offset>
							<AbsDimension x="16" y="0" /> 
						</Offset>
					</Anchor>
				</Anchors>
			</Button>

			<Button name="MSButton58" parent="MinesweeperFrame" inherits="MinesweeperButtonTemplate" id="58">
	
				<Anchors>
					<Anchor point="TOPLEFT" relativeTo="MSButton57">
						<Offset>
							<AbsDimension x="16" y="0" /> 
						</Offset>
					</Anchor>
				</Anchors>
			</Button>

			<Button name="MSButton59" parent="MinesweeperFrame" inherits="MinesweeperButtonTemplate" id="59">
	
				<Anchors>
					<Anchor point="TOPLEFT" relativeTo="MSButton58">
						<Offset>
							<AbsDimension x="16" y="0" /> 
						</Offset>
					</Anchor>
				</Anchors>
			</Button>

			<Button name="MSButton60" parent="MinesweeperFrame" inherits="MinesweeperButtonTemplate" id="60">
	
				<Anchors>
					<Anchor point="TOPLEFT" relativeTo="MSButton59">
						<Offset>
							<AbsDimension x="16" y="0" /> 
						</Offset>
					</Anchor>
				</Anchors>
			</Button>

			<Button name="MSButton61" parent="MinesweeperFrame" inherits="MinesweeperButtonTemplate" id="61">
	
				<Anchors>
					<Anchor point="TOPLEFT" relativeTo="MSButton60">
						<Offset>
							<AbsDimension x="16" y="0" /> 
						</Offset>
					</Anchor>
				</Anchors>
			</Button>

			<Button name="MSButton62" parent="MinesweeperFrame" inherits="MinesweeperButtonTemplate" id="62">
	
				<Anchors>
					<Anchor point="TOPLEFT" relativeTo="MSButton61">
						<Offset>
							<AbsDimension x="16" y="0" /> 
						</Offset>
					</Anchor>
				</Anchors>
			</Button>

			<Button name="MSButton63" parent="MinesweeperFrame" inherits="MinesweeperButtonTemplate" id="63">
	
				<Anchors>
					<Anchor point="TOPLEFT" relativeTo="MSButton62">
						<Offset>
							<AbsDimension x="16" y="0" /> 
						</Offset>
					</Anchor>
				</Anchors>
			</Button>



<!-- Eight row -->
			<Button name="MSButton64" parent="MinesweeperFrame" inherits="MinesweeperButtonTemplate" id="64">
	
				<Anchors>
					<Anchor point="TOPLEFT" relativeTo="MSButton55">
						<Offset>
							<AbsDimension x="0" y="-16" /> 
						</Offset>
					</Anchor>
				</Anchors>
			</Button>

			<Button name="MSButton65" parent="MinesweeperFrame" inherits="MinesweeperButtonTemplate" id="65">
	
				<Anchors>
					<Anchor point="TOPLEFT" relativeTo="MSButton64">
						<Offset>
							<AbsDimension x="16" y="0" /> 
						</Offset>
					</Anchor>
				</Anchors>
			</Button>

			<Button name="MSButton66" parent="MinesweeperFrame" inherits="MinesweeperButtonTemplate" id="66">
	
				<Anchors>
					<Anchor point="TOPLEFT" relativeTo="MSButton65">
						<Offset>
							<AbsDimension x="16" y="0" /> 
						</Offset>
					</Anchor>
				</Anchors>
			</Button>

			<Button name="MSButton67" parent="MinesweeperFrame" inherits="MinesweeperButtonTemplate" id="67">
	
				<Anchors>
					<Anchor point="TOPLEFT" relativeTo="MSButton66">
						<Offset>
							<AbsDimension x="16" y="0" /> 
						</Offset>
					</Anchor>
				</Anchors>
			</Button>

			<Button name="MSButton68" parent="MinesweeperFrame" inherits="MinesweeperButtonTemplate" id="68">
	
				<Anchors>
					<Anchor point="TOPLEFT" relativeTo="MSButton67">
						<Offset>
							<AbsDimension x="16" y="0" /> 
						</Offset>
					</Anchor>
				</Anchors>
			</Button>

			<Button name="MSButton69" parent="MinesweeperFrame" inherits="MinesweeperButtonTemplate" id="69">
	
				<Anchors>
					<Anchor point="TOPLEFT" relativeTo="MSButton68">
						<Offset>
							<AbsDimension x="16" y="0" /> 
						</Offset>
					</Anchor>
				</Anchors>
			</Button>

			<Button name="MSButton70" parent="MinesweeperFrame" inherits="MinesweeperButtonTemplate" id="70">
	
				<Anchors>
					<Anchor point="TOPLEFT" relativeTo="MSButton69">
						<Offset>
							<AbsDimension x="16" y="0" /> 
						</Offset>
					</Anchor>
				</Anchors>
			</Button>

			<Button name="MSButton71" parent="MinesweeperFrame" inherits="MinesweeperButtonTemplate" id="71">
	
				<Anchors>
					<Anchor point="TOPLEFT" relativeTo="MSButton70">
						<Offset>
							<AbsDimension x="16" y="0" /> 
						</Offset>
					</Anchor>
				</Anchors>
			</Button>

			<Button name="MSButton72" parent="MinesweeperFrame" inherits="MinesweeperButtonTemplate" id="72">
	
				<Anchors>
					<Anchor point="TOPLEFT" relativeTo="MSButton71">
						<Offset>
							<AbsDimension x="16" y="0" /> 
						</Offset>
					</Anchor>
				</Anchors>
			</Button>



<!-- Ninth row -->
			<Button name="MSButton73" parent="MinesweeperFrame" inherits="MinesweeperButtonTemplate" id="73">
	
				<Anchors>
					<Anchor point="TOPLEFT" relativeTo="MSButton64">
						<Offset>
							<AbsDimension x="0" y="-16" /> 
						</Offset>
					</Anchor>
				</Anchors>
			</Button>

			<Button name="MSButton74" parent="MinesweeperFrame" inherits="MinesweeperButtonTemplate" id="74">
	
				<Anchors>
					<Anchor point="TOPLEFT" relativeTo="MSButton73">
						<Offset>
							<AbsDimension x="16" y="0" /> 
						</Offset>
					</Anchor>
				</Anchors>
			</Button>

			<Button name="MSButton75" parent="MinesweeperFrame" inherits="MinesweeperButtonTemplate" id="75">
	
				<Anchors>
					<Anchor point="TOPLEFT" relativeTo="MSButton74">
						<Offset>
							<AbsDimension x="16" y="0" /> 
						</Offset>
					</Anchor>
				</Anchors>
			</Button>

			<Button name="MSButton76" parent="MinesweeperFrame" inherits="MinesweeperButtonTemplate" id="76">
	
				<Anchors>
					<Anchor point="TOPLEFT" relativeTo="MSButton75">
						<Offset>
							<AbsDimension x="16" y="0" /> 
						</Offset>
					</Anchor>
				</Anchors>
			</Button>

			<Button name="MSButton77" parent="MinesweeperFrame" inherits="MinesweeperButtonTemplate" id="77">
	
				<Anchors>
					<Anchor point="TOPLEFT" relativeTo="MSButton76">
						<Offset>
							<AbsDimension x="16" y="0" /> 
						</Offset>
					</Anchor>
				</Anchors>
			</Button>

			<Button name="MSButton78" parent="MinesweeperFrame" inherits="MinesweeperButtonTemplate" id="78">
	
				<Anchors>
					<Anchor point="TOPLEFT" relativeTo="MSButton77">
						<Offset>
							<AbsDimension x="16" y="0" /> 
						</Offset>
					</Anchor>
				</Anchors>
			</Button>

			<Button name="MSButton79" parent="MinesweeperFrame" inherits="MinesweeperButtonTemplate" id="79">
	
				<Anchors>
					<Anchor point="TOPLEFT" relativeTo="MSButton78">
						<Offset>
							<AbsDimension x="16" y="0" /> 
						</Offset>
					</Anchor>
				</Anchors>
			</Button>

			<Button name="MSButton80" parent="MinesweeperFrame" inherits="MinesweeperButtonTemplate" id="80">
	
				<Anchors>
					<Anchor point="TOPLEFT" relativeTo="MSButton79">
						<Offset>
							<AbsDimension x="16" y="0" /> 
						</Offset>
					</Anchor>
				</Anchors>
			</Button>

			<Button name="MSButton81" parent="MinesweeperFrame" inherits="MinesweeperButtonTemplate" id="81">
	
				<Anchors>
					<Anchor point="TOPLEFT" relativeTo="MSButton80">
						<Offset>
							<AbsDimension x="16" y="0" /> 
						</Offset>
					</Anchor>
				</Anchors>
			</Button>



		</Frames>

		<Scripts>
			<OnLoad>
				
				Minesweeper_OnLoad();
				this:SetBackdropColor(1, 1, 1, 1);
				this:SetBackdropBorderColor(1, 1, 1, 1);
			</OnLoad>

			<OnEvent>
				Minesweeper_OnEvent(event);
			</OnEvent>

			<OnShow>
				PlaySoundFile("Sound\\Creature\\GoblinMaleZanyNPC\\GoblinMaleZanyNPCVendor02.wav");
			</OnShow>

			<OnMouseDown>
				if ( arg1 == "LeftButton") then
					this:StartMoving();
					this.isMoving = true;
				end
			</OnMouseDown>
			
			<OnMouseUp>
				if ( arg1 == "LeftButton") then
					this:StopMovingOrSizing();
					this.isMoving = false;
				end
			</OnMouseUp>

		
		</Scripts>
	</Frame>
</Ui>
