<Bindings>
	<Binding name="FLEXBAR_MAINMENU" runOnUp="true" header="FLEXBAR_SCRIPTS">
		if ( keystate == "up" ) then
			if FBMenu1:IsVisible() then
				FBMenu1:Hide()
			else
				FB_GUI_Main_Menu()
			end
		end
	</Binding>
	<Binding name="FLEXBAR_AUTOITEM" runOnUp="true">
		if ( keystate == "up" ) then
			if FBAutoItemsFrame:IsVisible() then
				HideUIPanel(FBAutoItemsFrame)
			else
				FB_DisplayAutoItems()
			end
		end
	</Binding>
	<Binding name="FLEXBAR_SCRIPTS" runOnUp="true">
		if ( keystate == "up" ) then
			if FBScriptsFrame:IsVisible() then
				FBScriptsEditBox:ClearFocus()
				FBScriptsFrame:Hide()
			else
				FBScriptsFrame:Show()
				FBScriptsEditBox:SetFocus()
			end
		end
	</Binding>
	<Binding name="FLEXBAR_PERFORMANCE" runOnUp="true">
		if ( keystate == "up" ) then
			if FBPerformanceFrame:IsVisible() then
				HideUIPanel(FBPerformanceFrame)
			else
				FB_Show_PerformanceOptions()
			end
		end
	</Binding>
	<Binding name="FLEXBAR_OPTIONS" runOnUp="true">
		if ( keystate == "up" ) then
			if FBOptionsFrame:IsVisible() then
				HideUIPanel(FBOptionsFrame)
			else
				FB_ShowGlobalOptions()
			end
		end
	</Binding>
	<Binding name="FLEXBAR_EVENTED" runOnUp="true">
		if ( keystate == "up" ) then
			if FBEventEditorFrame:IsVisible() then
				HideUIPanel(FBEventEditorFrame)
			else
				FB_DisplayEventEditor()
			end
		end
	</Binding>
	<Binding name="FLEXBAR_BUTNINFO" runOnUp="true">
		if ( keystate == "up" ) then
			if FBButtonInfoShown then
				FB_RestoreButtonText()
			else
				FB_ShowButtonInfo()
			end
		end
	</Binding>
	<Binding name="FLEXBAR_BUTNTOOLTIP" runOnUp="true">
		if ( keystate == "up" ) then
			if FBButtonInfoTooltipShown then
				FBButtonInfoTooltipShown = false
			else
				FBButtonInfoTooltipShown = true
			end
		end
	</Binding>
	<Binding name="FLEXACTIONBUTTON1" runOnUp="true" header="FLEXBAR">
		FB_FlexActionButtonBindingCode(1, keystate)
	</Binding>
	<Binding name="FLEXACTIONBUTTON2" runOnUp="true">
		FB_FlexActionButtonBindingCode(2, keystate)
	</Binding>
	<Binding name="FLEXACTIONBUTTON3" runOnUp="true">
		FB_FlexActionButtonBindingCode(3, keystate)
	</Binding>
	<Binding name="FLEXACTIONBUTTON4" runOnUp="true">
		FB_FlexActionButtonBindingCode(4, keystate)
	</Binding>
	<Binding name="FLEXACTIONBUTTON5" runOnUp="true">
		FB_FlexActionButtonBindingCode(5, keystate)
	</Binding>
	<Binding name="FLEXACTIONBUTTON6" runOnUp="true">
		FB_FlexActionButtonBindingCode(6, keystate)
	</Binding>
	<Binding name="FLEXACTIONBUTTON7" runOnUp="true">
		FB_FlexActionButtonBindingCode(7, keystate)
	</Binding>
	<Binding name="FLEXACTIONBUTTON8" runOnUp="true">
		FB_FlexActionButtonBindingCode(8, keystate)
	</Binding>
	<Binding name="FLEXACTIONBUTTON9" runOnUp="true">
		FB_FlexActionButtonBindingCode(9, keystate)
	</Binding>
	<Binding name="FLEXACTIONBUTTON10" runOnUp="true">
		FB_FlexActionButtonBindingCode(10, keystate)
	</Binding>
	<Binding name="FLEXACTIONBUTTON11" runOnUp="true">
		FB_FlexActionButtonBindingCode(11, keystate)
	</Binding>
	<Binding name="FLEXACTIONBUTTON12" runOnUp="true">
		FB_FlexActionButtonBindingCode(12, keystate)
	</Binding>
	<Binding name="FLEXACTIONBUTTON13" runOnUp="true">
		FB_FlexActionButtonBindingCode(13, keystate)
	</Binding>
	<Binding name="FLEXACTIONBUTTON14" runOnUp="true">
		FB_FlexActionButtonBindingCode(14, keystate)
	</Binding>
	<Binding name="FLEXACTIONBUTTON15" runOnUp="true">
		FB_FlexActionButtonBindingCode(15, keystate)
	</Binding>
	<Binding name="FLEXACTIONBUTTON16" runOnUp="true">
		FB_FlexActionButtonBindingCode(16, keystate)
	</Binding>
	<Binding name="FLEXACTIONBUTTON17" runOnUp="true">
		FB_FlexActionButtonBindingCode(17, keystate)
	</Binding>
	<Binding name="FLEXACTIONBUTTON18" runOnUp="true">
		FB_FlexActionButtonBindingCode(18, keystate)
	</Binding>
	<Binding name="FLEXACTIONBUTTON19" runOnUp="true">
		FB_FlexActionButtonBindingCode(19, keystate)
	</Binding>
	<Binding name="FLEXACTIONBUTTON20" runOnUp="true">
		FB_FlexActionButtonBindingCode(20, keystate)
	</Binding>
	<Binding name="FLEXACTIONBUTTON21" runOnUp="true">
		FB_FlexActionButtonBindingCode(21, keystate)
	</Binding>
	<Binding name="FLEXACTIONBUTTON22" runOnUp="true">
		FB_FlexActionButtonBindingCode(22, keystate)
	</Binding>
	<Binding name="FLEXACTIONBUTTON23" runOnUp="true">
		FB_FlexActionButtonBindingCode(23, keystate)
	</Binding>
	<Binding name="FLEXACTIONBUTTON24" runOnUp="true">
		FB_FlexActionButtonBindingCode(24, keystate)
	</Binding>
	<Binding name="FLEXACTIONBUTTON25" runOnUp="true">
		FB_FlexActionButtonBindingCode(25, keystate)
	</Binding>
	<Binding name="FLEXACTIONBUTTON26" runOnUp="true">
		FB_FlexActionButtonBindingCode(26, keystate)
	</Binding>
	<Binding name="FLEXACTIONBUTTON27" runOnUp="true">
		FB_FlexActionButtonBindingCode(27, keystate)
	</Binding>
	<Binding name="FLEXACTIONBUTTON28" runOnUp="true">
		FB_FlexActionButtonBindingCode(28, keystate)
	</Binding>
	<Binding name="FLEXACTIONBUTTON29" runOnUp="true">
		FB_FlexActionButtonBindingCode(29, keystate)
	</Binding>
	<Binding name="FLEXACTIONBUTTON30" runOnUp="true">
		FB_FlexActionButtonBindingCode(30, keystate)
	</Binding>
	<Binding name="FLEXACTIONBUTTON31" runOnUp="true">
		FB_FlexActionButtonBindingCode(31, keystate)
	</Binding>
	<Binding name="FLEXACTIONBUTTON32" runOnUp="true">
		FB_FlexActionButtonBindingCode(32, keystate)
	</Binding>
	<Binding name="FLEXACTIONBUTTON33" runOnUp="true">
		FB_FlexActionButtonBindingCode(33, keystate)
	</Binding>
	<Binding name="FLEXACTIONBUTTON34" runOnUp="true">
		FB_FlexActionButtonBindingCode(34, keystate)
	</Binding>
	<Binding name="FLEXACTIONBUTTON35" runOnUp="true">
		FB_FlexActionButtonBindingCode(35, keystate)
	</Binding>
	<Binding name="FLEXACTIONBUTTON36" runOnUp="true">
		FB_FlexActionButtonBindingCode(36, keystate)
	</Binding>
	<Binding name="FLEXACTIONBUTTON37" runOnUp="true">
		FB_FlexActionButtonBindingCode(37, keystate)
	</Binding>
	<Binding name="FLEXACTIONBUTTON38" runOnUp="true">
		FB_FlexActionButtonBindingCode(38, keystate)
	</Binding>
	<Binding name="FLEXACTIONBUTTON39" runOnUp="true">
		FB_FlexActionButtonBindingCode(39, keystate)
	</Binding>
	<Binding name="FLEXACTIONBUTTON40" runOnUp="true">
		FB_FlexActionButtonBindingCode(40, keystate)
	</Binding>
	<Binding name="FLEXACTIONBUTTON41" runOnUp="true">
		FB_FlexActionButtonBindingCode(41, keystate)
	</Binding>
	<Binding name="FLEXACTIONBUTTON42" runOnUp="true">
		FB_FlexActionButtonBindingCode(42, keystate)
	</Binding>
	<Binding name="FLEXACTIONBUTTON43" runOnUp="true">
		FB_FlexActionButtonBindingCode(43, keystate)
	</Binding>
	<Binding name="FLEXACTIONBUTTON44" runOnUp="true">
		FB_FlexActionButtonBindingCode(44, keystate)
	</Binding>
	<Binding name="FLEXACTIONBUTTON45" runOnUp="true">
		FB_FlexActionButtonBindingCode(45, keystate)
	</Binding>
	<Binding name="FLEXACTIONBUTTON46" runOnUp="true">
		FB_FlexActionButtonBindingCode(46, keystate)
	</Binding>
	<Binding name="FLEXACTIONBUTTON47" runOnUp="true">
		FB_FlexActionButtonBindingCode(47, keystate)
	</Binding>
	<Binding name="FLEXACTIONBUTTON48" runOnUp="true">
		FB_FlexActionButtonBindingCode(48, keystate)
	</Binding>
	<Binding name="FLEXACTIONBUTTON49" runOnUp="true">
		FB_FlexActionButtonBindingCode(49, keystate)
	</Binding>
	<Binding name="FLEXACTIONBUTTON50" runOnUp="true">
		FB_FlexActionButtonBindingCode(50, keystate)
	</Binding>
	<Binding name="FLEXACTIONBUTTON51" runOnUp="true">
		FB_FlexActionButtonBindingCode(51, keystate)
	</Binding>
	<Binding name="FLEXACTIONBUTTON52" runOnUp="true">
		FB_FlexActionButtonBindingCode(52, keystate)
	</Binding>
	<Binding name="FLEXACTIONBUTTON53" runOnUp="true">
		FB_FlexActionButtonBindingCode(53, keystate)
	</Binding>
	<Binding name="FLEXACTIONBUTTON54" runOnUp="true">
		FB_FlexActionButtonBindingCode(54, keystate)
	</Binding>
	<Binding name="FLEXACTIONBUTTON55" runOnUp="true">
		FB_FlexActionButtonBindingCode(55, keystate)
	</Binding>
	<Binding name="FLEXACTIONBUTTON56" runOnUp="true">
		FB_FlexActionButtonBindingCode(56, keystate)
	</Binding>
	<Binding name="FLEXACTIONBUTTON57" runOnUp="true">
		FB_FlexActionButtonBindingCode(57, keystate)
	</Binding>
	<Binding name="FLEXACTIONBUTTON58" runOnUp="true">
		FB_FlexActionButtonBindingCode(58, keystate)
	</Binding>
	<Binding name="FLEXACTIONBUTTON59" runOnUp="true">
		FB_FlexActionButtonBindingCode(59, keystate)
	</Binding>
	<Binding name="FLEXACTIONBUTTON60" runOnUp="true">
		FB_FlexActionButtonBindingCode(60, keystate)
	</Binding>
	<Binding name="FLEXACTIONBUTTON61" runOnUp="true">
		FB_FlexActionButtonBindingCode(61, keystate)
	</Binding>
	<Binding name="FLEXACTIONBUTTON62" runOnUp="true">
		FB_FlexActionButtonBindingCode(62, keystate)
	</Binding>
	<Binding name="FLEXACTIONBUTTON63" runOnUp="true">
		FB_FlexActionButtonBindingCode(63, keystate)
	</Binding>
	<Binding name="FLEXACTIONBUTTON64" runOnUp="true">
		FB_FlexActionButtonBindingCode(64, keystate)
	</Binding>
	<Binding name="FLEXACTIONBUTTON65" runOnUp="true">
		FB_FlexActionButtonBindingCode(65, keystate)
	</Binding>
	<Binding name="FLEXACTIONBUTTON66" runOnUp="true">
		FB_FlexActionButtonBindingCode(66, keystate)
	</Binding>
	<Binding name="FLEXACTIONBUTTON67" runOnUp="true">
		FB_FlexActionButtonBindingCode(67, keystate)
	</Binding>
	<Binding name="FLEXACTIONBUTTON68" runOnUp="true">
		FB_FlexActionButtonBindingCode(68, keystate)
	</Binding>
	<Binding name="FLEXACTIONBUTTON69" runOnUp="true">
		FB_FlexActionButtonBindingCode(69, keystate)
	</Binding>
	<Binding name="FLEXACTIONBUTTON70" runOnUp="true">
		FB_FlexActionButtonBindingCode(70, keystate)
	</Binding>
	<Binding name="FLEXACTIONBUTTON71" runOnUp="true">
		FB_FlexActionButtonBindingCode(71, keystate)
	</Binding>
	<Binding name="FLEXACTIONBUTTON72" runOnUp="true">
		FB_FlexActionButtonBindingCode(72, keystate)
	</Binding>
	<Binding name="FLEXACTIONBUTTON73" runOnUp="true">
		FB_FlexActionButtonBindingCode(73, keystate)
	</Binding>
	<Binding name="FLEXACTIONBUTTON74" runOnUp="true">
		FB_FlexActionButtonBindingCode(74, keystate)
	</Binding>
	<Binding name="FLEXACTIONBUTTON75" runOnUp="true">
		FB_FlexActionButtonBindingCode(75, keystate)
	</Binding>
	<Binding name="FLEXACTIONBUTTON76" runOnUp="true">
		FB_FlexActionButtonBindingCode(76, keystate)
	</Binding>
	<Binding name="FLEXACTIONBUTTON77" runOnUp="true">
		FB_FlexActionButtonBindingCode(77, keystate)
	</Binding>
	<Binding name="FLEXACTIONBUTTON78" runOnUp="true">
		FB_FlexActionButtonBindingCode(78, keystate)
	</Binding>
	<Binding name="FLEXACTIONBUTTON79" runOnUp="true">
		FB_FlexActionButtonBindingCode(79, keystate)
	</Binding>
	<Binding name="FLEXACTIONBUTTON80" runOnUp="true">
		FB_FlexActionButtonBindingCode(80, keystate)
	</Binding>
	<Binding name="FLEXACTIONBUTTON81" runOnUp="true">
		FB_FlexActionButtonBindingCode(81, keystate)
	</Binding>
	<Binding name="FLEXACTIONBUTTON82" runOnUp="true">
		FB_FlexActionButtonBindingCode(82, keystate)
	</Binding>
	<Binding name="FLEXACTIONBUTTON83" runOnUp="true">
		FB_FlexActionButtonBindingCode(83, keystate)
	</Binding>
	<Binding name="FLEXACTIONBUTTON84" runOnUp="true">
		FB_FlexActionButtonBindingCode(84, keystate)
	</Binding>
	<Binding name="FLEXACTIONBUTTON85" runOnUp="true">
		FB_FlexActionButtonBindingCode(85, keystate)
	</Binding>
	<Binding name="FLEXACTIONBUTTON86" runOnUp="true">
		FB_FlexActionButtonBindingCode(86, keystate)
	</Binding>
	<Binding name="FLEXACTIONBUTTON87" runOnUp="true">
		FB_FlexActionButtonBindingCode(87, keystate)
	</Binding>
	<Binding name="FLEXACTIONBUTTON88" runOnUp="true">
		FB_FlexActionButtonBindingCode(88, keystate)
	</Binding>
	<Binding name="FLEXACTIONBUTTON89" runOnUp="true">
		FB_FlexActionButtonBindingCode(89, keystate)
	</Binding>
	<Binding name="FLEXACTIONBUTTON90" runOnUp="true">
		FB_FlexActionButtonBindingCode(90, keystate)
	</Binding>
	<Binding name="FLEXACTIONBUTTON91" runOnUp="true">
		FB_FlexActionButtonBindingCode(91, keystate)
	</Binding>
	<Binding name="FLEXACTIONBUTTON92" runOnUp="true">
		FB_FlexActionButtonBindingCode(92, keystate)
	</Binding>
	<Binding name="FLEXACTIONBUTTON93" runOnUp="true">
		FB_FlexActionButtonBindingCode(93, keystate)
	</Binding>
	<Binding name="FLEXACTIONBUTTON94" runOnUp="true">
		FB_FlexActionButtonBindingCode(94, keystate)
	</Binding>
	<Binding name="FLEXACTIONBUTTON95" runOnUp="true">
		FB_FlexActionButtonBindingCode(95, keystate)
	</Binding>
	<Binding name="FLEXACTIONBUTTON96" runOnUp="true">
		FB_FlexActionButtonBindingCode(96, keystate)
	</Binding>
	<Binding name="FLEXACTIONBUTTON97" runOnUp="true">
		FB_FlexActionButtonBindingCode(97, keystate)
	</Binding>
	<Binding name="FLEXACTIONBUTTON98" runOnUp="true">
		FB_FlexActionButtonBindingCode(98, keystate)
	</Binding>
	<Binding name="FLEXACTIONBUTTON99" runOnUp="true">
		FB_FlexActionButtonBindingCode(99, keystate)
	</Binding>
	<Binding name="FLEXACTIONBUTTON100" runOnUp="true">
		FB_FlexActionButtonBindingCode(100, keystate)
	</Binding>
	<Binding name="FLEXACTIONBUTTON101" runOnUp="true">
		FB_FlexActionButtonBindingCode(101, keystate)
	</Binding>
	<Binding name="FLEXACTIONBUTTON102" runOnUp="true">
		FB_FlexActionButtonBindingCode(102, keystate)
	</Binding>
	<Binding name="FLEXACTIONBUTTON103" runOnUp="true">
		FB_FlexActionButtonBindingCode(103, keystate)
	</Binding>
	<Binding name="FLEXACTIONBUTTON104" runOnUp="true">
		FB_FlexActionButtonBindingCode(104, keystate)
	</Binding>
	<Binding name="FLEXACTIONBUTTON105" runOnUp="true">
		FB_FlexActionButtonBindingCode(105, keystate)
	</Binding>
	<Binding name="FLEXACTIONBUTTON106" runOnUp="true">
		FB_FlexActionButtonBindingCode(106, keystate)
	</Binding>
	<Binding name="FLEXACTIONBUTTON107" runOnUp="true">
		FB_FlexActionButtonBindingCode(107, keystate)
	</Binding>
	<Binding name="FLEXACTIONBUTTON108" runOnUp="true">
		FB_FlexActionButtonBindingCode(108, keystate)
	</Binding>
	<Binding name="FLEXACTIONBUTTON109" runOnUp="true">
		FB_FlexActionButtonBindingCode(109, keystate)
	</Binding>
	<Binding name="FLEXACTIONBUTTON110" runOnUp="true">
		FB_FlexActionButtonBindingCode(110, keystate)
	</Binding>
	<Binding name="FLEXACTIONBUTTON111" runOnUp="true">
		FB_FlexActionButtonBindingCode(111, keystate)
	</Binding>
	<Binding name="FLEXACTIONBUTTON112" runOnUp="true">
		FB_FlexActionButtonBindingCode(112, keystate)
	</Binding>
	<Binding name="FLEXACTIONBUTTON113" runOnUp="true">
		FB_FlexActionButtonBindingCode(113, keystate)
	</Binding>
	<Binding name="FLEXACTIONBUTTON114" runOnUp="true">
		FB_FlexActionButtonBindingCode(114, keystate)
	</Binding>
	<Binding name="FLEXACTIONBUTTON115" runOnUp="true">
		FB_FlexActionButtonBindingCode(115, keystate)
	</Binding>
	<Binding name="FLEXACTIONBUTTON116" runOnUp="true">
		FB_FlexActionButtonBindingCode(116, keystate)
	</Binding>
	<Binding name="FLEXACTIONBUTTON117" runOnUp="true">
		FB_FlexActionButtonBindingCode(117, keystate)
	</Binding>
	<Binding name="FLEXACTIONBUTTON118" runOnUp="true">
		FB_FlexActionButtonBindingCode(118, keystate)
	</Binding>
	<Binding name="FLEXACTIONBUTTON119" runOnUp="true">
		FB_FlexActionButtonBindingCode(119, keystate)
	</Binding>
	<Binding name="FLEXACTIONBUTTON120" runOnUp="true">
		FB_FlexActionButtonBindingCode(120, keystate)
	</Binding>
	<Binding name="FLEXBAREVENT1" runOnUp="true" header="FLEXBAR_EVENTS">
		FB_BindingKeyEvents(1, keystate)
	</Binding>
	<Binding name="FLEXBAREVENT2" runOnUp="true">
		FB_BindingKeyEvents(2, keystate)
	</Binding>
	<Binding name="FLEXBAREVENT3" runOnUp="true">
		FB_BindingKeyEvents(3, keystate)
	</Binding>
	<Binding name="FLEXBAREVENT4" runOnUp="true">
		FB_BindingKeyEvents(4, keystate)
	</Binding>
	<Binding name="FLEXBAREVENT5" runOnUp="true">
		FB_BindingKeyEvents(5, keystate)
	</Binding>
	<Binding name="FLEXBAREVENT6" runOnUp="true">
		FB_BindingKeyEvents(6, keystate)
	</Binding>
	<Binding name="FLEXBAREVENT7" runOnUp="true">
		FB_BindingKeyEvents(7, keystate)
	</Binding>
	<Binding name="FLEXBAREVENT8" runOnUp="true">
		FB_BindingKeyEvents(8, keystate)
	</Binding>
	<Binding name="FLEXBAREVENT9" runOnUp="true">
		FB_BindingKeyEvents(9, keystate)
	</Binding>
	<Binding name="FLEXBAREVENT10" runOnUp="true">
		FB_BindingKeyEvents(10, keystate)
	</Binding>
	<Binding name="FLEXBAREVENT11" runOnUp="true">
		FB_BindingKeyEvents(11, keystate)
	</Binding>
	<Binding name="FLEXBAREVENT12" runOnUp="true">
		FB_BindingKeyEvents(12, keystate)
	</Binding>
	<Binding name="FLEXBAREVENT13" runOnUp="true">
		FB_BindingKeyEvents(13, keystate)
	</Binding>
	<Binding name="FLEXBAREVENT14" runOnUp="true">
		FB_BindingKeyEvents(14, keystate)
	</Binding>
	<Binding name="FLEXBAREVENT15" runOnUp="true">
		FB_BindingKeyEvents(15, keystate)
	</Binding>
	<Binding name="FLEXBAREVENT16" runOnUp="true">
		FB_BindingKeyEvents(16, keystate)
	</Binding>
	<Binding name="FLEXBAREVENT17" runOnUp="true">
		FB_BindingKeyEvents(17, keystate)
	</Binding>
	<Binding name="FLEXBAREVENT18" runOnUp="true">
		FB_BindingKeyEvents(18, keystate)
	</Binding>
	<Binding name="FLEXBAREVENT19" runOnUp="true">
		FB_BindingKeyEvents(19, keystate)
	</Binding>
	<Binding name="FLEXBAREVENT20" runOnUp="true">
		FB_BindingKeyEvents(20, keystate)
	</Binding>
	<Binding name="FLEXBAREVENT21" runOnUp="true">
		FB_BindingKeyEvents(21, keystate)
	</Binding>
	<Binding name="FLEXBAREVENT22" runOnUp="true">
		FB_BindingKeyEvents(22, keystate)
	</Binding>
	<Binding name="FLEXBAREVENT23" runOnUp="true">
		FB_BindingKeyEvents(23, keystate)
	</Binding>
	<Binding name="FLEXBAREVENT24" runOnUp="true">
		FB_BindingKeyEvents(24, keystate)
	</Binding>
	<Binding name="FLEXBAREVENT25" runOnUp="true">
		FB_BindingKeyEvents(25, keystate)
	</Binding>
	<Binding name="FLEXBAREVENT26" runOnUp="true">
		FB_BindingKeyEvents(26, keystate)
	</Binding>
	<Binding name="FLEXBAREVENT27" runOnUp="true">
		FB_BindingKeyEvents(27, keystate)
	</Binding>
	<Binding name="FLEXBAREVENT28" runOnUp="true">
		FB_BindingKeyEvents(28, keystate)
	</Binding>
	<Binding name="FLEXBAREVENT29" runOnUp="true">
		FB_BindingKeyEvents(29, keystate)
	</Binding>
	<Binding name="FLEXBAREVENT30" runOnUp="true">
		FB_BindingKeyEvents(30, keystate)
	</Binding>
</Bindings>
