<Ui xmlns="http://www.blizzard.com/wow/ui/" xmlns:xsi="http://www.w3.org/2001/XMLSchema-instance" xsi:schemaLocation="http://www.blizzard.com/wow/ui/C:\Projects\WoW\Bin\Interface\FrameXML\UI.xsd">
	<Script file="CS_AddOnOrganizer.lua"/>
	<Button name="CS_AddOnOrganizer_TitleButtonTemplate" virtual="true">
		<Size>
			<AbsDimension x="300" y="16"/>
		</Size>
		<Layers>
			<Layer level="BACKGROUND">
				<FontString name="$parentTag" inherits="GameFontNormal" justifyH="RIGHT">
					<Size>
						<AbsDimension x="80" y="16"/>
					</Size>
					<Anchors>
						<Anchor point="RIGHT">
							<Offset>
								<AbsDimension x="-2" y="0"/>
							</Offset>
						</Anchor>
					</Anchors>
				</FontString>
			</Layer>
		</Layers>
		<Scripts>
			<OnLoad>
				this:RegisterForClicks("LeftButtonUp", "RightButtonUp");
			</OnLoad>
			<OnClick>
				CS_AddOnOrganizer_TitleButton_OnClick();
			</OnClick>
			<OnEnter>
				CS_AddOnOrganizer_TitleButton_OnEnter();
			</OnEnter>
			<OnLeave>
				GameTooltip:Hide();
			</OnLeave>
		</Scripts>
		<NormalText name="$parentNormalText" inherits="GameFontNormal" justifyH="LEFT" nonspacewrap="true">
			<Size>
				<AbsDimension x="275" y="10"/>
			</Size>
			<Anchors>
				<Anchor point="LEFT">
					<Offset>
						<AbsDimension x="2" y="0"/>
					</Offset>
				</Anchor>
			</Anchors> 
		</NormalText>
		<HighlightText name="$parentHighlightText" inherits="GameFontHighlight" justifyH="LEFT" nonspacewrap="true">
			<Size>
				<AbsDimension x="275" y="10"/>
			</Size>
			<Anchors>
				<Anchor point="LEFT">
					<Offset>
						<AbsDimension x="2" y="0"/>
					</Offset>
				</Anchor>
			</Anchors>
		</HighlightText>
		<DisabledText name="$parentDisabledText" inherits="GameFontHighlight" justifyH="LEFT" nonspacewrap="true">
			<Size>
				<AbsDimension x="275" y="15"/>
			</Size>
			<Anchors>
				<Anchor point="LEFT">
					<Offset>
						<AbsDimension x="2" y="0"/>
					</Offset>
				</Anchor>
			</Anchors>
		</DisabledText>
	</Button>
	
	<Frame name="CS_AddOnOrganizer_MenuAddition" parent="GameMenuFrame" FrameSTRATA="low">
		<Size>
			<AbsDimension x="150" y="40"/>
		</Size>
		<Anchors>
			<Anchor point="TOP" relativeTo="GameMenuFrame" relativePoint="BOTTOM">
				<Offset>
					<AbsDimension x="0" y="12"/>
				</Offset>
			</Anchor>
		</Anchors>
		<Backdrop bgFile="Interface\Minimap\TooltipBackdrop-Background" edgeFile="Interface\Tooltips\UI-Tooltip-Border" tile="true">
			<EdgeSize>
				<AbsValue val="16"/>
			</EdgeSize>
			<TileSize>
				<AbsValue val="16"/>
			</TileSize>
			<BackgroundInsets>
				<AbsInset left="4" right="4" top="4" bottom="4"/>
			</BackgroundInsets>
		</Backdrop>

		<Frames>
			<Button name="CS_AddOnOrganizer_OptionsButton" inherits="GameMenuButtonTemplate" parent="CS_AddOnOrganizer_MenuAddition" text="AddOnOrganizer">
				<Anchors>
					<Anchor point="TOP" relativeTo="CS_AddOnOrganizer_MenuAddition" relativePoint="TOP">
						<Offset>
							<AbsDimension x="0" y="-10"/>
						</Offset>
					</Anchor>
				</Anchors>
				<Scripts>
					<OnClick>
						CS_AddOnOrganizer_ListShowHide();
					</OnClick>
				</Scripts>
			</Button>
		</Frames>
	</Frame>
	
	<Frame name="CS_AddOnOrganizer_List" enableMouse="true" movable="true" toplevel="true" parent="UIParent" hidden="true">
		<Size>
			<AbsDimension x="384" y="512"/>
		</Size>
		<Anchors>
			<Anchor point="TOPLEFT">
				<Offset>
					<AbsDimension x="0" y="-104"/>
				</Offset>
			</Anchor>
		</Anchors>
		<HitRectInsets>
			<AbsInset left="0" right="30" top="0" bottom="45"/>
		</HitRectInsets>
		<Scripts>
        	<OnLoad>
            	CS_AddOnOrganizer_OnLoad();
				this:RegisterForDrag("LeftButton");
			</OnLoad>
			<OnDragStart>
				this:StartMoving();
				this.isMoving = true;
			</OnDragStart>
			<OnDragStop>
				this:StopMovingOrSizing();
				this.isMoving = false;
			</OnDragStop>
			<OnEvent>
				CS_AddOnOrganizer_OnEvent(event);
			</OnEvent>
		</Scripts>
		<Layers>
			<Layer level="ARTWORK">
				<FontString name = "$parent_Title" inherits="GameFontNormal">
					<Anchors>
						<Anchor point="TOP">
							<Offset>
								<AbsDimension x="0" y="-18"/>
							</Offset>
						</Anchor>
					</Anchors>
				</FontString>
				<Texture file="Interface\MacroFrame\MacroFrame-Icon">
					<Size>
						<AbsDimension x="60" y="60"/>
					</Size>
					<Anchors>
						<Anchor point="TOPLEFT">
							<Offset>
								<AbsDimension x="7" y="-6"/>
							</Offset>
						</Anchor>
					</Anchors>
				</Texture>
				<Texture name="$parentTopLeft" file="Interface\PaperDollInfoFrame\UI-Character-General-TopLeft">
					<Size>
						<AbsDimension x="256" y="256"/>
					</Size>
					<Anchors>
						<Anchor point="TOPLEFT"/>
					</Anchors>
				</Texture>
				<Texture name="$parentTopRight" file="Interface\PaperDollInfoFrame\UI-Character-General-TopRight">
					<Size>
						<AbsDimension x="128" y="256"/>
					</Size>
					<Anchors>
						<Anchor point="TOPRIGHT"/>
					</Anchors>
				</Texture>
				<Texture name="$parentBottomLeft" file="Interface\FriendsFrame\UI-IgnoreFrame-BotLeft">
					<Size>
						<AbsDimension x="256" y="256"/>
					</Size>
					<Anchors>
						<Anchor point="BOTTOMLEFT"/>
					</Anchors>
				</Texture>
				<Texture name="$parentBottomRight" file="Interface\FriendsFrame\UI-IgnoreFrame-BotRight">
					<Size>
						<AbsDimension x="128" y="256"/>
					</Size>
					<Anchors>
						<Anchor point="BOTTOMRIGHT"/>
					</Anchors>
				</Texture>
			</Layer>
			<Layer level="OVERLAY">
				<Texture name="$parent_CountRight" file="Interface\Common\Common-Input-Border">
					<Size>
						<AbsDimension x="8" y="20"/>
					</Size>
					<Anchors>
						<Anchor point="TOPRIGHT">
							<Offset>
								<AbsDimension x="-47" y="-41"/>
							</Offset>
						</Anchor>
					</Anchors>
					<TexCoords left="0.9375" right="1.0" top="0" bottom="0.625"/>
				</Texture>
				<Texture name="$parent_CountMiddle" file="Interface\Common\Common-Input-Border">
					<Size>
						<AbsDimension x="100" y="20"/>
					</Size>
					<Anchors>
						<Anchor point="RIGHT" relativeTo="$parent_CountRight" relativePoint="LEFT"/>
					</Anchors>
					<TexCoords left="0.0625" right="0.9375" top="0" bottom="0.625"/>
				</Texture>
				<Texture name="$parent_CountLeft" file="Interface\Common\Common-Input-Border">
					<Size>
						<AbsDimension x="8" y="20"/>
					</Size>
					<Anchors>
						<Anchor point="RIGHT" relativeTo="$parent_CountMiddle" relativePoint="LEFT"/>
					</Anchors>
					<TexCoords left="0" right="0.0625" top="0" bottom="0.625"/>
				</Texture>
				<FontString name="$parent_AddOnCount" inherits="GameFontNormalSmall">
					<Anchors>
						<Anchor point="RIGHT" relativeTo="$parent_CountRight">
							<Offset>
								<AbsDimension x="-6" y="0"/>
							</Offset>
						</Anchor>
					</Anchors>
				</FontString>
			</Layer>
		</Layers>
		<Frames>
		
		
			<Frame name="$parent_Profiles" enableMouse="true" toplevel="true" parent="CS_AddOnOrganizer_List" hidden="true">
			<Size>
				<AbsDimension x="250" y="125"/>
			</Size>
			<Anchors>
				<Anchor point="TOPLEFT" relativePoint="TOPRIGHT" relativeTo="CS_AddOnOrganizer_List">
					<Offset>
						<AbsDimension x="-32" y="-32"/>
					</Offset>
				</Anchor>
			</Anchors>
			<Backdrop bgFile="Interface\Minimap\TooltipBackdrop-Background" edgeFile="Interface\Tooltips\UI-Tooltip-Border" tile="true">
				<EdgeSize>
					<AbsValue val="16"/>
				</EdgeSize>
				<TileSize>
					<AbsValue val="16"/>
				</TileSize>
				<BackgroundInsets>
					<AbsInset left="4" right="4" top="4" bottom="4"/>
				</BackgroundInsets>
			</Backdrop>
			<Layers>
				<Layer level="OVERLAY">
					<FontString name="$parent_Dec1" inherits="GameFontNormalSmall" text="Type a new name into the textbox,">
						<Anchors>
							<Anchor point="TOPLEFT" relativeTo="$parent">
								<Offset>
									<AbsDimension x="5" y="-5"/>
								</Offset>
							</Anchor>
						</Anchors>
					</FontString>
					<FontString name="$parent_Dec2" inherits="GameFontNormalSmall" text="press 'Save' to save a new profile.">
						<Anchors>
							<Anchor point="TOPLEFT" relativePoint="BOTTOMLEFT" relativeTo="$parent_Dec1">
								<Offset>
									<AbsDimension x="0" y="0"/>
								</Offset>
							</Anchor>
						</Anchors>
					</FontString>
				</Layer>
			</Layers>
			
			<Frames>
				<EditBox name="SaveProfileEditBox" autoFocus="false" inherits="InputBoxTemplate" letters="25">
					<Size>
						<AbsDimension x="235" y="16"/>
					</Size>
					<Anchors>
						<Anchor point="TOPLEFT" relativeTo="$parent_Dec2" relativePoint="BOTTOMLEFT">
							<Offset>
								<AbsDimension x="5" y="-5	"/>
							</Offset>
						</Anchor>
					</Anchors>
					<FontString inherits="ChatFontNormal" bytes="64"/>
					<Layers>
						<Layer level="OVERLAY">
							<FontString name="SaveProfileEditBoxText" inherits="GameFontNormalSmall" justifyH="LEFT">
								<Size>
									<AbsDimension x="120" y="20"/>
								</Size>
								<Anchors>
									<Anchor point="LEFT" relativeTo="SaveProfileEditBox" relativePoint="RIGHT">
										<Offset>
											<AbsDimension x="0" y="0"/>
										</Offset>
									</Anchor>
								</Anchors>
							</FontString>
						</Layer>
					</Layers>
				</EditBox>
				<Frame name="ProfilesDropDown" inherits="UIDropDownMenuTemplate" id="1">
					<Anchors>
						<Anchor point="TOPLEFT" relativePoint="BOTTOMLEFT" relativeTo="$parent_Dec2">
							<Offset>
								<AbsDimension x="-15" y="-36" /> 
							</Offset>
						</Anchor>
					</Anchors>
					<Layers>
						<Layer level="OVERLAY">
							<FontString inherits="GameFontNormalSmall" text="Profiles:">
								<Anchors>
									<Anchor point="TOPLEFT">
										<Offset>
											<AbsDimension x="20" y="10"/> 
										</Offset>
									</Anchor>
								</Anchors>
							</FontString>
						</Layer>
					</Layers>
					<Scripts>
						<OnLoad>CS_AddOnOrganizer_Profiles_ProfilesDropDown_OnLoad()</OnLoad>
						<OnShow>CS_AddOnOrganizer_Profiles_ProfilesDropDown_OnLoad()</OnShow>
					</Scripts>
				</Frame>
				<Button name="SaveProfile" inherits="UIPanelButtonTemplate" text="Save">
					<Size>
						<AbsDimension x="120" y="21"/>
					</Size>
					<Anchors>
						<Anchor point="TOPLEFT" relativePoint="BOTTOMLEFT" relativeTo="ProfilesDropDown">
							<Offset>
								<AbsDimension x="15" y="0"/>
							</Offset>
						</Anchor>
					</Anchors>
					<Scripts>
						<OnClick>
							CS_AddOnOrganizer_SaveProfile();
						</OnClick>
					</Scripts>
				</Button>
				<Button name="DeleteProfile" inherits="UIPanelButtonTemplate" text="Delete">
					<Size>
						<AbsDimension x="120" y="21"/>
					</Size>
					<Anchors>
						<Anchor point="TOPLEFT" relativePoint="TOPRIGHT" relativeTo="SaveProfile">
							<Offset>
								<AbsDimension x="0" y="0"/>
							</Offset>
						</Anchor>
					</Anchors>
					<Scripts>
						<OnClick>
							CS_AddOnOrganizer_DeleteProfile();
						</OnClick>
					</Scripts>
				</Button>
			</Frames>
			
			</Frame>
			
			
			
			<Button name="$parent_CloseButton" inherits="UIPanelCloseButton">
				<Anchors>
					<Anchor point="TOPRIGHT">
						<Offset>
							<AbsDimension x="-30" y="-8"/>
						</Offset>
					</Anchor>
				</Anchors>
				<Scripts>
					<OnClick>
						CS_AddOnOrganizer_ListShowHide();
					</OnClick>
				</Scripts>
			</Button>
			<Button name="$parent_AcceptButton" inherits="UIPanelButtonTemplate" text="Accept">
				<Size>
					<AbsDimension x="131" y="21"/>
				</Size>
				<Anchors>
					<Anchor point="BOTTOMLEFT">
						<Offset>
							<AbsDimension x="18" y="80"/>
						</Offset>
					</Anchor>
				</Anchors>
				<Scripts>
					<OnClick>
						CS_AddOnOrganizer_AcceptButton_OnClick();
					</OnClick>
					<OnEnter>
						GameTooltip_AddNewbieTip("Accept", 1.0, 1.0, 1.0,"Warning! Some UI's need a restart of WOW in order to work properly!\nAlso remember not to unload any addon wich is a dependencie.", 1);
					</OnEnter>
					<OnLeave>
						GameTooltip:Hide();
					</OnLeave>
				</Scripts>
			</Button>
			<Button name="$parent_ReloadUIButton" inherits="UIPanelButtonTemplate" text="ReloadUI">
				<Size>
					<AbsDimension x="66" y="21"/>
				</Size>
				<Anchors>
					<Anchor point="LEFT" relativePoint="RIGHT" relativeTo="$parent_AcceptButton"/>
				</Anchors>
				<Scripts>
					<OnClick>
						CS_AddOnOrganizer_ReloadUIButton();
					</OnClick>
				</Scripts>
			</Button>
			<Button name="$parent_CloseButton2" inherits="UIPanelButtonTemplate" text="Cancel">
				<Size>
					<AbsDimension x="131" y="21"/>
				</Size>
				<Anchors>
					<Anchor point="BOTTOMRIGHT">
						<Offset>
							<AbsDimension x="-40" y="80"/>
						</Offset>
					</Anchor>
				</Anchors>
				<Scripts>
					<OnClick>
						CS_AddOnOrganizer_ListShowHide();
					</OnClick>
				</Scripts>
			</Button>
			<Button name="$parent_EnableAll" inherits="UIPanelButtonTemplate" text="Enable All">
				<Size>
					<AbsDimension x="90" y="21"/>
				</Size>
				<Anchors>
					<Anchor point="TOPLEFT">
						<Offset>
							<AbsDimension x="70" y="-32"/>
						</Offset>
					</Anchor>
				</Anchors>
				<Scripts>
					<OnClick>
						CS_AddOnOrganizer_EnableAll();
					</OnClick>
				</Scripts>
			</Button>
			<Button name="$parent_DisableAll" inherits="UIPanelButtonTemplate" text="Disable All">
				<Size>
					<AbsDimension x="90" y="21"/>
				</Size>
				<Anchors>
					<Anchor point="TOPLEFT" relativePoint="BOTTOMLEFT" relativeTo="$parent_EnableAll">
						<Offset>
							<AbsDimension x="0" y="0"/>
						</Offset>
					</Anchor>
				</Anchors>
				<Scripts>
					<OnClick>
						CS_AddOnOrganizer_DisableAll();
					</OnClick>
				</Scripts>
			</Button>
			
			<Button name="$parent_Profile" inherits="UIPanelButtonTemplate" text="Profiles...">
				<Size>
					<AbsDimension x="80" y="21"/>
				</Size>
				<Anchors>
					<Anchor point="TOPLEFT" relativePoint="TOPRIGHT" relativeTo="$parent_EnableAll">
						<Offset>
							<AbsDimension x="0" y="-10"/>
						</Offset>
					</Anchor>
				</Anchors>
				<Scripts>
					<OnClick>
						CS_AddOnOrganizer_ProfilesShowHide();
					</OnClick>
				</Scripts>
			</Button>
			
			
			<ScrollFrame name="$parent_Scroll" inherits="FauxScrollFrameTemplate">
				<Size>
					<AbsDimension x="296" y="332"/> 
				</Size>
				<Anchors>
					<Anchor point="TOPRIGHT">
						<Offset>
							<AbsDimension x="-66" y="-78"/>
						</Offset>
					</Anchor>
				</Anchors>
				<Scripts>
					<OnVerticalScroll>
						FauxScrollFrame_OnVerticalScroll(CS_ADDONORGANIZER_ADDONSLINE_HEIGHT, CS_AddOnOrganizer_List_Update);
					</OnVerticalScroll>
				</Scripts>
				<Layers>
					<Layer level="BACKGROUND">
						<Texture name="$parent_BarTop" file="Interface\PaperDollInfoFrame\UI-Character-ScrollBar">
							<Size>
								<AbsDimension x="31" y="256"/>
							</Size>
							<Anchors>
								<Anchor point="TOPLEFT" relativePoint="TOPRIGHT">
									<Offset>
										<AbsDimension x="-2" y="5"/>
									</Offset>
								</Anchor>
							</Anchors>
							<TexCoords left="0" right="0.484375" top="0" bottom="1.0"/>
						</Texture>
						<Texture file="Interface\PaperDollInfoFrame\UI-Character-ScrollBar">
							<Size>
								<AbsDimension x="31" y="108"/>
							</Size>
							<Anchors>
								<Anchor point="BOTTOMLEFT" relativePoint="BOTTOMRIGHT">
									<Offset>
										<AbsDimension x="-2" y="-2"/>
									</Offset>
								</Anchor>
							</Anchors>
							<TexCoords left="0.515625" right="1.0" top="0" bottom="0.421875"/>
						</Texture>
					</Layer>
				</Layers>
			</ScrollFrame>
			
			<Frame name="$parent_HighlightFrame" hidden="true">
				<Size>
					<AbsDimension x="293" y="16"/>
				</Size>
				<Anchors>
					<Anchor point="TOPLEFT"/>
				</Anchors>
				<Layers>
					<Layer level="ARTWORK">
						<Texture name="$parent_SkillHighlight" file="Interface\QuestFrame\UI-QuestLogTitleHighlight" alphaMode="ADD"/>
					</Layer>
				</Layers>
			</Frame>
			<Button name="$parent_Title1" inherits="CS_AddOnOrganizer_TitleButtonTemplate" id="1" hidden="true">
				<Anchors>
					<Anchor point="TOPLEFT" relativeTo="$parent">
						<Offset>
							<AbsDimension x="19" y="-75"/>
						</Offset>
					</Anchor>
				</Anchors>
			</Button>
			<Button name="$parent_Title2" inherits="CS_AddOnOrganizer_TitleButtonTemplate" id="2" hidden="true">
				<Anchors>
					<Anchor point="TOPLEFT" relativeTo="$parent_Title1" relativePoint="BOTTOMLEFT">
						<Offset>
							<AbsDimension x="0" y="1"/>
						</Offset>
					</Anchor>
				</Anchors>
			</Button>
			<Button name="$parent_Title3" inherits="CS_AddOnOrganizer_TitleButtonTemplate" id="3" hidden="true">
				<Anchors>
					<Anchor point="TOPLEFT" relativeTo="$parent_Title2" relativePoint="BOTTOMLEFT">
						<Offset>
							<AbsDimension x="0" y="1"/>
						</Offset>
					</Anchor>
				</Anchors>
			</Button>
			<Button name="$parent_Title4" inherits="CS_AddOnOrganizer_TitleButtonTemplate" id="4" hidden="true">
				<Anchors>
					<Anchor point="TOPLEFT" relativeTo="$parent_Title3" relativePoint="BOTTOMLEFT">
						<Offset>
							<AbsDimension x="0" y="1"/>
						</Offset>
					</Anchor>
				</Anchors>
			</Button>
			<Button name="$parent_Title5" inherits="CS_AddOnOrganizer_TitleButtonTemplate" id="5" hidden="true">
				<Anchors>
					<Anchor point="TOPLEFT" relativeTo="$parent_Title4" relativePoint="BOTTOMLEFT">
						<Offset>
							<AbsDimension x="0" y="1"/>
						</Offset>
					</Anchor>
				</Anchors>
			</Button>
			<Button name="$parent_Title6" inherits="CS_AddOnOrganizer_TitleButtonTemplate" id="6" hidden="true">
				<Anchors>
					<Anchor point="TOPLEFT" relativeTo="$parent_Title5" relativePoint="BOTTOMLEFT">
						<Offset>
							<AbsDimension x="0" y="1"/>
						</Offset>
					</Anchor>
				</Anchors>
			</Button>
			<Button name="$parent_Title7" inherits="CS_AddOnOrganizer_TitleButtonTemplate" id="7" hidden="true">
				<Anchors>
					<Anchor point="TOPLEFT" relativeTo="$parent_Title6" relativePoint="BOTTOMLEFT">
						<Offset>
							<AbsDimension x="0" y="1"/>
						</Offset>
					</Anchor>
				</Anchors>
			</Button>
			<Button name="$parent_Title8" inherits="CS_AddOnOrganizer_TitleButtonTemplate" id="8" hidden="true">
				<Anchors>
					<Anchor point="TOPLEFT" relativeTo="$parent_Title7" relativePoint="BOTTOMLEFT">
						<Offset>
							<AbsDimension x="0" y="1"/>
						</Offset>
					</Anchor>
				</Anchors>
			</Button>
			<Button name="$parent_Title9" inherits="CS_AddOnOrganizer_TitleButtonTemplate" id="9" hidden="true">
				<Anchors>
					<Anchor point="TOPLEFT" relativeTo="$parent_Title8" relativePoint="BOTTOMLEFT">
						<Offset>
							<AbsDimension x="0" y="1"/>
						</Offset>
					</Anchor>
				</Anchors>
			</Button>
			<Button name="$parent_Title10" inherits="CS_AddOnOrganizer_TitleButtonTemplate" id="10" hidden="true">
				<Anchors>
					<Anchor point="TOPLEFT" relativeTo="$parent_Title9" relativePoint="BOTTOMLEFT">
						<Offset>
							<AbsDimension x="0" y="1"/>
						</Offset>
					</Anchor>
				</Anchors>
			</Button>
			<Button name="$parent_Title11" inherits="CS_AddOnOrganizer_TitleButtonTemplate" id="11" hidden="true">
				<Anchors>
					<Anchor point="TOPLEFT" relativeTo="$parent_Title10" relativePoint="BOTTOMLEFT">
						<Offset>
							<AbsDimension x="0" y="1"/>
						</Offset>
					</Anchor>
				</Anchors>
			</Button>
			<Button name="$parent_Title12" inherits="CS_AddOnOrganizer_TitleButtonTemplate" id="12" hidden="true">
				<Anchors>
					<Anchor point="TOPLEFT" relativeTo="$parent_Title11" relativePoint="BOTTOMLEFT">
						<Offset>
							<AbsDimension x="0" y="1"/>
						</Offset>
					</Anchor>
				</Anchors>
			</Button>
			<Button name="$parent_Title13" inherits="CS_AddOnOrganizer_TitleButtonTemplate" id="13" hidden="true">
				<Anchors>
					<Anchor point="TOPLEFT" relativeTo="$parent_Title12" relativePoint="BOTTOMLEFT">
						<Offset>
							<AbsDimension x="0" y="1"/>
						</Offset>
					</Anchor>
				</Anchors>
			</Button>
			<Button name="$parent_Title14" inherits="CS_AddOnOrganizer_TitleButtonTemplate" id="14" hidden="true">
				<Anchors>
					<Anchor point="TOPLEFT" relativeTo="$parent_Title13" relativePoint="BOTTOMLEFT">
						<Offset>
							<AbsDimension x="0" y="1"/>
						</Offset>
					</Anchor>
				</Anchors>
			</Button>
			<Button name="$parent_Title15" inherits="CS_AddOnOrganizer_TitleButtonTemplate" id="15" hidden="true">
				<Anchors>
					<Anchor point="TOPLEFT" relativeTo="$parent_Title14" relativePoint="BOTTOMLEFT">
						<Offset>
							<AbsDimension x="0" y="1"/>
						</Offset>
					</Anchor>
				</Anchors>
			</Button>
			<Button name="$parent_Title16" inherits="CS_AddOnOrganizer_TitleButtonTemplate" id="16" hidden="true">
				<Anchors>
					<Anchor point="TOPLEFT" relativeTo="$parent_Title15" relativePoint="BOTTOMLEFT">
						<Offset>
							<AbsDimension x="0" y="1"/>
						</Offset>
					</Anchor>
				</Anchors>
			</Button>
			<Button name="$parent_Title17" inherits="CS_AddOnOrganizer_TitleButtonTemplate" id="17" hidden="true">
				<Anchors>
					<Anchor point="TOPLEFT" relativeTo="$parent_Title16" relativePoint="BOTTOMLEFT">
						<Offset>
							<AbsDimension x="0" y="1"/>
						</Offset>
					</Anchor>
				</Anchors>
			</Button>
			<Button name="$parent_Title18" inherits="CS_AddOnOrganizer_TitleButtonTemplate" id="18" hidden="true">
				<Anchors>
					<Anchor point="TOPLEFT" relativeTo="$parent_Title17" relativePoint="BOTTOMLEFT">
						<Offset>
							<AbsDimension x="0" y="1"/>
						</Offset>
					</Anchor>
				</Anchors>
			</Button>
			<Button name="$parent_Title19" inherits="CS_AddOnOrganizer_TitleButtonTemplate" id="19" hidden="true">
				<Anchors>
					<Anchor point="TOPLEFT" relativeTo="$parent_Title18" relativePoint="BOTTOMLEFT">
						<Offset>
							<AbsDimension x="0" y="1"/>
						</Offset>
					</Anchor>
				</Anchors>
			</Button>
			<Button name="$parent_Title20" inherits="CS_AddOnOrganizer_TitleButtonTemplate" id="20" hidden="true">
				<Anchors>
					<Anchor point="TOPLEFT" relativeTo="$parent_Title19" relativePoint="BOTTOMLEFT">
						<Offset>
							<AbsDimension x="0" y="1"/>
						</Offset>
					</Anchor>
				</Anchors>
			</Button>
			<Button name="$parent_Title21" inherits="CS_AddOnOrganizer_TitleButtonTemplate" id="21" hidden="true">
				<Anchors>
					<Anchor point="TOPLEFT" relativeTo="$parent_Title20" relativePoint="BOTTOMLEFT">
						<Offset>
							<AbsDimension x="0" y="1"/>
						</Offset>
					</Anchor>
				</Anchors>
			</Button>
			<Button name="$parent_Title22" inherits="CS_AddOnOrganizer_TitleButtonTemplate" id="22" hidden="true">
				<Anchors>
					<Anchor point="TOPLEFT" relativeTo="$parent_Title21" relativePoint="BOTTOMLEFT">
						<Offset>
							<AbsDimension x="0" y="1"/>
						</Offset>
					</Anchor>
				</Anchors>
			</Button>
		</Frames>
	</Frame>
</Ui>
