<Bindings>
	<Binding name="Toggle ItemRack" description="Toggle ItemRack" header="ItemRack">
		ItemRack_Toggle()
	</Binding>

	<Binding name="Toggle Events" description="Toggle Events">
		ItemRack_ToggleEvents()
	</Binding>

	<Binding name="Use Head Item" description="Use Head Item">ItemRack_UseItem(1)</Binding>
	<Binding name="Use Neck Item" description="Use Neck Item">ItemRack_UseItem(2)</Binding>
	<Binding name="Use Shoulder Item" description="Use Shoulder Item">ItemRack_UseItem(3)</Binding>
	<Binding name="Use Chest Item" description="Use Chest Item">ItemRack_UseItem(5)</Binding>
	<Binding name="Use Waist Item" description="Use Waist Item">ItemRack_UseItem(6)</Binding>
	<Binding name="Use Legs Item" description="Use Legs Item">ItemRack_UseItem(7)</Binding>
	<Binding name="Use Feet Item" description="Use Feet Item">ItemRack_UseItem(8)</Binding>
	<Binding name="Use Wrist Item" description="Use Wrist Item">ItemRack_UseItem(9)</Binding>
	<Binding name="Use Hands Item" description="Use Hands Item">ItemRack_UseItem(10)</Binding>
	<Binding name="Use Top Finger Item" description="Use Top Finger Item">ItemRack_UseItem(11)</Binding>
	<Binding name="Use Bottom Finger Item" description="Use Bottom Finger Item">ItemRack_UseItem(12)</Binding>
	<Binding name="Use Top Trinket Item" description="Use Top Trinket Item">ItemRack_UseItem(13)</Binding>
	<Binding name="Use Bottom Trinket Item" description="Use Bottom Trinket Item">ItemRack_UseItem(14)</Binding>
	<Binding name="Use Back Item" description="Use Back Item">ItemRack_UseItem(15)</Binding>
	<Binding name="Use Main-Hand Item" description="Use Main-Hand Item">ItemRack_UseItem(16)</Binding>
	<Binding name="Use Off-Hand Item" description="Use Off-Hand Item">ItemRack_UseItem(17)</Binding>
	<Binding name="Use Range Item" description="Use Range Item">ItemRack_UseItem(18)</Binding>

	<Binding name="EQUIPSET1" description="Equip Set 1">ItemRack_UseSetBinding(1)</Binding>
	<Binding name="EQUIPSET2" description="Equip Set 2">ItemRack_UseSetBinding(2)</Binding>
	<Binding name="EQUIPSET3" description="Equip Set 3">ItemRack_UseSetBinding(3)</Binding>
	<Binding name="EQUIPSET4" description="Equip Set 4">ItemRack_UseSetBinding(4)</Binding>
	<Binding name="EQUIPSET5" description="Equip Set 5">ItemRack_UseSetBinding(5)</Binding>
	<Binding name="EQUIPSET6" description="Equip Set 6">ItemRack_UseSetBinding(6)</Binding>
	<Binding name="EQUIPSET7" description="Equip Set 7">ItemRack_UseSetBinding(7)</Binding>
	<Binding name="EQUIPSET8" description="Equip Set 8">ItemRack_UseSetBinding(8)</Binding>
	<Binding name="EQUIPSET9" description="Equip Set 9">ItemRack_UseSetBinding(9)</Binding>
	<Binding name="EQUIPSET10" description="Equip Set 10">ItemRack_UseSetBinding(10)</Binding>

</Bindings>