<UI xmlns="http://www.blizzard.com/wow/ui/" xmlns:xsi="http://www.w3.org/2001/XMLSchema-instance" xsi:schemaLocation="http://www.blizzard.com/wow/ui/
..\FrameXML\UI.xsd">

	<Script file="HealStack.lua"/>

	<Frame name="SH_HealStackFrame" parent="UIParent" hidden="false" frameStrata="LOW">
		<Scripts>
			<OnLoad>
				SmartHeal:HealStackOnLoad()
			</OnLoad>
			<OnEvent>
				SmartHeal:HealStackOnEvent(event)
			</OnEvent>
			<OnUpdate>
				if (SmartHeal.Loaded) then
					if (SmartHeal:getConfig("healstack") and IsAddOnLoaded("CT_RaidAssist")) then
						SmartHeal:HealStackOnUpdate()
					end
				end
			</OnUpdate>
		</Scripts>
	</Frame>

	<Frame name="SH_HealStackStatusBarTemplate" virtual="true" frameStrata="MEDIUM" hidden="true">
		<Frames>
			<StatusBar name="$parentBar" minValue="0" maxValue="1" defaultValue="1" setAllPoints="true">
				<BarTexture file="Interface\TargetingFrame\UI-StatusBar"/>
				<BarColor r="0.92" g="0.64" b="0.88"/>
			</StatusBar>
		</Frames>
	</Frame>
	
	<Frame inherits="SH_HealStackStatusBarTemplate" parent="CT_RAMember1HPBar" name="$parent_SMHStack" />
	<Frame inherits="SH_HealStackStatusBarTemplate" parent="CT_RAMember2HPBar" name="$parent_SMHStack" />
	<Frame inherits="SH_HealStackStatusBarTemplate" parent="CT_RAMember3HPBar" name="$parent_SMHStack" />
	<Frame inherits="SH_HealStackStatusBarTemplate" parent="CT_RAMember4HPBar" name="$parent_SMHStack" />
	<Frame inherits="SH_HealStackStatusBarTemplate" parent="CT_RAMember5HPBar" name="$parent_SMHStack" />
	<Frame inherits="SH_HealStackStatusBarTemplate" parent="CT_RAMember6HPBar" name="$parent_SMHStack" />
	<Frame inherits="SH_HealStackStatusBarTemplate" parent="CT_RAMember7HPBar" name="$parent_SMHStack" />
	<Frame inherits="SH_HealStackStatusBarTemplate" parent="CT_RAMember8HPBar" name="$parent_SMHStack" />
	<Frame inherits="SH_HealStackStatusBarTemplate" parent="CT_RAMember9HPBar" name="$parent_SMHStack" />
	<Frame inherits="SH_HealStackStatusBarTemplate" parent="CT_RAMember10HPBar" name="$parent_SMHStack" />
	<Frame inherits="SH_HealStackStatusBarTemplate" parent="CT_RAMember11HPBar" name="$parent_SMHStack" />
	<Frame inherits="SH_HealStackStatusBarTemplate" parent="CT_RAMember12HPBar" name="$parent_SMHStack" />
	<Frame inherits="SH_HealStackStatusBarTemplate" parent="CT_RAMember13HPBar" name="$parent_SMHStack" />
	<Frame inherits="SH_HealStackStatusBarTemplate" parent="CT_RAMember14HPBar" name="$parent_SMHStack" />
	<Frame inherits="SH_HealStackStatusBarTemplate" parent="CT_RAMember15HPBar" name="$parent_SMHStack" />
	<Frame inherits="SH_HealStackStatusBarTemplate" parent="CT_RAMember16HPBar" name="$parent_SMHStack" />
	<Frame inherits="SH_HealStackStatusBarTemplate" parent="CT_RAMember17HPBar" name="$parent_SMHStack" />
	<Frame inherits="SH_HealStackStatusBarTemplate" parent="CT_RAMember18HPBar" name="$parent_SMHStack" />
	<Frame inherits="SH_HealStackStatusBarTemplate" parent="CT_RAMember19HPBar" name="$parent_SMHStack" />
	<Frame inherits="SH_HealStackStatusBarTemplate" parent="CT_RAMember20HPBar" name="$parent_SMHStack" />
	<Frame inherits="SH_HealStackStatusBarTemplate" parent="CT_RAMember21HPBar" name="$parent_SMHStack" />
	<Frame inherits="SH_HealStackStatusBarTemplate" parent="CT_RAMember22HPBar" name="$parent_SMHStack" />
	<Frame inherits="SH_HealStackStatusBarTemplate" parent="CT_RAMember23HPBar" name="$parent_SMHStack" />
	<Frame inherits="SH_HealStackStatusBarTemplate" parent="CT_RAMember24HPBar" name="$parent_SMHStack" />
	<Frame inherits="SH_HealStackStatusBarTemplate" parent="CT_RAMember25HPBar" name="$parent_SMHStack" />
	<Frame inherits="SH_HealStackStatusBarTemplate" parent="CT_RAMember26HPBar" name="$parent_SMHStack" />
	<Frame inherits="SH_HealStackStatusBarTemplate" parent="CT_RAMember27HPBar" name="$parent_SMHStack" />
	<Frame inherits="SH_HealStackStatusBarTemplate" parent="CT_RAMember28HPBar" name="$parent_SMHStack" />
	<Frame inherits="SH_HealStackStatusBarTemplate" parent="CT_RAMember29HPBar" name="$parent_SMHStack" />
	<Frame inherits="SH_HealStackStatusBarTemplate" parent="CT_RAMember30HPBar" name="$parent_SMHStack" />
	<Frame inherits="SH_HealStackStatusBarTemplate" parent="CT_RAMember31HPBar" name="$parent_SMHStack" />
	<Frame inherits="SH_HealStackStatusBarTemplate" parent="CT_RAMember32HPBar" name="$parent_SMHStack" />
	<Frame inherits="SH_HealStackStatusBarTemplate" parent="CT_RAMember33HPBar" name="$parent_SMHStack" />
	<Frame inherits="SH_HealStackStatusBarTemplate" parent="CT_RAMember34HPBar" name="$parent_SMHStack" />
	<Frame inherits="SH_HealStackStatusBarTemplate" parent="CT_RAMember35HPBar" name="$parent_SMHStack" />
	<Frame inherits="SH_HealStackStatusBarTemplate" parent="CT_RAMember36HPBar" name="$parent_SMHStack" />
	<Frame inherits="SH_HealStackStatusBarTemplate" parent="CT_RAMember37HPBar" name="$parent_SMHStack" />
	<Frame inherits="SH_HealStackStatusBarTemplate" parent="CT_RAMember38HPBar" name="$parent_SMHStack" />
	<Frame inherits="SH_HealStackStatusBarTemplate" parent="CT_RAMember39HPBar" name="$parent_SMHStack" />
	<Frame inherits="SH_HealStackStatusBarTemplate" parent="CT_RAMember40HPBar" name="$parent_SMHStack" />
	
	<Frame inherits="SH_HealStackStatusBarTemplate" parent="CT_RA_EmergencyFrameFrame1HPBar" name="$parent_SMHStack" />
	<Frame inherits="SH_HealStackStatusBarTemplate" parent="CT_RA_EmergencyFrameFrame2HPBar" name="$parent_SMHStack" />
	<Frame inherits="SH_HealStackStatusBarTemplate" parent="CT_RA_EmergencyFrameFrame3HPBar" name="$parent_SMHStack" />
	<Frame inherits="SH_HealStackStatusBarTemplate" parent="CT_RA_EmergencyFrameFrame4HPBar" name="$parent_SMHStack" />
	<Frame inherits="SH_HealStackStatusBarTemplate" parent="CT_RA_EmergencyFrameFrame5HPBar" name="$parent_SMHStack" />
	
	<Frame inherits="SH_HealStackStatusBarTemplate" parent="CT_RAMTGroupMember1MTTTHPBar" name="$parent_SMHStack" />
	<Frame inherits="SH_HealStackStatusBarTemplate" parent="CT_RAMTGroupMember2MTTTHPBar" name="$parent_SMHStack" />
	<Frame inherits="SH_HealStackStatusBarTemplate" parent="CT_RAMTGroupMember3MTTTHPBar" name="$parent_SMHStack" />
	<Frame inherits="SH_HealStackStatusBarTemplate" parent="CT_RAMTGroupMember4MTTTHPBar" name="$parent_SMHStack" />
	<Frame inherits="SH_HealStackStatusBarTemplate" parent="CT_RAMTGroupMember5MTTTHPBar" name="$parent_SMHStack" />
	<Frame inherits="SH_HealStackStatusBarTemplate" parent="CT_RAMTGroupMember6MTTTHPBar" name="$parent_SMHStack" />
	<Frame inherits="SH_HealStackStatusBarTemplate" parent="CT_RAMTGroupMember7MTTTHPBar" name="$parent_SMHStack" />
	<Frame inherits="SH_HealStackStatusBarTemplate" parent="CT_RAMTGroupMember8MTTTHPBar" name="$parent_SMHStack" />
	<Frame inherits="SH_HealStackStatusBarTemplate" parent="CT_RAMTGroupMember9MTTTHPBar" name="$parent_SMHStack" />
	<Frame inherits="SH_HealStackStatusBarTemplate" parent="CT_RAMTGroupMember10MTTTHPBar" name="$parent_SMHStack" />
	
	<Frame inherits="SH_HealStackStatusBarTemplate" parent="CT_RAPTGroupMember1HPBar" name="$parent_SMHStack" />
	<Frame inherits="SH_HealStackStatusBarTemplate" parent="CT_RAPTGroupMember2HPBar" name="$parent_SMHStack" />
	<Frame inherits="SH_HealStackStatusBarTemplate" parent="CT_RAPTGroupMember3HPBar" name="$parent_SMHStack" />
	<Frame inherits="SH_HealStackStatusBarTemplate" parent="CT_RAPTGroupMember4HPBar" name="$parent_SMHStack" />
	<Frame inherits="SH_HealStackStatusBarTemplate" parent="CT_RAPTGroupMember5HPBar" name="$parent_SMHStack" />
	<Frame inherits="SH_HealStackStatusBarTemplate" parent="CT_RAPTGroupMember6HPBar" name="$parent_SMHStack" />
	<Frame inherits="SH_HealStackStatusBarTemplate" parent="CT_RAPTGroupMember7HPBar" name="$parent_SMHStack" />
	<Frame inherits="SH_HealStackStatusBarTemplate" parent="CT_RAPTGroupMember8HPBar" name="$parent_SMHStack" />
	<Frame inherits="SH_HealStackStatusBarTemplate" parent="CT_RAPTGroupMember9HPBar" name="$parent_SMHStack" />
	<Frame inherits="SH_HealStackStatusBarTemplate" parent="CT_RAPTGroupMember10HPBar" name="$parent_SMHStack" />
	
</UI>
