<!--
	MapNotes: Adds a note system to the WorldMap and other AddOns that use the Plugins facility provided

	See the README file for more information.
-->

<Ui xmlns="http://www.blizzard.com/wow/ui/" xmlns:xsi="http://www.w3.org/2001/XMLSchema-instance" xsi:schemaLocation="http://www.blizzard.com/wow/ui/">

	<Script file="MapNotesConstants.lua"/>
	<Script file="localization.en.lua"/>
	<Script file="localization.de.lua"/>
	<Script file="localization.fr.lua"/>
	<Script file="localization.kr.lua"/>
	<Script file="localization.tw.lua"/>
	<Script file="Utilities.lua"/>		<!-- Telic_1 -->
	<Script file="PlugIns.lua"/>		<!-- Telic_2 -->

	<Frame name="MapNotesEventFrame" hidden="false" toplevel="true" frameStrata="LOW" enableMouse="false" parent="UIParent">
		<Anchor point="TOPLEFT">
			<Offset>
				<AbsDimension x="0" y="0"/>
			</Offset>
		</Anchor>
		<Size>
			<AbsDimension x="1" y="1"/>
		</Size>
		<Scripts>
			<OnLoad>
				this:RegisterEvent("VARIABLES_LOADED");
				this:RegisterEvent("MINIMAP_UPDATE_ZOOM");
				this:RegisterEvent("WORLD_MAP_UPDATE");
				this:RegisterEvent("CHAT_MSG_ADDON");
			</OnLoad>
			<OnEvent>
				MapNotes_OnEvent();
			</OnEvent>
		</Scripts>
	</Frame>

	<Frame name="MapNotes_FrameTemplate" toplevel="true" movable="true" hidden="true"
		parent="WorldMapFrame" frameStrata="TOOLTIP" enableMouse="true" virtual="true">		<!-- Telic_2  frameStrata -->
		<Scripts>
			<OnMouseDown>
				if arg1 == "LeftButton" then
					this:StartMoving();
				end
			</OnMouseDown>
			<OnMouseUp>
				if arg1 == "LeftButton" then
					this:StopMovingOrSizing();
				end
			</OnMouseUp>
			<OnShow>					<!-- Telic_1 -->
				this:SetAlpha(1.0);			<!-- Telic_1 - caters for AddOns that can change the parent frame Alpha setting -->
			</OnShow>					<!-- Telic_1 -->
		</Scripts>

		<Backdrop bgFile="Interface\Tooltips\UI-Tooltip-Background" edgeFile="Interface\DialogFrame\UI-DialogBox-Border" tile="true">
			<BackgroundInsets>
				<AbsInset left="11" right="12" top="12" bottom="11"/>
			</BackgroundInsets>
			<TileSize>
				<AbsValue val="32"/>
			</TileSize>
			<EdgeSize>
				<AbsValue val="32"/>
			</EdgeSize>
		</Backdrop>
	</Frame>

	<Button name="MapNotes_ButtonTemplate" inherits="UIPanelButtonTemplate2" virtual="true">
		<Size>
			<AbsDimension x="185" y="21"/>
		</Size>
		<Scripts>									<!-- Telic_2 -->
			<OnShow>								<!-- Telic_2 -->
				this:SetFrameLevel( this:GetParent():GetFrameLevel() + 1 );	<!-- Telic_2 -->
			</OnShow>								<!-- Telic_2 -->
		</Scripts>									<!-- Telic_2 -->
	</Button>

	<Button name="MapNotes_CancelButtonTemplate" inherits="MapNotes_ButtonTemplate" virtual="true" text="MAPNOTES_CANCEL">
		<Scripts>
			<OnClick>
				PlaySound("igMainMenuOption");
				this:GetParent():Hide();
				MAPNOTES_ACTIVE_PLUGIN = nil;			<!-- Telic_2 -->
			</OnClick>
		</Scripts>
	</Button>

	<Texture name="MapNotesLineTemplate" hidden="true" virtual="true"/> <!-- Telic_* no need for 'file=...' -->

	<Frame name="MapNotesLinesFrame" parent="WorldMapDetailFrame" hidden="false">
		<Layers>
			<Layer level="ARTWORK">
			</Layer>
		</Layers>
	</Frame>

</Ui>
