<Ui xmlns="http://www.blizzard.com/wow/ui/" xmlns:xsi="http://www.w3.org/2001/XMLSchema-instance" xsi:schemaLocation="http://www.blizzard.com/wow/ui/
C:\Projects\WoW\Bin\Interface\FrameXML\UI.xsd">
	<Script file="CT_RATab.lua"/>
	<Frame name="CT_RATabLootDropDown" parent="RaidFrame" inherits="UIDropDownMenuTemplate" hidden="false">
		<Size>
			<AbsDimension x="128" y="16"/>
		</Size>
		<Anchors>
			<Anchor point="TOPLEFT">
				<Offset>
					<AbsDimension x="175" y="-35"/>
				</Offset>
			</Anchor>
		</Anchors>
		<Scripts>
			<OnLoad>
				CT_RATab_LoadDropDown();
			</OnLoad>
		</Scripts>
	</Frame>
</Ui>