<Ui xmlns="http://www.blizzard.com/wow/ui/" xmlns:xsi="http://www.w3.org/2001/XMLSchema-instance" xsi:schemaLocation="http://www.blizzard.com/wow/ui/
C:\Projects\WoW\Bin\Interface\FrameXML\UI.xsd">
	<Script file="localization.lua"/>
	<Script file="localization.de.lua"/>
	<Script file="localization.fr.lua"/>
	<Script file="CT_RASets.lua"/>
	<Frame name="CT_RASetsFrame" parent="Minimap" frameStrata="MEDIUM" enableMouse="true" hidden="false">
		<Frames>
			<Button name="CT_RASets_Button">
				<Size>
					<AbsDimension x="32" y="32"/>
				</Size>
				<Anchors>
					<Anchor point="TOPLEFT" relativeTo="Minimap" relativePoint="RIGHT">
						<Offset>
							<AbsDimension x="-13" y="5"/>
						</Offset>
					</Anchor>
				</Anchors>
				<Scripts>
					<OnLoad>
						this.tooltip = "CT_RaidAssist";
						this:SetFrameLevel(5);
					</OnLoad>
					<OnClick>
						CT_RASets_ToggleDropDown();
					</OnClick>
					<OnEnter>
						GameTooltip:SetOwner(this, "ANCHOR_LEFT");
						GameTooltip:SetText(this.tooltip);
					</OnEnter>
					<OnLeave>
						GameTooltip:Hide();
					</OnLeave>
				</Scripts>
				<Layers>
					<Layer level="ARTWORK">
						<Texture name="$parentTexture" file="Interface\AddOns\CT_RaidAssist\Images\ra"/>
					</Layer>
				</Layers>
				<HighlightTexture alphaMode="ADD" file="Interface\Minimap\UI-Minimap-ZoomButton-Highlight"/>
			</Button>
			<Frame name="CT_RASets_DropDown" inherits="UIDropDownMenuTemplate" hidden="true">
				<Size>
					<AbsDimension x="10" y="10"/>
				</Size>
				<Anchors>
					<Anchor point="TOPLEFT" relativeTo="CT_RASets_Button">
						<Offset>
							<AbsDimension x="0" y="0"/>
						</Offset>
					</Anchor>
				</Anchors>
				<Scripts>
					<OnLoad>
						CT_RASets_DropDown_OnLoad();
					</OnLoad>
				</Scripts>
			</Frame>
		</Frames>
		<Scripts>
			<OnLoad>
				this:RegisterEvent("VARIABLES_LOADED");
			</OnLoad>
			<OnEvent>
				CT_RASets_MoveButton();
			</OnEvent>
		</Scripts>
	</Frame>
</Ui>