<Ui xmlns="http://www.blizzard.com/wow/ui/" xmlns:xsi="http://www.w3.org/2001/XMLSchema-instance" xsi:schemaLocation="http://www.blizzard.com/wow/ui/
  ..\FrameXML\UI.xsd">

<Script file="OpiumStats.lua"/>

	<Button name="OpiumStatsButtonTemplate" virtual="true">
		<Size>
			<AbsDimension x="380" y="16"/>
		</Size>
		<Layers>
			<Layer level="BORDER">
				<FontString name="$parentName" inherits="GameFontNormal" justifyH="LEFT">
					<Size>
						<AbsDimension x="170" y="14"/>
					</Size>
					<Anchors>
						<Anchor point="TOPLEFT">
							<Offset>
								<AbsDimension x="10" y="-3"/>
							</Offset>
						</Anchor>
					</Anchors>
				</FontString>
	
				<FontString name="$parentReason" inherits="GameFontHighlight" justifyH="LEFT">
					<Size>
						<AbsDimension x="50" y="14"/>
					</Size>
					<Anchors>
						<Anchor point="LEFT" relativeTo="$parentName" relativePoint="RIGHT">
							<Offset>
								<AbsDimension x="-15" y="0"/>
							</Offset>
						</Anchor>
					</Anchors>
				</FontString>

			</Layer>
		</Layers>
	</Button>


<Frame name="OpiumStatsFrame" toplevel="true" frameStrata="DIALOG" enableMouse="true" enableKeyboard="true" movable="true" parent="UIParent" hidden="true">

		<Size>
			<AbsDimension x="264" y="352"/>
		</Size>

		 <Anchors>
 			<Anchor point="TOPRIGHT">
 				<Offset>
 					<AbsDimension x="-400" y="-104"/>
 				</Offset>
 			</Anchor>
 		</Anchors>
		<HitRectInsets>
			<AbsInset left="0" right="35" top="0" bottom="75"/>
		</HitRectInsets>

   	<Backdrop bgFile="Interface\DialogFrame\UI-DialogBox-Background"               edgeFile="Interface\DialogFrame\UI-DialogBox-Border" tile="true">
			<BackgroundInsets>
				<AbsInset left="11" right="12" top="12" bottom="11"/>
			</BackgroundInsets>
			<TileSize>
				<AbsValue val="32"/>
			</TileSize>
			<EdgeSize>
				<AbsValue val="32"/>
			</EdgeSize>
   </Backdrop>

   <Layers>
	   <Layer level="ARTWORK">
	 			<Texture name="OpiumStatsFrameHeader" file="Interface\DialogFrame\UI-DialogBox-Header">
					<Size>
						<AbsDimension x="256" y="64"/>
					</Size>
					<Anchors>
						<Anchor point="TOP">
							<Offset>
								<AbsDimension x="0" y="12"/>
							</Offset>
						</Anchor>
					</Anchors>
				</Texture>
				<FontString name="OpiumStatsTitleText" inherits="GameFontNormal" text="OPIUM_TEXT_STATS_TITLE">
					<Anchors>
						<Anchor point="TOP" relativeTo="OpiumStatsFrameHeader">
							<Offset>
								<AbsDimension x="0" y="-14"/>
							</Offset>
						</Anchor>
					</Anchors>
				</FontString>
         </Layer>
	</Layers>
      <Frames>
			<Button name="OpiumStatsFrameCloseButton" inherits="UIPanelCloseButton">
				<Anchors>
					<Anchor point="TOPRIGHT" relativeTo="OpiumStatsFrame" relativePoint="TOPRIGHT">
						<Offset>
							<AbsDimension x="-3" y="20"/>
						</Offset>
					</Anchor>
				</Anchors>
			</Button>

			<Frame name="OpiumStatsDropDown" letters="5" inherits="UIDropDownMenuTemplate" id="1" hidden="false">
				<Anchors>
					<Anchor point="TOP" relativeTo="OpiumStatsFrame" relativePoint="TOP">
						<Offset>
							<AbsDimension x="0" y="-23"/>
						</Offset>
					</Anchor>
				</Anchors>
				<Scripts>
             		<OnShow>
						OpiumStatsDropDown_OnShow();
					</OnShow>

				</Scripts>
			</Frame>


			<Button name="OpiumStatsItem1" inherits="OpiumStatsButtonTemplate" id="1" hidden="true">
				<Anchors>
					<Anchor point="TOPLEFT" relativeTo="OpiumStatsFrame">
						<Offset>
							<AbsDimension x="19" y="-52"/>
						</Offset>
					</Anchor>
				</Anchors>
			</Button>
			<Button name="OpiumStatsItem2" inherits="OpiumStatsButtonTemplate" id="2" hidden="true">
				<Anchors>
					<Anchor point="TOPLEFT" relativeTo="OpiumStatsItem1" relativePoint="BOTTOMLEFT">
						<Offset>
							<AbsDimension x="0" y="1"/>
						</Offset>
					</Anchor>
				</Anchors>
			</Button>
			<Button name="OpiumStatsItem3" inherits="OpiumStatsButtonTemplate" id="3" hidden="true">
				<Anchors>
					<Anchor point="TOPLEFT" relativeTo="OpiumStatsItem2" relativePoint="BOTTOMLEFT">
						<Offset>
							<AbsDimension x="0" y="1"/>
						</Offset>
					</Anchor>
				</Anchors>
			</Button>
			<Button name="OpiumStatsItem4" inherits="OpiumStatsButtonTemplate" id="4" hidden="true">
				<Anchors>
					<Anchor point="TOPLEFT" relativeTo="OpiumStatsItem3" relativePoint="BOTTOMLEFT">
						<Offset>
							<AbsDimension x="0" y="1"/>
						</Offset>
					</Anchor>
				</Anchors>
			</Button>
			<Button name="OpiumStatsItem5" inherits="OpiumStatsButtonTemplate" id="5" hidden="true">
				<Anchors>
					<Anchor point="TOPLEFT" relativeTo="OpiumStatsItem4" relativePoint="BOTTOMLEFT">
						<Offset>
							<AbsDimension x="0" y="1"/>
						</Offset>
					</Anchor>
				</Anchors>
			</Button>
			<Button name="OpiumStatsItem6" inherits="OpiumStatsButtonTemplate" id="6" hidden="true">
				<Anchors>
					<Anchor point="TOPLEFT" relativeTo="OpiumStatsItem5" relativePoint="BOTTOMLEFT">
						<Offset>
							<AbsDimension x="0" y="1"/>
						</Offset>
					</Anchor>
				</Anchors>
			</Button>
			<Button name="OpiumStatsItem7" inherits="OpiumStatsButtonTemplate" id="7" hidden="true">
				<Anchors>
					<Anchor point="TOPLEFT" relativeTo="OpiumStatsItem6" relativePoint="BOTTOMLEFT">
						<Offset>
							<AbsDimension x="0" y="1"/>
						</Offset>
					</Anchor>
				</Anchors>
			</Button>
			<Button name="OpiumStatsItem8" inherits="OpiumStatsButtonTemplate" id="8" hidden="true">
				<Anchors>
					<Anchor point="TOPLEFT" relativeTo="OpiumStatsItem7" relativePoint="BOTTOMLEFT">
						<Offset>
							<AbsDimension x="0" y="1"/>
						</Offset>
					</Anchor>
				</Anchors>
			</Button>
			<Button name="OpiumStatsItem9" inherits="OpiumStatsButtonTemplate" id="9" hidden="true">
				<Anchors>
					<Anchor point="TOPLEFT" relativeTo="OpiumStatsItem8" relativePoint="BOTTOMLEFT">
						<Offset>
							<AbsDimension x="0" y="1"/>
						</Offset>
					</Anchor>
				</Anchors>
			</Button>
			<Button name="OpiumStatsItem10" inherits="OpiumStatsButtonTemplate" id="10" hidden="true">
				<Anchors>
					<Anchor point="TOPLEFT" relativeTo="OpiumStatsItem9" relativePoint="BOTTOMLEFT">
						<Offset>
							<AbsDimension x="0" y="1"/>
						</Offset>
					</Anchor>
				</Anchors>
			</Button>
			<Button name="OpiumStatsItem11" inherits="OpiumStatsButtonTemplate" id="11" hidden="true">
				<Anchors>
					<Anchor point="TOPLEFT" relativeTo="OpiumStatsItem10" relativePoint="BOTTOMLEFT">
						<Offset>
							<AbsDimension x="0" y="1"/>
						</Offset>
					</Anchor>
				</Anchors>
			</Button>
			<Button name="OpiumStatsItem12" inherits="OpiumStatsButtonTemplate" id="12" hidden="true">
				<Anchors>
					<Anchor point="TOPLEFT" relativeTo="OpiumStatsItem11" relativePoint="BOTTOMLEFT">
						<Offset>
							<AbsDimension x="0" y="1"/>
						</Offset>
					</Anchor>
				</Anchors>
			</Button>
			<Button name="OpiumStatsItem13" inherits="OpiumStatsButtonTemplate" id="13" hidden="true">
				<Anchors>
					<Anchor point="TOPLEFT" relativeTo="OpiumStatsItem12" relativePoint="BOTTOMLEFT">
						<Offset>
							<AbsDimension x="0" y="1"/>
						</Offset>
					</Anchor>
				</Anchors>
			</Button>
			<Button name="OpiumStatsItem14" inherits="OpiumStatsButtonTemplate" id="14" hidden="true">
				<Anchors>
					<Anchor point="TOPLEFT" relativeTo="OpiumStatsItem13" relativePoint="BOTTOMLEFT">
						<Offset>
							<AbsDimension x="0" y="1"/>
						</Offset>
					</Anchor>
				</Anchors>
			</Button>
			<Button name="OpiumStatsItem15" inherits="OpiumStatsButtonTemplate" id="15" hidden="true">
				<Anchors>
					<Anchor point="TOPLEFT" relativeTo="OpiumStatsItem14" relativePoint="BOTTOMLEFT">
						<Offset>
							<AbsDimension x="0" y="1"/>
						</Offset>
					</Anchor>
				</Anchors>
			</Button>
			<Button name="OpiumStatsItem16" inherits="OpiumStatsButtonTemplate" id="16" hidden="true">
				<Anchors>
					<Anchor point="TOPLEFT" relativeTo="OpiumStatsItem15" relativePoint="BOTTOMLEFT">
						<Offset>
							<AbsDimension x="0" y="1"/>
						</Offset>
					</Anchor>
				</Anchors>
			</Button>
			<Button name="OpiumStatsItem17" inherits="OpiumStatsButtonTemplate" id="17" hidden="true">
				<Anchors>
					<Anchor point="TOPLEFT" relativeTo="OpiumStatsItem16" relativePoint="BOTTOMLEFT">
						<Offset>
							<AbsDimension x="0" y="1"/>
						</Offset>
					</Anchor>
				</Anchors>
			</Button>
			<Button name="OpiumStatsItem18" inherits="OpiumStatsButtonTemplate" id="18" hidden="true">
				<Anchors>
					<Anchor point="TOPLEFT" relativeTo="OpiumStatsItem17" relativePoint="BOTTOMLEFT">
						<Offset>
							<AbsDimension x="0" y="1"/>
						</Offset>
					</Anchor>
				</Anchors>
			</Button>
			<Button name="OpiumStatsItem19" inherits="OpiumStatsButtonTemplate" id="19" hidden="true">
				<Anchors>
					<Anchor point="TOPLEFT" relativeTo="OpiumStatsItem18" relativePoint="BOTTOMLEFT">
						<Offset>
							<AbsDimension x="0" y="1"/>
						</Offset>
					</Anchor>
				</Anchors>
			</Button>


      <ScrollFrame name="OpiumStatsListScrollFrame" inherits="FauxScrollFrameTemplate">
				<Size>
					<AbsDimension x="256" y="324"/>
				</Size>
				<Anchors>
					<Anchor point="TOPRIGHT" relativeTo="OpiumStatsFrame" relativePoint="TOPRIGHT">
						<Offset>
							<AbsDimension x="-35" y="-17"/>
						</Offset>
					</Anchor>
				</Anchors>
<!-- KRIS 1/02/2006 9:51:09 AM
				<Layers>
					<Layer level="ARTWORK">
						<Texture name="$parentScrollBarTop" file="Interface\PaperDollInfoFrame\UI-Character-ScrollBar">
							<Size>
								<AbsDimension x="31" y="256"/>
							</Size>
							<Anchors>
								<Anchor point="TOP" relativeTo="$parentScrollBarScrollUpButton">
									<Offset>
										<AbsDimension x="0" y="5"/>
									</Offset>
								</Anchor>
							</Anchors>
							<TexCoords left="0" right="0.484375" top="0" bottom="1.0"/>
						</Texture>

						<Texture file="Interface\PaperDollInfoFrame\UI-Character-ScrollBar">
							<Size>
								<AbsDimension x="31" y="106"/>
							</Size>
							<Anchors>
								<Anchor point="BOTTOM" relativeTo="$parentScrollBarScrollDownButton">
									<Offset>
										<AbsDimension x="0" y="-2"/>
									</Offset>
								</Anchor>
							</Anchors>
							<TexCoords left="0.515625" right="1.0" top="0" bottom="0.4140625"/>
						</Texture>
					</Layer>
				</Layers>
KRIS -->
				<Scripts>
					<OnVerticalScroll>
						FauxScrollFrame_OnVerticalScroll(OPIUM_ITEM_HEIGHT, Opium_StatsUpdate);
					</OnVerticalScroll>
<!-- KRIS 17/01/2006 -->
<!-- HACK -->
                                        <OnShow>
                                                Opium_StatsUpdate();
                                        </OnShow>
<!-- KRIS -->
				</Scripts>
			</ScrollFrame>



		</Frames>
		<Scripts>


            <OnMouseUp>
                OpiumStatsFrame:StopMovingOrSizing();
            </OnMouseUp>
            <OnMouseDown>
                OpiumStatsFrame:StartMoving();
            </OnMouseDown>

		</Scripts>

</Frame>

</Ui>