<Ui xmlns="http://www.blizzard.com/wow/ui/" xmlns:xsi="http://www.w3.org/2001/XMLSchema-instance" xsi:schemaLocation="http://www.blizzard.com/wow/ui/
  ..\FrameXML\UI.xsd">

<Script file="localization.lua"/>
<Script file="localization.fr.lua"/>
<Script file="localization.de.lua"/>
<Script file="Opiumpwho.lua"/>


	<Button name="OpiumItemButtonTemplate" virtual="true">
		<Size>
			<AbsDimension x="380" y="16"/>
		</Size>



		<Scripts>
			<OnLoad>
				this:RegisterForClicks("LeftButtonUp", "RightButtonUp");
			</OnLoad>
			<OnClick>
				OpiumItemButton_OnClick(arg1);
			</OnClick>
			<OnEnter>
				OpiumItemButton_OnEnter();
			</OnEnter>
			<OnLeave>
				OpiumItemButton_OnLeave();
			</OnLeave>
		</Scripts>

		<HighlightTexture alphaMode="ADD" file="Interface\QuestFrame\UI-QuestTitleHighlight"/>

		<Layers>
			<Layer level="BORDER">


				<FontString name="$parentName" inherits="GameFontNormalSmall" justifyH="LEFT">
					<Size>
						<AbsDimension x="88" y="14"/>
					</Size>
					<Anchors>
						<Anchor point="TOPLEFT">
							<Offset>
								<AbsDimension x="10" y="-3"/>
							</Offset>
						</Anchor>
					</Anchors>
				</FontString>
	
				<FontString name="$parentLevel" inherits="GameFontHighlightSmall" justifyH="CENTER">
					<Size>
						<AbsDimension x="20" y="14"/>
					</Size>
					<Anchors>
						<Anchor point="LEFT" relativeTo="$parentName" relativePoint="RIGHT">
							<Offset>
								<AbsDimension x="0" y="0"/>
							</Offset>
						</Anchor>
					</Anchors>
				</FontString>
				<FontString name="$parentClass" inherits="GameFontHighlightSmall" justifyH="LEFT">
					<Size>
						<AbsDimension x="82" y="8"/>
					</Size>
					<Anchors>
						<Anchor point="LEFT" relativeTo="$parentLevel" relativePoint="RIGHT">
							<Offset>
								<AbsDimension x="3" y="0"/>
							</Offset>
						</Anchor>
					</Anchors>
				</FontString>
				<FontString name="$parentGroup" inherits="GameFontHighlightSmall" justifyH="LEFT">
					<Size>
						<AbsDimension x="100" y="14"/>
					</Size>
					<Anchors>
						<Anchor point="LEFT" relativeTo="$parentClass" relativePoint="RIGHT">
							<Offset>
								<AbsDimension x="-2" y="0"/>
							</Offset>
						</Anchor>
					</Anchors>
				</FontString>

				<FontString name="$parentKills" inherits="GameFontHighlightSmall" justifyH="CENTER">
					<Size>
						<AbsDimension x="50" y="14"/>
					</Size>
					<Anchors>
						<Anchor point="LEFT" relativeTo="$parentGroup" relativePoint="RIGHT">
							<Offset>
								<AbsDimension x="-2" y="0"/>
							</Offset>
						</Anchor>
					</Anchors>
				</FontString>

				<FontString name="$parentLastSeen" inherits="GameFontHighlightSmall" justifyH="LEFT">
					<Size>
						<AbsDimension x="60" y="14"/>
					</Size>
					<Anchors>
						<Anchor point="LEFT" relativeTo="$parentKills" relativePoint="RIGHT">
							<Offset>
								<AbsDimension x="-2" y="0"/>
							</Offset>
						</Anchor>
					</Anchors>
				</FontString>
			</Layer>
		</Layers>


	</Button>


	<Frame name="OpiumFrame" toplevel="true" enableMouse="true" movable="true" parent="UIParent" hidden="true">
		<Size>
			<AbsDimension x="494" y="552"/>
		</Size>
		<Anchors>
 			<Anchor point="TOPLEFT">
 				<Offset>
 					<AbsDimension x="0" y="-104"/>
 				</Offset>
 			</Anchor>
 		</Anchors>
		<HitRectInsets>
			<AbsInset left="0" right="35" top="0" bottom="75"/>
		</HitRectInsets>
		<Layers>
			<Layer level="BACKGROUND">
                <Texture name="OpiumFramePortrait" file="Interface\PetitionFrame\GuildCharter-Icon">
					<Size>
						<AbsDimension x="58" y="58"/>
					</Size>
					<Anchors>
						<Anchor point="TOPLEFT">
							<Offset>
								<AbsDimension x="8" y="-9"/>
							</Offset>
						</Anchor>
					</Anchors>
                </Texture>
            </Layer>
			<Layer level="ARTWORK">
				<Texture file="Interface\TaxiFrame\UI-TaxiFrame-TopLeft">
					<Size>
						<AbsDimension x="256" y="256"/>
					</Size>
					<Anchors>
						<Anchor point="TOPLEFT"/>
					</Anchors>
				</Texture>
				<Texture file="Interface\TaxiFrame\UI-TaxiFrame-TopRight">
					<Size>
						<AbsDimension x="278" y="256"/>
					</Size>
					<Anchors>
						<Anchor point="TOPRIGHT" relativeTo="OpiumFrame" relativePoint="TOPRIGHT">
							<Offset>
								<AbsDimension x="40" y="0"/>
							</Offset>
						</Anchor>
					</Anchors>
				</Texture>
				<Texture file="Interface\TaxiFrame\UI-TaxiFrame-BotLeft">
					<Size>
						<AbsDimension x="256" y="306"/>
					</Size>
					<Anchors>
						<Anchor point="BOTTOMLEFT" relativeTo="OpiumFrame" relativePoint="BOTTOMLEFT">
							<Offset>
								<AbsDimension x="0" y="0"/>
							</Offset>
						</Anchor>
					</Anchors>
				</Texture>
				<Texture file="Interface\TaxiFrame\UI-TaxiFrame-BotRight">
					<Size>
						<AbsDimension x="278" y="306"/>
					</Size>
					<Anchors>
						<Anchor point="BOTTOMRIGHT" relativeTo="OpiumFrame" relativePoint="BOTTOMRIGHT">
							<Offset>
								<AbsDimension x="40" y="0"/>
							</Offset>
						</Anchor>
					</Anchors>
				</Texture>
				<FontString name="OpiumTitleText" inherits="GameFontHighlight" text="OPIUM_TITLE">
					<Size>
						<AbsDimension x="300" y="14"/>
					</Size>
					<Anchors>
						<Anchor point="TOP" relativeTo="OpiumFrame" relativePoint="TOP">
							<Offset>
								<AbsDimension x="0" y="-15"/>
							</Offset>
						</Anchor>
					</Anchors>
				</FontString>
			</Layer>
		</Layers>
		<Frames>
			<Button name="OpiumFrameCloseButton" inherits="UIPanelCloseButton">
				<Anchors>
					<Anchor point="TOPRIGHT" relativeTo="OpiumFrame" relativePoint="TOPRIGHT">
						<Offset>
							<AbsDimension x="-39" y="-8"/>
						</Offset>
					</Anchor>
				</Anchors>
			</Button>

			<Button name="OpiumFrameDropDown" inherits="UIDropDownMenuTemplate">
				<Anchors>
					<Anchor point="TOPLEFT" relativeTo="OpiumFrame" relativePoint="TOPLEFT">
						<Offset>
							<AbsDimension x="59" y="-40"/>
						</Offset>
					</Anchor>
				</Anchors>
				<Scripts>
  				   <OnLoad>
						OpiumFrameDropDown_OnLoad();
					</OnLoad>
				</Scripts>
			</Button>

			<Button name="OpiumFrameResetButton" inherits="UIPanelButtonTemplate">
				<Size>
					<AbsDimension x="80" y="24"/>
				</Size>
				<Anchors>
					<Anchor point="TOPLEFT">
						<Offset>
							<AbsDimension x="180" y="-43"/>
						</Offset>
					</Anchor>
				</Anchors>
				<Scripts>
					<OnLoad>
						this:SetText(OPIUM_TEXT_RESET);
					</OnLoad>
					<OnClick>
						OpiumResetWindow();
					</OnClick>
				</Scripts>
			</Button>

			<Button name="OpiumFrameSearchButton" inherits="UIPanelButtonTemplate">
				<Size>
					<AbsDimension x="80" y="24"/>
				</Size>
				<Anchors>
					<Anchor point="TOPLEFT">
						<Offset>
							<AbsDimension x="270" y="-43"/>
						</Offset>
					</Anchor>
				</Anchors>
				<Scripts>
					<OnLoad>
						this:SetText(OPIUM_TEXT_SEARCH);
					</OnLoad>
					<OnClick>
						ToggleOpiumSearch();
					</OnClick>
				</Scripts>
			</Button>

			<Button name="OpiumFramePurgeButton" inherits="UIPanelButtonTemplate">
				<Size>
					<AbsDimension x="80" y="24"/>
				</Size>
				<Anchors>
					<Anchor point="TOPLEFT">
						<Offset>
							<AbsDimension x="360" y="-43"/>
						</Offset>
					</Anchor>
				</Anchors>
				<Scripts>
					<OnLoad>
						this:SetText(OPIUM_TEXT_PURGE);
					</OnLoad>
					<OnClick>
						ToggleOpiumPurge();
					</OnClick>
				</Scripts>
			</Button>

			<Button name="OpiumItem1" inherits="OpiumItemButtonTemplate" id="1" hidden="true">
				<Anchors>
					<Anchor point="TOPLEFT" relativeTo="OpiumFrame">
						<Offset>
							<AbsDimension x="19" y="-75"/>
						</Offset>
					</Anchor>
				</Anchors>
			</Button>
			<Button name="OpiumItem2" inherits="OpiumItemButtonTemplate" id="2" hidden="true">
				<Anchors>
					<Anchor point="TOPLEFT" relativeTo="OpiumItem1" relativePoint="BOTTOMLEFT">
						<Offset>
							<AbsDimension x="0" y="1"/>
						</Offset>
					</Anchor>
				</Anchors>
			</Button>
			<Button name="OpiumItem3" inherits="OpiumItemButtonTemplate" id="3" hidden="true">
				<Anchors>
					<Anchor point="TOPLEFT" relativeTo="OpiumItem2" relativePoint="BOTTOMLEFT">
						<Offset>
							<AbsDimension x="0" y="1"/>
						</Offset>
					</Anchor>
				</Anchors>
			</Button>
			<Button name="OpiumItem4" inherits="OpiumItemButtonTemplate" id="4" hidden="true">
				<Anchors>
					<Anchor point="TOPLEFT" relativeTo="OpiumItem3" relativePoint="BOTTOMLEFT">
						<Offset>
							<AbsDimension x="0" y="1"/>
						</Offset>
					</Anchor>
				</Anchors>
			</Button>
			<Button name="OpiumItem5" inherits="OpiumItemButtonTemplate" id="5" hidden="true">
				<Anchors>
					<Anchor point="TOPLEFT" relativeTo="OpiumItem4" relativePoint="BOTTOMLEFT">
						<Offset>
							<AbsDimension x="0" y="1"/>
						</Offset>
					</Anchor>
				</Anchors>
			</Button>
			<Button name="OpiumItem6" inherits="OpiumItemButtonTemplate" id="6" hidden="true">
				<Anchors>
					<Anchor point="TOPLEFT" relativeTo="OpiumItem5" relativePoint="BOTTOMLEFT">
						<Offset>
							<AbsDimension x="0" y="1"/>
						</Offset>
					</Anchor>
				</Anchors>
			</Button>
			<Button name="OpiumItem7" inherits="OpiumItemButtonTemplate" id="7" hidden="true">
				<Anchors>
					<Anchor point="TOPLEFT" relativeTo="OpiumItem6" relativePoint="BOTTOMLEFT">
						<Offset>
							<AbsDimension x="0" y="1"/>
						</Offset>
					</Anchor>
				</Anchors>
			</Button>
			<Button name="OpiumItem8" inherits="OpiumItemButtonTemplate" id="8" hidden="true">
				<Anchors>
					<Anchor point="TOPLEFT" relativeTo="OpiumItem7" relativePoint="BOTTOMLEFT">
						<Offset>
							<AbsDimension x="0" y="1"/>
						</Offset>
					</Anchor>
				</Anchors>
			</Button>
			<Button name="OpiumItem9" inherits="OpiumItemButtonTemplate" id="9" hidden="true">
				<Anchors>
					<Anchor point="TOPLEFT" relativeTo="OpiumItem8" relativePoint="BOTTOMLEFT">
						<Offset>
							<AbsDimension x="0" y="1"/>
						</Offset>
					</Anchor>
				</Anchors>
			</Button>
			<Button name="OpiumItem10" inherits="OpiumItemButtonTemplate" id="10" hidden="true">
				<Anchors>
					<Anchor point="TOPLEFT" relativeTo="OpiumItem9" relativePoint="BOTTOMLEFT">
						<Offset>
							<AbsDimension x="0" y="1"/>
						</Offset>
					</Anchor>
				</Anchors>
			</Button>
			<Button name="OpiumItem11" inherits="OpiumItemButtonTemplate" id="11" hidden="true">
				<Anchors>
					<Anchor point="TOPLEFT" relativeTo="OpiumItem10" relativePoint="BOTTOMLEFT">
						<Offset>
							<AbsDimension x="0" y="1"/>
						</Offset>
					</Anchor>
				</Anchors>
			</Button>
			<Button name="OpiumItem12" inherits="OpiumItemButtonTemplate" id="12" hidden="true">
				<Anchors>
					<Anchor point="TOPLEFT" relativeTo="OpiumItem11" relativePoint="BOTTOMLEFT">
						<Offset>
							<AbsDimension x="0" y="1"/>
						</Offset>
					</Anchor>
				</Anchors>
			</Button>
			<Button name="OpiumItem13" inherits="OpiumItemButtonTemplate" id="13" hidden="true">
				<Anchors>
					<Anchor point="TOPLEFT" relativeTo="OpiumItem12" relativePoint="BOTTOMLEFT">
						<Offset>
							<AbsDimension x="0" y="1"/>
						</Offset>
					</Anchor>
				</Anchors>
			</Button>
			<Button name="OpiumItem14" inherits="OpiumItemButtonTemplate" id="14" hidden="true">
				<Anchors>
					<Anchor point="TOPLEFT" relativeTo="OpiumItem13" relativePoint="BOTTOMLEFT">
						<Offset>
							<AbsDimension x="0" y="1"/>
						</Offset>
					</Anchor>
				</Anchors>
			</Button>
			<Button name="OpiumItem15" inherits="OpiumItemButtonTemplate" id="15" hidden="true">
				<Anchors>
					<Anchor point="TOPLEFT" relativeTo="OpiumItem14" relativePoint="BOTTOMLEFT">
						<Offset>
							<AbsDimension x="0" y="1"/>
						</Offset>
					</Anchor>
				</Anchors>
			</Button>
			<Button name="OpiumItem16" inherits="OpiumItemButtonTemplate" id="16" hidden="true">
				<Anchors>
					<Anchor point="TOPLEFT" relativeTo="OpiumItem15" relativePoint="BOTTOMLEFT">
						<Offset>
							<AbsDimension x="0" y="1"/>
						</Offset>
					</Anchor>
				</Anchors>
			</Button>
			<Button name="OpiumItem17" inherits="OpiumItemButtonTemplate" id="17" hidden="true">
				<Anchors>
					<Anchor point="TOPLEFT" relativeTo="OpiumItem16" relativePoint="BOTTOMLEFT">
						<Offset>
							<AbsDimension x="0" y="1"/>
						</Offset>
					</Anchor>
				</Anchors>
			</Button>
			<Button name="OpiumItem18" inherits="OpiumItemButtonTemplate" id="18" hidden="true">
				<Anchors>
					<Anchor point="TOPLEFT" relativeTo="OpiumItem17" relativePoint="BOTTOMLEFT">
						<Offset>
							<AbsDimension x="0" y="1"/>
						</Offset>
					</Anchor>
				</Anchors>
			</Button>
			<Button name="OpiumItem19" inherits="OpiumItemButtonTemplate" id="19" hidden="true">
				<Anchors>
					<Anchor point="TOPLEFT" relativeTo="OpiumItem18" relativePoint="BOTTOMLEFT">
						<Offset>
							<AbsDimension x="0" y="1"/>
						</Offset>
					</Anchor>
				</Anchors>
			</Button>
			<Button name="OpiumItem20" inherits="OpiumItemButtonTemplate" id="20" hidden="true">
				<Anchors>
					<Anchor point="TOPLEFT" relativeTo="OpiumItem19" relativePoint="BOTTOMLEFT">
						<Offset>
							<AbsDimension x="0" y="1"/>
						</Offset>
					</Anchor>
				</Anchors>
			</Button>
			<Button name="OpiumItem21" inherits="OpiumItemButtonTemplate" id="21" hidden="true">
				<Anchors>
					<Anchor point="TOPLEFT" relativeTo="OpiumItem20" relativePoint="BOTTOMLEFT">
						<Offset>
							<AbsDimension x="0" y="1"/>
						</Offset>
					</Anchor>
				</Anchors>
			</Button>
			<Button name="OpiumItem22" inherits="OpiumItemButtonTemplate" id="22" hidden="true">
				<Anchors>
					<Anchor point="TOPLEFT" relativeTo="OpiumItem21" relativePoint="BOTTOMLEFT">
						<Offset>
							<AbsDimension x="0" y="1"/>
						</Offset>
					</Anchor>
				</Anchors>
			</Button>
			<Button name="OpiumItem23" inherits="OpiumItemButtonTemplate" id="23" hidden="true">
				<Anchors>
					<Anchor point="TOPLEFT" relativeTo="OpiumItem22" relativePoint="BOTTOMLEFT">
						<Offset>
							<AbsDimension x="0" y="1"/>
						</Offset>
					</Anchor>
				</Anchors>
			</Button>
			<ScrollFrame name="OpiumListScrollFrame" inherits="FauxScrollFrameTemplate">
				<Size>
					<AbsDimension x="296" y="344"/>
				</Size>
				<Anchors>
					<Anchor point="TOPLEFT" relativeTo="OpiumFrame" relativePoint="TOPRIGHT">
						<Offset>
							<AbsDimension x="-365" y="-75"/>
						</Offset>
					</Anchor>
				</Anchors>
<!-- KRIS
				<Layers>
					<Layer level="ARTWORK">
						<Texture name="$parentScrollBarTop" file="Interface\PaperDollInfoFrame\UI-Character-ScrollBar">
							<Size>
								<AbsDimension x="31" y="256"/>
							</Size>
							<Anchors>
								<Anchor point="TOP" relativeTo="$parentScrollBarScrollUpButton">
									<Offset>
										<AbsDimension x="0" y="5"/>
									</Offset>
								</Anchor>
							</Anchors>
							<TexCoords left="0" right="0.484375" top="0" bottom="1.0"/>
						</Texture>
						<Texture file="Interface\PaperDollInfoFrame\UI-Character-ScrollBar">
							<Size>
								<AbsDimension x="31" y="106"/>
							</Size>
							<Anchors>
								<Anchor point="BOTTOM" relativeTo="$parentScrollBarScrollDownButton">
									<Offset>
										<AbsDimension x="0" y="-2"/>
									</Offset>
								</Anchor>
							</Anchors>
							<TexCoords left="0.515625" right="1.0" top="0" bottom="0.4140625"/>
						</Texture>
					</Layer>
				</Layers>
KRIS -->
				<Scripts>
					<OnVerticalScroll>
						FauxScrollFrame_OnVerticalScroll(OPIUM_ITEM_HEIGHT, Opium_Update);
					</OnVerticalScroll>
<!-- KRIS 17/01/2006 -->
<!-- HACK -->
                                        <OnShow>
                                                Opium_Refresh();
                                        </OnShow>
<!-- KRIS -->
				</Scripts>
			</ScrollFrame>
				<Button name="OpiumFrameKospButton" inherits="UIPanelButtonTemplate">
				<Size>
					<AbsDimension x="90" y="30"/>
				</Size>
				<Anchors>
					<Anchor point="BOTTOMLEFT">
						<Offset>
							<AbsDimension x="23" y="100"/>
						</Offset>
					</Anchor>
				</Anchors>
				<Scripts>
					<OnLoad>
						this:SetText(OPIUM_TEXT_KOSPLAYERS);
					</OnLoad>
					<OnClick>
						ToggleOpiumKosp();
					</OnClick>
				</Scripts>
			</Button>

				<Button name="OpiumFrameKosgButton" inherits="UIPanelButtonTemplate">
				<Size>
					<AbsDimension x="90" y="30"/>
				</Size>
				<Anchors>
                     <Anchor point="TOPLEFT" relativeTo="OpiumFrameKospButton" relativePoint="TOPRIGHT">
						<Offset>
							<AbsDimension x="20" y="0"/>
						</Offset>
					</Anchor>
				</Anchors>
				<Scripts>
					<OnLoad>
						this:SetText(OPIUM_TEXT_KOSGUILDS);
					</OnLoad>
					<OnClick>
						ToggleOpiumKosg();
					</OnClick>
				</Scripts>
			</Button>

				<Button name="OpiumFrameOptionsButton" inherits="UIPanelButtonTemplate">
				<Size>
					<AbsDimension x="90" y="30"/>
				</Size>
				<Anchors>
                     <Anchor point="TOPLEFT" relativeTo="OpiumFrameKosgButton" relativePoint="TOPRIGHT">
						<Offset>
							<AbsDimension x="20" y="0"/>
						</Offset>
					</Anchor>
				</Anchors>
				<Scripts>
					<OnLoad>
						this:SetText(OPIUM_TEXT_OPTIONS);
					</OnLoad>
					<OnClick>
						OpiumOptions_Toggle();
					</OnClick>
				</Scripts>
     		</Button>

				<Button name="OpiumFrameStatsButton" inherits="UIPanelButtonTemplate">
				<Size>
					<AbsDimension x="90" y="30"/>
				</Size>
				<Anchors>
                     <Anchor point="TOPLEFT" relativeTo="OpiumFrameOptionsButton" relativePoint="TOPRIGHT">
						<Offset>
							<AbsDimension x="20" y="0"/>
						</Offset>
					</Anchor>
				</Anchors>
				<Scripts>
					<OnLoad>
						this:SetText(OPIUM_TEXT_PVPSTATS);
					</OnLoad>
					<OnClick>
						ToggleOpiumStats();
					</OnClick>
				</Scripts>
     		</Button>

		</Frames>
		<Scripts>
            <OnMouseUp>
                OpiumFrame:StopMovingOrSizing();
            </OnMouseUp>
            <OnMouseDown>
                OpiumFrame:StartMoving();
            </OnMouseDown>
            <OnLoad>
			   Opium_OnLoad();
			</OnLoad> 
            <OnEvent>
			   Opium_OnEvent(event);
			</OnEvent> 

		</Scripts>

	</Frame>



	<Button name="OpiumSearchButtonTemplate" inherits="UIPanelButtonTemplate" virtual="true">
		<Size>
			<AbsDimension x="104" y="21"/>
		</Size>
		<NormalText inherits="GameFontHighlight"/>
		<DisabledText inherits="GameFontDisable"/>
		<HighlightText inherits="GameFontHighlight"/>
	</Button>
	<EditBox name="OS_EditBoxTemplate" letters="256" historyLines="0" virtual="true">
		<Size>
			<AbsDimension x="200" y="20"/>
		</Size>
		<Layers>
			<Layer level="BACKGROUND">
				<Texture name="$parentLeft" file="Interface\ClassTrainerFrame\UI-ClassTrainer-FilterBorder">
					<Size>
						<AbsDimension x="12" y="29"/>
					</Size>
					<Anchors>
						<Anchor point="TOPLEFT">
							<Offset>
								<AbsDimension x="-11" y="2"/>
							</Offset>
						</Anchor>
					</Anchors>
					<TexCoords left="0" right="0.09375" top="0" bottom="1.0"/>
				</Texture>
				<Texture name="$parentMiddle" file="Interface\ClassTrainerFrame\UI-ClassTrainer-FilterBorder">
					<Size>
						<AbsDimension x="195" y="29"/>
					</Size>
					<Anchors>
						<Anchor point="LEFT" relativeTo="$parentLeft" relativePoint="RIGHT"/>
					</Anchors>
					<TexCoords left="0.09375" right="0.90625" top="0" bottom="1.0"/>
				</Texture>
				<Texture name="$parentRight" file="Interface\ClassTrainerFrame\UI-ClassTrainer-FilterBorder">
					<Size>
						<AbsDimension x="12" y="29"/>
					</Size>
					<Anchors>
						<Anchor point="LEFT" relativeTo="$parentMiddle" relativePoint="RIGHT"/>
					</Anchors>
					<TexCoords left="0.90625" right="1.0" top="0" bottom="1.0"/>
				</Texture>
			</Layer>
		</Layers>

		<Scripts>
			<OnEscapePressed>
				OpiumSearchFrame_Cancel();
			</OnEscapePressed>
			<OnEnterPressed>
				OpiumSearchFrame_Okay();
			</OnEnterPressed>
		</Scripts>
		<FontString inherits="ChatFontNormal"/>
	</EditBox>





<Frame name="OpiumSearchFrame" toplevel="true" frameStrata="DIALOG" enableMouse="true" enableKeyboard="true" movable="true" parent="UIParent" hidden="true">
		<Size>
			<AbsDimension x="384" y="380"/>
		</Size>
		<Anchors>
 			<Anchor point="CENTER">
 				<Offset>
 					<AbsDimension x="0" y="0"/>
 				</Offset>
 			</Anchor>
 		</Anchors>
		<Backdrop bgFile="Interface\DialogFrame\UI-DialogBox-Background" edgeFile="Interface\DialogFrame\UI-DialogBox-Border" tile="true">
			<BackgroundInsets>
				<AbsInset left="11" right="12" top="12" bottom="11"/>
			</BackgroundInsets>
			<TileSize>
				<AbsValue val="32"/>
			</TileSize>
			<EdgeSize>
				<AbsValue val="32"/>
			</EdgeSize>
		</Backdrop>
		<Layers>
			<Layer level="ARTWORK">
				<Texture name="OpiumSearchFrameHeader" file="Interface\DialogFrame\UI-DialogBox-Header">
					<Size>
						<AbsDimension x="256" y="64"/>
					</Size>
					<Anchors>
						<Anchor point="TOP">
							<Offset>
								<AbsDimension x="0" y="12"/>
							</Offset>
						</Anchor>
					</Anchors>
				</Texture>
				<FontString name="OS_TitleText" inherits="GameFontNormal" text="Player filter">
					<Anchors>
						<Anchor point="TOP" relativeTo="OpiumSearchFrameHeader">
							<Offset>
								<AbsDimension x="0" y="-14"/>
							</Offset>
						</Anchor>
					</Anchors>
				</FontString>
				<FontString name="OS_NameLabel" inherits="GameFontNormal" justifyH="RIGHT" justifyV="BOTTOM" text="OPIUM_TEXT_PLAYERNAME">
					<Size>
						<AbsDimension x="134" y="14"/>
					</Size>
					<Anchors>
						<Anchor point="TOPLEFT">
							<Offset>
								<AbsDimension x="8" y="-35"/>
							</Offset>
						</Anchor>
					</Anchors>
				</FontString>
				
				<FontString name="OS_MinimumLevelLabel" inherits="GameFontNormal" justifyH="RIGHT" justifyV="BOTTOM" text="OPIUM_TEXT_MINIMUMLEVEL">
					<Size>
						<AbsDimension x="134" y="14"/>
					</Size>
					<Anchors>
						<Anchor point="TOPLEFT" relativeTo="OS_NameLabel" relativePoint="BOTTOMLEFT">
							<Offset>
								<AbsDimension x="0" y="-15"/>
							</Offset>
						</Anchor>
					</Anchors>
				</FontString>

				<FontString name="OS_MaximumLevelLabel" inherits="GameFontNormal" justifyH="RIGHT" justifyV="BOTTOM" text="OPIUM_TEXT_MAXIMUMLEVEL">
					<Size>
						<AbsDimension x="134" y="14"/>
					</Size>
					<Anchors>
						<Anchor point="TOPLEFT" relativeTo="OS_MinimumLevelLabel" relativePoint="BOTTOMLEFT">
							<Offset>
								<AbsDimension x="0" y="-15"/>
							</Offset>
						</Anchor>
					</Anchors>
				</FontString>
		

				<FontString name="OS_RaceLabel" inherits="GameFontNormal" justifyH="RIGHT" justifyV="BOTTOM" text="OPIUM_TEXT_RACE">
					<Size>
						<AbsDimension x="134" y="14"/>
					</Size>
					<Anchors>
						<Anchor point="TOPLEFT" relativeTo="OS_MaximumLevelLabel" relativePoint="BOTTOMLEFT">
							<Offset>
								<AbsDimension x="0" y="-15"/>
							</Offset>
						</Anchor>
					</Anchors>
				</FontString>

				<FontString name="OS_ClassLabel" inherits="GameFontNormal" justifyH="RIGHT" justifyV="BOTTOM" text="OPIUM_TEXT_CLASS">
					<Size>
						<AbsDimension x="134" y="14"/>
					</Size>
					<Anchors>
						<Anchor point="TOPLEFT" relativeTo="OS_RaceLabel" relativePoint="BOTTOMLEFT">
							<Offset>
								<AbsDimension x="0" y="-15"/>
							</Offset>
						</Anchor>
					</Anchors>
				</FontString>
			
				<FontString name="OS_GuildLabel" inherits="GameFontNormal" justifyH="RIGHT" justifyV="BOTTOM" text="OPIUM_TEXT_GUILDNAME">
					<Size>
						<AbsDimension x="134" y="14"/>
					</Size>
					<Anchors>
						<Anchor point="TOPLEFT" relativeTo="OS_ClassLabel" relativePoint="BOTTOMLEFT">
							<Offset>
								<AbsDimension x="0" y="-15"/>
							</Offset>
						</Anchor>
					</Anchors>
				</FontString>

				<FontString name="OS_FactionLabel" inherits="GameFontNormal" justifyH="RIGHT" justifyV="BOTTOM" text="OPIUM_TEXT_FACTION">
					<Size>
						<AbsDimension x="134" y="14"/>
					</Size>
					<Anchors>
						<Anchor point="TOPLEFT" relativeTo="OS_GuildLabel" relativePoint="BOTTOMLEFT">
							<Offset>
								<AbsDimension x="0" y="-15"/>
							</Offset>
						</Anchor>
					</Anchors>
				</FontString>

				<FontString name="OS_PvPStatsLabel" inherits="GameFontNormal" justifyH="RIGHT" justifyV="BOTTOM" text="OPIUM_TEXT_PVPSTATSLABEL">
					<Size>
						<AbsDimension x="134" y="14"/>
					</Size>
					<Anchors>
						<Anchor point="TOPLEFT" relativeTo="OS_FactionLabel" relativePoint="BOTTOMLEFT">
							<Offset>
								<AbsDimension x="0" y="-15"/>
							</Offset>
						</Anchor>
					</Anchors>

				</FontString>

					<FontString name="OS_MinDaysLabel" inherits="GameFontNormal" justifyH="RIGHT" justifyV="BOTTOM" text="OPIUM_TEXT_MINDAYSLABEL">
					<Size>
						<AbsDimension x="134" y="14"/>
					</Size>
					<Anchors>
						<Anchor point="TOPLEFT" relativeTo="OS_PvPStatsLabel" relativePoint="BOTTOMLEFT">
							<Offset>
								<AbsDimension x="-30" y="-15"/>
							</Offset>
						</Anchor>
					</Anchors>
				</FontString>

				<FontString name="OS_MaxDaysLabel" inherits="GameFontNormal" justifyH="RIGHT" justifyV="BOTTOM" text="OPIUM_TEXT_MAXDAYSLABEL">
					<Size>
						<AbsDimension x="134" y="14"/>
					</Size>
					<Anchors>
						<Anchor point="TOPLEFT" relativeTo="OS_MinDaysLabel" relativePoint="TOPRIGHT">
							<Offset>
								<AbsDimension x="50" y="0"/>
							</Offset>
						</Anchor>
					</Anchors>
				</FontString>

			</Layer>
		</Layers>

		<Frames>
		
		<Button name="OpiumSearchFrameReset" inherits="OpiumSearchButtonTemplate">
				<Anchors>
					<Anchor point="BOTTOMLEFT" relativePoint="BOTTOMLEFT">
						<Offset>
							<AbsDimension x="16" y="16"/>
						</Offset>
					</Anchor>
				</Anchors>
				<Scripts>
					<OnLoad>
						this:SetText(OPIUM_TEXT_RESET);
					</OnLoad>
					<OnClick>					
						OpiumSearch_LoadEmptyValues();
					</OnClick>
				</Scripts>
			</Button>

			<Button name="OpiumSearchFrameCancel" inherits="OpiumSearchButtonTemplate">
				<Anchors>
					<Anchor point="BOTTOMRIGHT" relativePoint="BOTTOMRIGHT">
						<Offset>
							<AbsDimension x="-16" y="16"/>
						</Offset>
					</Anchor>
				</Anchors>
				<Scripts>
					<OnLoad>
						this:SetText(OPIUM_TEXT_CANCEL);
					</OnLoad>
					<OnClick>
						OpiumSearchFrame_Cancel();
					</OnClick>
				</Scripts>
			</Button>
			<Button name="OpiumSearchFrameOkay" inherits="OpiumSearchButtonTemplate">
				<Anchors>
					<Anchor point="TOPRIGHT" relativeTo="OpiumSearchFrameCancel" relativePoint="TOPLEFT">
						<Offset>
							<AbsDimension x="-4" y="0"/>
						</Offset>
					</Anchor>
				</Anchors>
				<Scripts>
					<OnLoad>
						this:SetText(OPIUM_TEXT_OKAY);
					</OnLoad>
					<OnClick>
						OpiumSearchFrame_Okay();
					</OnClick>
				</Scripts>
			</Button>
			<EditBox name="OS_NameEditBox" inherits="OS_EditBoxTemplate">
				<Anchors>
					<Anchor point="TOPLEFT" relativeTo="OS_NameLabel" relativePoint="TOPRIGHT">
						<Offset>
							<AbsDimension x="16" y="0"/>
						</Offset>
					</Anchor>
				</Anchors>
			</EditBox>

			<EditBox name="OS_MinimumLevelEditBox" letters="2" numeric="true" inherits="InputBoxTemplate">
			<Size>
 	     		<AbsDimension x="30" y="15"/>
     		</Size>

				<Anchors>
					<Anchor point="TOPLEFT" relativeTo="OS_MinimumLevelLabel" relativePoint="TOPRIGHT">
						<Offset>
							<AbsDimension x="16" y="0"/>
						</Offset>
					</Anchor>
				</Anchors>
			</EditBox>

			<EditBox name="OS_MaximumLevelEditBox" letters="2" numeric="true" inherits="InputBoxTemplate">
			<Size>
 	     		<AbsDimension x="30" y="15"/>
     		</Size>

				<Anchors>
					<Anchor point="TOPLEFT" relativeTo="OS_MaximumLevelLabel" relativePoint="TOPRIGHT">
						<Offset>
							<AbsDimension x="16" y="0"/>
						</Offset>
					</Anchor>
				</Anchors>
			</EditBox>




			<Button name="OS_RaceDropDown" inherits="UIDropDownMenuTemplate" id="1">
				<Anchors>
					<Anchor point="TOPLEFT" relativeTo="OS_RaceLabel" relativePoint="TOPRIGHT">
						<Offset>
							<AbsDimension x="-10" y="5"/>
						</Offset>
					</Anchor>
				</Anchors>	
				<Scripts>
             		<OnShow>
						OpiumRaceDropDown_OnShow();
					</OnShow>

				</Scripts>
				
			</Button>

			<Button name="OS_ClassDropDown" inherits="UIDropDownMenuTemplate" id="1">
				<Anchors>
					<Anchor point="TOPLEFT" relativeTo="OS_ClassLabel" relativePoint="TOPRIGHT">
						<Offset>
							<AbsDimension x="-10" y="5"/>
						</Offset>
					</Anchor>
				</Anchors>
				<Scripts>
             		<OnShow>
						OpiumClassDropDown_OnShow();
					</OnShow>

				</Scripts>

			</Button>


     		<EditBox name="OS_GuildEditBox" inherits="OS_EditBoxTemplate">
				<Anchors>
					<Anchor point="TOPLEFT" relativeTo="OS_GuildLabel" relativePoint="TOPRIGHT">
						<Offset>
							<AbsDimension x="16" y="0"/>
						</Offset>
					</Anchor>
				</Anchors>
			</EditBox>

			<Button name="OS_FactionDropDown" inherits="UIDropDownMenuTemplate" id="2">
				<Anchors>
					<Anchor point="TOPLEFT" relativeTo="OS_FactionLabel" relativePoint="TOPRIGHT">
						<Offset>
							<AbsDimension x="-10" y="5"/>
						</Offset>
					</Anchor>
				</Anchors>
				<Scripts>
             		<OnShow>
						OpiumFactionDropDown_OnShow();
					</OnShow>

				</Scripts>

			</Button>

			<Button name="OS_PvPStatsDropDown" inherits="UIDropDownMenuTemplate" id="2">
				<Anchors>
					<Anchor point="TOPLEFT" relativeTo="OS_PvPStatsLabel" relativePoint="TOPRIGHT">
						<Offset>
							<AbsDimension x="-10" y="5"/>
						</Offset>
					</Anchor>
				</Anchors>
				<Scripts>
             		<OnShow>
						OpiumPvPStatsDropDown_OnShow();
					</OnShow>

				</Scripts>

			</Button>


			<EditBox name="OS_MinDaysEditBox" letters="2" numeric="true" inherits="InputBoxTemplate">
			<Size>
 	     		<AbsDimension x="30" y="15"/>
     		</Size>

				<Anchors>
					<Anchor point="TOPLEFT" relativeTo="OS_MinDaysLabel" relativePoint="TOPRIGHT">
						<Offset>
							<AbsDimension x="16" y="0"/>
						</Offset>
					</Anchor>
				</Anchors>
			</EditBox>


			<EditBox name="OS_MaxDaysEditBox" letters="2" numeric="true" inherits="InputBoxTemplate">
			<Size>
 	     		<AbsDimension x="30" y="15"/>
     		</Size>

				<Anchors>
					<Anchor point="TOPLEFT" relativeTo="OS_MaxDaysLabel" relativePoint="TOPRIGHT">
						<Offset>
							<AbsDimension x="16" y="0"/>
						</Offset>
					</Anchor>
				</Anchors>
			</EditBox>

		</Frames>
		<Scripts>
			<OnShow>
				OpiumSearch_LoadEmptyValues();
				OpiumSearchFrame_SaveSearchParams();
			</OnShow>
			<OnKeyDown>
				if( arg1 == "ESCAPE" ) then
					OpiumSearchFrame_Cancel();
				end
			</OnKeyDown>


            <OnMouseUp>
                OpiumSearchFrame:StopMovingOrSizing();
            </OnMouseUp>
            <OnMouseDown>
                OpiumSearchFrame:StartMoving();
            </OnMouseDown>



		</Scripts>
	</Frame>



<Frame name="OpiumPurgeConfirmFrame" toplevel="true" frameStrata="DIALOG" enableMouse="true" enableKeyboard="true" movable="true" parent="UIParent" hidden="true">

		<Size>
			<AbsDimension x="364" y="152"/>
		</Size>

		 <Anchors>
 			<Anchor point="TOPRIGHT">
 				<Offset>
 					<AbsDimension x="-400" y="-504"/>
 				</Offset>
 			</Anchor>
 		</Anchors>
		<HitRectInsets>
			<AbsInset left="0" right="35" top="0" bottom="75"/>
		</HitRectInsets>

   	<Backdrop bgFile="Interface\DialogFrame\UI-DialogBox-Background"               edgeFile="Interface\DialogFrame\UI-DialogBox-Border" tile="true">
			<BackgroundInsets>
				<AbsInset left="11" right="12" top="12" bottom="11"/>
			</BackgroundInsets>
			<TileSize>
				<AbsValue val="32"/>
			</TileSize>
			<EdgeSize>
				<AbsValue val="32"/>
			</EdgeSize>
   </Backdrop>


		<Layers>
			<Layer level="ARTWORK">

				<FontString name="OpiumPurgeConfirmTitleLabel" inherits="GameFontHighlightLarge" justifyH="LEFT" justifyV="BOTTOM" text="OPIUM_TEXT_PURGEWARNING">
					<Size>
						<AbsDimension x="300" y="68"/>
					</Size>
					<Anchors>
						<Anchor point="TOP" >
							<Offset>
								<AbsDimension x="0" y="-15"/>
							</Offset>
						</Anchor>
					</Anchors>
				</FontString>

			</Layer>
		</Layers>

   	<Frames>
			<Button name="OpiumPurgeConfirmButton" inherits="UIPanelButtonTemplate">
				<Size>
					<AbsDimension x="80" y="30"/>
				</Size>
				<Anchors>
					<Anchor point="BOTTOMLEFT">
						<Offset>
							<AbsDimension x="70" y="12"/>
						</Offset>
					</Anchor>
				</Anchors>
				<Scripts>
					<OnLoad>
						this:SetText(OPIUM_TEXT_YES);
					</OnLoad>
					<OnClick>
						Opium_PurgeData();
					</OnClick>
				</Scripts>
			</Button>

			<Button name="OpiumPurgeConfirmCancel" inherits="UIPanelButtonTemplate">
				<Size>
					<AbsDimension x="80" y="30"/>
				</Size>

				<Anchors>
					<Anchor point="TOPLEFT" relativeTo="OpiumPurgeConfirmButton" relativePoint="TOPRIGHT">
						<Offset>
							<AbsDimension x="60" y="0"/>
						</Offset>
					</Anchor>
				</Anchors>
				<Scripts>
					<OnLoad>
						this:SetText(OPIUM_TEXT_NO);
					</OnLoad>
					<OnClick>
                       HideUIPanel(OpiumPurgeConfirmFrame);
					</OnClick>
				</Scripts>
			</Button>


	</Frames>
		<Scripts>
            <OnMouseUp>
                OpiumPurgeConfirmFrame:StopMovingOrSizing();
            </OnMouseUp>
            <OnMouseDown>
                OpiumPurgeConfirmFrame:StartMoving();
            </OnMouseDown>

		</Scripts>


  </Frame>





</Ui>

