<Ui xmlns="http://www.blizzard.com/wow/ui/" xmlns:xsi="http://www.w3.org/2001/XMLSchema-instance" xsi:schemaLocation="http://www.blizzard.com/wow/ui/ C:\Projects\WoW\Bin\Interface\FrameXML\UI.xsd">
	<Script file="OpiumButton.lua"/>
	<Frame name="OpiumButtonFrame" parent="Minimap" enableMouse="true" hidden="false" frameStrata="LOW">
		<Size>
			<AbsDimension x="32" y="32"/>
		</Size>
		<Anchors>
			<Anchor point="TOPLEFT" relativeTo="Minimap" relativePoint="RIGHT">
				<Offset>
					<AbsDimension x="2" y="0"/>
				</Offset>
			</Anchor>
		</Anchors>
		<Frames>
			<Button name="OpiumButton">
				<Size>
					<AbsDimension x="32" y="32"/>
				</Size>
				<Anchors>
					<Anchor point="TOPLEFT">
						<Offset>
							<AbsDimension x="0" y="0"/>
						</Offset>
					</Anchor>
				</Anchors>
				<NormalTexture file="Interface\AddOns\Opium\Images\OpiumButton-Up"/>
				<PushedTexture file="Interface\AddOns\Opium\Images\OpiumButton-Down"/>
				<HighlightTexture alphaMode="ADD" file="Interface\Minimap\UI-Minimap-ZoomButton-Highlight"/>
				<Scripts>
					<OnClick>
						OpiumButton_OnClick();
					</OnClick>
				   <OnEnter>
				 	   GameTooltip:SetOwner(this, "ANCHOR_LEFT");
					   GameTooltip:SetText(OPIUM_TEXT_MINIMAPBUTTONTOOLTIP);
				   </OnEnter>
				   <OnLeave>
					   GameTooltip:Hide();
				   </OnLeave>


				</Scripts>
			</Button>
		</Frames>
		<Scripts>
			<OnLoad>
				this:RegisterEvent("VARIABLES_LOADED");
			</OnLoad>
			<OnEvent>
				OpiumButton_UpdatePosition();
			</OnEvent>
		</Scripts>
	</Frame>
</Ui>
