<Ui xmlns="http://www.blizzard.com/wow/ui/" 
	xmlns:xsi="http://www.w3.org/2001/XMLSchema-instance" 
	xsi:schemaLocation="http://www.blizzard.com/wow/ui/
	..\FrameXML\UI.xsd">

	<Script file="SpellBookTag.lua"/>



	--************************************
	-- MAIN FRAME
	--************************************
	<Frame name="SpellBookTagFrame" parent="UIParent" hidden="true" movable="true">
		<Scripts>
		   <OnLoad> SpellBookTag_OnLoad(); </OnLoad>
		   <OnEvent> SpellBookTag_OnEvent(event); </OnEvent>
		</Scripts>
	</Frame>



	<GameTooltip name="SpellBookTagToolTip" inherits="GameTooltipTemplate" hidden="false">
		<Scripts>
			<OnLoad>
				this:RegisterEvent("PLAYER_ENTERING_WORLD");
			</OnLoad>
			<OnEvent>
				this:SetOwner(WorldFrame, "ANCHOR_NONE");
			</OnEvent>
		</Scripts>
	</GameTooltip>

</Ui>










