<Ui xmlns="http://www.blizzard.com/wow/ui/" xmlns:xsi="http://www.w3.org/2001/XMLSchema-instance" xsi:schemaLocation="http://www.blizzard.com/wow/ui/
..\FrameXML\UI.xsd">
	<Script file="localization.lua"/>
	<Script file="TitanFactions.lua"/>
	<Frame parent="UIParent">
		<Frames>
			<Button name="TitanPanelFactionsButton" inherits="TitanPanelComboTemplate" frameStrata="FULLSCREEN" toplevel="true">
				<Scripts>
					<OnLoad>
						TitanPanelFactionsButton_OnLoad();
						TitanPanelButton_OnLoad();
					</OnLoad>
					<OnEvent>
						TitanPanelFactionsButton_OnEvent(event);
					</OnEvent>
					<OnEnter>
						TitanPanelButton_OnEnter();
					</OnEnter>
				</Scripts>
			</Button>
		</Frames>
	</Frame>
</Ui>
