<Ui xmlns="http://www.blizzard.com/wow/ui/" xmlns:xsi="http://www.w3.org/2001/XMLSchema-instance" xsi:schemaLocation="http://www.blizzard.com/wow/ui/
..\FrameXML\UI.xsd">
	<Script file="FriendsFrame.lua"/>
	<Frame name="BNetEventFrame" hidden="false">
		<Scripts>
			<OnLoad function="BNet_OnLoad"/>
			<OnEvent function="BNet_OnEvent"/>
		</Scripts>
	</Frame>
	
	<Font name="FriendsFont_Normal" font="Fonts\skurri.TTF" virtual="true">
		<Shadow>
			<Offset>
				<AbsDimension x="1" y="-1"/>
			</Offset>
			<Color r="0" g="0" b="0"/>
		</Shadow>
		<FontHeight>
			<AbsValue val="12"/>
		</FontHeight>
	</Font>

	<Frame name="BNToastFrame" parent="UIParent" hidden="true" frameStrata="DIALOG">
		<Size>
			<AbsDimension x="250" y="50"/>
		</Size>
		<Anchors>
			<Anchor point="BOTTOM" relativeTo="ChatFrameMenuButton" relativePoint="TOP">
				<Offset>
					<AbsDimension x="120" y="60"/>
				</Offset>
			</Anchor>
		</Anchors>
		<Backdrop bgFile="Interface\AddOns\FriendsFrame\Textures\UI-Toast-Background" edgeFile="Interface\AddOns\FriendsFrame\Textures\UI-Toast-Border" tile="true">
			<BackgroundInsets>
				<AbsInset left="3" right="3" top="3" bottom="3"/>
			</BackgroundInsets>
			<TileSize>
				<AbsValue val="9"/>
			</TileSize>
			<EdgeSize>
				<AbsValue val="9"/>
			</EdgeSize>
		</Backdrop>
		<Layers>
			<Layer level="BORDER">
				<Texture name="$parentIconTexture" file="Interface\AddOns\FriendsFrame\Textures\UI-Toast-FriendOnlineIcon">
					<Size>
						<AbsDimension x="32" y="32"/>
					</Size>
					<Anchors>
						<Anchor point="LEFT">
							<Offset>
								<AbsDimension x="8" y="0"/>
							</Offset>
						</Anchor>
					</Anchors>
					<!--<TexCoords left="0" right="0.25" top="0" bottom="0.5"/> -->
				</Texture>
				<FontString name="$parentTopLine" inherits="FriendsFont_Normal" justifyH="LEFT" justifyV="MIDDLE">
					<Anchors>
						<Anchor point="TOPLEFT">
							<Offset>
								<AbsDimension x="44" y="-10"/>
							</Offset>
						</Anchor>
						<Anchor point="RIGHT">
							<Offset>
								<AbsDimension x="-20" y="0"/>
							</Offset>
						</Anchor>
					</Anchors>
					<Color r="0.510" g="0.773" b="1"/>
				</FontString>
				<FontString name="$parentMiddleLine" inherits="FriendsFont_Normal" justifyH="LEFT" justifyV="MIDDLE">
					<Size>
						<AbsDimension x="0" y="10"/>
					</Size>
					<Anchors>
						<Anchor point="TOPLEFT" relativeTo="$parentTopLine" relativePoint="BOTTOMLEFT">
							<Offset>
								<AbsDimension x="0" y="-4"/>
							</Offset>
						</Anchor>
					</Anchors>
					<Color r="0.486" g="0.518" b="0.541" />
				</FontString>
				<FontString name="$parentBottomLine" inherits="FriendsFont_Normal" justifyH="LEFT" justifyV="MIDDLE">
					<Size>
						<AbsDimension x="0" y="10"/>
					</Size>
					<Anchors>
						<Anchor point="TOPLEFT" relativeTo="$parentMiddleLine" relativePoint="BOTTOMLEFT">
							<Offset>
								<AbsDimension x="0" y="9"/>
							</Offset>
						</Anchor>
					</Anchors>
					<Color r="0.486" g="0.518" b="0.541" />
				</FontString>
				<FontString name="$parentDoubleLine" inherits="FriendsFont_Normal" justifyH="LEFT" justifyV="MIDDLE">			
					<Anchors>
						<Anchor point="TOPLEFT">
							<Offset>
								<AbsDimension x="44" y="0"/>
							</Offset>
						</Anchor>
						<Anchor point="BOTTOMRIGHT">
							<Offset>
								<AbsDimension x="-20" y="0"/>
							</Offset>
						</Anchor>
					</Anchors>
					<Color r="0.486" g="0.518" b="0.541" />
				</FontString>
			</Layer>
		</Layers>
		<Frames>
<!-- 			<Button name="$parentClickFrame" setAllPoints="true">
				<Scripts>
					<OnEnter>
						AlertFrame_StopOutAnimation(BNToastFrame);
						if ( BNToastFrame.tooltip ) then
							GameTooltip:SetOwner(BNToastFrame, "ANCHOR_RIGHT");
							GameTooltip:SetText(BNToastFrame.tooltip, FRIENDS_GRAY_COLOR.r, FRIENDS_GRAY_COLOR.g, FRIENDS_GRAY_COLOR.b, 1, 1);
							GameTooltip:Show();
						end
					</OnEnter>
					<OnLeave>
						AlertFrame_ResumeOutAnimation(BNToastFrame);
						if ( BNToastFrame.tooltip ) then
							GameTooltip:Hide();
						end
					</OnLeave>
					<OnClick>
						ToggleFriendsFrame(1);
					<OnClick/>
				</Scripts>
			</Button> -->
			<Frame name="$parentGlowFrame" setAllPoints="true" virtual="true" hidden="true">
				<Layers>
					<Layer level="OVERLAY">
						<Texture name="$parentGlow" file="Interface\AddOns\FriendsFrame\Textures\UI-Toast-Flair" alphaMode="ADD" >
							<Size>
								<AbsDimension x="252" y="56"/>
							</Size>
							<Anchors>
								<Anchor point="TOPLEFT">
									<Offset x="-1" y="3"/>
								</Anchor>
								<Anchor point="BOTTOMRIGHT">
									<Offset x="1" y="-3"/>
								</Anchor>
							</Anchors>
<!-- 							<Animations>
								<AnimationGroup name="$parentAnimIn" parentKey="animIn">
									<Alpha change="1" duration="0.2" order="1"/>
									<Alpha change="-1" duration="0.5" order="2"/>
									<Scripts>
										<OnFinished>
											self:GetParent():Hide();
										</OnFinished>
									</Scripts>
								</AnimationGroup>
							</Animations> -->
						</Texture>
					</Layer>
				</Layers>
			</Frame>
			<Button name="$parentCloseButton">
				<Size>
					<AbsDimension x="18" y="18"/>
				</Size>
				<Anchors>
					<Anchor point="TOPRIGHT">
					<Offset>
						<AbsDimension x="-3" y="-2"/>
					</Offset>
					</Anchor>
				</Anchors>
				<Scripts>
					<OnClick>
						BNToastFrame:Hide();
					</OnClick>
				</Scripts>
				<NormalTexture file="Interface\AddOns\FriendsFrame\Textures\UI-Toast-CloseButton-Up"/>
				<PushedTexture file="Interface\AddOns\FriendsFrame\Textures\UI-Toast-CloseButton-Down"/>
				<HighlightTexture file="Interface\AddOns\FriendsFrame\Textures\UI-Toast-CloseButton-Highlight" alphaMode="ADD"/>
			</Button>
		</Frames>
		<Scripts>
			<OnLoad>
				BNet_OnLoad();
			</OnLoad>
			<OnEvent>
				BNet_OnEvent();
			</OnEvent>
			<OnUpdate>
				BNet_OnUpdate();
			</OnUpdate>
		</Scripts>
	</Frame>
</Ui>
