<Ui xmlns="http://www.blizzard.com/wow/ui/" xmlns:xsi="http://www.w3.org/2001/XMLSchema-instance" xsi:schemaLocation="http://www.blizzard.com/wow/ui/
..\FrameXML\UI.xsd">
	<Script file="localization.en.lua"/>
	<Script file="localization.fr.lua"/>
	<Script file="localization.de.lua"/>
	<Script file="Palanoob.lua"/>

	<Button name="PalanoobClassButton" virtual="true">
		<Size>
			<AbsDimension x="32" y="32"/>
		</Size>
		<Layers>
			<Layer level="ARTWORK">
				<Texture name="$parentTexture" file="Interface\Icons\Spell_Shadow_Teleport">
					<Size>
						<AbsDimension x="22" y="22"/>
					</Size>
					<Anchors>
						<Anchor point="TOPLEFT">
							<Offset>
								<AbsDimension x="6" y="-5"/>
							</Offset>
						</Anchor>
					</Anchors>
				</Texture>
			</Layer>
			<Layer level="OVERLAY">
				<Texture file="Interface\Minimap\MiniMap-TrackingBorder">
					<Size>
						<AbsDimension x="57" y="57"/>
					</Size>
					<Anchors>
						<Anchor point="TOPLEFT"/>
					</Anchors>
				</Texture>
				<FontString name="$parentCounter" inherits="GameFontGreenSmall" justifyH="CENTER" hidden="true" text="15:00">
					<Anchors>
						<Anchor point="BOTTOM" relativeTo="$parent" relativePoint="BOTTOM">
							<Offset>
								<AbsDimension x="0" y="0"/>
							</Offset>
						</Anchor>
					</Anchors>
					<Shadow>
						<Offset>
							<AbsDimension x="1" y="-1"/>
						</Offset>
						<Color r="0" g="0" b="0"/>
					</Shadow>
				</FontString>
			</Layer>
		</Layers>
		<HighlightTexture alphaMode="ADD" file="Interface\Minimap\UI-Minimap-ZoomButton-Highlight"/>
		<Scripts>
			<OnUpdate>
				Palanoob_ClassUpdate(arg1);
			</OnUpdate>
			<OnClick>
				Palanoob_ClassClick();
			</OnClick>
			<OnEnter>
				Palanoob_ClassTooltip();
			</OnEnter>
			<OnLeave>
				GameTooltip:Hide();
			</OnLeave>
		</Scripts>
	</Button>
	
	<Button name="PalanoobSpellButton" virtual="true">
		<Size>
			<AbsDimension x="32" y="32"/>
		</Size>
		<Layers>
			<Layer level="ARTWORK">
				<Texture name="$parentTexture" file="Interface\Icons\Spell_Shadow_Teleport">
					<Size>
						<AbsDimension x="22" y="22"/>
					</Size>
					<Anchors>
						<Anchor point="TOPLEFT">
							<Offset>
								<AbsDimension x="6" y="-5"/>
							</Offset>
						</Anchor>
					</Anchors>
				</Texture>
			</Layer>
			<Layer level="OVERLAY">
				<Texture file="Interface\Minimap\MiniMap-TrackingBorder">
					<Size>
						<AbsDimension x="57" y="57"/>
					</Size>
					<Anchors>
						<Anchor point="TOPLEFT"/>
					</Anchors>
				</Texture>
			</Layer>
		</Layers>
		<HighlightTexture alphaMode="ADD" file="Interface\Minimap\UI-Minimap-ZoomButton-Highlight"/>
		<Scripts>
			<OnClick>
				Palanoob_SpellClick();
			</OnClick>
			<OnEnter>
				Palanoob_SpellTooltip();
			</OnEnter>
			<OnLeave>
				GameTooltip:Hide();
			</OnLeave>
		</Scripts>
	</Button>

	<Frame name="PalanoobFrame" enableMouse="true" toplevel="true" frameStrata="MEDIUM" movable="true" parent="UIParent">
		<Size>
			<AbsDimension x="64" y="256"/>
		</Size>

		<Anchors>
			<Anchor point="RIGHT" relativeTo="UIParent" relativePoint="RIGHT">
				<Offset>
					<AbsDimension x="-5" y="0"/>
				</Offset>
			</Anchor>
		</Anchors>

		<Frames>
			<Button name="PalanoobMoveButton">
				<Size>
					<AbsDimension x="16" y="16"/>
				</Size>
				<Anchors>
					<Anchor point="BOTTOM" relativeTo="PalanoobFrame" relativePoint="TOP">
						<Offset>
							<AbsDimension x="0" y="-4"/>
						</Offset>
					</Anchor>
				</Anchors>
				<Layers>
					<Layer level="ARTWORK">
						<Texture name="$parentTexture" file="Interface\Buttons\UI-PlusButton-Up">
							<Size>
								<AbsDimension x="16" y="16"/>
							</Size>
						</Texture>
					</Layer>
				</Layers>
				<NormalTexture file="Interface\Buttons\UI-PlusButton-Up"/>
				<PushedTexture file="Interface\Buttons\UI-PlusButton-Down"/>
				<Scripts>
					<OnClick>
						Palanoob_Switch();
					</OnClick>
					<OnEnter>
						Palanoob_MainTooltip();
					</OnEnter>
					<OnLeave>
						GameTooltip:Hide();
					</OnLeave>
					<OnDragStart> 
						PalanoobFrame:StartMoving();
					</OnDragStart> 
					<OnDragStop>
						PalanoobFrame:StopMovingOrSizing();
					</OnDragStop>
					<OnMouseUp>
						PalanoobFrame:StopMovingOrSizing();
					</OnMouseUp>
				</Scripts>
			</Button>
			
			<Button name="PalanoobClass1" inherits="PalanoobClassButton" id="1">
				<Anchors>
					<Anchor point="TOPLEFT">
						<Offset>
							<AbsDimension x="0" y="0"/>
						</Offset>
					</Anchor>
				</Anchors>
			</Button>
			<Button name="PalanoobClass2" inherits="PalanoobClassButton" id="2">
				<Anchors>
					<Anchor point="TOPLEFT">
						<Offset>
							<AbsDimension x="0" y="-32"/>
						</Offset>
					</Anchor>
				</Anchors>
			</Button>
			<Button name="PalanoobClass3" inherits="PalanoobClassButton" id="3">
				<Anchors>
					<Anchor point="TOPLEFT">
						<Offset>
							<AbsDimension x="0" y="-64"/>
						</Offset>
					</Anchor>
				</Anchors>
			</Button>
			<Button name="PalanoobClass4" inherits="PalanoobClassButton" id="4">
				<Anchors>
					<Anchor point="TOPLEFT">
						<Offset>
							<AbsDimension x="0" y="-96"/>
						</Offset>
					</Anchor>
				</Anchors>
			</Button>
			<Button name="PalanoobClass5" inherits="PalanoobClassButton" id="5">
				<Anchors>
					<Anchor point="TOPLEFT">
						<Offset>
							<AbsDimension x="0" y="-128"/>
						</Offset>
					</Anchor>
				</Anchors>
			</Button>
			<Button name="PalanoobClass6" inherits="PalanoobClassButton" id="6">
				<Anchors>
					<Anchor point="TOPLEFT">
						<Offset>
							<AbsDimension x="0" y="-160"/>
						</Offset>
					</Anchor>
				</Anchors>
			</Button>
			<Button name="PalanoobClass7" inherits="PalanoobClassButton" id="7">
				<Anchors>
					<Anchor point="TOPLEFT">
						<Offset>
							<AbsDimension x="0" y="-192"/>
						</Offset>
					</Anchor>
				</Anchors>
			</Button>
			<Button name="PalanoobClass8" inherits="PalanoobClassButton" id="8">
				<Anchors>
					<Anchor point="TOPLEFT">
						<Offset>
							<AbsDimension x="0" y="-224"/>
						</Offset>
					</Anchor>
				</Anchors>
			</Button>
			<Button name="PalanoobSpell1" inherits="PalanoobSpellButton" id="1">
				<Anchors>
					<Anchor point="TOPLEFT">
						<Offset>
							<AbsDimension x="32" y="0"/>
						</Offset>
					</Anchor>
				</Anchors>
			</Button>
			<Button name="PalanoobSpell2" inherits="PalanoobSpellButton" id="2">
				<Anchors>
					<Anchor point="TOPLEFT">
						<Offset>
							<AbsDimension x="32" y="-32"/>
						</Offset>
					</Anchor>
				</Anchors>
			</Button>
			<Button name="PalanoobSpell3" inherits="PalanoobSpellButton" id="3">
				<Anchors>
					<Anchor point="TOPLEFT">
						<Offset>
							<AbsDimension x="32" y="-64"/>
						</Offset>
					</Anchor>
				</Anchors>
			</Button>
			<Button name="PalanoobSpell4" inherits="PalanoobSpellButton" id="4">
				<Anchors>
					<Anchor point="TOPLEFT">
						<Offset>
							<AbsDimension x="32" y="-96"/>
						</Offset>
					</Anchor>
				</Anchors>
			</Button>
			<Button name="PalanoobSpell5" inherits="PalanoobSpellButton" id="5">
				<Anchors>
					<Anchor point="TOPLEFT">
						<Offset>
							<AbsDimension x="32" y="-128"/>
						</Offset>
					</Anchor>
				</Anchors>
			</Button>
			<Button name="PalanoobSpell6" inherits="PalanoobSpellButton" id="6">
				<Anchors>
					<Anchor point="TOPLEFT">
						<Offset>
							<AbsDimension x="32" y="-160"/>
						</Offset>
					</Anchor>
				</Anchors>
			</Button>
			<Button name="PalanoobSpell7" inherits="PalanoobSpellButton" id="7">
				<Anchors>
					<Anchor point="TOPLEFT">
						<Offset>
							<AbsDimension x="32" y="-192"/>
						</Offset>
					</Anchor>
				</Anchors>
			</Button>
			<Button name="PalanoobSpell8" inherits="PalanoobSpellButton" id="8">
				<Anchors>
					<Anchor point="TOPLEFT">
						<Offset>
							<AbsDimension x="32" y="-224"/>
						</Offset>
					</Anchor>
				</Anchors>
			</Button>
		</Frames>
		
		<Layers>
			<Layer level="ARTWORK">
				<FontString name="PalanoobItems" inherits="GameFontHighlightSmall" justifyH="LEFT">
					<Anchors>
						<Anchor point="TOP" relativeTo="PalanoobFrame" relativePoint="BOTTOM">
							<Offset>
								<AbsDimension x="0" y="0"/>
							</Offset>
						</Anchor>
					</Anchors>
				</FontString>
			</Layer>
		</Layers>

		<Scripts>
			<OnLoad>
				Palanoob_OnLoad();
			</OnLoad>
			<OnEvent>
				Palanoob_OnEvent(event);
			</OnEvent>
		</Scripts>
	</Frame>
	
	<Button name="PalanoobChangeSpellButton" virtual="true">
		<Size>
			<AbsDimension x="32" y="32"/>
		</Size>
		<Layers>
			<Layer level="ARTWORK">
				<Texture name="$parentTexture" file="Interface\Icons\Spell_Shadow_Teleport">
					<Size>
						<AbsDimension x="32" y="32"/>
					</Size>
					<Anchors>
						<Anchor point="TOPLEFT">
							<Offset>
								<AbsDimension x="0" y="0"/>
							</Offset>
						</Anchor>
					</Anchors>
				</Texture>
			</Layer>
		</Layers>
		<Scripts>
			<OnClick>
				Palanoob_ChangeClassClick();
			</OnClick>
			<OnEnter>
				Palanoob_ChangeClassTooltip();
			</OnEnter>
			<OnLeave>
				GameTooltip:Hide();
			</OnLeave>
		</Scripts>
	</Button>
	
	<Frame name="PalanoobChangeFrame" enableMouse="true" toplevel="true" frameStrata="MEDIUM" hidden="true" parent="UIParent">
		<Size>
			<AbsDimension x="32" y="192"/>
		</Size>
		<Frames>
			<Button name="PalanoobChangeSpell1" inherits="PalanoobChangeSpellButton" id="1">
				<Anchors>
					<Anchor point="TOPLEFT">
						<Offset>
							<AbsDimension x="0" y="0"/>
						</Offset>
					</Anchor>
				</Anchors>
			</Button>
			<Button name="PalanoobChangeSpell2" inherits="PalanoobChangeSpellButton" id="2">
				<Anchors>
					<Anchor point="TOPLEFT">
						<Offset>
							<AbsDimension x="0" y="-32"/>
						</Offset>
					</Anchor>
				</Anchors>
			</Button>
			<Button name="PalanoobChangeSpell3" inherits="PalanoobChangeSpellButton" id="3">
				<Anchors>
					<Anchor point="TOPLEFT">
						<Offset>
							<AbsDimension x="0" y="-64"/>
						</Offset>
					</Anchor>
				</Anchors>
			</Button>
			<Button name="PalanoobChangeSpell4" inherits="PalanoobChangeSpellButton" id="4">
				<Anchors>
					<Anchor point="TOPLEFT">
						<Offset>
							<AbsDimension x="0" y="-96"/>
						</Offset>
					</Anchor>
				</Anchors>
			</Button>
			<Button name="PalanoobChangeSpell5" inherits="PalanoobChangeSpellButton" id="5">
				<Anchors>
					<Anchor point="TOPLEFT">
						<Offset>
							<AbsDimension x="0" y="-128"/>
						</Offset>
					</Anchor>
				</Anchors>
			</Button>
			<Button name="PalanoobChangeSpell6" inherits="PalanoobChangeSpellButton" id="6">
				<Anchors>
					<Anchor point="TOPLEFT">
						<Offset>
							<AbsDimension x="0" y="-160"/>
						</Offset>
					</Anchor>
				</Anchors>
			</Button>
		</Frames>
	</Frame>

</Ui>