<Bindings>
	<Binding name="NURFED_ACTIONBUTTON13" runOnUp="true" header="NURFEDABHEADER">
			if (keystate == "down") then
			Nurfed_ActionButtonDown(13);
		else
			Nurfed_ActionButtonUp(13);
		end
	</Binding>

	<Binding name="NURFED_ACTIONBUTTON14" runOnUp="true">
		if (keystate == "down") then
			Nurfed_ActionButtonDown(14);
		else
			Nurfed_ActionButtonUp(14);
		end
	</Binding>

	<Binding name="NURFED_ACTIONBUTTON15" runOnUp="true">
		if (keystate == "down") then
			Nurfed_ActionButtonDown(15);
		else
			Nurfed_ActionButtonUp(15);
		end
	</Binding>

	<Binding name="NURFED_ACTIONBUTTON16" runOnUp="true">
		if (keystate == "down") then
			Nurfed_ActionButtonDown(16);
		else
			Nurfed_ActionButtonUp(16);
		end
	</Binding>

	<Binding name="NURFED_ACTIONBUTTON17" runOnUp="true">
		if (keystate == "down") then
			Nurfed_ActionButtonDown(17);
		else
			Nurfed_ActionButtonUp(17);
		end
	</Binding>

	<Binding name="NURFED_ACTIONBUTTON18" runOnUp="true">
		if (keystate == "down") then
			Nurfed_ActionButtonDown(18);
		else
			Nurfed_ActionButtonUp(18);
		end
	</Binding>

	<Binding name="NURFED_ACTIONBUTTON19" runOnUp="true">
		if (keystate == "down") then
			Nurfed_ActionButtonDown(19);
		else
			Nurfed_ActionButtonUp(19);
		end
	</Binding>

	<Binding name="NURFED_ACTIONBUTTON20" runOnUp="true">
		if (keystate == "down") then
			Nurfed_ActionButtonDown(20);
		else
			Nurfed_ActionButtonUp(20);
		end
	</Binding>

	<Binding name="NURFED_ACTIONBUTTON21" runOnUp="true">
		if (keystate == "down") then
			Nurfed_ActionButtonDown(21);
		else
			Nurfed_ActionButtonUp(21);
		end
	</Binding>

	<Binding name="NURFED_ACTIONBUTTON22" runOnUp="true">
		if (keystate == "down") then
			Nurfed_ActionButtonDown(22);
		else
			Nurfed_ActionButtonUp(22);
		end
	</Binding>

	<Binding name="NURFED_ACTIONBUTTON23" runOnUp="true">
		if (keystate == "down") then
			Nurfed_ActionButtonDown(23);
		else
			Nurfed_ActionButtonUp(23);
		end
	</Binding>

	<Binding name="NURFED_ACTIONBUTTON24" runOnUp="true">
		if (keystate == "down") then
			Nurfed_ActionButtonDown(24);
		else
			Nurfed_ActionButtonUp(24);
		end
	</Binding>

	<Binding name="NURFED_ACTIONBUTTON25" runOnUp="true">
		if (keystate == "down") then
			Nurfed_ActionButtonDown(25);
		else
			Nurfed_ActionButtonUp(25);
		end
	</Binding>

	<Binding name="NURFED_ACTIONBUTTON26" runOnUp="true">
		if (keystate == "down") then
			Nurfed_ActionButtonDown(26);
		else
			Nurfed_ActionButtonUp(26);
		end
	</Binding>

	<Binding name="NURFED_ACTIONBUTTON27" runOnUp="true">
		if (keystate == "down") then
			Nurfed_ActionButtonDown(27);
		else
			Nurfed_ActionButtonUp(27);
		end
	</Binding>

	<Binding name="NURFED_ACTIONBUTTON28" runOnUp="true">
		if (keystate == "down") then
			Nurfed_ActionButtonDown(28);
		else
			Nurfed_ActionButtonUp(28);
		end
	</Binding>

	<Binding name="NURFED_ACTIONBUTTON29" runOnUp="true">
		if (keystate == "down") then
			Nurfed_ActionButtonDown(29);
		else
			Nurfed_ActionButtonUp(29);
		end
	</Binding>

	<Binding name="NURFED_ACTIONBUTTON30" runOnUp="true">
		if (keystate == "down") then
			Nurfed_ActionButtonDown(30);
		else
			Nurfed_ActionButtonUp(30);
		end
	</Binding>

	<Binding name="NURFED_ACTIONBUTTON31" runOnUp="true">
		if (keystate == "down") then
			Nurfed_ActionButtonDown(31);
		else
			Nurfed_ActionButtonUp(31);
		end
	</Binding>

	<Binding name="NURFED_ACTIONBUTTON32" runOnUp="true">
		if (keystate == "down") then
			Nurfed_ActionButtonDown(32);
		else
			Nurfed_ActionButtonUp(32);
		end
	</Binding>

	<Binding name="NURFED_ACTIONBUTTON33" runOnUp="true">
		if (keystate == "down") then
			Nurfed_ActionButtonDown(33);
		else
			Nurfed_ActionButtonUp(33);
		end
	</Binding>

	<Binding name="NURFED_ACTIONBUTTON34" runOnUp="true">
		if (keystate == "down") then
			Nurfed_ActionButtonDown(34);
		else
			Nurfed_ActionButtonUp(34);
		end
	</Binding>

	<Binding name="NURFED_ACTIONBUTTON35" runOnUp="true">
		if (keystate == "down") then
			Nurfed_ActionButtonDown(35);
		else
			Nurfed_ActionButtonUp(35);
		end
	</Binding>

	<Binding name="NURFED_ACTIONBUTTON36" runOnUp="true">
		if (keystate == "down") then
			Nurfed_ActionButtonDown(36);
		else
			Nurfed_ActionButtonUp(36);
		end
	</Binding>

	<Binding name="NURFED_ACTIONBUTTON37" runOnUp="true">
		if (keystate == "down") then
			Nurfed_ActionButtonDown(37);
		else
			Nurfed_ActionButtonUp(37);
		end
	</Binding>

	<Binding name="NURFED_ACTIONBUTTON38" runOnUp="true">
		if (keystate == "down") then
			Nurfed_ActionButtonDown(38);
		else
			Nurfed_ActionButtonUp(38);
		end
	</Binding>

	<Binding name="NURFED_ACTIONBUTTON39" runOnUp="true">
		if (keystate == "down") then
			Nurfed_ActionButtonDown(39);
		else
			Nurfed_ActionButtonUp(39);
		end
	</Binding>

	<Binding name="NURFED_ACTIONBUTTON40" runOnUp="true">
		if (keystate == "down") then
			Nurfed_ActionButtonDown(40);
		else
			Nurfed_ActionButtonUp(40);
		end
	</Binding>

	<Binding name="NURFED_ACTIONBUTTON41" runOnUp="true">
		if (keystate == "down") then
			Nurfed_ActionButtonDown(41);
		else
			Nurfed_ActionButtonUp(41);
		end
	</Binding>

	<Binding name="NURFED_ACTIONBUTTON42" runOnUp="true">
		if (keystate == "down") then
			Nurfed_ActionButtonDown(42);
		else
			Nurfed_ActionButtonUp(42);
		end
	</Binding>

	<Binding name="NURFED_ACTIONBUTTON43" runOnUp="true">
		if (keystate == "down") then
			Nurfed_ActionButtonDown(43);
		else
			Nurfed_ActionButtonUp(43);
		end
	</Binding>

	<Binding name="NURFED_ACTIONBUTTON44" runOnUp="true">
		if (keystate == "down") then
			Nurfed_ActionButtonDown(44);
		else
			Nurfed_ActionButtonUp(44);
		end
	</Binding>

	<Binding name="NURFED_ACTIONBUTTON45" runOnUp="true">
		if (keystate == "down") then
			Nurfed_ActionButtonDown(45);
		else
			Nurfed_ActionButtonUp(45);
		end
	</Binding>

	<Binding name="NURFED_ACTIONBUTTON46" runOnUp="true">
		if (keystate == "down") then
			Nurfed_ActionButtonDown(46);
		else
			Nurfed_ActionButtonUp(46);
		end
	</Binding>

	<Binding name="NURFED_ACTIONBUTTON47" runOnUp="true">
		if (keystate == "down") then
			Nurfed_ActionButtonDown(47);
		else
			Nurfed_ActionButtonUp(47);
		end
	</Binding>

	<Binding name="NURFED_ACTIONBUTTON48" runOnUp="true">
		if (keystate == "down") then
			Nurfed_ActionButtonDown(48);
		else
			Nurfed_ActionButtonUp(48);
		end
	</Binding>

	<Binding name="NURFED_ACTIONBUTTON49" runOnUp="true">
		if (keystate == "down") then
			Nurfed_ActionButtonDown(49);
		else
			Nurfed_ActionButtonUp(49);
		end
	</Binding>

	<Binding name="NURFED_ACTIONBUTTON50" runOnUp="true">
		if (keystate == "down") then
			Nurfed_ActionButtonDown(50);
		else
			Nurfed_ActionButtonUp(50);
		end
	</Binding>

	<Binding name="NURFED_ACTIONBUTTON51" runOnUp="true">
		if (keystate == "down") then
			Nurfed_ActionButtonDown(51);
		else
			Nurfed_ActionButtonUp(51);
		end
	</Binding>

	<Binding name="NURFED_ACTIONBUTTON52" runOnUp="true">
		if (keystate == "down") then
			Nurfed_ActionButtonDown(52);
		else
			Nurfed_ActionButtonUp(52);
		end
	</Binding>

	<Binding name="NURFED_ACTIONBUTTON53" runOnUp="true">
		if (keystate == "down") then
			Nurfed_ActionButtonDown(53);
		else
			Nurfed_ActionButtonUp(53);
		end
	</Binding>

	<Binding name="NURFED_ACTIONBUTTON54" runOnUp="true">
		if (keystate == "down") then
			Nurfed_ActionButtonDown(54);
		else
			Nurfed_ActionButtonUp(54);
		end
	</Binding>

	<Binding name="NURFED_ACTIONBUTTON55" runOnUp="true">
		if (keystate == "down") then
			Nurfed_ActionButtonDown(55);
		else
			Nurfed_ActionButtonUp(55);
		end
	</Binding>

	<Binding name="NURFED_ACTIONBUTTON56" runOnUp="true">
		if (keystate == "down") then
			Nurfed_ActionButtonDown(56);
		else
			Nurfed_ActionButtonUp(56);
		end
	</Binding>

	<Binding name="NURFED_ACTIONBUTTON57" runOnUp="true">
		if (keystate == "down") then
			Nurfed_ActionButtonDown(57);
		else
			Nurfed_ActionButtonUp(57);
		end
	</Binding>

	<Binding name="NURFED_ACTIONBUTTON58" runOnUp="true">
		if (keystate == "down") then
			Nurfed_ActionButtonDown(58);
		else
			Nurfed_ActionButtonUp(58);
		end
	</Binding>

	<Binding name="NURFED_ACTIONBUTTON59" runOnUp="true">
		if (keystate == "down") then
			Nurfed_ActionButtonDown(59);
		else
			Nurfed_ActionButtonUp(59);
		end
	</Binding>

	<Binding name="NURFED_ACTIONBUTTON60" runOnUp="true">
		if (keystate == "down") then
			Nurfed_ActionButtonDown(60);
		else
			Nurfed_ActionButtonUp(60);
		end
	</Binding>

	<Binding name="NURFED_ACTIONBUTTON61" runOnUp="true">
		if (keystate == "down") then
			Nurfed_ActionButtonDown(61);
		else
			Nurfed_ActionButtonUp(61);
		end
	</Binding>

	<Binding name="NURFED_ACTIONBUTTON62" runOnUp="true">
		if (keystate == "down") then
			Nurfed_ActionButtonDown(62);
		else
			Nurfed_ActionButtonUp(62);
		end
	</Binding>

	<Binding name="NURFED_ACTIONBUTTON63" runOnUp="true">
		if (keystate == "down") then
			Nurfed_ActionButtonDown(63);
		else
			Nurfed_ActionButtonUp(63);
		end
	</Binding>

	<Binding name="NURFED_ACTIONBUTTON64" runOnUp="true">
		if (keystate == "down") then
			Nurfed_ActionButtonDown(64);
		else
			Nurfed_ActionButtonUp(64);
		end
	</Binding>

	<Binding name="NURFED_ACTIONBUTTON65" runOnUp="true">
		if (keystate == "down") then
			Nurfed_ActionButtonDown(65);
		else
			Nurfed_ActionButtonUp(65);
		end
	</Binding>

	<Binding name="NURFED_ACTIONBUTTON66" runOnUp="true">
		if (keystate == "down") then
			Nurfed_ActionButtonDown(66);
		else
			Nurfed_ActionButtonUp(66);
		end
	</Binding>

	<Binding name="NURFED_ACTIONBUTTON67" runOnUp="true">
		if (keystate == "down") then
			Nurfed_ActionButtonDown(67);
		else
			Nurfed_ActionButtonUp(67);
		end
	</Binding>

	<Binding name="NURFED_ACTIONBUTTON68" runOnUp="true">
		if (keystate == "down") then
			Nurfed_ActionButtonDown(68);
		else
			Nurfed_ActionButtonUp(68);
		end
	</Binding>

	<Binding name="NURFED_ACTIONBUTTON69" runOnUp="true">
		if (keystate == "down") then
			Nurfed_ActionButtonDown(69);
		else
			Nurfed_ActionButtonUp(69);
		end
	</Binding>

	<Binding name="NURFED_ACTIONBUTTON70" runOnUp="true">
		if (keystate == "down") then
			Nurfed_ActionButtonDown(70);
		else
			Nurfed_ActionButtonUp(70);
		end
	</Binding>

	<Binding name="NURFED_ACTIONBUTTON71" runOnUp="true">
		if (keystate == "down") then
			Nurfed_ActionButtonDown(71);
		else
			Nurfed_ActionButtonUp(71);
		end
	</Binding>

	<Binding name="NURFED_ACTIONBUTTON72" runOnUp="true">
		if (keystate == "down") then
			Nurfed_ActionButtonDown(72);
		else
			Nurfed_ActionButtonUp(72);
		end
	</Binding>

	<Binding name="NURFED_ACTIONBUTTON73" runOnUp="true">
		if (keystate == "down") then
			Nurfed_ActionButtonDown(73);
		else
			Nurfed_ActionButtonUp(73);
		end
	</Binding>

	<Binding name="NURFED_ACTIONBUTTON74" runOnUp="true">
		if (keystate == "down") then
			Nurfed_ActionButtonDown(74);
		else
			Nurfed_ActionButtonUp(74);
		end
	</Binding>

	<Binding name="NURFED_ACTIONBUTTON75" runOnUp="true">
		if (keystate == "down") then
			Nurfed_ActionButtonDown(75);
		else
			Nurfed_ActionButtonUp(75);
		end
	</Binding>

	<Binding name="NURFED_ACTIONBUTTON76" runOnUp="true">
		if (keystate == "down") then
			Nurfed_ActionButtonDown(76);
		else
			Nurfed_ActionButtonUp(76);
		end
	</Binding>

	<Binding name="NURFED_ACTIONBUTTON77" runOnUp="true">
		if (keystate == "down") then
			Nurfed_ActionButtonDown(77);
		else
			Nurfed_ActionButtonUp(77);
		end
	</Binding>

	<Binding name="NURFED_ACTIONBUTTON78" runOnUp="true">
		if (keystate == "down") then
			Nurfed_ActionButtonDown(78);
		else
			Nurfed_ActionButtonUp(78);
		end
	</Binding>

	<Binding name="NURFED_ACTIONBUTTON79" runOnUp="true">
		if (keystate == "down") then
			Nurfed_ActionButtonDown(79);
		else
			Nurfed_ActionButtonUp(79);
		end
	</Binding>

	<Binding name="NURFED_ACTIONBUTTON80" runOnUp="true">
		if (keystate == "down") then
			Nurfed_ActionButtonDown(80);
		else
			Nurfed_ActionButtonUp(80);
		end
	</Binding>

	<Binding name="NURFED_ACTIONBUTTON81" runOnUp="true">
		if (keystate == "down") then
			Nurfed_ActionButtonDown(81);
		else
			Nurfed_ActionButtonUp(81);
		end
	</Binding>

	<Binding name="NURFED_ACTIONBUTTON82" runOnUp="true">
		if (keystate == "down") then
			Nurfed_ActionButtonDown(82);
		else
			Nurfed_ActionButtonUp(82);
		end
	</Binding>

	<Binding name="NURFED_ACTIONBUTTON83" runOnUp="true">
		if (keystate == "down") then
			Nurfed_ActionButtonDown(83);
		else
			Nurfed_ActionButtonUp(83);
		end
	</Binding>

	<Binding name="NURFED_ACTIONBUTTON84" runOnUp="true">
		if (keystate == "down") then
			Nurfed_ActionButtonDown(84);
		else
			Nurfed_ActionButtonUp(84);
		end
	</Binding>

	<Binding name="NURFED_ACTIONBUTTON85" runOnUp="true">
		if (keystate == "down") then
			Nurfed_ActionButtonDown(85);
		else
			Nurfed_ActionButtonUp(85);
		end
	</Binding>

	<Binding name="NURFED_ACTIONBUTTON86" runOnUp="true">
		if (keystate == "down") then
			Nurfed_ActionButtonDown(86);
		else
			Nurfed_ActionButtonUp(86);
		end
	</Binding>

	<Binding name="NURFED_ACTIONBUTTON87" runOnUp="true">
		if (keystate == "down") then
			Nurfed_ActionButtonDown(87);
		else
			Nurfed_ActionButtonUp(87);
		end
	</Binding>

	<Binding name="NURFED_ACTIONBUTTON88" runOnUp="true">
		if (keystate == "down") then
			Nurfed_ActionButtonDown(88);
		else
			Nurfed_ActionButtonUp(88);
		end
	</Binding>

	<Binding name="NURFED_ACTIONBUTTON89" runOnUp="true">
		if (keystate == "down") then
			Nurfed_ActionButtonDown(89);
		else
			Nurfed_ActionButtonUp(89);
		end
	</Binding>

	<Binding name="NURFED_ACTIONBUTTON90" runOnUp="true">
		if (keystate == "down") then
			Nurfed_ActionButtonDown(90);
		else
			Nurfed_ActionButtonUp(90);
		end
	</Binding>

	<Binding name="NURFED_ACTIONBUTTON91" runOnUp="true">
		if (keystate == "down") then
			Nurfed_ActionButtonDown(91);
		else
			Nurfed_ActionButtonUp(91);
		end
	</Binding>

	<Binding name="NURFED_ACTIONBUTTON92" runOnUp="true">
		if (keystate == "down") then
			Nurfed_ActionButtonDown(92);
		else
			Nurfed_ActionButtonUp(92);
		end
	</Binding>

	<Binding name="NURFED_ACTIONBUTTON93" runOnUp="true">
		if (keystate == "down") then
			Nurfed_ActionButtonDown(93);
		else
			Nurfed_ActionButtonUp(93);
		end
	</Binding>

	<Binding name="NURFED_ACTIONBUTTON94" runOnUp="true">
		if (keystate == "down") then
			Nurfed_ActionButtonDown(94);
		else
			Nurfed_ActionButtonUp(94);
		end
	</Binding>

	<Binding name="NURFED_ACTIONBUTTON95" runOnUp="true">
		if (keystate == "down") then
			Nurfed_ActionButtonDown(95);
		else
			Nurfed_ActionButtonUp(95);
		end
	</Binding>

	<Binding name="NURFED_ACTIONBUTTON96" runOnUp="true">
		if (keystate == "down") then
			Nurfed_ActionButtonDown(96);
		else
			Nurfed_ActionButtonUp(96);
		end
	</Binding>

	<Binding name="NURFED_ACTIONBUTTON97" runOnUp="true">
		if (keystate == "down") then
			Nurfed_ActionButtonDown(97);
		else
			Nurfed_ActionButtonUp(97);
		end
	</Binding>

	<Binding name="NURFED_ACTIONBUTTON98" runOnUp="true">
		if (keystate == "down") then
			Nurfed_ActionButtonDown(98);
		else
			Nurfed_ActionButtonUp(98);
		end
	</Binding>

	<Binding name="NURFED_ACTIONBUTTON99" runOnUp="true">
		if (keystate == "down") then
			Nurfed_ActionButtonDown(99);
		else
			Nurfed_ActionButtonUp(99);
		end
	</Binding>

	<Binding name="NURFED_ACTIONBUTTON100" runOnUp="true">
		if (keystate == "down") then
			Nurfed_ActionButtonDown(100);
		else
			Nurfed_ActionButtonUp(100);
		end
	</Binding>

	<Binding name="NURFED_ACTIONBUTTON101" runOnUp="true">
		if (keystate == "down") then
			Nurfed_ActionButtonDown(101);
		else
			Nurfed_ActionButtonUp(101);
		end
	</Binding>

	<Binding name="NURFED_ACTIONBUTTON102" runOnUp="true">
		if (keystate == "down") then
			Nurfed_ActionButtonDown(102);
		else
			Nurfed_ActionButtonUp(102);
		end
	</Binding>

	<Binding name="NURFED_ACTIONBUTTON103" runOnUp="true">
		if (keystate == "down") then
			Nurfed_ActionButtonDown(103);
		else
			Nurfed_ActionButtonUp(103);
		end
	</Binding>

	<Binding name="NURFED_ACTIONBUTTON104" runOnUp="true">
		if (keystate == "down") then
			Nurfed_ActionButtonDown(104);
		else
			Nurfed_ActionButtonUp(104);
		end
	</Binding>

	<Binding name="NURFED_ACTIONBUTTON105" runOnUp="true">
		if (keystate == "down") then
			Nurfed_ActionButtonDown(105);
		else
			Nurfed_ActionButtonUp(105);
		end
	</Binding>

	<Binding name="NURFED_ACTIONBUTTON106" runOnUp="true">
		if (keystate == "down") then
			Nurfed_ActionButtonDown(106);
		else
			Nurfed_ActionButtonUp(106);
		end
	</Binding>

	<Binding name="NURFED_ACTIONBUTTON107" runOnUp="true">
		if (keystate == "down") then
			Nurfed_ActionButtonDown(107);
		else
			Nurfed_ActionButtonUp(107);
		end
	</Binding>

	<Binding name="NURFED_ACTIONBUTTON108" runOnUp="true">
		if (keystate == "down") then
			Nurfed_ActionButtonDown(108);
		else
			Nurfed_ActionButtonUp(108);
		end
	</Binding>

	<Binding name="NURFED_ACTIONBUTTON109" runOnUp="true">
		if (keystate == "down") then
			Nurfed_ActionButtonDown(109);
		else
			Nurfed_ActionButtonUp(109);
		end
	</Binding>

	<Binding name="NURFED_ACTIONBUTTON110" runOnUp="true">
		if (keystate == "down") then
			Nurfed_ActionButtonDown(110);
		else
			Nurfed_ActionButtonUp(110);
		end
	</Binding>

	<Binding name="NURFED_ACTIONBUTTON111" runOnUp="true">
		if (keystate == "down") then
			Nurfed_ActionButtonDown(111);
		else
			Nurfed_ActionButtonUp(111);
		end
	</Binding>

	<Binding name="NURFED_ACTIONBUTTON112" runOnUp="true">
		if (keystate == "down") then
			Nurfed_ActionButtonDown(112);
		else
			Nurfed_ActionButtonUp(112);
		end
	</Binding>

	<Binding name="NURFED_ACTIONBUTTON113" runOnUp="true">
		if (keystate == "down") then
			Nurfed_ActionButtonDown(113);
		else
			Nurfed_ActionButtonUp(113);
		end
	</Binding>

	<Binding name="NURFED_ACTIONBUTTON114" runOnUp="true">
		if (keystate == "down") then
			Nurfed_ActionButtonDown(114);
		else
			Nurfed_ActionButtonUp(114);
		end
	</Binding>

	<Binding name="NURFED_ACTIONBUTTON115" runOnUp="true">
		if (keystate == "down") then
			Nurfed_ActionButtonDown(115);
		else
			Nurfed_ActionButtonUp(115);
		end
	</Binding>

	<Binding name="NURFED_ACTIONBUTTON116" runOnUp="true">
		if (keystate == "down") then
			Nurfed_ActionButtonDown(116);
		else
			Nurfed_ActionButtonUp(116);
		end
	</Binding>

	<Binding name="NURFED_ACTIONBUTTON117" runOnUp="true">
		if (keystate == "down") then
			Nurfed_ActionButtonDown(117);
		else
			Nurfed_ActionButtonUp(117);
		end
	</Binding>

	<Binding name="NURFED_ACTIONBUTTON118" runOnUp="true">
		if (keystate == "down") then
			Nurfed_ActionButtonDown(118);
		else
			Nurfed_ActionButtonUp(118);
		end
	</Binding>

	<Binding name="NURFED_ACTIONBUTTON119" runOnUp="true">
		if (keystate == "down") then
			Nurfed_ActionButtonDown(119);
		else
			Nurfed_ActionButtonUp(119);
		end
	</Binding>

	<Binding name="NURFED_ACTIONBUTTON120" runOnUp="true">
		if (keystate == "down") then
			Nurfed_ActionButtonDown(120);
		else
			Nurfed_ActionButtonUp(120);
		end
	</Binding>
</Bindings>