<Ui xmlns="http://www.blizzard.com/wow/ui/" xmlns:xsi="http://www.w3.org/2001/XMLSchema-instance" xsi:schemaLocation="http://www.blizzard.com/wow/ui/ C:\Projects\WoW\Bin\Interface\FrameXML\UI.xsd">
	<GameTooltip name="AllInOneInventoryTooltip" frameStrata="TOOLTIP" hidden="true" inherits="GameTooltipTemplate" >
		<Scripts>
			<OnLoad>
				this:SetOwner(this, "ANCHOR_NONE");
			</OnLoad>
		</Scripts>
	</GameTooltip>

	<Texture name="AllInOneInventoryFrameTextureTemplate" file="Interface\AddOns\AllInOneInventory\Skin\second_middle" hidden="true" virtual="true">
		<Size>
			<AbsDimension x="64" y="64"/>
		</Size>
		<Anchors>
			<Anchor point="TOPLEFT"/>
		</Anchors>
	</Texture>	
	<Button name="AllInOneInventoryFrameItemButtonTemplate" inherits="ItemButtonTemplate" hidden="true" virtual="true">
		<Anchors>
			<Anchor point="BOTTOMRIGHT">
				<Offset>
					<AbsDimension x="0" y="0"/>
				</Offset>
			</Anchor>
		</Anchors>
		<Frames>
			<Model name="$parentCooldown" inherits="CooldownFrameTemplate"/>
		</Frames>
		<Scripts>
			<OnClick>
				AllInOneInventoryFrameItemButton_OnClick(arg1);
			</OnClick>
			<OnLoad>
				if ( AllInOneInventoryFrameItemButton_OnLoad ) then
					AllInOneInventoryFrameItemButton_OnLoad();
				end
			</OnLoad>
			<OnEnter>
				AllInOneInventoryFrameItemButton_OnEnter();
			</OnEnter>
			<OnLeave>
				AllInOneInventoryFrameItemButton_OnLeave();
			</OnLeave>
			<OnHide>
				if ( this.hasStackSplit and (this.hasStackSplit == 1) ) then
					StackSplitFrame:Hide();
				end
			</OnHide>
			<OnDragStart>
				AllInOneInventoryFrameItemButton_OnClick("LeftButton", 1);
			</OnDragStart>
			<OnReceiveDrag>
				AllInOneInventoryFrameItemButton_OnClick("LeftButton", 1);
			</OnReceiveDrag>
			<OnUpdate>
				AllInOneInventoryFrameItemButton_OnUpdate(arg1);
			</OnUpdate>
		</Scripts>
	</Button>
	<Button name="AllInOneInventoryFrame" frameStrata="MEDIUM" parent="UIParent" movable="true" enableMouse="true" hidden="true">
		<Size>
			<AbsDimension x="350" y="500"/>
		</Size>
		<Anchors>
			<Anchor point="BOTTOMRIGHT" >
				<Offset>
					<AbsDimension x="0" y="50"/>
				</Offset>
			</Anchor>
		</Anchors>
		<Layers>
			<Layer level="BACKGROUND">
				<Texture name="$parentTextureTopRight" file="Interface\AddOns\AllInOneInventory\Skin\top_right_large">
					<Size>
						<AbsDimension x="64" y="64"/>
					</Size>
					<Anchors>
						<Anchor point="BOTTOMLEFT"/>
					</Anchors>
				</Texture>
				<Texture name="$parentTextureTopMiddle" file="Interface\AddOns\AllInOneInventory\Skin\top_middle">
					<Size>
						<AbsDimension x="256" y="128"/>
					</Size>
					<Anchors>
						<Anchor point="BOTTOMRIGHT"/>
					</Anchors>
				</Texture>
				<Texture name="$parentTextureTopLeft" file="Interface\AddOns\AllInOneInventory\Skin\top_left">
					<Size>
						<AbsDimension x="64" y="128"/>
					</Size>
					<Anchors>
						<Anchor point="BOTTOMRIGHT" relativeTo="$parentTextureTopMiddle" relativePoint="BOTTOMLEFT">
							<Offset>
								<AbsDimension x="1" y="5"/>
							</Offset>
						</Anchor>
					</Anchors>
				</Texture>
				<Texture name="$parentTextureBottomRight" file="Interface\AddOns\AllInOneInventory\Skin\money_right">
					<Size>
						<AbsDimension x="16" y="32"/>
					</Size>
					<Anchors>
						<Anchor point="BOTTOMLEFT" relativePoint="BOTTOMRIGHT"/>
					</Anchors>
				</Texture>
				<Texture name="$parentTextureBottomMiddle" file="Interface\AddOns\AllInOneInventory\Skin\money_middle">
					<Size>
						<AbsDimension x="128" y="32"/>
					</Size>
					<Anchors>
						<Anchor point="TOPRIGHT" relativeTo="$parentTextureBottomRight" relativePoint="TOPLEFT"/>
					</Anchors>
				</Texture>
				<Texture name="$parentTextureBottomLeft" file="Interface\AddOns\AllInOneInventory\Skin\money_left">
					<Size>
						<AbsDimension x="16" y="32"/>
					</Size>
					<Anchors>
						<Anchor point="TOPRIGHT" relativeTo="$parentTextureBottomMiddle" relativePoint="TOPLEFT"/>
					</Anchors>
				</Texture>
			</Layer>
			<Layer level="ARTWORK">
				<Texture name="$parentItemTexture1" inherits="AllInOneInventoryFrameTextureTemplate"/>
				<Texture name="$parentItemTexture2" inherits="AllInOneInventoryFrameTextureTemplate"/>
				<Texture name="$parentItemTexture3" inherits="AllInOneInventoryFrameTextureTemplate"/>
				<Texture name="$parentItemTexture4" inherits="AllInOneInventoryFrameTextureTemplate"/>
				<Texture name="$parentItemTexture5" inherits="AllInOneInventoryFrameTextureTemplate"/>
				<Texture name="$parentItemTexture6" inherits="AllInOneInventoryFrameTextureTemplate"/>
				<Texture name="$parentItemTexture7" inherits="AllInOneInventoryFrameTextureTemplate"/>
				<Texture name="$parentItemTexture8" inherits="AllInOneInventoryFrameTextureTemplate"/>
				<Texture name="$parentItemTexture9" inherits="AllInOneInventoryFrameTextureTemplate"/>
				<Texture name="$parentItemTexture10" inherits="AllInOneInventoryFrameTextureTemplate"/>
				<Texture name="$parentItemTexture11" inherits="AllInOneInventoryFrameTextureTemplate"/>
				<Texture name="$parentItemTexture12" inherits="AllInOneInventoryFrameTextureTemplate"/>
				<Texture name="$parentItemTexture13" inherits="AllInOneInventoryFrameTextureTemplate"/>
				<Texture name="$parentItemTexture14" inherits="AllInOneInventoryFrameTextureTemplate"/>
				<Texture name="$parentItemTexture15" inherits="AllInOneInventoryFrameTextureTemplate"/>
				<Texture name="$parentItemTexture16" inherits="AllInOneInventoryFrameTextureTemplate"/>
				<Texture name="$parentItemTexture17" inherits="AllInOneInventoryFrameTextureTemplate"/>
				<Texture name="$parentItemTexture18" inherits="AllInOneInventoryFrameTextureTemplate"/>
				<Texture name="$parentItemTexture19" inherits="AllInOneInventoryFrameTextureTemplate"/>
				<Texture name="$parentItemTexture20" inherits="AllInOneInventoryFrameTextureTemplate"/>
				<Texture name="$parentItemTexture21" inherits="AllInOneInventoryFrameTextureTemplate"/>
				<Texture name="$parentItemTexture22" inherits="AllInOneInventoryFrameTextureTemplate"/>
				<Texture name="$parentItemTexture23" inherits="AllInOneInventoryFrameTextureTemplate"/>
				<Texture name="$parentItemTexture24" inherits="AllInOneInventoryFrameTextureTemplate"/>
				<Texture name="$parentItemTexture25" inherits="AllInOneInventoryFrameTextureTemplate"/>
				<Texture name="$parentItemTexture26" inherits="AllInOneInventoryFrameTextureTemplate"/>
				<Texture name="$parentItemTexture27" inherits="AllInOneInventoryFrameTextureTemplate"/>
				<Texture name="$parentItemTexture28" inherits="AllInOneInventoryFrameTextureTemplate"/>
				<Texture name="$parentItemTexture29" inherits="AllInOneInventoryFrameTextureTemplate"/>
				<Texture name="$parentItemTexture30" inherits="AllInOneInventoryFrameTextureTemplate"/>
				<Texture name="$parentItemTexture31" inherits="AllInOneInventoryFrameTextureTemplate"/>
				<Texture name="$parentItemTexture32" inherits="AllInOneInventoryFrameTextureTemplate"/>
				<Texture name="$parentItemTexture33" inherits="AllInOneInventoryFrameTextureTemplate"/>
				<Texture name="$parentItemTexture34" inherits="AllInOneInventoryFrameTextureTemplate"/>
				<Texture name="$parentItemTexture35" inherits="AllInOneInventoryFrameTextureTemplate"/>
				<Texture name="$parentItemTexture36" inherits="AllInOneInventoryFrameTextureTemplate"/>
				<Texture name="$parentItemTexture37" inherits="AllInOneInventoryFrameTextureTemplate"/>
				<Texture name="$parentItemTexture38" inherits="AllInOneInventoryFrameTextureTemplate"/>
				<Texture name="$parentItemTexture39" inherits="AllInOneInventoryFrameTextureTemplate"/>
				<Texture name="$parentItemTexture40" inherits="AllInOneInventoryFrameTextureTemplate"/>
				<Texture name="$parentItemTexture41" inherits="AllInOneInventoryFrameTextureTemplate"/>
				<Texture name="$parentItemTexture42" inherits="AllInOneInventoryFrameTextureTemplate"/>
				<Texture name="$parentItemTexture43" inherits="AllInOneInventoryFrameTextureTemplate"/>
				<Texture name="$parentItemTexture44" inherits="AllInOneInventoryFrameTextureTemplate"/>
				<Texture name="$parentItemTexture45" inherits="AllInOneInventoryFrameTextureTemplate"/>
				<Texture name="$parentItemTexture46" inherits="AllInOneInventoryFrameTextureTemplate"/>
				<Texture name="$parentItemTexture47" inherits="AllInOneInventoryFrameTextureTemplate"/>
				<Texture name="$parentItemTexture48" inherits="AllInOneInventoryFrameTextureTemplate"/>
				<Texture name="$parentItemTexture49" inherits="AllInOneInventoryFrameTextureTemplate"/>
				<Texture name="$parentItemTexture50" inherits="AllInOneInventoryFrameTextureTemplate"/>
				<Texture name="$parentItemTexture51" inherits="AllInOneInventoryFrameTextureTemplate"/>
				<Texture name="$parentItemTexture52" inherits="AllInOneInventoryFrameTextureTemplate"/>
				<Texture name="$parentItemTexture53" inherits="AllInOneInventoryFrameTextureTemplate"/>
				<Texture name="$parentItemTexture54" inherits="AllInOneInventoryFrameTextureTemplate"/>
				<Texture name="$parentItemTexture55" inherits="AllInOneInventoryFrameTextureTemplate"/>
				<Texture name="$parentItemTexture56" inherits="AllInOneInventoryFrameTextureTemplate"/>
				<Texture name="$parentItemTexture57" inherits="AllInOneInventoryFrameTextureTemplate"/>
				<Texture name="$parentItemTexture58" inherits="AllInOneInventoryFrameTextureTemplate"/>
				<Texture name="$parentItemTexture59" inherits="AllInOneInventoryFrameTextureTemplate"/>
				<Texture name="$parentItemTexture60" inherits="AllInOneInventoryFrameTextureTemplate"/>
				<Texture name="$parentItemTexture61" inherits="AllInOneInventoryFrameTextureTemplate"/>
				<Texture name="$parentItemTexture62" inherits="AllInOneInventoryFrameTextureTemplate"/>
				<Texture name="$parentItemTexture63" inherits="AllInOneInventoryFrameTextureTemplate"/>
				<Texture name="$parentItemTexture64" inherits="AllInOneInventoryFrameTextureTemplate"/>
				<Texture name="$parentItemTexture65" inherits="AllInOneInventoryFrameTextureTemplate"/>
				<Texture name="$parentItemTexture66" inherits="AllInOneInventoryFrameTextureTemplate"/>
				<Texture name="$parentItemTexture67" inherits="AllInOneInventoryFrameTextureTemplate"/>
				<Texture name="$parentItemTexture68" inherits="AllInOneInventoryFrameTextureTemplate"/>
				<Texture name="$parentItemTexture69" inherits="AllInOneInventoryFrameTextureTemplate"/>
				<Texture name="$parentItemTexture70" inherits="AllInOneInventoryFrameTextureTemplate"/>
				<Texture name="$parentItemTexture71" inherits="AllInOneInventoryFrameTextureTemplate"/>
				<Texture name="$parentItemTexture72" inherits="AllInOneInventoryFrameTextureTemplate"/>
				<Texture name="$parentItemTexture73" inherits="AllInOneInventoryFrameTextureTemplate"/>
				<Texture name="$parentItemTexture74" inherits="AllInOneInventoryFrameTextureTemplate"/>
				<Texture name="$parentItemTexture75" inherits="AllInOneInventoryFrameTextureTemplate"/>
				<Texture name="$parentItemTexture76" inherits="AllInOneInventoryFrameTextureTemplate"/>
				<Texture name="$parentItemTexture77" inherits="AllInOneInventoryFrameTextureTemplate"/>
				<Texture name="$parentItemTexture78" inherits="AllInOneInventoryFrameTextureTemplate"/>
				<Texture name="$parentItemTexture79" inherits="AllInOneInventoryFrameTextureTemplate"/>
				<Texture name="$parentItemTexture80" inherits="AllInOneInventoryFrameTextureTemplate"/>
				<Texture name="$parentItemTexture81" inherits="AllInOneInventoryFrameTextureTemplate"/>
				<Texture name="$parentItemTexture82" inherits="AllInOneInventoryFrameTextureTemplate"/>
				<Texture name="$parentItemTexture83" inherits="AllInOneInventoryFrameTextureTemplate"/>
				<Texture name="$parentItemTexture84" inherits="AllInOneInventoryFrameTextureTemplate"/>
				<Texture name="$parentItemTexture85" inherits="AllInOneInventoryFrameTextureTemplate"/>
				<Texture name="$parentItemTexture86" inherits="AllInOneInventoryFrameTextureTemplate"/>
				<Texture name="$parentItemTexture87" inherits="AllInOneInventoryFrameTextureTemplate"/>
				<Texture name="$parentItemTexture88" inherits="AllInOneInventoryFrameTextureTemplate"/>
				<Texture name="$parentItemTexture89" inherits="AllInOneInventoryFrameTextureTemplate"/>
				<Texture name="$parentItemTexture90" inherits="AllInOneInventoryFrameTextureTemplate"/>
				<Texture name="$parentItemTexture91" inherits="AllInOneInventoryFrameTextureTemplate"/>
				<Texture name="$parentItemTexture92" inherits="AllInOneInventoryFrameTextureTemplate"/>
				<Texture name="$parentItemTexture93" inherits="AllInOneInventoryFrameTextureTemplate"/>
				<Texture name="$parentItemTexture94" inherits="AllInOneInventoryFrameTextureTemplate"/>
				<Texture name="$parentItemTexture95" inherits="AllInOneInventoryFrameTextureTemplate"/>
				<Texture name="$parentItemTexture96" inherits="AllInOneInventoryFrameTextureTemplate"/>
				<Texture name="$parentItemTexture97" inherits="AllInOneInventoryFrameTextureTemplate"/>
				<Texture name="$parentItemTexture98" inherits="AllInOneInventoryFrameTextureTemplate"/>
				<Texture name="$parentItemTexture99" inherits="AllInOneInventoryFrameTextureTemplate"/>
				<Texture name="$parentItemTexture100" inherits="AllInOneInventoryFrameTextureTemplate"/>
				<Texture name="$parentItemTexture101" inherits="AllInOneInventoryFrameTextureTemplate"/>
				<Texture name="$parentItemTexture102" inherits="AllInOneInventoryFrameTextureTemplate"/>
				<Texture name="$parentItemTexture103" inherits="AllInOneInventoryFrameTextureTemplate"/>
				<Texture name="$parentItemTexture104" inherits="AllInOneInventoryFrameTextureTemplate"/>
				<Texture name="$parentItemTexture105" inherits="AllInOneInventoryFrameTextureTemplate"/>
				<Texture name="$parentItemTexture106" inherits="AllInOneInventoryFrameTextureTemplate"/>
				<Texture name="$parentItemTexture107" inherits="AllInOneInventoryFrameTextureTemplate"/>
				<Texture name="$parentItemTexture108" inherits="AllInOneInventoryFrameTextureTemplate"/>
				<Texture name="$parentItemTexture109" inherits="AllInOneInventoryFrameTextureTemplate"/>
				<FontString name="$parentName" inherits="GameFontHighlight">
					<Size>
						<AbsDimension x="212" y="12"/>
					</Size>
					<Anchors>
						<Anchor point="TOP" relativeTo="$parentTextureTopMiddle" relativePoint="TOP">
							<Offset>
								<AbsDimension x="0" y="-59"/>
							</Offset>
						</Anchor>
					</Anchors>
				</FontString>
			</Layer>
		</Layers>
		<Frames>
			<Frame name="$parentMoneyFrame" inherits="SmallMoneyFrameTemplate" hidden="true">
				<Anchors>
					<Anchor point="RIGHT" relativeTo="$parentTextureBottomRight" relativePoint="LEFT">
						<Offset>
							<AbsDimension x="15" y="8"/>
						</Offset>
					</Anchor>
				</Anchors>
			</Frame>
			<Button name="$parentItem1" inherits="AllInOneInventoryFrameItemButtonTemplate"/>
			<Button name="$parentItem2" inherits="AllInOneInventoryFrameItemButtonTemplate"/>
			<Button name="$parentItem3" inherits="AllInOneInventoryFrameItemButtonTemplate"/>
			<Button name="$parentItem4" inherits="AllInOneInventoryFrameItemButtonTemplate"/>
			<Button name="$parentItem5" inherits="AllInOneInventoryFrameItemButtonTemplate"/>
			<Button name="$parentItem6" inherits="AllInOneInventoryFrameItemButtonTemplate"/>
			<Button name="$parentItem7" inherits="AllInOneInventoryFrameItemButtonTemplate"/>
			<Button name="$parentItem8" inherits="AllInOneInventoryFrameItemButtonTemplate"/>
			<Button name="$parentItem9" inherits="AllInOneInventoryFrameItemButtonTemplate"/>
			<Button name="$parentItem10" inherits="AllInOneInventoryFrameItemButtonTemplate"/>
			<Button name="$parentItem11" inherits="AllInOneInventoryFrameItemButtonTemplate"/>
			<Button name="$parentItem12" inherits="AllInOneInventoryFrameItemButtonTemplate"/>
			<Button name="$parentItem13" inherits="AllInOneInventoryFrameItemButtonTemplate"/>
			<Button name="$parentItem14" inherits="AllInOneInventoryFrameItemButtonTemplate"/>
			<Button name="$parentItem15" inherits="AllInOneInventoryFrameItemButtonTemplate"/>
			<Button name="$parentItem16" inherits="AllInOneInventoryFrameItemButtonTemplate"/>
			<Button name="$parentItem17" inherits="AllInOneInventoryFrameItemButtonTemplate"/>
			<Button name="$parentItem18" inherits="AllInOneInventoryFrameItemButtonTemplate"/>
			<Button name="$parentItem19" inherits="AllInOneInventoryFrameItemButtonTemplate"/>
			<Button name="$parentItem20" inherits="AllInOneInventoryFrameItemButtonTemplate"/>
			<Button name="$parentItem21" inherits="AllInOneInventoryFrameItemButtonTemplate"/>
			<Button name="$parentItem22" inherits="AllInOneInventoryFrameItemButtonTemplate"/>
			<Button name="$parentItem23" inherits="AllInOneInventoryFrameItemButtonTemplate"/>
			<Button name="$parentItem24" inherits="AllInOneInventoryFrameItemButtonTemplate"/>
			<Button name="$parentItem25" inherits="AllInOneInventoryFrameItemButtonTemplate"/>
			<Button name="$parentItem26" inherits="AllInOneInventoryFrameItemButtonTemplate"/>
			<Button name="$parentItem27" inherits="AllInOneInventoryFrameItemButtonTemplate"/>
			<Button name="$parentItem28" inherits="AllInOneInventoryFrameItemButtonTemplate"/>
			<Button name="$parentItem29" inherits="AllInOneInventoryFrameItemButtonTemplate"/>
			<Button name="$parentItem30" inherits="AllInOneInventoryFrameItemButtonTemplate"/>
			<Button name="$parentItem31" inherits="AllInOneInventoryFrameItemButtonTemplate"/>
			<Button name="$parentItem32" inherits="AllInOneInventoryFrameItemButtonTemplate"/>
			<Button name="$parentItem33" inherits="AllInOneInventoryFrameItemButtonTemplate"/>
			<Button name="$parentItem34" inherits="AllInOneInventoryFrameItemButtonTemplate"/>
			<Button name="$parentItem35" inherits="AllInOneInventoryFrameItemButtonTemplate"/>
			<Button name="$parentItem36" inherits="AllInOneInventoryFrameItemButtonTemplate"/>
			<Button name="$parentItem37" inherits="AllInOneInventoryFrameItemButtonTemplate"/>
			<Button name="$parentItem38" inherits="AllInOneInventoryFrameItemButtonTemplate"/>
			<Button name="$parentItem39" inherits="AllInOneInventoryFrameItemButtonTemplate"/>
			<Button name="$parentItem40" inherits="AllInOneInventoryFrameItemButtonTemplate"/>
			<Button name="$parentItem41" inherits="AllInOneInventoryFrameItemButtonTemplate"/>
			<Button name="$parentItem42" inherits="AllInOneInventoryFrameItemButtonTemplate"/>
			<Button name="$parentItem43" inherits="AllInOneInventoryFrameItemButtonTemplate"/>
			<Button name="$parentItem44" inherits="AllInOneInventoryFrameItemButtonTemplate"/>
			<Button name="$parentItem45" inherits="AllInOneInventoryFrameItemButtonTemplate"/>
			<Button name="$parentItem46" inherits="AllInOneInventoryFrameItemButtonTemplate"/>
			<Button name="$parentItem47" inherits="AllInOneInventoryFrameItemButtonTemplate"/>
			<Button name="$parentItem48" inherits="AllInOneInventoryFrameItemButtonTemplate"/>
			<Button name="$parentItem49" inherits="AllInOneInventoryFrameItemButtonTemplate"/>
			<Button name="$parentItem50" inherits="AllInOneInventoryFrameItemButtonTemplate"/>
			<Button name="$parentItem51" inherits="AllInOneInventoryFrameItemButtonTemplate"/>
			<Button name="$parentItem52" inherits="AllInOneInventoryFrameItemButtonTemplate"/>
			<Button name="$parentItem53" inherits="AllInOneInventoryFrameItemButtonTemplate"/>
			<Button name="$parentItem54" inherits="AllInOneInventoryFrameItemButtonTemplate"/>
			<Button name="$parentItem55" inherits="AllInOneInventoryFrameItemButtonTemplate"/>
			<Button name="$parentItem56" inherits="AllInOneInventoryFrameItemButtonTemplate"/>
			<Button name="$parentItem57" inherits="AllInOneInventoryFrameItemButtonTemplate"/>
			<Button name="$parentItem58" inherits="AllInOneInventoryFrameItemButtonTemplate"/>
			<Button name="$parentItem59" inherits="AllInOneInventoryFrameItemButtonTemplate"/>
			<Button name="$parentItem60" inherits="AllInOneInventoryFrameItemButtonTemplate"/>
			<Button name="$parentItem61" inherits="AllInOneInventoryFrameItemButtonTemplate"/>
			<Button name="$parentItem62" inherits="AllInOneInventoryFrameItemButtonTemplate"/>
			<Button name="$parentItem63" inherits="AllInOneInventoryFrameItemButtonTemplate"/>
			<Button name="$parentItem64" inherits="AllInOneInventoryFrameItemButtonTemplate"/>
			<Button name="$parentItem65" inherits="AllInOneInventoryFrameItemButtonTemplate"/>
			<Button name="$parentItem66" inherits="AllInOneInventoryFrameItemButtonTemplate"/>
			<Button name="$parentItem67" inherits="AllInOneInventoryFrameItemButtonTemplate"/>
			<Button name="$parentItem68" inherits="AllInOneInventoryFrameItemButtonTemplate"/>
			<Button name="$parentItem69" inherits="AllInOneInventoryFrameItemButtonTemplate"/>
			<Button name="$parentItem70" inherits="AllInOneInventoryFrameItemButtonTemplate"/>
			<Button name="$parentItem71" inherits="AllInOneInventoryFrameItemButtonTemplate"/>
			<Button name="$parentItem72" inherits="AllInOneInventoryFrameItemButtonTemplate"/>
			<Button name="$parentItem73" inherits="AllInOneInventoryFrameItemButtonTemplate"/>
			<Button name="$parentItem74" inherits="AllInOneInventoryFrameItemButtonTemplate"/>
			<Button name="$parentItem75" inherits="AllInOneInventoryFrameItemButtonTemplate"/>
			<Button name="$parentItem76" inherits="AllInOneInventoryFrameItemButtonTemplate"/>
			<Button name="$parentItem77" inherits="AllInOneInventoryFrameItemButtonTemplate"/>
			<Button name="$parentItem78" inherits="AllInOneInventoryFrameItemButtonTemplate"/>
			<Button name="$parentItem79" inherits="AllInOneInventoryFrameItemButtonTemplate"/>
			<Button name="$parentItem80" inherits="AllInOneInventoryFrameItemButtonTemplate"/>
			<Button name="$parentItem81" inherits="AllInOneInventoryFrameItemButtonTemplate"/>
			<Button name="$parentItem82" inherits="AllInOneInventoryFrameItemButtonTemplate"/>
			<Button name="$parentItem83" inherits="AllInOneInventoryFrameItemButtonTemplate"/>
			<Button name="$parentItem84" inherits="AllInOneInventoryFrameItemButtonTemplate"/>
			<Button name="$parentItem85" inherits="AllInOneInventoryFrameItemButtonTemplate"/>
			<Button name="$parentItem86" inherits="AllInOneInventoryFrameItemButtonTemplate"/>
			<Button name="$parentItem87" inherits="AllInOneInventoryFrameItemButtonTemplate"/>
			<Button name="$parentItem88" inherits="AllInOneInventoryFrameItemButtonTemplate"/>
			<Button name="$parentItem89" inherits="AllInOneInventoryFrameItemButtonTemplate"/>
			<Button name="$parentItem90" inherits="AllInOneInventoryFrameItemButtonTemplate"/>
			<Button name="$parentItem91" inherits="AllInOneInventoryFrameItemButtonTemplate"/>
			<Button name="$parentItem92" inherits="AllInOneInventoryFrameItemButtonTemplate"/>
			<Button name="$parentItem93" inherits="AllInOneInventoryFrameItemButtonTemplate"/>
			<Button name="$parentItem94" inherits="AllInOneInventoryFrameItemButtonTemplate"/>
			<Button name="$parentItem95" inherits="AllInOneInventoryFrameItemButtonTemplate"/>
			<Button name="$parentItem96" inherits="AllInOneInventoryFrameItemButtonTemplate"/>
			<Button name="$parentItem97" inherits="AllInOneInventoryFrameItemButtonTemplate"/>
			<Button name="$parentItem98" inherits="AllInOneInventoryFrameItemButtonTemplate"/>
			<Button name="$parentItem99" inherits="AllInOneInventoryFrameItemButtonTemplate"/>
			<Button name="$parentItem100" inherits="AllInOneInventoryFrameItemButtonTemplate"/>
			<Button name="$parentItem101" inherits="AllInOneInventoryFrameItemButtonTemplate"/>
			<Button name="$parentItem102" inherits="AllInOneInventoryFrameItemButtonTemplate"/>
			<Button name="$parentItem103" inherits="AllInOneInventoryFrameItemButtonTemplate"/>
			<Button name="$parentItem104" inherits="AllInOneInventoryFrameItemButtonTemplate"/>
			<Button name="$parentItem105" inherits="AllInOneInventoryFrameItemButtonTemplate"/>
			<Button name="$parentItem106" inherits="AllInOneInventoryFrameItemButtonTemplate"/>
			<Button name="$parentItem107" inherits="AllInOneInventoryFrameItemButtonTemplate"/>
			<Button name="$parentItem108" inherits="AllInOneInventoryFrameItemButtonTemplate"/>
			<Button name="$parentItem109" inherits="AllInOneInventoryFrameItemButtonTemplate"/>
			<Button name="$parentCloseButton" inherits="UIPanelCloseButton">
				<Anchors>
					<Anchor point="BOTTOMLEFT" relativeTo="$parentTextureTopRight" relativePoint="BOTTOMLEFT">
						<Offset>
							<AbsDimension x="2" y="2"/>
						</Offset>
					</Anchor>
				</Anchors>
				<Scripts>
					<OnClick>
						CloseAllInOneInventoryFrame();
					</OnClick>
				</Scripts>
			</Button>
			<CheckButton name="$parentLockButton">
				<Size>
					<AbsDimension x="32" y="32"/>
				</Size>
				<Anchors>
					<Anchor point="RIGHT" relativeTo="$parentCloseButton" relativePoint="LEFT">
						<Offset>
							<AbsDimension x="11" y="0"/>
						</Offset>
					</Anchor>
				</Anchors>
				<Scripts>
					<OnClick>
						ToggleLockAllInOneInventoryFrame();
					</OnClick>
				</Scripts>
				<NormalTexture file="Interface\AddOns\AllInOneInventory\Skin\Button-LockButton-Locked-Up"/>
				<PushedTexture file="Interface\AddOns\AllInOneInventory\Skin\Button-LockButton-Locked-Down"/>
				<DisabledTexture file="Interface\AddOns\AllInOneInventory\Skin\Button-LockButton-Locked-Disabled"/>
				<HighlightTexture file="Interface\Buttons\UI-Panel-MinimizeButton-Highlight" alphaMode="ADD"/>
				<CheckedTexture file="Interface\AddOns\AllInOneInventory\Skin\Button-LockButton-Unlocked-Up"/>
				<DisabledCheckedTexture file="Interface\AddOns\AllInOneInventory\Skin\Button-LockButton-Unlocked-Disabled"/>
			</CheckButton>
		</Frames>
		<Scripts>
			<OnEvent>
				AllInOneInventoryFrame_OnEvent(event);
			</OnEvent>
			<OnLoad>
				AllInOneInventoryFrame_OnLoad();
			</OnLoad>
			<OnHide>
				AllInOneInventoryFrame_OnHide();
			</OnHide>
			<OnShow>
				AllInOneInventoryFrame_OnShow();
			</OnShow>
			<OnMouseDown>
				AllInOneInventory_OnMouseDown(arg1, this);
			</OnMouseDown>
			<OnMouseUp>
				AllInOneInventory_StopMoving(this);
			</OnMouseUp>
			<OnDragStart>
				AllInOneInventory_StartMoving(this);
			</OnDragStart>
			<OnDragStop>
				AllInOneInventory_StopMoving(this);
			</OnDragStop>
		</Scripts>
	</Button>
	<Frame name="AllInOneInventoryScriptFrame" hidden="true">
		<Scripts>
			<OnLoad>
				AllInOneInventoryScriptFrame_OnLoad();
			</OnLoad>
			<OnEvent>
				AllInOneInventoryScriptFrame_OnEvent(event);
			</OnEvent>
		</Scripts>
	</Frame>
	<Frame name="AllInOneInventoryItemsFrame" hidden="true">
		<Scripts>
			<OnLoad>
				AllInOneInventoryItemsFrame_OnLoad();
			</OnLoad>
			<OnEvent>
				AllInOneInventoryItemsFrame_OnEvent(event);
			</OnEvent>
		</Scripts>
	</Frame>
</Ui>