<Bindings>
	<Binding name="ZAspect Main" header="ZAspectHeader">
		ZHunterButtonAspect_KeyBinding()
	</Binding>
	<Binding name="ZAspect 1" header="ZAspectHeader">
		ZHunterButtonAspect_KeyBinding(1)
	</Binding>
	<Binding name="ZAspect 2" header="ZAspectHeader">
		ZHunterButtonAspect_KeyBinding(2)
	</Binding>
	<Binding name="ZAspect 3" header="ZAspectHeader">
		ZHunterButtonAspect_KeyBinding(3)
	</Binding>
	<Binding name="ZAspect 4" header="ZAspectHeader">
		ZHunterButtonAspect_KeyBinding(4)
	</Binding>
	<Binding name="ZAspect 5" header="ZAspectHeader">
		ZHunterButtonAspect_KeyBinding(5)
	</Binding>
	<Binding name="ZAspect 6" header="ZAspectHeader">
		ZHunterButtonAspect_KeyBinding(6)
	</Binding>
	<Binding name="ZTrack Main" header="ZTrackHeader">
		ZHunterButtonTrack_KeyBinding()
	</Binding>
	<Binding name="ZTrack 1" header="ZTrackHeader">
		ZHunterButtonTrack_KeyBinding(1)
	</Binding>
	<Binding name="ZTrack 2" header="ZTrackHeader">
		ZHunterButtonTrack_KeyBinding(2)
	</Binding>
	<Binding name="ZTrack 3" header="ZTrackHeader">
		ZHunterButtonTrack_KeyBinding(3)
	</Binding>
	<Binding name="ZTrack 4" header="ZTrackHeader">
		ZHunterButtonTrack_KeyBinding(4)
	</Binding>
	<Binding name="ZTrack 5" header="ZTrackHeader">
		ZHunterButtonTrack_KeyBinding(5)
	</Binding>
	<Binding name="ZTrack 6" header="ZTrackHeader">
		ZHunterButtonTrack_KeyBinding(6)
	</Binding>
	<Binding name="ZTrack 7" header="ZTrackHeader">
		ZHunterButtonTrack_KeyBinding(7)
	</Binding>
	<Binding name="ZTrack 8" header="ZTrackHeader">
		ZHunterButtonTrack_KeyBinding(8)
	</Binding>
	<Binding name="ZTrack 9" header="ZTrackHeader">
		ZHunterButtonTrack_KeyBinding(9)
	</Binding>
	<Binding name="ZTrack 10" header="ZTrackHeader">
		ZHunterButtonTrack_KeyBinding(10)
	</Binding>
	<Binding name="ZTrack 11" header="ZTrackHeader">
		ZHunterButtonTrack_KeyBinding(11)
	</Binding>
	<Binding name="ZTrap Main" header="ZTrapHeader">
		ZHunterButtonTrap_KeyBinding()
	</Binding>
	<Binding name="ZTrap 1" header="ZTrapHeader">
		ZHunterButtonTrap_KeyBinding(1)
	</Binding>
	<Binding name="ZTrap 2" header="ZTrapHeader">
		ZHunterButtonTrap_KeyBinding(2)
	</Binding>
	<Binding name="ZTrap 3" header="ZTrapHeader">
		ZHunterButtonTrap_KeyBinding(3)
	</Binding>
	<Binding name="ZTrap 4" header="ZTrapHeader">
		ZHunterButtonTrap_KeyBinding(4)
	</Binding>
	<Binding name="ZTrap 5" header="ZTrapHeader">
		ZHunterButtonTrap_KeyBinding(5)
	</Binding>
	<Binding name="ZPet Main" header="ZPetHeader">
		ZHunterButtonPet_KeyBinding()
	</Binding>
	<Binding name="ZPet 1" header="ZPetHeader">
		ZHunterButtonPet_KeyBinding(1)
	</Binding>
	<Binding name="ZPet 2" header="ZPetHeader">
		ZHunterButtonPet_KeyBinding(2)
	</Binding>
	<Binding name="ZPet 3" header="ZPetHeader">
		ZHunterButtonPet_KeyBinding(3)
	</Binding>
	<Binding name="ZPet 4" header="ZPetHeader">
		ZHunterButtonPet_KeyBinding(4)
	</Binding>
	<Binding name="ZPet 5" header="ZPetHeader">
		ZHunterButtonPet_KeyBinding(5)
	</Binding>
	<Binding name="ZPet 6" header="ZPetHeader">
		ZHunterButtonPet_KeyBinding(6)
	</Binding>
</Bindings>
