<Ui xmlns="http://www.blizzard.com/wow/ui/" xmlns:xsi="http://www.w3.org/2001/XMLSchema-instance" xsi:schemaLocation="http://www.blizzard.com/wow/ui/
..\FrameXML\UI.xsd">
	<Script file="ZHunterButtonTrack.lua"/>
	<Script file="ZHunterButtonTrackOptions.lua"/>
	<Frame name="ZHunterButtonTrackFrame">
		<Scripts>
			<OnLoad>
				ZHunterButtonTrack_OnLoad()
			</OnLoad>
			<OnEvent>
				ZHunterButtonTrack_OnEvent()				
			</OnEvent>
		</Scripts>
	</Frame>
	<CheckButton name="ZHunterButtonTrack" inherits="ZSpellButtonTemplate">
		<Anchors>
			<Anchor point="CENTER" relativeTo="UIParent" relativePoint="CENTER">
				<Offset>
					<AbsDimension x="0" y="0"/>
				</Offset>
			</Anchor>
		</Anchors>
	</CheckButton>
	<Frame name="ZHunterButtonTrackOptions" inherits="ZSpellButtonOptionsTemplate"/>
</Ui>