<Ui xmlns="http://www.blizzard.com/wow/ui/" xmlns:xsi="http://www.w3.org/2001/XMLSchema-instance" xsi:schemaLocation="http://www.blizzard.com/wow/ui/
..\FrameXML\UI.xsd">
	<Script file="ZHunterButtonTrap.lua"/>
	<Script file="ZHunterButtonTrapOptions.lua"/>
	<Frame name="ZHunterButtonTrapFrame">
		<Scripts>
			<OnLoad>
				ZHunterButtonTrap_OnLoad()
			</OnLoad>
			<OnEvent>
				ZHunterButtonTrap_OnEvent()				
			</OnEvent>
		</Scripts>
	</Frame>
	<CheckButton name="ZHunterButtonTrap" inherits="ZSpellButtonTemplate">
		<Anchors>
			<Anchor point="CENTER" relativeTo="UIParent" relativePoint="CENTER">
				<Offset>
					<AbsDimension x="60" y="0"/>
				</Offset>
			</Anchor>
		</Anchors>
	</CheckButton>
	<Frame name="ZHunterButtonTrapOptions" inherits="ZSpellButtonOptionsTemplate"/>
</Ui>