<Ui xmlns="http://www.blizzard.com/wow/ui/" xmlns:xsi="http://www.w3.org/2001/XMLSchema-instance" xsi:schemaLocation="http://www.blizzard.com/wow/ui/
..\FrameXML\UI.xsd">
	<Script file="ZHunterButtonPet.lua"/>
	<Script file="ZHunterButtonPetOptions.lua"/>
	<Frame name="ZHunterButtonPetFrame">
		<Scripts>
			<OnLoad>
				ZHunterButtonPet_OnLoad()
			</OnLoad>
			<OnEvent>
				ZHunterButtonPet_OnEvent()				
			</OnEvent>
		</Scripts>
	</Frame>
	<CheckButton name="ZHunterButtonPet" inherits="ZSpellButtonTemplate">
		<Anchors>
			<Anchor point="CENTER" relativeTo="UIParent" relativePoint="CENTER">
				<Offset>
					<AbsDimension x="0" y="60"/>
				</Offset>
			</Anchor>
		</Anchors>
	</CheckButton>
	<Frame name="ZHunterButtonPetOptions" inherits="ZSpellButtonOptionsTemplate"/>
</Ui>