<Ui xmlns="http://www.blizzard.com/wow/ui/" xmlns:xsi="http://www.w3.org/2001/XMLSchema-instance" xsi:schemaLocation="http://www.blizzard.com/wow/ui/
..\FrameXML\UI.xsd">
	<Script file="ZHunterButtonAspect.lua"/>
	<Script file="ZHunterButtonAspectOptions.lua"/>
	<Frame name="ZHunterButtonAspectFrame">
		<Scripts>
			<OnLoad>
				ZHunterButtonAspect_OnLoad()
			</OnLoad>
			<OnEvent>
				ZHunterButtonAspect_OnEvent()				
			</OnEvent>
		</Scripts>
	</Frame>
	<CheckButton name="ZHunterButtonAspect" inherits="ZSpellButtonTemplate">
		<Anchors>
			<Anchor point="CENTER" relativeTo="UIParent" relativePoint="CENTER">
				<Offset>
					<AbsDimension x="-60" y="0"/>
				</Offset>
			</Anchor>
		</Anchors>
	</CheckButton>
	<Frame name="ZHunterButtonAspectOptions" inherits="ZSpellButtonOptionsTemplate"/>
</Ui>