<Bindings>
	<Binding name="Hate Builder" header="ZORLEN_WARRIORSPAM_BINDINGS">
		Zorlen_WarriorSpam_HateBuilder()
	</Binding>
	<Binding name="Off Tanking Hate Builder">
		Zorlen_WarriorSpam_OffTankingHateBuilder()
	</Binding>
	<Binding name="Tanking with Rend, Demoralizing Shout, and Disarm" header="ZORLEN_WARRIORSPAM_SPACER1">
		Zorlen_WarriorSpam_TankingWithRendAndDemoShout("disarm")
	</Binding>
	<Binding name="Tanking with Rend and Demoralizing Shout">
		Zorlen_WarriorSpam_TankingWithRendAndDemoShout()
	</Binding>
	<Binding name="Tanking with Rend and Disarm">
		Zorlen_WarriorSpam_TankingWithRend("disarm")
	</Binding>
	<Binding name="Tanking with Rend">
		Zorlen_WarriorSpam_TankingWithRend()
	</Binding>
	<Binding name="Tanking with Demoralizing Shout">
		Zorlen_WarriorSpam_TankingWithDemoShout()
	</Binding>
	<Binding name="Tanking">
		Zorlen_WarriorSpam_Tanking()
	</Binding>
	<Binding name="Off Tanking with Rend, Demoralizing Shout, and Disarm" header="ZORLEN_WARRIORSPAM_SPACER2">
		Zorlen_WarriorSpam_OffTankingWithRendAndDemoShout("disarm")
	</Binding>
	<Binding name="Off Tanking with Rend and Demoralizing Shout">
		Zorlen_WarriorSpam_OffTankingWithRendAndDemoShout()
	</Binding>
	<Binding name="Off Tanking with Rend and Disarm">
		Zorlen_WarriorSpam_OffTankingWithRend("disarm")
	</Binding>
	<Binding name="Off Tanking with Rend">
		Zorlen_WarriorSpam_OffTankingWithRend()
	</Binding>
	<Binding name="Off Tanking with Demoralizing Shout">
		Zorlen_WarriorSpam_OffTankingWithDemoShout()
	</Binding>
	<Binding name="Off Tanking">
		Zorlen_WarriorSpam_OffTanking()
	</Binding>
	<Binding name="DPS with Rend, Demoralizing Shout, and Disarm" header="ZORLEN_WARRIORSPAM_SPACER3">
		Zorlen_WarriorSpam_WithRendAndDemoShout("disarm")
	</Binding>
	<Binding name="DPS with Rend and Demoralizing Shout">
		Zorlen_WarriorSpam_WithRendAndDemoShout()
	</Binding>
	<Binding name="DPS with Rend and Disarm">
		Zorlen_WarriorSpam_WithRend("disarm")
	</Binding>
	<Binding name="DPS with Rend">
		Zorlen_WarriorSpam_WithRend()
	</Binding>
	<Binding name="DPS with Demoralizing Shout">
		Zorlen_WarriorSpam_WithDemoShout()
	</Binding>
	<Binding name="DPS">
		Zorlen_WarriorSpam()
	</Binding>
</Bindings>
