<Ui xmlns="http://www.blizzard.com/wow/ui" xmlns:xsi="http://www.w3.org/2001/XMLSchema-instance">
  <!--some parts generated by wowuides, other parts handwritten by QuippeR-->

<!-- Virtual button, easy to use, made from wowuides code -->
      <Button name="EmoteButtons_OptionButton_Template" virtual="true">
        <Size>
          <AbsDimension x="100" y="22" />
        </Size>
        <NormalTexture file="Interface\Buttons\UI-Panel-Button-Up">
          <TexCoords left="0" right="0.625" top="0" bottom="0.6875" />
        </NormalTexture>
        <PushedTexture file="Interface\Buttons\UI-Panel-Button-Down">
          <TexCoords left="0" right="0.625" top="0" bottom="0.6875" />
        </PushedTexture>
        <DisabledTexture file="Interface\Buttons\UI-Panel-Button-Disabled">
          <TexCoords left="0" right="0.625" top="0" bottom="0.6875" />
        </DisabledTexture>
        <HighlightTexture file="Interface\Buttons\UI-Panel-Button-Highlight" alphaMode="ADD">
          <TexCoords left="0" right="0.625" top="0" bottom="0.6875" />
        </HighlightTexture>
        <ButtonText name="$parentText">
          <FontHeight>
            <AbsValue val="10" />
          </FontHeight>
        </ButtonText>
        <NormalFont inherits="GameFontNormal">
          <FontHeight>
            <AbsValue val="12" />
          </FontHeight>
          <Color r="1" g="0.8196079" b="0" />
          <Shadow>
            <Color r="0" g="0" b="0" />
            <Offset>
              <AbsDimension x="1" y="-1" />
            </Offset>
          </Shadow>
        </NormalFont>
        <HighlightFont inherits="GameFontHighlight">
          <FontHeight>
            <AbsValue val="12" />
          </FontHeight>
          <Color r="1" g="1" b="1" />
          <Shadow>
            <Color r="0" g="0" b="0" />
            <Offset>
              <AbsDimension x="1" y="-1" />
            </Offset>
          </Shadow>
        </HighlightFont>
        <DisabledFont inherits="GameFontDisable">
          <FontHeight>
            <AbsValue val="12" />
          </FontHeight>
          <Color r="0.4980392" g="0.4980392" b="0.4980392" />
          <Shadow>
            <Color r="0" g="0" b="0" />
            <Offset>
              <AbsDimension x="1" y="-1" />
            </Offset>
          </Shadow>
        </DisabledFont>
      </Button>

<!-- Slider with the value shown, virtual, saved from TargetButtons -->
	<Slider name="EBSliderTemp" inherits="OptionsSliderTemplate" virtual="true">
		<Layers>
			<Layer level="ARTWORK">
				<FontString name="$parentTitle" inherits="GameFontNormal">
				 <Anchors>
					<Anchor point="TOP">
					 <Offset>
						<AbsDimension x="0" y="12" />
					 </Offset>
					</Anchor>
				 </Anchors>
				</FontString>
				<FontString name="$parentValue" inherits="GameFontNormal">
				 <Anchors>
					<Anchor point="TOP">
					 <Offset>
						<AbsDimension x="0" y="-13" />
					 </Offset>
					</Anchor>
				 </Anchors>
				</FontString>
			</Layer>
		</Layers>
	</Slider>


  <Frame name="EmoteButtons_Config" hidden="true">
    <Size>
      <AbsDimension x="600" y="180" />
    </Size>
    <Anchors>
      <Anchor point="CENTER" relativeTo="UIParent">
        <Offset>
          <AbsDimension x="0" y="0" />
        </Offset>
      </Anchor>
    </Anchors>
    <Backdrop bgFile="Interface\DialogFrame\UI-DialogBox-Background" edgeFile="Interface\DialogFrame\UI-DialogBox-Border" tile="true">
      <BackgroundInsets>
        <AbsInset left="11" right="12" top="12" bottom="11" />
      </BackgroundInsets>
      <TileSize>
        <AbsValue val="32" />
      </TileSize>
      <EdgeSize>
        <AbsValue val="32" />
      </EdgeSize>
    </Backdrop>
    <Layers>
      <Layer>
        <Texture name="$parentTitleBorder" file="Interface\DialogFrame\UI-DialogBox-Header">
          <Size>
            <AbsDimension x="160" y="32" />
          </Size>
          <Anchors>
            <Anchor point="TOP">
              <Offset>
                <AbsDimension x="0" y="5" />
              </Offset>
            </Anchor>
          </Anchors>
          <TexCoords left="0.2" right="0.8" top="0" bottom="0.6" />
        </Texture>
        <FontString name="$parentTitleString" font="GameFontNormal" text="EMOTEBUTTONS_NAME">
          <Size>
            <AbsDimension x="140" y="0" />
          </Size>
          <Anchors>
            <Anchor point="TOP">
              <Offset>
                <AbsDimension x="0" y="-5" />
              </Offset>
            </Anchor>
          </Anchors>
          <FontHeight>
            <AbsValue val="12" />
          </FontHeight>
          <Color r="1" g="0.8196079" b="0" />
          <Shadow>
            <Color r="0" g="0" b="0" />
            <Offset>
              <AbsDimension x="1" y="-1" />
            </Offset>
          </Shadow>
        </FontString>
      </Layer>
	<Layer>
		<FontString name="$parent_ButtonName" inherits="GameFontNormal" text="EMOTEBUTTONS_ERROR" justifyH="CENTER">
			<Anchors>
				<Anchor point="CENTER" relativePoint="TOP">
					<Offset>
						<AbsDimension x="0" y="-40"/>
					</Offset>
				</Anchor>
			</Anchors>
		</FontString>
		<FontString name="$parent_Action" inherits="GameFontWhite" text="EMOTEBUTTONS_ERROR" justifyH="CENTER">
			<Anchors>
				<Anchor point="CENTER" relativePoint="TOPLEFT">
					<Offset>
						<AbsDimension x="100" y="-145"/>
					</Offset>
				</Anchor>
			</Anchors>
		</FontString>
		<FontString name="$parent_Tooltip" inherits="GameFontWhite" text="EMOTEBUTTONS_ERROR" justifyH="CENTER">
			<Anchors>
				<Anchor point="CENTER" relativePoint="TOPLEFT">
					<Offset>
						<AbsDimension x="500" y="-145"/>
					</Offset>
				</Anchor>
			</Anchors>
		</FontString>
	</Layer>
    </Layers>


    <Frames>

	<Slider name="$parent_SetMainShift" inherits="EBSliderTemp">
		<Anchors>
			<Anchor point="TOPRIGHT" relativePoint="TOP">
				<Offset>
					<AbsDimension x="-130" y="-40"/>
				</Offset>
			</Anchor>
		</Anchors>
		<Scripts>
			<OnLoad>
				this:SetMinMaxValues(0,359);
				this:SetValueStep(2);
				getglobal(this:GetName().."High"):SetText("359'");
				getglobal(this:GetName().."Low"):SetText("0'");
			</OnLoad>
			<OnValueChanged>
				EmoteButtons_SliderChanged(this:GetName(), "'");
			</OnValueChanged>
		</Scripts>
	</Slider>

	<Slider name="$parent_SetMainSize" inherits="EBSliderTemp">
		<Anchors>
			<Anchor point="TOPLEFT" relativePoint="TOP">
				<Offset>
					<AbsDimension x="130" y="-40"/>
				</Offset>
			</Anchor>
		</Anchors>
		<Scripts>
			<OnLoad>
				this:SetMinMaxValues(24,64);
				this:SetValueStep(1);
				getglobal(this:GetName().."High"):SetText("64");
				getglobal(this:GetName().."Low"):SetText("24");
			</OnLoad>
			<OnValueChanged>
				EmoteButtons_SliderChanged(this:GetName(), "px");
			</OnValueChanged>
		</Scripts>
	</Slider>

      <Button name="$parent_SetAction" text="EMOTEBUTTONS_SETACTION" inherits="EmoteButtons_OptionButton_Template">
        <Anchors>
          <Anchor point="TOPLEFT">
            <Offset>
              <AbsDimension x="185" y="-135" />
            </Offset>
          </Anchor>
        </Anchors>
	<Scripts>
		<OnClick>
			EmoteButtons_SetAction();
		</OnClick>
	</Scripts>
      </Button>


      <Button name="$parent_SetTooltip" text="EMOTEBUTTONS_SETTOOLTIP" inherits="EmoteButtons_OptionButton_Template">
        <Anchors>
          <Anchor point="TOPLEFT">
            <Offset>
              <AbsDimension x="314" y="-135" />
            </Offset>
          </Anchor>
        </Anchors>
	<Scripts>
		<OnClick>
			EmoteButtons_ChangeTooltip();
		</OnClick>
	</Scripts>
      </Button>

	<Button name="EmoteButtons_CloseConfig" inherits="UIPanelCloseButton">
		<Anchors>
			<Anchor point="TOPRIGHT" relativeTo="EmoteButtons_Config" relativePoint="TOPRIGHT">
				<Offset>
					<AbsDimension x="-2" y="-4"/>
				</Offset>
			</Anchor>
		</Anchors>
		<Scripts>
			<OnLoad>             
				EmoteButtons_Init();
				this:RegisterEvent("ADDON_LOADED");
			</OnLoad>
			<OnClick>
				EmoteButtons_Config:Hide();
				EmoteButtons_HideSelector();
			</OnClick>
			<OnEvent>
				EmoteButtons_LoadedVars();
			</OnEvent>
		</Scripts>
	</Button>
    </Frames>
  </Frame>

	<Frame name="EmoteButtons_SelectAction" hidden="true" frameStrata="HIGH">
		<Size>
			<AbsDimension x="120" y="220"/>
		</Size>
		<Anchors>
			<Anchor point="TOP" relativePoint="BOTTOM" relativeTo="EmoteButtons_Config_SetAction">
				<Offset>
					<AbsDimension x="0" y="0" />
				</Offset>
			</Anchor>
		</Anchors>
		<Backdrop bgFile="Interface\DialogFrame\UI-DialogBox-Background" edgeFile="Interface\DialogFrame\UI-DialogBox-Border" tile="true">
			<BackgroundInsets>
				<AbsInset left="11" right="12" top="12" bottom="11" />
			</BackgroundInsets>
			<TileSize>
				<AbsValue val="32" />
			</TileSize>
			<EdgeSize>
				<AbsValue val="32" />
			</EdgeSize>
		</Backdrop>
		<Frames>
			<Button name="EB_OpenDeck1" text="EMOTEBUTTONS_OPENDECK1" inherits="EmoteButtons_OptionButton_Template">
				<Anchors>
					<Anchor point="TOP" relativePoint="TOP">
						<Offset>
							<AbsDimension x="0" y="-10"/>
						</Offset>
					</Anchor>
				</Anchors>
				<Scripts>
					<OnClick>
						EmoteButtons_SetDeck(1);
					</OnClick>
				</Scripts>
			</Button>
			<Button name="EB_OpenDeck2" text="EMOTEBUTTONS_OPENDECK2" inherits="EmoteButtons_OptionButton_Template">
				<Anchors>
					<Anchor point="TOP" relativePoint="BOTTOM" relativeTo="EB_OpenDeck1">
						<Offset>
							<AbsDimension x="0" y="0"/>
						</Offset>
					</Anchor>
				</Anchors>
				<Scripts>
					<OnClick>
						EmoteButtons_SetDeck(2);
					</OnClick>
				</Scripts>
			</Button>
			<Button name="EB_OpenDeck3" text="EMOTEBUTTONS_OPENDECK3" inherits="EmoteButtons_OptionButton_Template">
				<Anchors>
					<Anchor point="TOP" relativePoint="BOTTOM" relativeTo="EB_OpenDeck2">
						<Offset>
							<AbsDimension x="0" y="0"/>
						</Offset>
					</Anchor>
				</Anchors>
				<Scripts>
					<OnClick>
						EmoteButtons_SetDeck(3);
					</OnClick>
				</Scripts>
			</Button>
			<Button name="EB_OpenDeck4" text="EMOTEBUTTONS_OPENDECK4" inherits="EmoteButtons_OptionButton_Template">
				<Anchors>
					<Anchor point="TOP" relativePoint="BOTTOM" relativeTo="EB_OpenDeck3">
						<Offset>
							<AbsDimension x="0" y="0"/>
						</Offset>
					</Anchor>
				</Anchors>
				<Scripts>
					<OnClick>
						EmoteButtons_SetDeck(4);
					</OnClick>
				</Scripts>
			</Button>
			<Button name="EB_OpenDeck5" text="EMOTEBUTTONS_OPENDECK5" inherits="EmoteButtons_OptionButton_Template">
				<Anchors>
					<Anchor point="TOP" relativePoint="BOTTOM" relativeTo="EB_OpenDeck4">
						<Offset>
							<AbsDimension x="0" y="0"/>
						</Offset>
					</Anchor>
				</Anchors>
				<Scripts>
					<OnClick>
						EmoteButtons_SetDeck(5);
					</OnClick>
				</Scripts>
			</Button>
			<Button name="EB_OpenDeck6" text="EMOTEBUTTONS_OPENDECK6" inherits="EmoteButtons_OptionButton_Template">
				<Anchors>
					<Anchor point="TOP" relativePoint="BOTTOM" relativeTo="EB_OpenDeck5">
						<Offset>
							<AbsDimension x="0" y="0"/>
						</Offset>
					</Anchor>
				</Anchors>
				<Scripts>
					<OnClick>
						EmoteButtons_SetDeck(6);
					</OnClick>
				</Scripts>
			</Button>
			<Button name="EB_OpenDeck7" text="EMOTEBUTTONS_OPENDECK7" inherits="EmoteButtons_OptionButton_Template">
				<Anchors>
					<Anchor point="TOP" relativePoint="BOTTOM" relativeTo="EB_OpenDeck6">
						<Offset>
							<AbsDimension x="0" y="0"/>
						</Offset>
					</Anchor>
				</Anchors>
				<Scripts>
					<OnClick>
						EmoteButtons_SetDeck(7);
					</OnClick>
				</Scripts>
			</Button>
			<Button name="EB_OpenDeck8" text="EMOTEBUTTONS_OPENDECK8" inherits="EmoteButtons_OptionButton_Template">
				<Anchors>
					<Anchor point="TOP" relativePoint="BOTTOM" relativeTo="EB_OpenDeck7">
						<Offset>
							<AbsDimension x="0" y="0"/>
						</Offset>
					</Anchor>
				</Anchors>
				<Scripts>
					<OnClick>
						EmoteButtons_SetDeck(8);
					</OnClick>
				</Scripts>
			</Button>
			<Button name="EB_DoEmote" text="EMOTEBUTTONS_SLASHCOMMAND" inherits="EmoteButtons_OptionButton_Template">
				<Anchors>
					<Anchor point="TOP" relativePoint="BOTTOM" relativeTo="EB_OpenDeck8">
						<Offset>
							<AbsDimension x="0" y="0"/>
						</Offset>
					</Anchor>
				</Anchors>
				<Scripts>
					<OnClick>
						EmoteButtons_ChangeEmote();
						EmoteButtons_SelectAction:Hide();
					</OnClick>
				</Scripts>
			</Button>
		</Frames>
	</Frame>

</Ui>