<Bindings>
	<Binding name="Assist MT1" header="oRA2">
		if oRAOMainTank then oRAOMainTank:BindingAssist(1) end
	</Binding>
	<Binding name="Assist MT2">
		if oRAOMainTank then oRAOMainTank:BindingAssist(2) end
	</Binding>
	<Binding name="Assist MT3">
		if oRAOMainTank then oRAOMainTank:BindingAssist(3) end
	</Binding>
	<Binding name="Assist MT4">
		if oRAOMainTank then oRAOMainTank:BindingAssist(4) end
	</Binding>
	<Binding name="Assist MT5">
		if oRAOMainTank then oRAOMainTank:BindingAssist(5) end
	</Binding>
	<Binding name="Assist MT6">
		if oRAOMainTank then oRAOMainTank:BindingAssist(6) end
	</Binding>
	<Binding name="Assist MT7">
		if oRAOMainTank then oRAOMainTank:BindingAssist(7) end
	</Binding>
	<Binding name="Assist MT8">
		if oRAOMainTank then oRAOMainTank:BindingAssist(8) end
	</Binding>
	<Binding name="Assist MT9">
		if oRAOMainTank then oRAOMainTank:BindingAssist(9) end
	</Binding>
	<Binding name="Assist MT10">
		if oRAOMainTank then oRAOMainTank:BindingAssist(10) end
	</Binding>
</Bindings>

