<Ui>
	<Frame name="Tetris_SOF" toplevel="true" hidden="true" movable="true" parent="UIParent">
		<Size>
			<AbsDimension x="510" y="530" />
		</Size>
		<Anchors>
			<Anchor point="CENTER"></Anchor>
		</Anchors>
		<Backdrop bgFile="Interface\DialogFrame\UI-DialogBox-Background" edgeFile="Interface\Tooltips\UI-Tooltip-Border" tile="true">
			<BackgroundInsets>
				<AbsInset left="8" right="8" top="7" bottom="7" />	
			</BackgroundInsets>
			<TileSize>
				<AbsValue val="32" />
			</TileSize>
			<EdgeSize>
				<AbsValue val="32" />
			</EdgeSize>
    	</Backdrop>
		<Layers>
			<Layer level="ARTWORK">	
				<FontString name="Tetris_SOF_s_Text" text="Tetris_SOF_s_Text" inherits="ChatFontNormal">
					<Anchors>
						<Anchor point="TOP">
							<Offset>
								<AbsDimension x="-160" y="-20"/>
							</Offset>
						</Anchor>
					</Anchors>
				</FontString>
			</Layer>				
		</Layers> 
		<Frames>
			<Button name="Tetris_SOF_b_Ok" inherits="GameMenuButtonTemplate" text="GOF_b_Ok">
				<Size>
					<AbsDimension x="100" y="25"/>
				</Size>
				<Anchors>
					<Anchor point="TOP">
						<Offset>
							<AbsDimension x="160" y="-15"/>
						</Offset>
					</Anchor>
				</Anchors>
				<Scripts>
					<OnClick>
						Tetris_SOF_b_Click();
					</OnClick>
				</Scripts>
			</Button>
			
			<Button name="Tetris_SOF_b_Next" inherits="GameMenuButtonTemplate" text="GOF_b_Next">
				<Size>
					<AbsDimension x="60" y="25"/>
				</Size>
				<Anchors>
					<Anchor point="TOP">
						<Offset>
							<AbsDimension x="-110" y="-15"/>
						</Offset>
					</Anchor>
				</Anchors>
				<Scripts>
					<OnClick>
						Tetris_SOF_b_Click();
					</OnClick>
				</Scripts>
			</Button>

			<Button name="Tetris_SOF_b_Back" inherits="GameMenuButtonTemplate" text="GOF_b_Back">
				<Size>
					<AbsDimension x="60" y="25"/>
				</Size>
				<Anchors>
					<Anchor point="TOP">
						<Offset>
							<AbsDimension x="-210" y="-15"/>
						</Offset>
					</Anchor>
				</Anchors>
				<Scripts>
					<OnClick>
						Tetris_SOF_b_Click();
					</OnClick>
				</Scripts>
			</Button>

  			<Frame name="Tetris_SOF_Titel" toplevel="true" hidden="false" movable="false">
 				<Size>
					<AbsDimension x="160" y="40" />
				</Size>
				<Anchors>
					<Anchor point="TOP">
						<Offset>
							<AbsDimension x="0" y="12"/>
						</Offset>
					</Anchor>
				</Anchors>
				<Backdrop bgFile="Interface\AddOns\Tetris\texturen\schwarz" edgeFile="Interface\Tooltips\UI-Tooltip-Border" tile="true">
					<BackgroundInsets>
						<AbsInset left="8" right="8" top="7" bottom="7" />	
					</BackgroundInsets>
					<TileSize>
						<AbsValue val="32" />
					</TileSize>
					<EdgeSize>
						<AbsValue val="32" />
					</EdgeSize>
    			</Backdrop>
				<Layers>
					<Layer level="ARTWORK">
						<FontString name="Tetris_SOF_Titeltext" text="Tetris_SOF_Titeltext" inherits="GameFontNormal">
							<Anchors>
								<Anchor point="CENTER">
									<Offset>
										<AbsDimension x="0" y="0"/>
									</Offset>
								</Anchor>
							</Anchors>
						</FontString>
					</Layer>				
				</Layers>
			</Frame>
			
  			<Frame name="Tetris_SOF_num1" toplevel="true" hidden="false" movable="false">
 				<Size>
					<AbsDimension x="150" y="150" />
				</Size>
				<Anchors>
					<Anchor point="TOPLEFT">
						<Offset>
							<AbsDimension x="20" y="-40"/>
						</Offset>
					</Anchor>
				</Anchors>
				<Backdrop bgFile="Interface\AddOns\Tetris\texturen\schwarz" edgeFile="Interface\Tooltips\UI-Tooltip-Border" tile="true">
					<BackgroundInsets>
						<AbsInset left="8" right="8" top="7" bottom="7" />	
					</BackgroundInsets>
					<TileSize>
						<AbsValue val="32" />
					</TileSize>
					<EdgeSize>
						<AbsValue val="32" />
					</EdgeSize>
    			</Backdrop>
				<Layers>
					<Layer level="ARTWORK">	
						<FontString name="Tetris_SOF_num1_text" text="GF_SOF_num1_Titeltext" inherits="ChatFontNormal">
							<Anchors>
								<Anchor point="TOPLEFT">
									<Offset>
										<AbsDimension x="15" y="-17"/>
									</Offset>
								</Anchor>
							</Anchors>
						</FontString>
					</Layer>				
				</Layers>   			
				<Frames>
					<CheckButton name="Tetris_SOF_num1_c" inherits="OptionsCheckButtonTemplate">
						<Anchors>
							<Anchor point="TOPRIGHT">
								<Offset>
									<AbsDimension x="-10" y="-10"/>
								</Offset>
							</Anchor>
						</Anchors>
						<Scripts>
							<OnClick>
								Tetris_SOF_c_Click();
							</OnClick>
						</Scripts>
					</CheckButton>		
					<Button name="Tetris_SOF_num1_x1y1">
						<Size>
							<AbsDimension x="30" y="30"/>
						</Size>
						<Anchors>
							<Anchor point="BOTTOMLEFT">
								<Offset>
									<AbsDimension x="15" y="15"/>
								</Offset>
							</Anchor>
						</Anchors>
					</Button>
					<Button name="Tetris_SOF_num1_x2y1">
						<Size>
							<AbsDimension x="30" y="30"/>
						</Size>
						<Anchors>
							<Anchor point="BOTTOMLEFT">
								<Offset>
									<AbsDimension x="45" y="15"/>
								</Offset>
							</Anchor>
						</Anchors>
					</Button>
					<Button name="Tetris_SOF_num1_x3y1">
						<Size>
							<AbsDimension x="30" y="30"/>
						</Size>
						<Anchors>
							<Anchor point="BOTTOMLEFT">
								<Offset>
									<AbsDimension x="75" y="15"/>
								</Offset>
							</Anchor>
						</Anchors>
					</Button>
					<Button name="Tetris_SOF_num1_x4y1">
						<Size>
							<AbsDimension x="30" y="30"/>
						</Size>
						<Anchors>
							<Anchor point="BOTTOMLEFT">
								<Offset>
									<AbsDimension x="105" y="15"/>
								</Offset>
							</Anchor>
						</Anchors>
					</Button>
					<Button name="Tetris_SOF_num1_x1y2">
						<Size>
							<AbsDimension x="30" y="30"/>
						</Size>
						<Anchors>
							<Anchor point="BOTTOMLEFT">
								<Offset>
									<AbsDimension x="15" y="45"/>
								</Offset>
							</Anchor>
						</Anchors>
					</Button>
					<Button name="Tetris_SOF_num1_x2y2">
						<Size>
							<AbsDimension x="30" y="30"/>
						</Size>
						<Anchors>
							<Anchor point="BOTTOMLEFT">
								<Offset>
									<AbsDimension x="45" y="45"/>
								</Offset>
							</Anchor>
						</Anchors>
					</Button>
					<Button name="Tetris_SOF_num1_x3y2">
						<Size>
							<AbsDimension x="30" y="30"/>
						</Size>
						<Anchors>
							<Anchor point="BOTTOMLEFT">
								<Offset>
									<AbsDimension x="75" y="45"/>
								</Offset>
							</Anchor>
						</Anchors>
					</Button>
					<Button name="Tetris_SOF_num1_x4y2">
						<Size>
							<AbsDimension x="30" y="30"/>
						</Size>
						<Anchors>
							<Anchor point="BOTTOMLEFT">
								<Offset>
									<AbsDimension x="105" y="45"/>
								</Offset>
							</Anchor>
						</Anchors>
					</Button>
					<Button name="Tetris_SOF_num1_x1y3">
						<Size>
							<AbsDimension x="30" y="30"/>
						</Size>
						<Anchors>
							<Anchor point="BOTTOMLEFT">
								<Offset>
									<AbsDimension x="15" y="75"/>
								</Offset>
							</Anchor>
						</Anchors>
					</Button>
					<Button name="Tetris_SOF_num1_x2y3">
						<Size>
							<AbsDimension x="30" y="30"/>
						</Size>
						<Anchors>
							<Anchor point="BOTTOMLEFT">
								<Offset>
									<AbsDimension x="45" y="75"/>
								</Offset>
							</Anchor>
						</Anchors>
					</Button>
					<Button name="Tetris_SOF_num1_x3y3">
						<Size>
							<AbsDimension x="30" y="30"/>
						</Size>
						<Anchors>
							<Anchor point="BOTTOMLEFT">
								<Offset>
									<AbsDimension x="75" y="75"/>
								</Offset>
							</Anchor>
						</Anchors>
					</Button>
					<Button name="Tetris_SOF_num1_x4y3">
						<Size>
							<AbsDimension x="30" y="30"/>
						</Size>
						<Anchors>
							<Anchor point="BOTTOMLEFT">
								<Offset>
									<AbsDimension x="105" y="75"/>
								</Offset>
							</Anchor>
						</Anchors>
					</Button>			
				</Frames>			
			</Frame>

  			<Frame name="Tetris_SOF_num2" toplevel="true" hidden="false" movable="false">
 				<Size>
					<AbsDimension x="150" y="150" />
				</Size>
				<Anchors>
					<Anchor point="TOPLEFT">
						<Offset>
							<AbsDimension x="180" y="-40"/>
						</Offset>
					</Anchor>
				</Anchors>
				<Backdrop bgFile="Interface\AddOns\Tetris\texturen\schwarz" edgeFile="Interface\Tooltips\UI-Tooltip-Border" tile="true">
					<BackgroundInsets>
						<AbsInset left="8" right="8" top="7" bottom="7" />	
					</BackgroundInsets>
					<TileSize>
						<AbsValue val="32" />
					</TileSize>
					<EdgeSize>
						<AbsValue val="32" />
					</EdgeSize>
    			</Backdrop>
				<Layers>
					<Layer level="ARTWORK">	
						<FontString name="Tetris_SOF_num2_text" text="GF_SOF_num2_Titeltext" inherits="ChatFontNormal">
							<Anchors>
								<Anchor point="TOPLEFT">
									<Offset>
										<AbsDimension x="15" y="-17"/>
									</Offset>
								</Anchor>
							</Anchors>
						</FontString>
					</Layer>				
				</Layers>   	 			
				<Frames>
					<CheckButton name="Tetris_SOF_num2_c" inherits="OptionsCheckButtonTemplate">
						<Anchors>
							<Anchor point="TOPRIGHT">
								<Offset>
									<AbsDimension x="-10" y="-10"/>
								</Offset>
							</Anchor>
						</Anchors>
						<Scripts>
							<OnClick>
								Tetris_SOF_c_Click();
							</OnClick>
						</Scripts>
					</CheckButton>			
					<Button name="Tetris_SOF_num2_x1y1">
						<Size>
							<AbsDimension x="30" y="30"/>
						</Size>
						<Anchors>
							<Anchor point="BOTTOMLEFT">
								<Offset>
									<AbsDimension x="15" y="15"/>
								</Offset>
							</Anchor>
						</Anchors>
					</Button>
					<Button name="Tetris_SOF_num2_x2y1">
						<Size>
							<AbsDimension x="30" y="30"/>
						</Size>
						<Anchors>
							<Anchor point="BOTTOMLEFT">
								<Offset>
									<AbsDimension x="45" y="15"/>
								</Offset>
							</Anchor>
						</Anchors>
					</Button>
					<Button name="Tetris_SOF_num2_x3y1">
						<Size>
							<AbsDimension x="30" y="30"/>
						</Size>
						<Anchors>
							<Anchor point="BOTTOMLEFT">
								<Offset>
									<AbsDimension x="75" y="15"/>
								</Offset>
							</Anchor>
						</Anchors>
					</Button>
					<Button name="Tetris_SOF_num2_x4y1">
						<Size>
							<AbsDimension x="30" y="30"/>
						</Size>
						<Anchors>
							<Anchor point="BOTTOMLEFT">
								<Offset>
									<AbsDimension x="105" y="15"/>
								</Offset>
							</Anchor>
						</Anchors>
					</Button>
					<Button name="Tetris_SOF_num2_x1y2">
						<Size>
							<AbsDimension x="30" y="30"/>
						</Size>
						<Anchors>
							<Anchor point="BOTTOMLEFT">
								<Offset>
									<AbsDimension x="15" y="45"/>
								</Offset>
							</Anchor>
						</Anchors>
					</Button>
					<Button name="Tetris_SOF_num2_x2y2">
						<Size>
							<AbsDimension x="30" y="30"/>
						</Size>
						<Anchors>
							<Anchor point="BOTTOMLEFT">
								<Offset>
									<AbsDimension x="45" y="45"/>
								</Offset>
							</Anchor>
						</Anchors>
					</Button>
					<Button name="Tetris_SOF_num2_x3y2">
						<Size>
							<AbsDimension x="30" y="30"/>
						</Size>
						<Anchors>
							<Anchor point="BOTTOMLEFT">
								<Offset>
									<AbsDimension x="75" y="45"/>
								</Offset>
							</Anchor>
						</Anchors>
					</Button>
					<Button name="Tetris_SOF_num2_x4y2">
						<Size>
							<AbsDimension x="30" y="30"/>
						</Size>
						<Anchors>
							<Anchor point="BOTTOMLEFT">
								<Offset>
									<AbsDimension x="105" y="45"/>
								</Offset>
							</Anchor>
						</Anchors>
					</Button>
					<Button name="Tetris_SOF_num2_x1y3">
						<Size>
							<AbsDimension x="30" y="30"/>
						</Size>
						<Anchors>
							<Anchor point="BOTTOMLEFT">
								<Offset>
									<AbsDimension x="15" y="75"/>
								</Offset>
							</Anchor>
						</Anchors>
					</Button>
					<Button name="Tetris_SOF_num2_x2y3">
						<Size>
							<AbsDimension x="30" y="30"/>
						</Size>
						<Anchors>
							<Anchor point="BOTTOMLEFT">
								<Offset>
									<AbsDimension x="45" y="75"/>
								</Offset>
							</Anchor>
						</Anchors>
					</Button>
					<Button name="Tetris_SOF_num2_x3y3">
						<Size>
							<AbsDimension x="30" y="30"/>
						</Size>
						<Anchors>
							<Anchor point="BOTTOMLEFT">
								<Offset>
									<AbsDimension x="75" y="75"/>
								</Offset>
							</Anchor>
						</Anchors>
					</Button>
					<Button name="Tetris_SOF_num2_x4y3">
						<Size>
							<AbsDimension x="30" y="30"/>
						</Size>
						<Anchors>
							<Anchor point="BOTTOMLEFT">
								<Offset>
									<AbsDimension x="105" y="75"/>
								</Offset>
							</Anchor>
						</Anchors>
					</Button>				
				</Frames>			
			</Frame>
	
	
  			<Frame name="Tetris_SOF_num3" toplevel="true" hidden="false" movable="false">
 				<Size>
					<AbsDimension x="150" y="150" />
				</Size>
				<Anchors>
					<Anchor point="TOPLEFT">
						<Offset>
							<AbsDimension x="340" y="-40"/>
						</Offset>
					</Anchor>
				</Anchors>
				<Backdrop bgFile="Interface\AddOns\Tetris\texturen\schwarz" edgeFile="Interface\Tooltips\UI-Tooltip-Border" tile="true">
					<BackgroundInsets>
						<AbsInset left="8" right="8" top="7" bottom="7" />	
					</BackgroundInsets>
					<TileSize>
						<AbsValue val="32" />
					</TileSize>
					<EdgeSize>
						<AbsValue val="32" />
					</EdgeSize>
    			</Backdrop>
				<Layers>
					<Layer level="ARTWORK">	
						<FontString name="Tetris_SOF_num3_text" text="GF_SOF_num3_Titeltext" inherits="ChatFontNormal">
							<Anchors>
								<Anchor point="TOPLEFT">
									<Offset>
										<AbsDimension x="15" y="-17"/>
									</Offset>
								</Anchor>
							</Anchors>
						</FontString>
					</Layer>				
				</Layers>   	 			
				<Frames>
					<CheckButton name="Tetris_SOF_num3_c" inherits="OptionsCheckButtonTemplate">
						<Anchors>
							<Anchor point="TOPRIGHT">
								<Offset>
									<AbsDimension x="-10" y="-10"/>
								</Offset>
							</Anchor>
						</Anchors>
						<Scripts>
							<OnClick>
								Tetris_SOF_c_Click();
							</OnClick>
						</Scripts>
					</CheckButton>		
					<Button name="Tetris_SOF_num3_x1y1">
						<Size>
							<AbsDimension x="30" y="30"/>
						</Size>
						<Anchors>
							<Anchor point="BOTTOMLEFT">
								<Offset>
									<AbsDimension x="15" y="15"/>
								</Offset>
							</Anchor>
						</Anchors>
					</Button>
					<Button name="Tetris_SOF_num3_x2y1">
						<Size>
							<AbsDimension x="30" y="30"/>
						</Size>
						<Anchors>
							<Anchor point="BOTTOMLEFT">
								<Offset>
									<AbsDimension x="45" y="15"/>
								</Offset>
							</Anchor>
						</Anchors>
					</Button>
					<Button name="Tetris_SOF_num3_x3y1">
						<Size>
							<AbsDimension x="30" y="30"/>
						</Size>
						<Anchors>
							<Anchor point="BOTTOMLEFT">
								<Offset>
									<AbsDimension x="75" y="15"/>
								</Offset>
							</Anchor>
						</Anchors>
					</Button>
					<Button name="Tetris_SOF_num3_x4y1">
						<Size>
							<AbsDimension x="30" y="30"/>
						</Size>
						<Anchors>
							<Anchor point="BOTTOMLEFT">
								<Offset>
									<AbsDimension x="105" y="15"/>
								</Offset>
							</Anchor>
						</Anchors>
					</Button>
					<Button name="Tetris_SOF_num3_x1y2">
						<Size>
							<AbsDimension x="30" y="30"/>
						</Size>
						<Anchors>
							<Anchor point="BOTTOMLEFT">
								<Offset>
									<AbsDimension x="15" y="45"/>
								</Offset>
							</Anchor>
						</Anchors>
					</Button>
					<Button name="Tetris_SOF_num3_x2y2">
						<Size>
							<AbsDimension x="30" y="30"/>
						</Size>
						<Anchors>
							<Anchor point="BOTTOMLEFT">
								<Offset>
									<AbsDimension x="45" y="45"/>
								</Offset>
							</Anchor>
						</Anchors>
					</Button>
					<Button name="Tetris_SOF_num3_x3y2">
						<Size>
							<AbsDimension x="30" y="30"/>
						</Size>
						<Anchors>
							<Anchor point="BOTTOMLEFT">
								<Offset>
									<AbsDimension x="75" y="45"/>
								</Offset>
							</Anchor>
						</Anchors>
					</Button>
					<Button name="Tetris_SOF_num3_x4y2">
						<Size>
							<AbsDimension x="30" y="30"/>
						</Size>
						<Anchors>
							<Anchor point="BOTTOMLEFT">
								<Offset>
									<AbsDimension x="105" y="45"/>
								</Offset>
							</Anchor>
						</Anchors>
					</Button>
					<Button name="Tetris_SOF_num3_x1y3">
						<Size>
							<AbsDimension x="30" y="30"/>
						</Size>
						<Anchors>
							<Anchor point="BOTTOMLEFT">
								<Offset>
									<AbsDimension x="15" y="75"/>
								</Offset>
							</Anchor>
						</Anchors>
					</Button>
					<Button name="Tetris_SOF_num3_x2y3">
						<Size>
							<AbsDimension x="30" y="30"/>
						</Size>
						<Anchors>
							<Anchor point="BOTTOMLEFT">
								<Offset>
									<AbsDimension x="45" y="75"/>
								</Offset>
							</Anchor>
						</Anchors>
					</Button>
					<Button name="Tetris_SOF_num3_x3y3">
						<Size>
							<AbsDimension x="30" y="30"/>
						</Size>
						<Anchors>
							<Anchor point="BOTTOMLEFT">
								<Offset>
									<AbsDimension x="75" y="75"/>
								</Offset>
							</Anchor>
						</Anchors>
					</Button>
					<Button name="Tetris_SOF_num3_x4y3">
						<Size>
							<AbsDimension x="30" y="30"/>
						</Size>
						<Anchors>
							<Anchor point="BOTTOMLEFT">
								<Offset>
									<AbsDimension x="105" y="75"/>
								</Offset>
							</Anchor>
						</Anchors>
					</Button>				
				</Frames>			
			</Frame>

  			<Frame name="Tetris_SOF_num4" toplevel="true" hidden="false" movable="false">
 				<Size>
					<AbsDimension x="150" y="150" />
				</Size>
				<Anchors>
					<Anchor point="TOPLEFT">
						<Offset>
							<AbsDimension x="20" y="-200"/>
						</Offset>
					</Anchor>
				</Anchors>
				<Backdrop bgFile="Interface\AddOns\Tetris\texturen\schwarz" edgeFile="Interface\Tooltips\UI-Tooltip-Border" tile="true">
					<BackgroundInsets>
						<AbsInset left="8" right="8" top="7" bottom="7" />	
					</BackgroundInsets>
					<TileSize>
						<AbsValue val="32" />
					</TileSize>
					<EdgeSize>
						<AbsValue val="32" />
					</EdgeSize>
    			</Backdrop>
				<Layers>
					<Layer level="ARTWORK">	
						<FontString name="Tetris_SOF_num4_text" text="GF_SOF_num4_Titeltext" inherits="ChatFontNormal">
							<Anchors>
								<Anchor point="TOPLEFT">
									<Offset>
										<AbsDimension x="15" y="-17"/>
									</Offset>
								</Anchor>
							</Anchors>
						</FontString>
					</Layer>				
				</Layers>   			
				<Frames>
					<CheckButton name="Tetris_SOF_num4_c" inherits="OptionsCheckButtonTemplate">
						<Anchors>
							<Anchor point="TOPRIGHT">
								<Offset>
									<AbsDimension x="-10" y="-10"/>
								</Offset>
							</Anchor>
						</Anchors>
						<Scripts>
							<OnClick>
								Tetris_SOF_c_Click();
							</OnClick>
						</Scripts>
					</CheckButton>		
					<Button name="Tetris_SOF_num4_x1y1">
						<Size>
							<AbsDimension x="30" y="30"/>
						</Size>
						<Anchors>
							<Anchor point="BOTTOMLEFT">
								<Offset>
									<AbsDimension x="15" y="15"/>
								</Offset>
							</Anchor>
						</Anchors>
					</Button>
					<Button name="Tetris_SOF_num4_x2y1">
						<Size>
							<AbsDimension x="30" y="30"/>
						</Size>
						<Anchors>
							<Anchor point="BOTTOMLEFT">
								<Offset>
									<AbsDimension x="45" y="15"/>
								</Offset>
							</Anchor>
						</Anchors>
					</Button>
					<Button name="Tetris_SOF_num4_x3y1">
						<Size>
							<AbsDimension x="30" y="30"/>
						</Size>
						<Anchors>
							<Anchor point="BOTTOMLEFT">
								<Offset>
									<AbsDimension x="75" y="15"/>
								</Offset>
							</Anchor>
						</Anchors>
					</Button>
					<Button name="Tetris_SOF_num4_x4y1">
						<Size>
							<AbsDimension x="30" y="30"/>
						</Size>
						<Anchors>
							<Anchor point="BOTTOMLEFT">
								<Offset>
									<AbsDimension x="105" y="15"/>
								</Offset>
							</Anchor>
						</Anchors>
					</Button>
					<Button name="Tetris_SOF_num4_x1y2">
						<Size>
							<AbsDimension x="30" y="30"/>
						</Size>
						<Anchors>
							<Anchor point="BOTTOMLEFT">
								<Offset>
									<AbsDimension x="15" y="45"/>
								</Offset>
							</Anchor>
						</Anchors>
					</Button>
					<Button name="Tetris_SOF_num4_x2y2">
						<Size>
							<AbsDimension x="30" y="30"/>
						</Size>
						<Anchors>
							<Anchor point="BOTTOMLEFT">
								<Offset>
									<AbsDimension x="45" y="45"/>
								</Offset>
							</Anchor>
						</Anchors>
					</Button>
					<Button name="Tetris_SOF_num4_x3y2">
						<Size>
							<AbsDimension x="30" y="30"/>
						</Size>
						<Anchors>
							<Anchor point="BOTTOMLEFT">
								<Offset>
									<AbsDimension x="75" y="45"/>
								</Offset>
							</Anchor>
						</Anchors>
					</Button>
					<Button name="Tetris_SOF_num4_x4y2">
						<Size>
							<AbsDimension x="30" y="30"/>
						</Size>
						<Anchors>
							<Anchor point="BOTTOMLEFT">
								<Offset>
									<AbsDimension x="105" y="45"/>
								</Offset>
							</Anchor>
						</Anchors>
					</Button>
					<Button name="Tetris_SOF_num4_x1y3">
						<Size>
							<AbsDimension x="30" y="30"/>
						</Size>
						<Anchors>
							<Anchor point="BOTTOMLEFT">
								<Offset>
									<AbsDimension x="15" y="75"/>
								</Offset>
							</Anchor>
						</Anchors>
					</Button>
					<Button name="Tetris_SOF_num4_x2y3">
						<Size>
							<AbsDimension x="30" y="30"/>
						</Size>
						<Anchors>
							<Anchor point="BOTTOMLEFT">
								<Offset>
									<AbsDimension x="45" y="75"/>
								</Offset>
							</Anchor>
						</Anchors>
					</Button>
					<Button name="Tetris_SOF_num4_x3y3">
						<Size>
							<AbsDimension x="30" y="30"/>
						</Size>
						<Anchors>
							<Anchor point="BOTTOMLEFT">
								<Offset>
									<AbsDimension x="75" y="75"/>
								</Offset>
							</Anchor>
						</Anchors>
					</Button>
					<Button name="Tetris_SOF_num4_x4y3">
						<Size>
							<AbsDimension x="30" y="30"/>
						</Size>
						<Anchors>
							<Anchor point="BOTTOMLEFT">
								<Offset>
									<AbsDimension x="105" y="75"/>
								</Offset>
							</Anchor>
						</Anchors>
					</Button>			
				</Frames>			
			</Frame>

  			<Frame name="Tetris_SOF_num5" toplevel="true" hidden="false" movable="false">
 				<Size>
					<AbsDimension x="150" y="150" />
				</Size>
				<Anchors>
					<Anchor point="TOPLEFT">
						<Offset>
							<AbsDimension x="180" y="-200"/>
						</Offset>
					</Anchor>
				</Anchors>
				<Backdrop bgFile="Interface\AddOns\Tetris\texturen\schwarz" edgeFile="Interface\Tooltips\UI-Tooltip-Border" tile="true">
					<BackgroundInsets>
						<AbsInset left="8" right="8" top="7" bottom="7" />	
					</BackgroundInsets>
					<TileSize>
						<AbsValue val="32" />
					</TileSize>
					<EdgeSize>
						<AbsValue val="32" />
					</EdgeSize>
    			</Backdrop>
				<Layers>
					<Layer level="ARTWORK">	
						<FontString name="Tetris_SOF_num5_text" text="GF_SOF_num5_Titeltext" inherits="ChatFontNormal">
							<Anchors>
								<Anchor point="TOPLEFT">
									<Offset>
										<AbsDimension x="15" y="-17"/>
									</Offset>
								</Anchor>
							</Anchors>
						</FontString>
					</Layer>				
				</Layers>   	 			
				<Frames>
					<CheckButton name="Tetris_SOF_num5_c" inherits="OptionsCheckButtonTemplate">
						<Anchors>
							<Anchor point="TOPRIGHT">
								<Offset>
									<AbsDimension x="-10" y="-10"/>
								</Offset>
							</Anchor>
						</Anchors>
						<Scripts>
							<OnClick>
								Tetris_SOF_c_Click();
							</OnClick>
						</Scripts>
					</CheckButton>			
					<Button name="Tetris_SOF_num5_x1y1">
						<Size>
							<AbsDimension x="30" y="30"/>
						</Size>
						<Anchors>
							<Anchor point="BOTTOMLEFT">
								<Offset>
									<AbsDimension x="15" y="15"/>
								</Offset>
							</Anchor>
						</Anchors>
					</Button>
					<Button name="Tetris_SOF_num5_x2y1">
						<Size>
							<AbsDimension x="30" y="30"/>
						</Size>
						<Anchors>
							<Anchor point="BOTTOMLEFT">
								<Offset>
									<AbsDimension x="45" y="15"/>
								</Offset>
							</Anchor>
						</Anchors>
					</Button>
					<Button name="Tetris_SOF_num5_x3y1">
						<Size>
							<AbsDimension x="30" y="30"/>
						</Size>
						<Anchors>
							<Anchor point="BOTTOMLEFT">
								<Offset>
									<AbsDimension x="75" y="15"/>
								</Offset>
							</Anchor>
						</Anchors>
					</Button>
					<Button name="Tetris_SOF_num5_x4y1">
						<Size>
							<AbsDimension x="30" y="30"/>
						</Size>
						<Anchors>
							<Anchor point="BOTTOMLEFT">
								<Offset>
									<AbsDimension x="105" y="15"/>
								</Offset>
							</Anchor>
						</Anchors>
					</Button>
					<Button name="Tetris_SOF_num5_x1y2">
						<Size>
							<AbsDimension x="30" y="30"/>
						</Size>
						<Anchors>
							<Anchor point="BOTTOMLEFT">
								<Offset>
									<AbsDimension x="15" y="45"/>
								</Offset>
							</Anchor>
						</Anchors>
					</Button>
					<Button name="Tetris_SOF_num5_x2y2">
						<Size>
							<AbsDimension x="30" y="30"/>
						</Size>
						<Anchors>
							<Anchor point="BOTTOMLEFT">
								<Offset>
									<AbsDimension x="45" y="45"/>
								</Offset>
							</Anchor>
						</Anchors>
					</Button>
					<Button name="Tetris_SOF_num5_x3y2">
						<Size>
							<AbsDimension x="30" y="30"/>
						</Size>
						<Anchors>
							<Anchor point="BOTTOMLEFT">
								<Offset>
									<AbsDimension x="75" y="45"/>
								</Offset>
							</Anchor>
						</Anchors>
					</Button>
					<Button name="Tetris_SOF_num5_x4y2">
						<Size>
							<AbsDimension x="30" y="30"/>
						</Size>
						<Anchors>
							<Anchor point="BOTTOMLEFT">
								<Offset>
									<AbsDimension x="105" y="45"/>
								</Offset>
							</Anchor>
						</Anchors>
					</Button>
					<Button name="Tetris_SOF_num5_x1y3">
						<Size>
							<AbsDimension x="30" y="30"/>
						</Size>
						<Anchors>
							<Anchor point="BOTTOMLEFT">
								<Offset>
									<AbsDimension x="15" y="75"/>
								</Offset>
							</Anchor>
						</Anchors>
					</Button>
					<Button name="Tetris_SOF_num5_x2y3">
						<Size>
							<AbsDimension x="30" y="30"/>
						</Size>
						<Anchors>
							<Anchor point="BOTTOMLEFT">
								<Offset>
									<AbsDimension x="45" y="75"/>
								</Offset>
							</Anchor>
						</Anchors>
					</Button>
					<Button name="Tetris_SOF_num5_x3y3">
						<Size>
							<AbsDimension x="30" y="30"/>
						</Size>
						<Anchors>
							<Anchor point="BOTTOMLEFT">
								<Offset>
									<AbsDimension x="75" y="75"/>
								</Offset>
							</Anchor>
						</Anchors>
					</Button>
					<Button name="Tetris_SOF_num5_x4y3">
						<Size>
							<AbsDimension x="30" y="30"/>
						</Size>
						<Anchors>
							<Anchor point="BOTTOMLEFT">
								<Offset>
									<AbsDimension x="105" y="75"/>
								</Offset>
							</Anchor>
						</Anchors>
					</Button>				
				</Frames>			
			</Frame>
	
  			<Frame name="Tetris_SOF_num6" toplevel="true" hidden="false" movable="false">
 				<Size>
					<AbsDimension x="150" y="150" />
				</Size>
				<Anchors>
					<Anchor point="TOPLEFT">
						<Offset>
							<AbsDimension x="340" y="-200"/>
						</Offset>
					</Anchor>
				</Anchors>
				<Backdrop bgFile="Interface\AddOns\Tetris\texturen\schwarz" edgeFile="Interface\Tooltips\UI-Tooltip-Border" tile="true">
					<BackgroundInsets>
						<AbsInset left="8" right="8" top="7" bottom="7" />	
					</BackgroundInsets>
					<TileSize>
						<AbsValue val="32" />
					</TileSize>
					<EdgeSize>
						<AbsValue val="32" />
					</EdgeSize>
    			</Backdrop>
				<Layers>
					<Layer level="ARTWORK">	
						<FontString name="Tetris_SOF_num6_text" text="GF_SOF_num6_Titeltext" inherits="ChatFontNormal">
							<Anchors>
								<Anchor point="TOPLEFT">
									<Offset>
										<AbsDimension x="15" y="-17"/>
									</Offset>
								</Anchor>
							</Anchors>
						</FontString>
					</Layer>				
				</Layers>   	 			
				<Frames>
					<CheckButton name="Tetris_SOF_num6_c" inherits="OptionsCheckButtonTemplate">
						<Anchors>
							<Anchor point="TOPRIGHT">
								<Offset>
									<AbsDimension x="-10" y="-10"/>
								</Offset>
							</Anchor>
						</Anchors>
						<Scripts>
							<OnClick>
								Tetris_SOF_c_Click();
							</OnClick>
						</Scripts>
					</CheckButton>			
					<Button name="Tetris_SOF_num6_x1y1">
						<Size>
							<AbsDimension x="30" y="30"/>
						</Size>
						<Anchors>
							<Anchor point="BOTTOMLEFT">
								<Offset>
									<AbsDimension x="15" y="15"/>
								</Offset>
							</Anchor>
						</Anchors>
					</Button>
					<Button name="Tetris_SOF_num6_x2y1">
						<Size>
							<AbsDimension x="30" y="30"/>
						</Size>
						<Anchors>
							<Anchor point="BOTTOMLEFT">
								<Offset>
									<AbsDimension x="45" y="15"/>
								</Offset>
							</Anchor>
						</Anchors>
					</Button>
					<Button name="Tetris_SOF_num6_x3y1">
						<Size>
							<AbsDimension x="30" y="30"/>
						</Size>
						<Anchors>
							<Anchor point="BOTTOMLEFT">
								<Offset>
									<AbsDimension x="75" y="15"/>
								</Offset>
							</Anchor>
						</Anchors>
					</Button>
					<Button name="Tetris_SOF_num6_x4y1">
						<Size>
							<AbsDimension x="30" y="30"/>
						</Size>
						<Anchors>
							<Anchor point="BOTTOMLEFT">
								<Offset>
									<AbsDimension x="105" y="15"/>
								</Offset>
							</Anchor>
						</Anchors>
					</Button>
					<Button name="Tetris_SOF_num6_x1y2">
						<Size>
							<AbsDimension x="30" y="30"/>
						</Size>
						<Anchors>
							<Anchor point="BOTTOMLEFT">
								<Offset>
									<AbsDimension x="15" y="45"/>
								</Offset>
							</Anchor>
						</Anchors>
					</Button>
					<Button name="Tetris_SOF_num6_x2y2">
						<Size>
							<AbsDimension x="30" y="30"/>
						</Size>
						<Anchors>
							<Anchor point="BOTTOMLEFT">
								<Offset>
									<AbsDimension x="45" y="45"/>
								</Offset>
							</Anchor>
						</Anchors>
					</Button>
					<Button name="Tetris_SOF_num6_x3y2">
						<Size>
							<AbsDimension x="30" y="30"/>
						</Size>
						<Anchors>
							<Anchor point="BOTTOMLEFT">
								<Offset>
									<AbsDimension x="75" y="45"/>
								</Offset>
							</Anchor>
						</Anchors>
					</Button>
					<Button name="Tetris_SOF_num6_x4y2">
						<Size>
							<AbsDimension x="30" y="30"/>
						</Size>
						<Anchors>
							<Anchor point="BOTTOMLEFT">
								<Offset>
									<AbsDimension x="105" y="45"/>
								</Offset>
							</Anchor>
						</Anchors>
					</Button>
					<Button name="Tetris_SOF_num6_x1y3">
						<Size>
							<AbsDimension x="30" y="30"/>
						</Size>
						<Anchors>
							<Anchor point="BOTTOMLEFT">
								<Offset>
									<AbsDimension x="15" y="75"/>
								</Offset>
							</Anchor>
						</Anchors>
					</Button>
					<Button name="Tetris_SOF_num6_x2y3">
						<Size>
							<AbsDimension x="30" y="30"/>
						</Size>
						<Anchors>
							<Anchor point="BOTTOMLEFT">
								<Offset>
									<AbsDimension x="45" y="75"/>
								</Offset>
							</Anchor>
						</Anchors>
					</Button>
					<Button name="Tetris_SOF_num6_x3y3">
						<Size>
							<AbsDimension x="30" y="30"/>
						</Size>
						<Anchors>
							<Anchor point="BOTTOMLEFT">
								<Offset>
									<AbsDimension x="75" y="75"/>
								</Offset>
							</Anchor>
						</Anchors>
					</Button>
					<Button name="Tetris_SOF_num6_x4y3">
						<Size>
							<AbsDimension x="30" y="30"/>
						</Size>
						<Anchors>
							<Anchor point="BOTTOMLEFT">
								<Offset>
									<AbsDimension x="105" y="75"/>
								</Offset>
							</Anchor>
						</Anchors>
					</Button>				
				</Frames>			
			</Frame>

  			<Frame name="Tetris_SOF_num7" toplevel="true" hidden="false" movable="false">
 				<Size>
					<AbsDimension x="150" y="150" />
				</Size>
				<Anchors>
					<Anchor point="TOPLEFT">
						<Offset>
							<AbsDimension x="20" y="-360"/>
						</Offset>
					</Anchor>
				</Anchors>
				<Backdrop bgFile="Interface\AddOns\Tetris\texturen\schwarz" edgeFile="Interface\Tooltips\UI-Tooltip-Border" tile="true">
					<BackgroundInsets>
						<AbsInset left="8" right="8" top="7" bottom="7" />	
					</BackgroundInsets>
					<TileSize>
						<AbsValue val="32" />
					</TileSize>
					<EdgeSize>
						<AbsValue val="32" />
					</EdgeSize>
    			</Backdrop>
				<Layers>
					<Layer level="ARTWORK">	
						<FontString name="Tetris_SOF_num7_text" text="GF_SOF_num7_Titeltext" inherits="ChatFontNormal">
							<Anchors>
								<Anchor point="TOPLEFT">
									<Offset>
										<AbsDimension x="15" y="-17"/>
									</Offset>
								</Anchor>
							</Anchors>
						</FontString>
					</Layer>				
				</Layers>   			
				<Frames>
					<CheckButton name="Tetris_SOF_num7_c" inherits="OptionsCheckButtonTemplate">
						<Anchors>
							<Anchor point="TOPRIGHT">
								<Offset>
									<AbsDimension x="-10" y="-10"/>
								</Offset>
							</Anchor>
						</Anchors>
						<Scripts>
							<OnClick>
								Tetris_SOF_c_Click();
							</OnClick>
						</Scripts>
					</CheckButton>		
					<Button name="Tetris_SOF_num7_x1y1">
						<Size>
							<AbsDimension x="30" y="30"/>
						</Size>
						<Anchors>
							<Anchor point="BOTTOMLEFT">
								<Offset>
									<AbsDimension x="15" y="15"/>
								</Offset>
							</Anchor>
						</Anchors>
					</Button>
					<Button name="Tetris_SOF_num7_x2y1">
						<Size>
							<AbsDimension x="30" y="30"/>
						</Size>
						<Anchors>
							<Anchor point="BOTTOMLEFT">
								<Offset>
									<AbsDimension x="45" y="15"/>
								</Offset>
							</Anchor>
						</Anchors>
					</Button>
					<Button name="Tetris_SOF_num7_x3y1">
						<Size>
							<AbsDimension x="30" y="30"/>
						</Size>
						<Anchors>
							<Anchor point="BOTTOMLEFT">
								<Offset>
									<AbsDimension x="75" y="15"/>
								</Offset>
							</Anchor>
						</Anchors>
					</Button>
					<Button name="Tetris_SOF_num7_x4y1">
						<Size>
							<AbsDimension x="30" y="30"/>
						</Size>
						<Anchors>
							<Anchor point="BOTTOMLEFT">
								<Offset>
									<AbsDimension x="105" y="15"/>
								</Offset>
							</Anchor>
						</Anchors>
					</Button>
					<Button name="Tetris_SOF_num7_x1y2">
						<Size>
							<AbsDimension x="30" y="30"/>
						</Size>
						<Anchors>
							<Anchor point="BOTTOMLEFT">
								<Offset>
									<AbsDimension x="15" y="45"/>
								</Offset>
							</Anchor>
						</Anchors>
					</Button>
					<Button name="Tetris_SOF_num7_x2y2">
						<Size>
							<AbsDimension x="30" y="30"/>
						</Size>
						<Anchors>
							<Anchor point="BOTTOMLEFT">
								<Offset>
									<AbsDimension x="45" y="45"/>
								</Offset>
							</Anchor>
						</Anchors>
					</Button>
					<Button name="Tetris_SOF_num7_x3y2">
						<Size>
							<AbsDimension x="30" y="30"/>
						</Size>
						<Anchors>
							<Anchor point="BOTTOMLEFT">
								<Offset>
									<AbsDimension x="75" y="45"/>
								</Offset>
							</Anchor>
						</Anchors>
					</Button>
					<Button name="Tetris_SOF_num7_x4y2">
						<Size>
							<AbsDimension x="30" y="30"/>
						</Size>
						<Anchors>
							<Anchor point="BOTTOMLEFT">
								<Offset>
									<AbsDimension x="105" y="45"/>
								</Offset>
							</Anchor>
						</Anchors>
					</Button>
					<Button name="Tetris_SOF_num7_x1y3">
						<Size>
							<AbsDimension x="30" y="30"/>
						</Size>
						<Anchors>
							<Anchor point="BOTTOMLEFT">
								<Offset>
									<AbsDimension x="15" y="75"/>
								</Offset>
							</Anchor>
						</Anchors>
					</Button>
					<Button name="Tetris_SOF_num7_x2y3">
						<Size>
							<AbsDimension x="30" y="30"/>
						</Size>
						<Anchors>
							<Anchor point="BOTTOMLEFT">
								<Offset>
									<AbsDimension x="45" y="75"/>
								</Offset>
							</Anchor>
						</Anchors>
					</Button>
					<Button name="Tetris_SOF_num7_x3y3">
						<Size>
							<AbsDimension x="30" y="30"/>
						</Size>
						<Anchors>
							<Anchor point="BOTTOMLEFT">
								<Offset>
									<AbsDimension x="75" y="75"/>
								</Offset>
							</Anchor>
						</Anchors>
					</Button>
					<Button name="Tetris_SOF_num7_x4y3">
						<Size>
							<AbsDimension x="30" y="30"/>
						</Size>
						<Anchors>
							<Anchor point="BOTTOMLEFT">
								<Offset>
									<AbsDimension x="105" y="75"/>
								</Offset>
							</Anchor>
						</Anchors>
					</Button>			
				</Frames>			
			</Frame>

  			<Frame name="Tetris_SOF_num8" toplevel="true" hidden="false" movable="false">
 				<Size>
					<AbsDimension x="150" y="150" />
				</Size>
				<Anchors>
					<Anchor point="TOPLEFT">
						<Offset>
							<AbsDimension x="180" y="-360"/>
						</Offset>
					</Anchor>
				</Anchors>
				<Backdrop bgFile="Interface\AddOns\Tetris\texturen\schwarz" edgeFile="Interface\Tooltips\UI-Tooltip-Border" tile="true">
					<BackgroundInsets>
						<AbsInset left="8" right="8" top="7" bottom="7" />	
					</BackgroundInsets>
					<TileSize>
						<AbsValue val="32" />
					</TileSize>
					<EdgeSize>
						<AbsValue val="32" />
					</EdgeSize>
    			</Backdrop>
				<Layers>
					<Layer level="ARTWORK">	
						<FontString name="Tetris_SOF_num8_text" text="GF_SOF_num8_Titeltext" inherits="ChatFontNormal">
							<Anchors>
								<Anchor point="TOPLEFT">
									<Offset>
										<AbsDimension x="15" y="-17"/>
									</Offset>
								</Anchor>
							</Anchors>
						</FontString>
					</Layer>				
				</Layers>   	 			
				<Frames>
					<CheckButton name="Tetris_SOF_num8_c" inherits="OptionsCheckButtonTemplate">
						<Anchors>
							<Anchor point="TOPRIGHT">
								<Offset>
									<AbsDimension x="-10" y="-10"/>
								</Offset>
							</Anchor>
						</Anchors>
						<Scripts>
							<OnClick>
								Tetris_SOF_c_Click();
							</OnClick>
						</Scripts>
					</CheckButton>			
					<Button name="Tetris_SOF_num8_x1y1">
						<Size>
							<AbsDimension x="30" y="30"/>
						</Size>
						<Anchors>
							<Anchor point="BOTTOMLEFT">
								<Offset>
									<AbsDimension x="15" y="15"/>
								</Offset>
							</Anchor>
						</Anchors>
					</Button>
					<Button name="Tetris_SOF_num8_x2y1">
						<Size>
							<AbsDimension x="30" y="30"/>
						</Size>
						<Anchors>
							<Anchor point="BOTTOMLEFT">
								<Offset>
									<AbsDimension x="45" y="15"/>
								</Offset>
							</Anchor>
						</Anchors>
					</Button>
					<Button name="Tetris_SOF_num8_x3y1">
						<Size>
							<AbsDimension x="30" y="30"/>
						</Size>
						<Anchors>
							<Anchor point="BOTTOMLEFT">
								<Offset>
									<AbsDimension x="75" y="15"/>
								</Offset>
							</Anchor>
						</Anchors>
					</Button>
					<Button name="Tetris_SOF_num8_x4y1">
						<Size>
							<AbsDimension x="30" y="30"/>
						</Size>
						<Anchors>
							<Anchor point="BOTTOMLEFT">
								<Offset>
									<AbsDimension x="105" y="15"/>
								</Offset>
							</Anchor>
						</Anchors>
					</Button>
					<Button name="Tetris_SOF_num8_x1y2">
						<Size>
							<AbsDimension x="30" y="30"/>
						</Size>
						<Anchors>
							<Anchor point="BOTTOMLEFT">
								<Offset>
									<AbsDimension x="15" y="45"/>
								</Offset>
							</Anchor>
						</Anchors>
					</Button>
					<Button name="Tetris_SOF_num8_x2y2">
						<Size>
							<AbsDimension x="30" y="30"/>
						</Size>
						<Anchors>
							<Anchor point="BOTTOMLEFT">
								<Offset>
									<AbsDimension x="45" y="45"/>
								</Offset>
							</Anchor>
						</Anchors>
					</Button>
					<Button name="Tetris_SOF_num8_x3y2">
						<Size>
							<AbsDimension x="30" y="30"/>
						</Size>
						<Anchors>
							<Anchor point="BOTTOMLEFT">
								<Offset>
									<AbsDimension x="75" y="45"/>
								</Offset>
							</Anchor>
						</Anchors>
					</Button>
					<Button name="Tetris_SOF_num8_x4y2">
						<Size>
							<AbsDimension x="30" y="30"/>
						</Size>
						<Anchors>
							<Anchor point="BOTTOMLEFT">
								<Offset>
									<AbsDimension x="105" y="45"/>
								</Offset>
							</Anchor>
						</Anchors>
					</Button>
					<Button name="Tetris_SOF_num8_x1y3">
						<Size>
							<AbsDimension x="30" y="30"/>
						</Size>
						<Anchors>
							<Anchor point="BOTTOMLEFT">
								<Offset>
									<AbsDimension x="15" y="75"/>
								</Offset>
							</Anchor>
						</Anchors>
					</Button>
					<Button name="Tetris_SOF_num8_x2y3">
						<Size>
							<AbsDimension x="30" y="30"/>
						</Size>
						<Anchors>
							<Anchor point="BOTTOMLEFT">
								<Offset>
									<AbsDimension x="45" y="75"/>
								</Offset>
							</Anchor>
						</Anchors>
					</Button>
					<Button name="Tetris_SOF_num8_x3y3">
						<Size>
							<AbsDimension x="30" y="30"/>
						</Size>
						<Anchors>
							<Anchor point="BOTTOMLEFT">
								<Offset>
									<AbsDimension x="75" y="75"/>
								</Offset>
							</Anchor>
						</Anchors>
					</Button>
					<Button name="Tetris_SOF_num8_x4y3">
						<Size>
							<AbsDimension x="30" y="30"/>
						</Size>
						<Anchors>
							<Anchor point="BOTTOMLEFT">
								<Offset>
									<AbsDimension x="105" y="75"/>
								</Offset>
							</Anchor>
						</Anchors>
					</Button>				
				</Frames>			
			</Frame>
	
  			<Frame name="Tetris_SOF_num9" toplevel="true" hidden="false" movable="false">
 				<Size>
					<AbsDimension x="150" y="150" />
				</Size>
				<Anchors>
					<Anchor point="TOPLEFT">
						<Offset>
							<AbsDimension x="340" y="-360"/>
						</Offset>
					</Anchor>
				</Anchors>
				<Backdrop bgFile="Interface\AddOns\Tetris\texturen\schwarz" edgeFile="Interface\Tooltips\UI-Tooltip-Border" tile="true">
					<BackgroundInsets>
						<AbsInset left="8" right="8" top="7" bottom="7" />	
					</BackgroundInsets>
					<TileSize>
						<AbsValue val="32" />
					</TileSize>
					<EdgeSize>
						<AbsValue val="32" />
					</EdgeSize>
    			</Backdrop>
				<Layers>
					<Layer level="ARTWORK">	
						<FontString name="Tetris_SOF_num9_text" text="GF_SOF_num9_Titeltext" inherits="ChatFontNormal">
							<Anchors>
								<Anchor point="TOPLEFT">
									<Offset>
										<AbsDimension x="15" y="-17"/>
									</Offset>
								</Anchor>
							</Anchors>
						</FontString>
					</Layer>				
				</Layers>   	 			
				<Frames>
					<CheckButton name="Tetris_SOF_num9_c" inherits="OptionsCheckButtonTemplate">
						<Anchors>
							<Anchor point="TOPRIGHT">
								<Offset>
									<AbsDimension x="-10" y="-10"/>
								</Offset>
							</Anchor>
						</Anchors>
						<Scripts>
							<OnClick>
								Tetris_SOF_c_Click();
							</OnClick>
						</Scripts>
					</CheckButton>			
					<Button name="Tetris_SOF_num9_x1y1">
						<Size>
							<AbsDimension x="30" y="30"/>
						</Size>
						<Anchors>
							<Anchor point="BOTTOMLEFT">
								<Offset>
									<AbsDimension x="15" y="15"/>
								</Offset>
							</Anchor>
						</Anchors>
					</Button>
					<Button name="Tetris_SOF_num9_x2y1">
						<Size>
							<AbsDimension x="30" y="30"/>
						</Size>
						<Anchors>
							<Anchor point="BOTTOMLEFT">
								<Offset>
									<AbsDimension x="45" y="15"/>
								</Offset>
							</Anchor>
						</Anchors>
					</Button>
					<Button name="Tetris_SOF_num9_x3y1">
						<Size>
							<AbsDimension x="30" y="30"/>
						</Size>
						<Anchors>
							<Anchor point="BOTTOMLEFT">
								<Offset>
									<AbsDimension x="75" y="15"/>
								</Offset>
							</Anchor>
						</Anchors>
					</Button>
					<Button name="Tetris_SOF_num9_x4y1">
						<Size>
							<AbsDimension x="30" y="30"/>
						</Size>
						<Anchors>
							<Anchor point="BOTTOMLEFT">
								<Offset>
									<AbsDimension x="105" y="15"/>
								</Offset>
							</Anchor>
						</Anchors>
					</Button>
					<Button name="Tetris_SOF_num9_x1y2">
						<Size>
							<AbsDimension x="30" y="30"/>
						</Size>
						<Anchors>
							<Anchor point="BOTTOMLEFT">
								<Offset>
									<AbsDimension x="15" y="45"/>
								</Offset>
							</Anchor>
						</Anchors>
					</Button>
					<Button name="Tetris_SOF_num9_x2y2">
						<Size>
							<AbsDimension x="30" y="30"/>
						</Size>
						<Anchors>
							<Anchor point="BOTTOMLEFT">
								<Offset>
									<AbsDimension x="45" y="45"/>
								</Offset>
							</Anchor>
						</Anchors>
					</Button>
					<Button name="Tetris_SOF_num9_x3y2">
						<Size>
							<AbsDimension x="30" y="30"/>
						</Size>
						<Anchors>
							<Anchor point="BOTTOMLEFT">
								<Offset>
									<AbsDimension x="75" y="45"/>
								</Offset>
							</Anchor>
						</Anchors>
					</Button>
					<Button name="Tetris_SOF_num9_x4y2">
						<Size>
							<AbsDimension x="30" y="30"/>
						</Size>
						<Anchors>
							<Anchor point="BOTTOMLEFT">
								<Offset>
									<AbsDimension x="105" y="45"/>
								</Offset>
							</Anchor>
						</Anchors>
					</Button>
					<Button name="Tetris_SOF_num9_x1y3">
						<Size>
							<AbsDimension x="30" y="30"/>
						</Size>
						<Anchors>
							<Anchor point="BOTTOMLEFT">
								<Offset>
									<AbsDimension x="15" y="75"/>
								</Offset>
							</Anchor>
						</Anchors>
					</Button>
					<Button name="Tetris_SOF_num9_x2y3">
						<Size>
							<AbsDimension x="30" y="30"/>
						</Size>
						<Anchors>
							<Anchor point="BOTTOMLEFT">
								<Offset>
									<AbsDimension x="45" y="75"/>
								</Offset>
							</Anchor>
						</Anchors>
					</Button>
					<Button name="Tetris_SOF_num9_x3y3">
						<Size>
							<AbsDimension x="30" y="30"/>
						</Size>
						<Anchors>
							<Anchor point="BOTTOMLEFT">
								<Offset>
									<AbsDimension x="75" y="75"/>
								</Offset>
							</Anchor>
						</Anchors>
					</Button>
					<Button name="Tetris_SOF_num9_x4y3">
						<Size>
							<AbsDimension x="30" y="30"/>
						</Size>
						<Anchors>
							<Anchor point="BOTTOMLEFT">
								<Offset>
									<AbsDimension x="105" y="75"/>
								</Offset>
							</Anchor>
						</Anchors>
					</Button>				
				</Frames>			
			</Frame>				
			
					
		</Frames>

		<Scripts>
		
			<OnMouseDown>
				if ( arg1 == "LeftButton" ) then
					this:StartMoving();
				end
			</OnMouseDown>
			<OnMouseUp>
				if ( arg1 == "LeftButton" ) then
					this:StopMovingOrSizing();
				end
			</OnMouseUp>		  
			<OnLoad>
			</OnLoad>
			<OnEvent>
			</OnEvent>
			<OnShow>
			</OnShow>		
    	</Scripts>
	</Frame>
</Ui>
