<!--$Id: opt-gui.xml 2106 2006-05-24 03:47:06Z kaelten $ -->
<Ui xmlns="http://www.blizzard.com/wow/ui/"
    xmlns:xsi="http://www.w3.org/2001/XMLSchema-instance"
    xsi:schemaLocation="http://www.blizzard.com/wow/ui/FrameXML/UI.xsd">

	 <Frame name="KC_EnhancedTradesConfigFrame" inherits="AceGUIDialogTemplate" hidden="true" parent="UIParent">
        <Frames>
			<CheckButton name="$parentToggle" inherits="AceGUICheckBoxTemplate"		id="0"/>
			<CheckButton name="$parentShowLegend" inherits="AceGUICheckBoxTemplate" id="1"/>
			<CheckButton name="$parentSmart" inherits="AceGUICheckBoxTemplate"		id="2"/>
			<CheckButton name="$parentShowIv" inherits="AceGUICheckBoxTemplate"		id="3"/>
			<CheckButton name="$parentShowIb" inherits="AceGUICheckBoxTemplate"		id="4"/>
			<CheckButton name="$parentShowIvb" inherits="AceGUICheckBoxTemplate"	id="5"/>
			<CheckButton name="$parentShowIvba" inherits="AceGUICheckBoxTemplate"	id="6"/>
		</Frames>
    </Frame>

</Ui>