<Ui xmlns="http://www.blizzard.com/wow/ui/" xmlns:xsi="http://www.w3.org/2001/XMLSchema-instance" xsi:schemaLocation="http://www.blizzard.com/wow/ui/..\FrameXML\UI.xsd">
<Script file="localization.lua"/>
<Script file="XpCounter.lua"/>
<Frame name="XpCounter_Overlay" frameStrata="DIALOG" parent="UIParent" movable="true" enableMouse="true">
	<Scripts>
		<OnLoad>XpCounter_OnLoad()</OnLoad>
		<OnEvent>XpCounter_Event()</OnEvent>
		<OnEnter>XpCounter_ToolTip_show()</OnEnter>
		<OnLeave>XpCounter_ToolTip_hide()</OnLeave>
		<OnMouseUp>
			if (this.isMoving) then
				this:StopMovingOrSizing()
				this.isMoving = false
			end
		</OnMouseUp>
		<OnMouseDown>
			if ( (XpCounter_locked() == 0) and (arg1 == "LeftButton") ) then
				XpCounter_ToolTip_hide()
				this:StartMoving()
				this.isMoving = true
			end
		</OnMouseDown>
		<OnHide>
			if (this.isMoving) then
				this:StopMovingOrSizing()
				this.isMoving = false
			end
		</OnHide>		
	</Scripts>
	<Size><AbsDimension x="500" y="20"/></Size>
	<Anchors><Anchor point="TOP"/></Anchors>
    <Layers>
		<Layer level="OVERLAY">
			<FontString name="$parent_ExpText" inherits="GameFontNormalSmall">
				<Anchors>
					<!--<Anchor point="TOPLEFT"><Offset><AbsDimension x="5" y="-5"/></Offset></Anchor>
					<Anchor point="BOTTOMRIGHT"><Offset><AbsDimension x="-5" y="5"/></Offset></Anchor>-->
					<Anchor point="TOPLEFT"/>
				</Anchors>
			</FontString>
		</Layer>
    </Layers>	
</Frame>
</Ui>