<Ui xmlns="http://www.blizzard.com/wow/ui/" xmlns:xsi="http://www.w3.org/2001/XMLSchema-instance" xsi:schemaLocation="http://www.blizzard.com/wow/ui/..\FrameXML\UI.xsd">
	<Script file="localization.lua"/>
	<Script file="localization.de.lua"/>
	<Script file="localization.fr.lua"/>
	<Script file="SSHonor.lua"/>

	<Frame name="SSHonor">
		<Scripts>
			<OnLoad>
				SSHonor_OnLoad();
			</OnLoad>
			<OnEvent>
				SSHonor_OnEvent( event );
			</OnEvent>
		</Scripts>
	</Frame>

	<Frame name="SSHonorCurrentHonor" inherits="HonorFrameContributionButtonTemplate" parent="HonorFrame" visible="false" text="SSH_HONORPOINTS">
		<Anchors>
			<Anchor point="TOPLEFT" relativeTo="HonorFrameCurrentHK" relativePoint="BOTTOMLEFT">
				<Offset>
					<AbsDimension x="0" y="-2"/>
				</Offset>
			</Anchor>
		</Anchors>
	</Frame>
</Ui>
