<Ui xmlns="http://www.blizzard.com/wow/ui/" xmlns:xsi="http://www.w3.org/2001/XMLSchema-instance"
	xsi:schemaLocation="http://www.blizzard.com/wow/ui/ C:\Projects\WoW\Bin\Interface\FrameXML\UI.xsd">
	<!-- $Id: Sea.xml 2025 2005-07-02 23:51:34Z Sinaloit $ -->
	
	<!-- Internationalized Text File -->
	<Script file="localization.lua"/>
	
	<!-- This is the Sea Library -->
	<Script file="Sea.lua"/>

	<!-- Data about various WoW things -->
	<Script file="Sea.data.lua"/>
	<Script file="Sea.data.item.lua"/>
	<Script file="Sea.data.spell.lua"/>

	<!-- Common IO Functions -->
	<Script file="Sea.IO.lua"/>

	<!-- Language Parsing -->
	<Script file="Sea.lang.lua"/>
	<Script file="Sea.math.lua"/>
	<Script file="Sea.string.lua"/>
	<Script file="Sea.table.lua"/>
	<Script file="Sea.util.lua"/>

	<!-- World of Warcraft Object Functions -->
	<Script file="Sea.wow.lua"/>
	<Script file="Sea.wow.item.lua"/>
	<Script file="Sea.wow.tooltip.lua"/>
	<Script file="Sea.wow.questLog.lua"/>
</Ui>

