<Ui xmlns="http://www.blizzard.com/wow/ui/"
    xmlns:xsi="http://www.w3.org/2001/XMLSchema-instance"
    xsi:schemaLocation="http://www.blizzard.com/wow/ui/FrameXML/UI.xsd">
	 <Script file="locals.lua"/>
	 <Script file="MyInventory.lua"/>
	<Frame name="MyBagsKeyRingContainer" virtual="true">
		<Frames>
			<Frame name="$parentBackRow1"/>
			<Frame name="$parentBackRow2"/>
			<Frame name="$parentBackRow3"/>
			<CheckButton name="$parentBag" inherits="MyBagsKeyButtonTemplate" id="KEYRING_CONTAINER"/>
		</Frames>
	</Frame>
	<Frame name="MyInventoryAnchorFrame" hidden="false" movable="true" parent="UIParent">
		<Size><AbsDimension x="10" y="10"/></Size>
		<Anchors>
			<Anchor point="BOTTOMRIGHT" >
				<Offset><AbsDimension x="-5" y="100"/></Offset>
			</Anchor>
		</Anchors>
		
		<Frames>
			<Frame name="MyInventoryFrame" inherits="MyBagsFrameTemplate">
				<Size>
					<AbsDimension x="500" y="500"/>
				</Size>
				<Anchors><Anchor point="BOTTOMRIGHT"/></Anchors>
				<Frames>
					<Frame name="$parentKeyRing" inherits="MyBagsKeyRingContainer" ID="KEYRING_CONTAINER"/>
            </Frames>
			</Frame>
		</Frames>
	</Frame>
</Ui>

