<Ui xmlns="http://www.blizzard.com/wow/ui/"
	 xmlns:xsi="http://www.w3.org/2001/XMLSchema-instance"
	 xsi:schemaLocation="http://www.blizzard.com/wow/ui/FrameXML/UI.xsd">
	<Script file="locals.lua"/>
	<Script file="MyBank.lua"/>
  <Frame name="MyBagsBankContainerTemplate" inherits="MyBagsContainerTemplate" ID="BANK_CONTAINER" virtual="true">
  </Frame>
	<Frame name="MyBankAnchorFrame" hidden="false" movable="true" parent="UIParent">
		<Size><AbsDimension x="10" y="10"/></Size>
		<Anchors>
			<Anchor point="BOTTOMLEFT" >
				<Offset><AbsDimension x="5" y="100"/></Offset>
			</Anchor>
		</Anchors>

		<Frames>
			<Frame name="MyBankFrame" inherits="MyBagsFrameTemplate">
				<Anchors>
					<Anchor point="BOTTOMLEFT" />
				</Anchors>
				<Frames>
					<Frame name="$parentBank" inherits="MyBagsBankContainerTemplate" ID="BANK_CONTAINER"/> 
					<Frame name="$parentBag5" inherits="MyBagsContainerTemplate"/>
            </Frames>
            <Scripts>
               <OnHide>
                  if MyBank.atBank then
                     CloseBankFrame()
                  end
               </OnHide>
				</Scripts>
         </Frame>
		</Frames>
	</Frame>
</Ui>
