<Bindings>
	<Binding name="Healthstone" header="NECRONOMICON">
		Necronomicon:HealthstoneClicked()
	</Binding>
	<Binding name="Soulstone">
		Necronomicon:SoulstoneClicked()
	</Binding>
	<Binding name="Spellstone">
		Necronomicon:SpellstoneClicked()
	</Binding>
	<Binding name="Firestone">
		Necronomicon:FirestoneClicked()
	</Binding>
	<Binding name="Mount">
		Necronomicon:MountClicked()
	</Binding>
	<Binding name="Armor">
		Necronomicon:ArmorClicked()
	</Binding>
	<Binding name="Summon">
		Necronomicon:SummonClicked()
	</Binding>
	<Binding name="Demonmenu">
		Necronomicon:DemonsClicked()
	</Binding>
</Bindings>
