<Ui xmlns="http://www.blizzard.com/wow/ui/" xmlns:xsi="http://www.w3.org/2001/XMLSchema-instance" xsi:schemaLocation="http://www.blizzard.com/wow/ui/
C:\Projects\WoW\Bin\Interface\FrameXML\UI.xsd">
  <Script file="ShowGuild.lua"/>
  <Frame name="ShowGuildLoadFrame" parent="UIParent">
    <Size>
      <AbsDimension x="0" y="0"/>
    </Size>
    <Scripts>
      <OnLoad>
        ShowGuild_OnLoad();
      </OnLoad>
      <OnEvent>
        ShowGuild_OnEvent(event);
      </OnEvent>
    </Scripts>
  </Frame>
  <Frame name="TargetGuildInfo" frameStrata="LOW" toplevel="true"
   enableMouse="true" movable="true" hidden="true" parent="UIParent">
    <Size>
      <AbsDimension x="135" y="10"/>
    </Size>
    <Anchors>
      <Anchor point="TOPLEFT" relativeTo="TargetFrame" relativePoint="TOPLEFT">
        <Offset>
          <AbsDimension x="-8" y="2"/>
        </Offset>
      </Anchor>
    </Anchors>
    <Frames>
      <Button name="TargetGuildInfoButton1" id="1">
        <Anchors>
          <Anchor point="TOPLEFT" relativeTo="$parent" relativePoint="BOTTOMLEFT">
            <Offset>
              <AbsDimension x="10" y="0"/>
            </Offset>
          </Anchor>
        </Anchors>
        <Size>
          <AbsDimension x="135" y="10"/>
        </Size>
        <Layers>
          <Layer level="BORDER">
            <FontString name="$parentValue" inherits="GameFontNormalSmall" justifyH="LEFT" wraponspaces="false">
              <Size>
                <AbsDimension x="135" y="10"/>
              </Size>
              <Anchors>
                <Anchor point="TOPLEFT">
                  <Offset>
                    <AbsDimension x="0" y="1"/>
                  </Offset>
                </Anchor>
              </Anchors>
            </FontString>
          </Layer>
        </Layers>
      </Button>
    </Frames>
  </Frame>
</Ui>
