<Ui xmlns="http://www.blizzard.com/wow/ui/" xmlns:xsi="http://www.w3.org/2001/XMLSchema instance" xsi:schemaLocation="http://www.blizzard.com/wow/ui/
C:\Projects\WoW\Bin\Interface\FrameXML\UI.xsd">
  <Script file="Localization.lua" />
  <Script file="Localization.fr.lua" />
  <Script file="Localization.de.lua" />
  <Script file="BGFlag.lua" /> 
  <!--  Frame to handle all core events --> 
<Frame name="BGFlag" frameStrata="HIGH" enableMouse="true" movable="true" resizable="false" parent="UIParent" hidden="true">
 <Size>
  <AbsDimension x="90" y="80" />
 </Size>
 <Anchors>
  <Anchor point="LEFT" relativeTo="WorldStateAlwaysUpFrame">
   <Offset>
    <AbsDimension x="45" y="-16" />
   </Offset>
  </Anchor>
 </Anchors>
 <Layers>
  <Layer level="BACKGROUND" />
 </Layers>
 <Frames>

  <Button name="BGFlagButtonHorde">
   <Size>
    <AbsDimension x="90" y="25"/>
   </Size>
   <Anchors>
    <Anchor point="LEFT" relativeTo="BGFlag">
     <Offset>
      <AbsDimension x="0" y="0"/>
     </Offset>
    </Anchor>
   </Anchors>
   <Layers>
    <Layer level="BACKGROUND">
     <FontString name="BGFlagHorde" inherits="GameFontNormal" nonspacewrap="false" justifyH="LEFT">
      <Size>
       <AbsDimension x="90" y="25" />
      </Size>
      <Anchors>
       <Anchor point="LEFT" relativeTo="BGFlag">
        <Offset>
         <AbsDimension x="0" y="0" />
        </Offset>
       </Anchor>
      </Anchors>
     </FontString>
    </Layer>
   </Layers>
   <Scripts>
    <OnMouseDown>BGFlag_target(false);</OnMouseDown>
    <OnEnter></OnEnter>
   </Scripts>
  </Button>

  <Button name="BGFlagButtonAlliance">
   <Size>
    <AbsDimension x="90" y="25"/>
   </Size>
   <Anchors>
    <Anchor point="LEFT" relativeTo="BGFlag">
     <Offset>
      <AbsDimension x="0" y="-24" />
     </Offset>
    </Anchor>
   </Anchors>
   <Layers>
    <Layer level="BACKGROUND"> 
     <FontString name="BGFlagAlliance" inherits="GameFontNormal" nonspacewrap="false" justifyH="LEFT">
      <Size>
       <AbsDimension x="90" y="25" />
      </Size>
      <Anchors>
       <Anchor point="LEFT" relativeTo="BGFlag">
        <Offset>
         <AbsDimension x="0" y="-24" />
        </Offset>
       </Anchor>
      </Anchors>
     </FontString>
    </Layer>
   </Layers>
   <Scripts>
    <OnMouseDown>BGFlag_target(true);</OnMouseDown>
    <OnEnter></OnEnter>
   </Scripts>
  </Button>

  <Button name="BGFlagButtonAnchor" hidden="true">
   <Size>
    <AbsDimension x="32" y="32" />
   </Size>
   <Anchors>
    <Anchor Point="TOPLEFT" relativeTo="BGFlag" relativePoint="BOTTOM">
     <Offset>
      <AbsDimension x="0" y="0" />
     </Offset>
    </Anchor>
   </Anchors>
   <Layers>
    <Layer level="BACKGROUND">
     <Texture name="BGFlagAnchorTexture"  file="Interface\AddOns\BGFlag\Skin\Anchor" setAllPoints="true"/>
    </Layer>
   </Layers>
   <Scripts>
    <OnMouseUp>BGFlag_StopDrag()</OnMouseUp>
    <OnMouseDown>BGFlag_StartDrag()</OnMouseDown>
    <OnHide>BGFlag_StopDrag()</OnHide>
   </Scripts>
  </Button>

 </Frames>
 <Scripts>
  <OnLoad>BGFlag_OnLoad()</OnLoad> 
  <OnEvent>BGFlag_OnEvent()</OnEvent> 
 </Scripts>
</Frame>
</Ui>



    <!--   Scripts for drag
    <OnMouseUp>BGFlag_StopDrag()</OnMouseUp>
    <OnMouseDown>BGFlag_StartDrag()</OnMouseDown>
    <OnHide>BGFlag_StopDrag()</OnHide>
    -->