<!--

MozzFullWorldMap.xml
MozzPack version 1.10 released 20060329

-->

<Ui xmlns="http://www.blizzard.com/wow/ui/" xmlns:xsi="http://www.w3.org/2001/XMLSchema-instance" xsi:schemaLocation="http://www.blizzard.com/wow/ui/
..\FrameXML\UI.xsd">
    <Script file="MozzFullWorldMap.lua"/>
    <Frame name="MozzFullWorldMapFrame" hidden="false" toplevel="true" frameStrata="LOW" enableMouse="false" parent="UIParent">
        <Anchor point="TOPLEFT"><Offset><AbsDimension x="0" y="0"/></Offset></Anchor>
        <Size><AbsDimension x="1" y="1"/></Size>
        <Scripts>
            <OnLoad>MozzFullWorldMapFrame_OnLoad();</OnLoad>
            <OnEvent>MozzFullWorldMapFrame_OnEvent();</OnEvent>
        </Scripts>
    </Frame>

    <CheckButton name="MozzWorldMapShowAllCheckButton" hidden="false" inherits="OptionsCheckButtonTemplate" parent="WorldMapFrame">
        <HitRectInsets><AbsInset left="0" right="-125" top="0" bottom="0"/></HitRectInsets>
        <Size><AbsDimension x="24" y="25"/></Size>
        <Anchors>
            <Anchor point="LEFT" relativeTo="WorldMapZoomOutButton" relativePoint="RIGHT">
                <Offset><AbsDimension x="50" y="0"/></Offset>
            </Anchor>
        </Anchors>
        <Scripts>
            <OnClick>MozzFullWorldMap.Enabled=this:GetChecked(); WorldMapFrame_Update();</OnClick>
            <OnShow>this:SetChecked(MozzFullWorldMap.Enabled);</OnShow>
        </Scripts>
        <Layers>
          <Layer level="BACKGROUND">
            <FontString name="MozzWorldMapShowAllLabel" inherits="GameFontNormalSmall" justifyH="LEFT" text="Show Unexplored Areas">
              <Anchors>
                <Anchor point="LEFT" relativeTo="MozzWorldMapShowAllCheckButton" relativePoint="RIGHT">
                </Anchor>
              </Anchors>
            </FontString>
          </Layer>
        </Layers>
    </CheckButton>

</Ui>
