<Ui xmlns="http://www.blizzard.com/wow/ui/" xmlns:xsi="http://www.w3.org/2001/XMLSchema-instance" xsi:schemaLocation="http://www.blizzard.com/wow/ui/">
	<Script file="JH_Collector.lua"/>
	<Frame name="JHPurge_CollectorFrame" toplevel="true" frameStrata="DIALOG" movable="true" resizable="false" hidden="true" parent="UIParent">
		<Size>
			<AbsDimension x="380" y="120"/>
		</Size>
		<Anchors>
			<Anchor point="CENTER"/>
		</Anchors>
		<Backdrop bgFile="Interface\DialogFrame\UI-DialogBox-Background" edgeFile="Interface\DialogFrame\UI-DialogBox-Border" tile="true">
			<TileSize>
				<AbsValue val="32"/>
			</TileSize>
			<EdgeSize>
				<AbsValue val="32"/>
			</EdgeSize>
			<BackgroundInsets>
				<AbsInset left="11" right="12" top="12" bottom="11"/>
			</BackgroundInsets>
		</Backdrop>
		<Layers>
			<Layer level="ARTWORK">
				<Texture name="JHPurge_MainFrameHeader" file="Interface\DialogFrame\UI-DialogBox-Header">
					<Size>
						<AbsDimension x="430" y="64"/>
					</Size>
					<Anchors>
						<Anchor point="TOP">
							<Offset>
								<AbsDimension x="0" y="12"/>
							</Offset>
						</Anchor>
					</Anchors>
				</Texture>
				<FontString name="JHPurge_MainTitreText" inherits="GameFontNormal" text="">
					<Anchors>
						<Anchor point="TOP" relativeTo="JHPurge_MainFrameHeader">
							<Offset>
								<AbsDimension x="0" y="-13"/>
							</Offset>
						</Anchor>
					</Anchors>
				</FontString>
				<FontString name="JHPurge_MainIntroText" inherits="GameFontNormal" text="">
					<Size>
						<AbsDimension x="360" y="60"/>
					</Size>
					<Anchors>
						<Anchor point="TOPLEFT" relativeTo="JHPurge_CollectorFrame">
							<Offset>
								<AbsDimension x="10" y="-17"/>
							</Offset>
						</Anchor>
					</Anchors>
				</FontString>
			</Layer>
		</Layers>
		<Frames>
			<Button name="JHPurge_CollectorButton1" inherits="OptionsButtonTemplate" text="Oui, maintenant">
				<Size>
					<AbsDimension x="130" y="24"/>
				</Size>
				<Anchors>
					<Anchor point="CENTER" relativeTo="JHPurge_CollectorFrame">
						<Offset>
							<AbsDimension x="-80" y="-26"/>
						</Offset>
					</Anchor>
				</Anchors>
				<Scripts>
					<OnClick>JHO_CollectorButton3_Click(); JHPurge_CollectorFrame:Hide();</OnClick>
				</Scripts>
			</Button>
			<Button name="JHPurge_CollectorButton2" inherits="OptionsButtonTemplate" text="Non, plus tard">
				<Size>
					<AbsDimension x="130" y="24"/>
				</Size>
				<Anchors>
					<Anchor point="CENTER" relativeTo="JHPurge_CollectorFrame">
						<Offset>
							<AbsDimension x="80" y="-26"/>
						</Offset>
					</Anchor>
				</Anchors>
				<Scripts>
					<OnClick>JHPurge_CollectorFrame:Hide();</OnClick>
				</Scripts>
			</Button>
		</Frames>
		<Scripts>
			<OnMouseDown> this:StartMoving();  </OnMouseDown>
            <OnMouseUp>  this:StopMovingOrSizing(); </OnMouseUp>
            <OnDragStop> this:StopMovingOrSizing(); </OnDragStop>
			<OnLoad></OnLoad>
			<OnShow></OnShow>
			<OnHide></OnHide>
		</Scripts>
	</Frame>
	<Frame name="JH_CollectorFrame" toplevel="true" parent="UIParent" hidden="true">
		<Scripts>
			<OnLoad>
				JHC_OnLoad();
			</OnLoad>
			<OnEvent>
				JHC_OnEvent(event,arg1,arg2);
			</OnEvent>
    	</Scripts>
	</Frame>
	<GameTooltip name="JH_CollectorTooltip" inherits="GameTooltipTemplate" parent="UIParent" hidden="true"/>
</Ui>
