<Ui xmlns="http://www.blizzard.com/wow/ui/" xmlns:xsi="http://www.w3.org/2001/XMLSchema-instance" xsi:schemaLocation="http://www.blizzard.com/wow/ui/ C:\Projects\WoW\Bin\Interface\FrameXML\UI.xsd">
	<Script file="JH_Minimap.lua"/>
	<Frame name="JHM_MainFrame" parent="Minimap" hidden="true" frameStrata="LOW">
		<Size>
			<AbsDimension x="32" y="32"/>
		</Size>
		<Anchors>
			<Anchor point="TOPLEFT" relativeTo="Minimap" relativePoint="RIGHT">
				<Offset>
					<AbsDimension x="2" y="0"/>
				</Offset>
			</Anchor>
		</Anchors>
		<Frames>
			<Button name="JHM_Button1">
				<Size>
					<AbsDimension x="32" y="32"/>
				</Size>
				<Anchors>
					<Anchor point="TOPLEFT">
						<Offset>
							<AbsDimension x="0" y="0"/>
						</Offset>
					</Anchor>
				</Anchors>
				<NormalTexture file="Interface\AddOns\JudgeHype\Images\jh-up"/>
				<PushedTexture file="Interface\AddOns\JudgeHype\Images\jh-down"/>
				<HighlightTexture alphaMode="ADD" file="Interface\Minimap\UI-Minimap-ZoomButton-Highlight"/>
				<Scripts>
					<OnClick>JHM_OnClick();</OnClick>
					<OnEnter>
						GameTooltip:SetOwner(this, "ANCHOR_LEFT");
						GameTooltip:SetText("|cffffffffAddon JudgeHype|r\nCliquez pour afficher le menu");
					</OnEnter>
					<OnLeave>GameTooltip:Hide();</OnLeave>
				</Scripts>
			</Button>
		</Frames>
		<Scripts>
			<OnLoad>this:RegisterEvent("VARIABLES_LOADED");</OnLoad>
		</Scripts>
	</Frame>
</Ui>
