<Ui xmlns="http://www.blizzard.com/wow/ui/" xmlns:xsi="http://www.w3.org/2001/XMLSchema-instance" xsi:schemaLocation="http://www.blizzard.com/wow/ui/ C:\Projects\WoW\Bin\Interface\FrameXML\UI.xsd">
	<Script file="JH_Options.lua"/>
	<Button name="JHO_TrackerResultTemplate" virtual="true">
		<Size>
			<AbsDimension x="500" y="16"/>
		</Size>
		<NormalText name="$parentText" inherits="GameFontNormal" justifyH="LEFT">
			<Size>
				<AbsDimension x="250" y="12"/>
			</Size>
			<Anchors>
				<Anchor point="LEFT">
					<Offset>
						<AbsDimension x="5" y="0"/>
					</Offset>
				</Anchor>
			</Anchors> 
		</NormalText>
	</Button>
	<Button name="JHO_ProfilerResultTemplate" virtual="true">
		<Size>
			<AbsDimension x="500" y="16"/>
		</Size>
		<NormalText name="$parentText" inherits="GameFontNormal" justifyH="LEFT">
			<Size>
				<AbsDimension x="500" y="12"/>
			</Size>
			<Anchors>
				<Anchor point="LEFT">
					<Offset>
						<AbsDimension x="20" y="0"/>
					</Offset>
				</Anchor>
			</Anchors> 
		</NormalText>
	</Button>

	<Button name="JHO_TrackerArrowTemplate" virtual="true">
		<Size>
			<AbsDimension x="500" y="32"/>
		</Size>
		<NormalText name="$parentText" inherits="GameFontNormal" justifyH="LEFT">
			<Size>
				<AbsDimension x="250" y="12"/>
			</Size>
			<Anchors>
				<Anchor point="LEFT">
					<Offset>
						<AbsDimension x="5" y="0"/>
					</Offset>
				</Anchor>
			</Anchors> 
		</NormalText>
	</Button>

	<Frame name="JHO_MainFrame" toplevel="true" frameStrata="HIGH" movable="true" resizable="false" hidden="true" parent="UIParent">
		<Size>
			<AbsDimension x="550" y="450"/>
		</Size>
		<Anchors>
			<Anchor point="CENTER"/>
		</Anchors>
		<Backdrop bgFile="Interface\DialogFrame\UI-DialogBox-Background" edgeFile="Interface\DialogFrame\UI-DialogBox-Border" tile="true">
			<TileSize>
				<AbsValue val="32"/>
			</TileSize>
			<EdgeSize>
				<AbsValue val="32"/>
			</EdgeSize>
			<BackgroundInsets>
				<AbsInset left="11" right="12" top="12" bottom="11"/>
			</BackgroundInsets>
		</Backdrop>
		<Layers>
			<Layer level="ARTWORK">
				<Texture name="JHO_MainFrameHeader" file="Interface\DialogFrame\UI-DialogBox-Header">
					<Size>
						<AbsDimension x="430" y="64"/>
					</Size>
					<Anchors>
						<Anchor point="TOP">
							<Offset>
								<AbsDimension x="0" y="12"/>
							</Offset>
						</Anchor>
					</Anchors>
				</Texture>
				<FontString inherits="GameFontNormal" text="Addon JudgeHype Version 1b">
					<Anchors>
						<Anchor point="TOP" relativeTo="JHO_MainFrameHeader">
							<Offset>
								<AbsDimension x="0" y="-13"/>
							</Offset>
						</Anchor>
					</Anchors>
				</FontString>
			</Layer>
		</Layers>
		<Frames>
			<Button name="JH0_IntroButton" inherits="OptionsButtonTemplate" text="Accueil">
				<Anchors>
					<Anchor point="TOP">
						<Offset>
							<AbsDimension x="-200" y="-35"/>
						</Offset>
					</Anchor>
				</Anchors>
				<Scripts>
					<OnClick>JHO_ShowIntro();</OnClick>
				</Scripts>
			</Button>
			<Button name="JHO_CollectorButton" inherits="OptionsButtonTemplate" text="Collector">
				<Anchors>
					<Anchor point="TOP">
						<Offset>
							<AbsDimension x="-100" y="-35"/>
						</Offset>
					</Anchor>
				</Anchors>
				<Scripts>
					<OnClick>JHO_ShowCollector();</OnClick>
				</Scripts>
			</Button>
			<Button name="JHO_ProfilerButton" inherits="OptionsButtonTemplate" text="Profiler">
				<Anchors>
					<Anchor point="TOP">
						<Offset>
							<AbsDimension x="0" y="-35"/>
						</Offset>
					</Anchor>
				</Anchors>
				<Scripts>
					<OnClick>JHO_ShowProfiler();</OnClick>
				</Scripts>
			</Button>
			<Button name="JHO_TrackerButton" inherits="OptionsButtonTemplate" text="Tracker">
				<Anchors>
					<Anchor point="TOP">
						<Offset>
							<AbsDimension x="100" y="-35"/>
						</Offset>
					</Anchor>
				</Anchors>
				<Scripts>
					<OnClick>JHO_ShowTracker();</OnClick>
				</Scripts>
			</Button>
			<Button name="JHO_CloseButton" inherits="OptionsButtonTemplate" text="Fermer">
				<Anchors>
					<Anchor point="TOP">
						<Offset>
							<AbsDimension x="200" y="-35"/>
						</Offset>
					</Anchor>
				</Anchors>
				<Scripts>
					<OnClick>JHO_Close();</OnClick>
				</Scripts>
			</Button>
			<Frame name="JHO_IntroFrame" hidden="false">
				<Size>
					<AbsDimension x="510" y="370"/>
				</Size>
				<Anchors>
					<Anchor point="TOP">
						<Offset>
							<AbsDimension x="0" y="-60"/>
						</Offset>
					</Anchor>
				</Anchors>
				<Layers>
					<Layer level="ARTWORK">
						<FontString inherits="GameFontNormal" text="|cffffffffAccueil">
							<Anchors>
								<Anchor point="TOPLEFT" relativeTo="JHO_IntroFrame">
									<Offset>
										<AbsDimension x="15" y="-6"/>
									</Offset>
								</Anchor>
							</Anchors>
						</FontString>
						<FontString inherits="GameFontNormal" text="|cffffffffConfiguration de base">
							<Anchors>
								<Anchor point="TOPLEFT" relativeTo="JHO_IntroFrame">
									<Offset>
										<AbsDimension x="15" y="-206"/>
									</Offset>
								</Anchor>
							</Anchors>
						</FontString>
					</Layer>
				</Layers>
				<Frames>
					<Frame name="JHO_IntroInnerFrame1" hidden="false">
						<Size>
							<AbsDimension x="510" y="180"/>
						</Size>
						<Anchors>
							<Anchor point="TOP" relativeTo="JHO_IntroFrame">
								<Offset>
									<AbsDimension x="0" y="-20"/>
							</Offset>
							</Anchor>
						</Anchors>
						<Backdrop edgeFile="Interface\Tooltips\UI-Tooltip-Border" tile="true">
							<EdgeSize>
								<AbsValue val="16"/>
							</EdgeSize>
							<TileSize>
								<AbsValue val="16"/>
							</TileSize>
							<BackgroundInsets>
								<AbsInset left="5" right="5" top="5" bottom="5"/>
							</BackgroundInsets>
						</Backdrop>
						<Layers>
							<Layer level="ARTWORK">
								<FontString name="JHO_IntroInnerFrame1Text" inherits="GameFontNormal" justifyV="TOP" justifyH="LEFT" text="JHO_ACCUEILTEXT">
									<Size>
										<AbsDimension x="490" y="170"/>
									</Size>
									<Anchors>
										<Anchor point="TOP" relativeTo="JHO_IntroInnerFrame1">
											<Offset>
												<AbsDimension x="0" y="-10"/>
											</Offset>
										</Anchor>
									</Anchors>
								</FontString>
							</Layer>
						</Layers>
						<Scripts>
							<OnLoad>this:SetBackdropBorderColor(0.6, 0.6, 0.6);</OnLoad>
						</Scripts>
					</Frame>
					<Frame name="JHO_IntroInnerFrame2" hidden="false">
						<Size>
							<AbsDimension x="510" y="150"/>
						</Size>
						<Anchors>
							<Anchor point="TOP" relativeTo="JHO_IntroFrame">
								<Offset>
									<AbsDimension x="0" y="-220"/>
							</Offset>
							</Anchor>
						</Anchors>
						<Backdrop edgeFile="Interface\Tooltips\UI-Tooltip-Border" tile="true">
							<EdgeSize>
								<AbsValue val="16"/>
							</EdgeSize>
							<TileSize>
								<AbsValue val="16"/>
							</TileSize>
							<BackgroundInsets>
								<AbsInset left="5" right="5" top="5" bottom="5"/>
							</BackgroundInsets>
						</Backdrop>
						<Frames>
							<CheckButton name="JHO_IntroButton1" inherits="OptionsCheckButtonTemplate" checked="true">
								<Anchors>
									<Anchor point="TOPLEFT" relativeTo="JHO_IntroInnerFrame2">
										<Offset>
											<AbsDimension x="10" y="-10"></AbsDimension>
										</Offset>
									</Anchor>
								</Anchors>
                       			 <Scripts>
                                	<OnLoad>getglobal(this:GetName().."Text"):SetText("Afficher le bouton sur la mini-carte");</OnLoad>
									<OnClick>JHO_IntroButton1_Click();</OnClick>
                       			 </Scripts>
							</CheckButton>
							<CheckButton name="JHO_IntroButton2" inherits="OptionsCheckButtonTemplate" checked="true">
								<Anchors>
									<Anchor point="TOPLEFT" relativeTo="JHO_IntroInnerFrame2">
										<Offset>
											<AbsDimension x="10" y="-35"></AbsDimension>
										</Offset>
									</Anchor>
								</Anchors>
                       			 <Scripts>
                                	<OnLoad>getglobal(this:GetName().."Text"):SetText("Afficher le message d'accueil au chargement");</OnLoad>
									<OnClick>JHO_IntroButton2_Click();</OnClick>
                       			 </Scripts>
							</CheckButton>
							<CheckButton name="JHO_IntroButton3" inherits="OptionsCheckButtonTemplate" checked="false">
								<Anchors>
									<Anchor point="TOPLEFT" relativeTo="JHO_IntroInnerFrame2">
										<Offset>
											<AbsDimension x="10" y="-60"></AbsDimension>
										</Offset>
									</Anchor>
								</Anchors>
                       			 <Scripts>
                                	<OnLoad>getglobal(this:GetName().."Text"):SetText("Afficher le rappel de purge du Collector au chargement");</OnLoad>
									<OnClick>JHO_IntroButton3_Click();</OnClick>
                       			 </Scripts>
							</CheckButton>
							<Slider name="JHO_IntroSlider1" inherits="OptionsSliderTemplate">
								<Size>
									<AbsDimension x="300" y="16"/>
								</Size>
								<Anchors>
									<Anchor point="CENTER" relativeTo="JHO_IntroInnerFrame2">
										<Offset>
											<AbsDimension x="0" y="-40" />
										</Offset>
									</Anchor>
								</Anchors>
								<Scripts>
									<OnLoad>
										getglobal(this:GetName().."Text"):SetText("Position du bouton sur la mini-carte");
										getglobal(this:GetName().."High"):SetText("droite");
										getglobal(this:GetName().."Low"):SetText("gauche");
										JHO_IntroSlider1:SetMinMaxValues(0,360);
										JHO_IntroSlider1:SetValueStep(1);
									</OnLoad>
									<OnValueChanged>
										JH_Main.Position = JHO_IntroSlider1:GetValue();
										JHM_UpdatePosition();
									</OnValueChanged>
								</Scripts>
							</Slider>
						</Frames>
						<Scripts>
							<OnLoad>this:SetBackdropBorderColor(0.6, 0.6, 0.6);</OnLoad>
						</Scripts>
					</Frame>
				</Frames>
			</Frame>

			<Frame name="JHO_CollectorFrame" hidden="true">
				<Size>
					<AbsDimension x="510" y="370"/>
				</Size>
				<Anchors>
					<Anchor point="TOP">
						<Offset>
							<AbsDimension x="0" y="-60"/>
						</Offset>
					</Anchor>
				</Anchors>
				<Layers>
					<Layer level="ARTWORK">
						<FontString inherits="GameFontNormal" text="|cffffffffConfiguration">
							<Anchors>
								<Anchor point="TOPLEFT" relativeTo="JHO_CollectorFrame">
									<Offset>
										<AbsDimension x="15" y="-6"/>
									</Offset>
								</Anchor>
							</Anchors>
						</FontString>
						<FontString inherits="GameFontNormal" text="|cffffffffPurge">
							<Anchors>
								<Anchor point="TOPLEFT" relativeTo="JHO_CollectorFrame">
									<Offset>
										<AbsDimension x="15" y="-101"/>
									</Offset>
								</Anchor>
							</Anchors>
						</FontString>
						<FontString inherits="GameFontNormal" text="|cffffffffCollecte en cours">
							<Anchors>
								<Anchor point="TOPLEFT" relativeTo="JHO_CollectorFrame">
									<Offset>
										<AbsDimension x="15" y="-201"/>
									</Offset>
								</Anchor>
							</Anchors>
						</FontString>
					</Layer>
				</Layers>
				<Frames>
					<Frame name="JHO_CollectorInnerFrame1" hidden="false">
						<Size>
							<AbsDimension x="510" y="75"/>
						</Size>
						<Anchors>
							<Anchor point="TOP" relativeTo="JHO_CollectorFrame">
								<Offset>
									<AbsDimension x="0" y="-20"/>
							</Offset>
							</Anchor>
						</Anchors>
						<Backdrop edgeFile="Interface\Tooltips\UI-Tooltip-Border" tile="true">
							<EdgeSize>
								<AbsValue val="16"/>
							</EdgeSize>
							<TileSize>
								<AbsValue val="16"/>
							</TileSize>
							<BackgroundInsets>
								<AbsInset left="5" right="5" top="5" bottom="5"/>
							</BackgroundInsets>
						</Backdrop>
						<Frames>
							<CheckButton name="JHO_CollectorButton1" inherits="OptionsCheckButtonTemplate" checked="true">
								<Anchors>
									<Anchor point="TOPLEFT" relativeTo="JHO_CollectorInnerFrame1">
										<Offset>
											<AbsDimension x="10" y="-10"></AbsDimension>
										</Offset>
									</Anchor>
								</Anchors>
                       			 <Scripts>
                                	<OnLoad>getglobal(this:GetName().."Text"):SetText("Utiliser le JudgeHype Collector");</OnLoad>
									<OnClick>JHO_CollectorButton1_Click();</OnClick>
                       			 </Scripts>
							</CheckButton>
							<CheckButton name="JHO_CollectorButton2" inherits="UIOptionsCheckButtonTemplate" checked="true">
								<Anchors>
									<Anchor point="TOPLEFT" relativeTo="JHO_CollectorInnerFrame1">
										<Offset>
											<AbsDimension x="30" y="-40"></AbsDimension>
										</Offset>
									</Anchor>
								</Anchors>
                       			 <Scripts>
                                	<OnLoad>getglobal(this:GetName().."Text"):SetText("Enregistrer les donn\195\169es relatives aux m\195\169tiers");</OnLoad>
									<OnClick>JHO_CollectorButton2_Click();</OnClick>
                       			 </Scripts>
							</CheckButton>
						</Frames>
						<Layers>
						</Layers>
						<Scripts>
							<OnLoad>this:SetBackdropBorderColor(0.6, 0.6, 0.6);</OnLoad>
						</Scripts>
					</Frame>
					<Frame name="JHO_CollectorInnerFrame2" hidden="false">
						<Size>
							<AbsDimension x="510" y="80"/>
						</Size>
						<Anchors>
							<Anchor point="TOP" relativeTo="JHO_CollectorFrame">
								<Offset>
									<AbsDimension x="0" y="-115"/>
							</Offset>
							</Anchor>
						</Anchors>
						<Backdrop edgeFile="Interface\Tooltips\UI-Tooltip-Border" tile="true">
							<EdgeSize>
								<AbsValue val="16"/>
							</EdgeSize>
							<TileSize>
								<AbsValue val="16"/>
							</TileSize>
							<BackgroundInsets>
								<AbsInset left="5" right="5" top="5" bottom="5"/>
							</BackgroundInsets>
						</Backdrop>
						<Layers>
							<Layer level="ARTWORK">
								<FontString name="JHO_CollectorInnerFrame2Text" inherits="GameFontNormal" justifyV="TOP" justifyH="LEFT" text="">
									<Size>
										<AbsDimension x="490" y="170"/>
									</Size>
									<Anchors>
										<Anchor point="TOPLEFT" relativeTo="JHO_CollectorInnerFrame2">
											<Offset>
												<AbsDimension x="10" y="-10"/>
											</Offset>
										</Anchor>
									</Anchors>
								</FontString>
							</Layer>
						</Layers>
						<Frames>
							<Button name="JHO_CollectorButton3" inherits="OptionsButtonTemplate" text="Purger Maintenant">
								<Size>
									<AbsDimension x="150" y="24"/>
								</Size>
								<Anchors>
									<Anchor point="CENTER" relativeTo="JHO_CollectorInnerFrame2">
										<Offset>
											<AbsDimension x="0" y="-15"/>
										</Offset>
									</Anchor>
								</Anchors>
								<Scripts>
									<OnClick>JHO_CollectorButton3_Click();</OnClick>
								</Scripts>
							</Button>
						</Frames>
						<Scripts>
							<OnLoad>this:SetBackdropBorderColor(0.6, 0.6, 0.6);</OnLoad>
						</Scripts>
					</Frame>
					<Frame name="JHO_CollectorInnerFrame3" hidden="false">
						<Size>
							<AbsDimension x="510" y="155"/>
						</Size>
						<Anchors>
							<Anchor point="TOP" relativeTo="JHO_CollectorFrame">
								<Offset>
									<AbsDimension x="0" y="-215"/>
							</Offset>
							</Anchor>
						</Anchors>
						<Backdrop edgeFile="Interface\Tooltips\UI-Tooltip-Border" tile="true">
							<EdgeSize>
								<AbsValue val="16"/>
							</EdgeSize>
							<TileSize>
								<AbsValue val="16"/>
							</TileSize>
							<BackgroundInsets>
								<AbsInset left="5" right="5" top="5" bottom="5"/>
							</BackgroundInsets>
						</Backdrop>
						<Layers>
							<Layer level="ARTWORK">
								<FontString name="JHO_CollectorText1" inherits="GameFontNormal" justifyV="TOP" justifyH="LEFT" text="">
									<Size>
										<AbsDimension x="490" y="16"/>
									</Size>
									<Anchors>
										<Anchor point="TOP" relativeTo="JHO_CollectorInnerFrame3">
											<Offset>
												<AbsDimension x="0" y="-10"/>
											</Offset>
										</Anchor>
									</Anchors>
								</FontString>
							</Layer>
							<Layer level="ARTWORK">
								<FontString name="JHO_CollectorText2" inherits="GameFontNormal" justifyV="TOP" justifyH="LEFT" text="">
									<Size>
										<AbsDimension x="490" y="16"/>
									</Size>
									<Anchors>
										<Anchor point="TOP" relativeTo="JHO_CollectorText1">
											<Offset>
												<AbsDimension x="0" y="-15"/>
											</Offset>
										</Anchor>
									</Anchors>
								</FontString>
							</Layer>
							<Layer level="ARTWORK">
								<FontString name="JHO_CollectorText3" inherits="GameFontNormal" justifyV="TOP" justifyH="LEFT" text="">
									<Size>
										<AbsDimension x="490" y="16"/>
									</Size>
									<Anchors>
										<Anchor point="TOP" relativeTo="JHO_CollectorText2">
											<Offset>
												<AbsDimension x="0" y="-15"/>
											</Offset>
										</Anchor>
									</Anchors>
								</FontString>
							</Layer>
							<Layer level="ARTWORK">
								<FontString name="JHO_CollectorText4" inherits="GameFontNormal" justifyV="TOP" justifyH="LEFT" text="">
									<Size>
										<AbsDimension x="490" y="16"/>
									</Size>
									<Anchors>
										<Anchor point="TOP" relativeTo="JHO_CollectorText3">
											<Offset>
												<AbsDimension x="0" y="-15"/>
											</Offset>
										</Anchor>
									</Anchors>
								</FontString>
							</Layer>
							<Layer level="ARTWORK">
								<FontString name="JHO_CollectorText5" inherits="GameFontNormal" justifyV="TOP" justifyH="LEFT" text="">
									<Size>
										<AbsDimension x="490" y="16"/>
									</Size>
									<Anchors>
										<Anchor point="TOP" relativeTo="JHO_CollectorText4">
											<Offset>
												<AbsDimension x="0" y="-15"/>
											</Offset>
										</Anchor>
									</Anchors>
								</FontString>
							</Layer>
							<Layer level="ARTWORK">
								<FontString name="JHO_CollectorText6" inherits="GameFontNormal" justifyV="TOP" justifyH="LEFT" text="">
									<Size>
										<AbsDimension x="490" y="16"/>
									</Size>
									<Anchors>
										<Anchor point="TOP" relativeTo="JHO_CollectorText5">
											<Offset>
												<AbsDimension x="0" y="-15"/>
											</Offset>
										</Anchor>
									</Anchors>
								</FontString>
							</Layer>
							<Layer level="ARTWORK">
								<FontString name="JHO_CollectorText7" inherits="GameFontNormal" justifyV="TOP" justifyH="LEFT" text="">
									<Size>
										<AbsDimension x="490" y="16"/>
									</Size>
									<Anchors>
										<Anchor point="TOP" relativeTo="JHO_CollectorText6">
											<Offset>
												<AbsDimension x="0" y="-15"/>
											</Offset>
										</Anchor>
									</Anchors>
								</FontString>
							</Layer>
							<Layer level="ARTWORK">
								<FontString name="JHO_CollectorText8" inherits="GameFontNormal" justifyV="TOP" justifyH="LEFT" text="">
									<Size>
										<AbsDimension x="490" y="16"/>
									</Size>
									<Anchors>
										<Anchor point="TOP" relativeTo="JHO_CollectorText7">
											<Offset>
												<AbsDimension x="0" y="-15"/>
											</Offset>
										</Anchor>
									</Anchors>
								</FontString>
							</Layer>
							<Layer level="ARTWORK">
								<FontString name="JHO_CollectorText9" inherits="GameFontNormal" justifyV="TOP" justifyH="LEFT" text="">
									<Size>
										<AbsDimension x="490" y="16"/>
									</Size>
									<Anchors>
										<Anchor point="TOP" relativeTo="JHO_CollectorText8">
											<Offset>
												<AbsDimension x="0" y="-15"/>
											</Offset>
										</Anchor>
									</Anchors>
								</FontString>
							</Layer>
						</Layers>
						<Scripts>
							<OnLoad>this:SetBackdropBorderColor(0.6, 0.6, 0.6);</OnLoad>
						</Scripts>
					</Frame>
				</Frames>
			</Frame>

			<Frame name="JHO_ProfilerFrame" hidden="true">
				<Size>
					<AbsDimension x="510" y="370"/>
				</Size>
				<Anchors>
					<Anchor point="TOP">
						<Offset>
							<AbsDimension x="0" y="-60"/>
						</Offset>
					</Anchor>
				</Anchors>
				<Layers>
					<Layer level="ARTWORK">
						<FontString inherits="GameFontNormal" text="|cffffffffConfiguration">
							<Anchors>
								<Anchor point="TOPLEFT" relativeTo="JHO_ProfilerFrame">
									<Offset>
										<AbsDimension x="15" y="-6"/>
									</Offset>
								</Anchor>
							</Anchors>
						</FontString>
						<FontString inherits="GameFontNormal" text="|cffffffffSauvegarde du personnage">
							<Anchors>
								<Anchor point="TOPLEFT" relativeTo="JHO_ProfilerFrame">
									<Offset>
										<AbsDimension x="15" y="-76"/>
									</Offset>
								</Anchor>
							</Anchors>
						</FontString>
						<FontString inherits="GameFontNormal" text="|cffffffffProfils en memoire">
							<Anchors>
								<Anchor point="TOPLEFT" relativeTo="JHO_ProfilerFrame">
									<Offset>
										<AbsDimension x="15" y="-190"/>
									</Offset>
								</Anchor>
							</Anchors>
						</FontString>
					</Layer>
				</Layers>
				<Frames>
					<Frame name="JHO_ProfilerInnerFrame1" hidden="false">
						<Size>
							<AbsDimension x="510" y="50"/>
						</Size>
						<Anchors>
							<Anchor point="TOP" relativeTo="JHO_ProfilerFrame">
								<Offset>
									<AbsDimension x="0" y="-20"/>
							</Offset>
							</Anchor>
						</Anchors>
						<Backdrop edgeFile="Interface\Tooltips\UI-Tooltip-Border" tile="true">
							<EdgeSize>
								<AbsValue val="16"/>
							</EdgeSize>
							<TileSize>
								<AbsValue val="16"/>
							</TileSize>
							<BackgroundInsets>
								<AbsInset left="5" right="5" top="5" bottom="5"/>
							</BackgroundInsets>
						</Backdrop>
						<Frames>
							<CheckButton name="JHO_ProfilerButton1" inherits="OptionsCheckButtonTemplate" checked="true">
								<Anchors>
									<Anchor point="TOPLEFT" relativeTo="JHO_ProfilerInnerFrame1">
										<Offset>
											<AbsDimension x="10" y="-10"></AbsDimension>
										</Offset>
									</Anchor>
								</Anchors>
                       			 <Scripts>
                                	<OnLoad>getglobal(this:GetName().."Text"):SetText("Afficher l'interface rapide de sauvegarde");</OnLoad>
									<OnClick>JHO_ProfilerButton1_Click();</OnClick>
                       			 </Scripts>
							</CheckButton>
						</Frames>
						<Layers>
						</Layers>
						<Scripts>
							<OnLoad>this:SetBackdropBorderColor(0.6, 0.6, 0.6);</OnLoad>
						</Scripts>
					</Frame>
					<Frame name="JHO_ProfilerInnerFrame2" hidden="false">
						<Size>
							<AbsDimension x="510" y="90"/>
						</Size>
						<Anchors>
							<Anchor point="TOP" relativeTo="JHO_ProfilerFrame">
								<Offset>
									<AbsDimension x="0" y="-90"/>
							</Offset>
							</Anchor>
						</Anchors>
						<Backdrop edgeFile="Interface\Tooltips\UI-Tooltip-Border" tile="true">
							<EdgeSize>
								<AbsValue val="16"/>
							</EdgeSize>
							<TileSize>
								<AbsValue val="16"/>
							</TileSize>
							<BackgroundInsets>
								<AbsInset left="5" right="5" top="5" bottom="5"/>
							</BackgroundInsets>
						</Backdrop>
						<Layers>
							<Layer level="ARTWORK">
								<FontString name="JHO_ProfilerInnerFrame2Text" inherits="GameFontNormal" justifyV="TOP" justifyH="LEFT" text="JHO_PROFILERTEXT">
									<Size>
										<AbsDimension x="490" y="170"/>
									</Size>
									<Anchors>
										<Anchor point="TOPLEFT" relativeTo="JHO_ProfilerInnerFrame2">
											<Offset>
												<AbsDimension x="10" y="-10"/>
											</Offset>
										</Anchor>
									</Anchors>
									<Scripts>
										<OnLoad></OnLoad>
									</Scripts>
								</FontString>
							</Layer>
						</Layers>
						<Frames>
							<Button name="JHO_ProfilerButtonSave1" inherits="OptionsButtonTemplate" text="Profil 1">
								<Size>
									<AbsDimension x="60" y="22"/>
								</Size>
								<Anchors>
									<Anchor point="BOTTOMLEFT">
										<Offset>
											<AbsDimension x="10" y="10"/>
										</Offset>
									</Anchor>
								</Anchors>
								<Scripts>
									<OnClick>JHprofiler_doprofil("1");</OnClick>
									<OnEnter>
										GameTooltip:SetOwner(this, "ANCHOR_LEFT");
										GameTooltip:SetText("Sauvegarder le profil 1");
									</OnEnter>
									<OnLeave>
										GameTooltip:Hide();
									</OnLeave>
								</Scripts>
							</Button>
							<Button name="JHO_ProfilerButtonSave2" inherits="OptionsButtonTemplate" text="Profil 2">
								<Size>
									<AbsDimension x="60" y="22"/>
								</Size>
								<Anchors>
									<Anchor point="BOTTOMLEFT">
										<Offset>
											<AbsDimension x="75" y="10"/>
										</Offset>
									</Anchor>
								</Anchors>
								<Scripts>
									<OnClick>JHprofiler_doprofil("2");</OnClick>
									<OnEnter>
										GameTooltip:SetOwner(this, "ANCHOR_LEFT");
										GameTooltip:SetText("Sauvegarder le profil 2");
									</OnEnter>
									<OnLeave>
										GameTooltip:Hide();
									</OnLeave>
								</Scripts>
							</Button>
							<Button name="JHO_ProfilerButtonSave3" inherits="OptionsButtonTemplate" text="Profil 3">
								<Size>
									<AbsDimension x="60" y="22"/>
								</Size>
								<Anchors>
									<Anchor point="BOTTOMLEFT">
										<Offset>
											<AbsDimension x="140" y="10"/>
										</Offset>
									</Anchor>
								</Anchors>
								<Scripts>
									<OnClick>JHprofiler_doprofil("3");</OnClick>
									<OnEnter>
										GameTooltip:SetOwner(this, "ANCHOR_LEFT");
										GameTooltip:SetText("Sauvegarder le profil 3");
									</OnEnter>
									<OnLeave>
										GameTooltip:Hide();
									</OnLeave>
								</Scripts>
							</Button>
							<Button name="JHO_ProfilerButtonSave4" inherits="OptionsButtonTemplate" text="Profil 4">
								<Size>
									<AbsDimension x="60" y="22"/>
								</Size>
								<Anchors>
									<Anchor point="BOTTOMLEFT">
										<Offset>
											<AbsDimension x="205" y="10"/>
										</Offset>
									</Anchor>
								</Anchors>
								<Scripts>
									<OnClick>JHprofiler_doprofil("4");</OnClick>
									<OnEnter>
										GameTooltip:SetOwner(this, "ANCHOR_LEFT");
										GameTooltip:SetText("Sauvegarder le profil 4");
									</OnEnter>
									<OnLeave>
										GameTooltip:Hide();
									</OnLeave>
								</Scripts>
							</Button>
							<Button name="JHO_ProfilerButtonSave5" inherits="OptionsButtonTemplate" text="Profil 5">
								<Size>
									<AbsDimension x="60" y="22"/>
								</Size>
								<Anchors>
									<Anchor point="BOTTOMLEFT">
										<Offset>
											<AbsDimension x="270" y="10"/>
										</Offset>
									</Anchor>
								</Anchors>
								<Scripts>
									<OnClick>JHprofiler_doprofil("5");</OnClick>
									<OnEnter>
										GameTooltip:SetOwner(this, "ANCHOR_LEFT");
										GameTooltip:SetText("Sauvegarder le profil 5");
									</OnEnter>
									<OnLeave>
										GameTooltip:Hide();
									</OnLeave>
								</Scripts>
							</Button>
						</Frames>
						<Scripts>
							<OnLoad>this:SetBackdropBorderColor(0.6, 0.6, 0.6);</OnLoad>
						</Scripts>
					</Frame>
					<Frame name="JHO_ProfilerInnerFrame3" hidden="false">
						<Size>
							<AbsDimension x="510" y="165"/>
						</Size>
						<Anchors>
							<Anchor point="TOP" relativeTo="JHO_ProfilerFrame">
								<Offset>
									<AbsDimension x="0" y="-205"/>
								</Offset>
							</Anchor>
						</Anchors>
						<Backdrop edgeFile="Interface\Tooltips\UI-Tooltip-Border" tile="true">
							<EdgeSize>
								<AbsValue val="16"/>
							</EdgeSize>
							<TileSize>
								<AbsValue val="16"/>
							</TileSize>
							<BackgroundInsets>
								<AbsInset left="5" right="5" top="5" bottom="5"/>
							</BackgroundInsets>
						</Backdrop>
						<Frames>


							<Button name="JHO_ProfilerResult1" inherits="JHO_ProfilerResultTemplate" id="1" hidden="false">
								<Anchors>
									<Anchor point="TOPLEFT" relativeTo="JHO_ProfilerInnerFrame3">
										<Offset>
											<AbsDimension x="5" y="-5"/>
										</Offset>
									</Anchor>
								</Anchors>
								<Layers>
									<Layer level="BACKGROUND">
										<Texture name="$parentBackground">
											<Anchors>
												<Anchor point="TOPLEFT"/>
												<Anchor point="BOTTOMRIGHT"/>
											</Anchors>
											<Color r="1" g="1" b="1" a="1"/>
										</Texture>
									</Layer>
								</Layers>
								<Frames>
									<Button name="JHO_DeleteProfilButton1" inherits="UIPanelCloseButton">
										<Size>
											<AbsDimension x="24" y="24"/>
										</Size>
										<Anchors>
											<Anchor point="TOPLEFT" relativeTo="JHO_ProfilerResult1">
												<Offset>
													<AbsDimension x="0" y="3"/>
												</Offset>
											</Anchor>
										</Anchors>
										<Scripts>
											<OnClick>JHO_Deleteprofil(JHO_ProfilerResult1:GetText());</OnClick>
										</Scripts>
									</Button>
								</Frames>
								<Scripts>
									<OnLoad>getglobal(this:GetName() .. "Background"):SetVertexColor(0, 0, 0, 0.1);</OnLoad>
									<OnClick></OnClick>
									<OnEnter>
										local JHO_SeeIfText = JHO_ProfilerResult1:GetText();
										if (JHO_SeeIfText) then
											getglobal(this:GetName() .. "Background"):SetVertexColor(0.4, 0.4, 0.4, 0.4);
										end
									</OnEnter>
									<OnLeave>getglobal(this:GetName() .. "Background"):SetVertexColor(0, 0, 0, 0.1);</OnLeave>
								</Scripts>
							</Button>
							<Button name="JHO_ProfilerResult2" inherits="JHO_ProfilerResultTemplate" id="2" hidden="false">
								<Anchors>
									<Anchor point="TOPLEFT" relativeTo="JHO_ProfilerResult1" relativePoint="BOTTOMLEFT">
										<Offset>
											<AbsDimension x="0" y="1"/>
										</Offset>
									</Anchor>
								</Anchors>
								<Layers>
									<Layer level="BACKGROUND">
										<Texture name="$parentBackground">
											<Anchors>
												<Anchor point="TOPLEFT"/>
												<Anchor point="BOTTOMRIGHT"/>
											</Anchors>
											<Color r="1" g="1" b="1" a="1"/>
										</Texture>
									</Layer>
								</Layers>
								<Frames>
									<Button name="JHO_DeleteProfilButton2" inherits="UIPanelCloseButton">
										<Size>
											<AbsDimension x="24" y="24"/>
										</Size>
										<Anchors>
											<Anchor point="TOPLEFT" relativeTo="JHO_ProfilerResult2">
												<Offset>
													<AbsDimension x="0" y="3"/>
												</Offset>
											</Anchor>
										</Anchors>
										<Scripts>
											<OnClick>JHO_Deleteprofil(JHO_ProfilerResult2:GetText());</OnClick>
										</Scripts>
									</Button>
								</Frames>
								<Scripts>
									<OnLoad>getglobal(this:GetName() .. "Background"):SetVertexColor(0, 0, 0, 0.1);</OnLoad>
									<OnClick></OnClick>
									<OnEnter>
										local JHO_SeeIfText = JHO_ProfilerResult2:GetText();
										if (JHO_SeeIfText) then
											getglobal(this:GetName() .. "Background"):SetVertexColor(0.4, 0.4, 0.4, 0.4);
										end
									</OnEnter>
									<OnLeave>getglobal(this:GetName() .. "Background"):SetVertexColor(0, 0, 0, 0.1);</OnLeave>
								</Scripts>
							</Button>
							<Button name="JHO_ProfilerResult3" inherits="JHO_ProfilerResultTemplate" id="3" hidden="false">
								<Anchors>
									<Anchor point="TOPLEFT" relativeTo="JHO_ProfilerResult2" relativePoint="BOTTOMLEFT">
										<Offset>
											<AbsDimension x="0" y="1"/>
										</Offset>
									</Anchor>
								</Anchors>
								<Layers>
									<Layer level="BACKGROUND">
										<Texture name="$parentBackground">
											<Anchors>
												<Anchor point="TOPLEFT"/>
												<Anchor point="BOTTOMRIGHT"/>
											</Anchors>
											<Color r="1" g="1" b="1" a="1"/>
										</Texture>
									</Layer>
								</Layers>
								<Frames>
									<Button name="JHO_DeleteProfilButton3" inherits="UIPanelCloseButton">
										<Size>
											<AbsDimension x="24" y="24"/>
										</Size>
										<Anchors>
											<Anchor point="TOPLEFT" relativeTo="JHO_ProfilerResult3">
												<Offset>
													<AbsDimension x="0" y="3"/>
												</Offset>
											</Anchor>
										</Anchors>
										<Scripts>
											<OnClick>JHO_Deleteprofil(JHO_ProfilerResult3:GetText());</OnClick>
										</Scripts>
									</Button>
								</Frames>
								<Scripts>
									<OnLoad>getglobal(this:GetName() .. "Background"):SetVertexColor(0, 0, 0, 0.1);</OnLoad>
									<OnClick></OnClick>
									<OnEnter>
										local JHO_SeeIfText = JHO_ProfilerResult3:GetText();
										if (JHO_SeeIfText) then
											getglobal(this:GetName() .. "Background"):SetVertexColor(0.4, 0.4, 0.4, 0.4);
										end
									</OnEnter>
									<OnLeave>getglobal(this:GetName() .. "Background"):SetVertexColor(0, 0, 0, 0.1);</OnLeave>
								</Scripts>
							</Button>
							<Button name="JHO_ProfilerResult4" inherits="JHO_ProfilerResultTemplate" id="3" hidden="false">
								<Anchors>
									<Anchor point="TOPLEFT" relativeTo="JHO_ProfilerResult3" relativePoint="BOTTOMLEFT">
										<Offset>
											<AbsDimension x="0" y="1"/>
										</Offset>
									</Anchor>
								</Anchors>
								<Layers>
									<Layer level="BACKGROUND">
										<Texture name="$parentBackground">
											<Anchors>
												<Anchor point="TOPLEFT"/>
												<Anchor point="BOTTOMRIGHT"/>
											</Anchors>
											<Color r="1" g="1" b="1" a="1"/>
										</Texture>
									</Layer>
								</Layers>
								<Frames>
									<Button name="JHO_DeleteProfilButton4" inherits="UIPanelCloseButton">
										<Size>
											<AbsDimension x="24" y="24"/>
										</Size>
										<Anchors>
											<Anchor point="TOPLEFT" relativeTo="JHO_ProfilerResult4">
												<Offset>
													<AbsDimension x="0" y="3"/>
												</Offset>
											</Anchor>
										</Anchors>
										<Scripts>
											<OnClick>JHO_Deleteprofil(JHO_ProfilerResult4:GetText());</OnClick>
										</Scripts>
									</Button>
								</Frames>
								<Scripts>
									<OnLoad>getglobal(this:GetName() .. "Background"):SetVertexColor(0, 0, 0, 0.1);</OnLoad>
									<OnClick></OnClick>
									<OnEnter>
										local JHO_SeeIfText = JHO_ProfilerResult4:GetText();
										if (JHO_SeeIfText) then
											getglobal(this:GetName() .. "Background"):SetVertexColor(0.4, 0.4, 0.4, 0.4);
										end
									</OnEnter>
									<OnLeave>getglobal(this:GetName() .. "Background"):SetVertexColor(0, 0, 0, 0.1);</OnLeave>
								</Scripts>
							</Button>
							<Button name="JHO_ProfilerResult5" inherits="JHO_ProfilerResultTemplate" id="5" hidden="false">
								<Anchors>
									<Anchor point="TOPLEFT" relativeTo="JHO_ProfilerResult4" relativePoint="BOTTOMLEFT">
										<Offset>
											<AbsDimension x="0" y="1"/>
										</Offset>
									</Anchor>
								</Anchors>
								<Layers>
									<Layer level="BACKGROUND">
										<Texture name="$parentBackground">
											<Anchors>
												<Anchor point="TOPLEFT"/>
												<Anchor point="BOTTOMRIGHT"/>
											</Anchors>
											<Color r="1" g="1" b="1" a="1"/>
										</Texture>
									</Layer>
								</Layers>
								<Frames>
									<Button name="JHO_DeleteProfilButton5" inherits="UIPanelCloseButton">
										<Size>
											<AbsDimension x="24" y="24"/>
										</Size>
										<Anchors>
											<Anchor point="TOPLEFT" relativeTo="JHO_ProfilerResult5">
												<Offset>
													<AbsDimension x="0" y="3"/>
												</Offset>
											</Anchor>
										</Anchors>
										<Scripts>
											<OnClick>JHO_Deleteprofil(JHO_ProfilerResult5:GetText());</OnClick>
										</Scripts>
									</Button>
								</Frames>
								<Scripts>
									<OnLoad>getglobal(this:GetName() .. "Background"):SetVertexColor(0, 0, 0, 0.1);</OnLoad>
									<OnClick></OnClick>
									<OnEnter>
										local JHO_SeeIfText = JHO_ProfilerResult5:GetText();
										if (JHO_SeeIfText) then
											getglobal(this:GetName() .. "Background"):SetVertexColor(0.4, 0.4, 0.4, 0.4);
										end
									</OnEnter>
									<OnLeave>getglobal(this:GetName() .. "Background"):SetVertexColor(0, 0, 0, 0.1);</OnLeave>
								</Scripts>
							</Button>
							<Button name="JHO_ProfilerResult6" inherits="JHO_ProfilerResultTemplate" id="6" hidden="false">
								<Anchors>
									<Anchor point="TOPLEFT" relativeTo="JHO_ProfilerResult5" relativePoint="BOTTOMLEFT">
										<Offset>
											<AbsDimension x="0" y="1"/>
										</Offset>
									</Anchor>
								</Anchors>
								<Layers>
									<Layer level="BACKGROUND">
										<Texture name="$parentBackground">
											<Anchors>
												<Anchor point="TOPLEFT"/>
												<Anchor point="BOTTOMRIGHT"/>
											</Anchors>
											<Color r="1" g="1" b="1" a="1"/>
										</Texture>
									</Layer>
								</Layers>
								<Frames>
									<Button name="JHO_DeleteProfilButton6" inherits="UIPanelCloseButton">
										<Size>
											<AbsDimension x="24" y="24"/>
										</Size>
										<Anchors>
											<Anchor point="TOPLEFT" relativeTo="JHO_ProfilerResult6">
												<Offset>
													<AbsDimension x="0" y="3"/>
												</Offset>
											</Anchor>
										</Anchors>
										<Scripts>
											<OnClick>JHO_Deleteprofil(JHO_ProfilerResult6:GetText());</OnClick>
										</Scripts>
									</Button>
								</Frames>
								<Scripts>
									<OnLoad>getglobal(this:GetName() .. "Background"):SetVertexColor(0, 0, 0, 0.1);</OnLoad>
									<OnClick></OnClick>
									<OnEnter>
										local JHO_SeeIfText = JHO_ProfilerResult6:GetText();
										if (JHO_SeeIfText) then
											getglobal(this:GetName() .. "Background"):SetVertexColor(0.4, 0.4, 0.4, 0.4);
										end
									</OnEnter>
									<OnLeave>getglobal(this:GetName() .. "Background"):SetVertexColor(0, 0, 0, 0.1);</OnLeave>
								</Scripts>
							</Button>
							<Button name="JHO_ProfilerResult7" inherits="JHO_ProfilerResultTemplate" id="7" hidden="false">
								<Anchors>
									<Anchor point="TOPLEFT" relativeTo="JHO_ProfilerResult6" relativePoint="BOTTOMLEFT">
										<Offset>
											<AbsDimension x="0" y="1"/>
										</Offset>
									</Anchor>
								</Anchors>
								<Layers>
									<Layer level="BACKGROUND">
										<Texture name="$parentBackground">
											<Anchors>
												<Anchor point="TOPLEFT"/>
												<Anchor point="BOTTOMRIGHT"/>
											</Anchors>
											<Color r="1" g="1" b="1" a="1"/>
										</Texture>
									</Layer>
								</Layers>
								<Frames>
									<Button name="JHO_DeleteProfilButton7" inherits="UIPanelCloseButton">
										<Size>
											<AbsDimension x="24" y="24"/>
										</Size>
										<Anchors>
											<Anchor point="TOPLEFT" relativeTo="JHO_ProfilerResult7">
												<Offset>
													<AbsDimension x="0" y="3"/>
												</Offset>
											</Anchor>
										</Anchors>
										<Scripts>
											<OnClick>JHO_Deleteprofil(JHO_ProfilerResult7:GetText());</OnClick>
										</Scripts>
									</Button>
								</Frames>
								<Scripts>
									<OnLoad>getglobal(this:GetName() .. "Background"):SetVertexColor(0, 0, 0, 0.1);</OnLoad>
									<OnClick></OnClick>
									<OnEnter>
										local JHO_SeeIfText = JHO_ProfilerResult7:GetText();
										if (JHO_SeeIfText) then
											getglobal(this:GetName() .. "Background"):SetVertexColor(0.4, 0.4, 0.4, 0.4);
										end
									</OnEnter>
									<OnLeave>getglobal(this:GetName() .. "Background"):SetVertexColor(0, 0, 0, 0.1);</OnLeave>
								</Scripts>
							</Button>
							<Button name="JHO_ProfilerResult8" inherits="JHO_ProfilerResultTemplate" id="8" hidden="false">
								<Anchors>
									<Anchor point="TOPLEFT" relativeTo="JHO_ProfilerResult7" relativePoint="BOTTOMLEFT">
										<Offset>
											<AbsDimension x="0" y="1"/>
										</Offset>
									</Anchor>
								</Anchors>
								<Layers>
									<Layer level="BACKGROUND">
										<Texture name="$parentBackground">
											<Anchors>
												<Anchor point="TOPLEFT"/>
												<Anchor point="BOTTOMRIGHT"/>
											</Anchors>
											<Color r="1" g="1" b="1" a="1"/>
										</Texture>
									</Layer>
								</Layers>
								<Frames>
									<Button name="JHO_DeleteProfilButton8" inherits="UIPanelCloseButton">
										<Size>
											<AbsDimension x="24" y="24"/>
										</Size>
										<Anchors>
											<Anchor point="TOPLEFT" relativeTo="JHO_ProfilerResult8">
												<Offset>
													<AbsDimension x="0" y="3"/>
												</Offset>
											</Anchor>
										</Anchors>
										<Scripts>
											<OnClick>JHO_Deleteprofil(JHO_ProfilerResult8:GetText());</OnClick>
										</Scripts>
									</Button>
								</Frames>
								<Scripts>
									<OnLoad>getglobal(this:GetName() .. "Background"):SetVertexColor(0, 0, 0, 0.1);</OnLoad>
									<OnClick></OnClick>
									<OnEnter>
										local JHO_SeeIfText = JHO_ProfilerResult8:GetText();
										if (JHO_SeeIfText) then
											getglobal(this:GetName() .. "Background"):SetVertexColor(0.4, 0.4, 0.4, 0.4);
										end
									</OnEnter>
									<OnLeave>getglobal(this:GetName() .. "Background"):SetVertexColor(0, 0, 0, 0.1);</OnLeave>
								</Scripts>
							</Button>
							<Button name="JH0_ProfilerResult9" inherits="JHO_TrackerArrowTemplate" hidden="false">
								<Anchors>
									<Anchor point="TOPLEFT" relativeTo="JHO_ProfilerResult8" relativePoint="BOTTOMLEFT">
										<Offset>
											<AbsDimension x="0" y="1"/>
										</Offset>
									</Anchor>
								</Anchors>
								<Layers>
									<Layer level="BACKGROUND">
										<Texture name="$parentBackground">
											<Anchors>
												<Anchor point="TOPLEFT"/>
												<Anchor point="BOTTOMRIGHT"/>
											</Anchors>
											<Color r="1" g="1" b="1" a="1"/>
										</Texture>
									</Layer>
								</Layers>
								<Frames>
									<Button name="JHO_ProfilerPrevButton" hidden="true">
										<Size>
											<AbsDimension x="24" y="24" />
										</Size>
										<Anchors>
											<Anchor point="TOPLEFT" relativeTo="JH0_ProfilerResult9" relativePoint="TOPLEFT">
												<Offset>
													<AbsDimension x="5" y="-4" />
												</Offset>
											</Anchor>
										</Anchors>
										<Scripts>
											<OnClick>JHO_ProfilerBrowseDown();</OnClick>
										</Scripts>
										<NormalTexture file="Interface\Buttons\UI-SpellbookIcon-PrevPage-Up" />
										<PushedTexture file="Interface\Buttons\UI-SpellbookIcon-PrevPage-Down" />
										<DisabledTexture file="Interface\Buttons\UI-SpellbookIcon-PrevPage-Disabled" />
										<HighlightTexture file="Interface\Buttons\UI-Common-MouseHilight" alphaMode="ADD" />
									</Button>
									<Button name="JHO_ProfilerNextButton" hidden="true">
										<Size>
											<AbsDimension x="24" y="24" />
										</Size>
										<Anchors>
											<Anchor point="TOPLEFT" relativeTo="JH0_ProfilerResult9" relativePoint="TOPLEFT">
												<Offset>
													<AbsDimension x="35" y="-4" />
												</Offset>
											</Anchor>
										</Anchors>
										<Layers>
											<Layer level="BACKGROUND">
												<FontString name="JHO_ProfilerNextButtonText" inherits="GameFontNormal">
													<Anchors>
														<Anchor point="TOP" relativeTo="JHO_ProfilerNextButton">
															<Offset>
																<AbsDimension x="60" y="-6"/>
															</Offset>
														</Anchor>
													</Anchors>
												</FontString>
											</Layer>
										</Layers>
										<Scripts>
											<OnClick>JHO_ProfilerBrowseUp();</OnClick>
										</Scripts>
										<NormalTexture file="Interface\Buttons\UI-SpellbookIcon-NextPage-Up" />
										<PushedTexture file="Interface\Buttons\UI-SpellbookIcon-NextPage-Down" />
										<DisabledTexture file="Interface\Buttons\UI-SpellbookIcon-NextPage-Disabled" />
										<HighlightTexture file="Interface\Buttons\UI-Common-MouseHilight" alphaMode="ADD" />
									</Button>
								</Frames>
								<Scripts>
									<OnLoad>getglobal(this:GetName() .. "Background"):SetVertexColor(0, 0, 0, 0.1);</OnLoad>
								</Scripts>
							</Button>
						</Frames>
						<Layers>
						</Layers>
						<Scripts>
							<OnLoad>this:SetBackdropBorderColor(0.6, 0.6, 0.6);</OnLoad>
						</Scripts>
					</Frame>
				</Frames>
			</Frame>

			<Frame name="JHO_TrackerFrame" hidden="true">
				<Size>
					<AbsDimension x="510" y="370"/>
				</Size>
				<Anchors>
					<Anchor point="TOP">
						<Offset>
							<AbsDimension x="0" y="-60"/>
						</Offset>
					</Anchor>
				</Anchors>
				<Layers>
					<Layer level="ARTWORK">
						<FontString name="JHO_TrackerInnerFrame2Text" inherits="GameFontNormal" text="">
							<Anchors>
								<Anchor point="TOPLEFT" relativeTo="JHO_TrackerFrame">
									<Offset>
										<AbsDimension x="15" y="-6"/>
									</Offset>
								</Anchor>
							</Anchors>
						</FontString>
						<FontString inherits="GameFontNormal" text="|cffffffffResultat de la recherche (cliquez sur le nom pour ouvrir le tracker)">
							<Anchors>
								<Anchor point="TOPLEFT" relativeTo="JHO_TrackerFrame">
									<Offset>
										<AbsDimension x="15" y="-165"/>
									</Offset>
								</Anchor>
							</Anchors>
						</FontString>
					</Layer>
				</Layers>
				<Frames>
					<Frame name="JHO_TrackerInnerFrame1" hidden="false">
						<Size>
							<AbsDimension x="510" y="135"/>
						</Size>
						<Anchors>
							<Anchor point="TOP" relativeTo="JHO_TrackerFrame">
								<Offset>
									<AbsDimension x="0" y="-20"/>
							</Offset>
							</Anchor>
						</Anchors>
						<Backdrop edgeFile="Interface\Tooltips\UI-Tooltip-Border" tile="true">
							<EdgeSize>
								<AbsValue val="16"/>
							</EdgeSize>
							<TileSize>
								<AbsValue val="16"/>
							</TileSize>
							<BackgroundInsets>
								<AbsInset left="5" right="5" top="5" bottom="5"/>
							</BackgroundInsets>
						</Backdrop>
						<Layers>
							<Layer level="ARTWORK">
								<FontString name="JHO_TrackerInnerFrame1Text" inherits="GameFontNormal" justifyV="TOP" justifyH="LEFT" text="JHO_TRACKERTEXT">
									<Size>
										<AbsDimension x="490" y="170"/>
									</Size>
									<Anchors>
										<Anchor point="TOPLEFT" relativeTo="JHO_TrackerInnerFrame1">
											<Offset>
												<AbsDimension x="10" y="-10"/>
											</Offset>
										</Anchor>
									</Anchors>
									<Scripts>
										<OnLoad></OnLoad>
									</Scripts>
								</FontString>
							</Layer>
						</Layers>
						<Frames>
							<CheckButton name="JHO_TrackerButton1" inherits="OptionsCheckButtonTemplate" checked="false">
								<Anchors>
									<Anchor point="TOPLEFT" relativeTo="JHO_TrackerInnerFrame1">
										<Offset>
											<AbsDimension x="10" y="-60"></AbsDimension>
										</Offset>
									</Anchor>
								</Anchors>
                       			 <Scripts>
                                	<OnLoad>getglobal(this:GetName().."Text"):SetText("Afficher en permanence le tracker");</OnLoad>
									<OnClick>JHO_TrackerButton1_Click();</OnClick>
                       			 </Scripts>
							</CheckButton>
							<EditBox name="JHO_TrackerInput" inherits="InputBoxTemplate">
								<Size> 
									<AbsDimension x="150" y="26"/> 
								</Size> 
								<Anchors> 
									<Anchor point="BOTTOMLEFT">
										<Offset>
											<AbsDimension x="20" y="10"/>
										</Offset>
									</Anchor>
								</Anchors>
								<Scripts>
									<OnEnterPressed>JH_Main.TrackerPage = 1; JHO_TrackerSearch();</OnEnterPressed>
								</Scripts>
							</EditBox>
							<Button name="JHO_TrackerButton2" inherits="OptionsButtonTemplate" text="Cherche">
								<Anchors>
									<Anchor point="BOTTOMLEFT">
										<Offset>
											<AbsDimension x="170" y="12"/>
										</Offset>
									</Anchor>
								</Anchors>
								<Scripts>
									<OnClick>JH_Main.TrackerPage = 1; JHO_TrackerSearch();</OnClick>
								</Scripts>
							</Button>
							<Button name="JHO_TrackerButton3" inherits="OptionsButtonTemplate" text="Reset">
								<Anchors>
									<Anchor point="BOTTOMLEFT">
										<Offset>
											<AbsDimension x="270" y="12"/>
										</Offset>
									</Anchor>
								</Anchors>
								<Scripts>
									<OnClick>JH0_TrackerButton3_Click();</OnClick>
								</Scripts>
							</Button>
						</Frames>
						<Scripts>
							<OnLoad>this:SetBackdropBorderColor(0.6, 0.6, 0.6);</OnLoad>
						</Scripts>
					</Frame>
					<Frame name="JHO_TrackerInnerFrame2" hidden="false">
						<Size>
							<AbsDimension x="510" y="190"/>
						</Size>
						<Anchors>
							<Anchor point="TOP" relativeTo="JHO_TrackerFrame">
								<Offset>
									<AbsDimension x="0" y="-180"/>
								</Offset>
							</Anchor>
						</Anchors>
						<Backdrop edgeFile="Interface\Tooltips\UI-Tooltip-Border" tile="true">
							<EdgeSize>
								<AbsValue val="16"/>
							</EdgeSize>
							<TileSize>
								<AbsValue val="16"/>
							</TileSize>
							<BackgroundInsets>
								<AbsInset left="5" right="5" top="5" bottom="5"/>
							</BackgroundInsets>
						</Backdrop>
						<Frames>
							<Button name="JH0_TrackerResult1" inherits="JHO_TrackerResultTemplate" id="1" hidden="false">
								<Anchors>
									<Anchor point="TOPLEFT" relativeTo="JHO_TrackerInnerFrame2">
										<Offset>
											<AbsDimension x="5" y="-5"/>
										</Offset>
									</Anchor>
								</Anchors>
								<Layers>
									<Layer level="ARTWORK">
										<FontString name="JH0_TrackerResult1bis" inherits="GameFontNormal" justifyH="LEFT">
											<Size>
                          						<AbsDimension x="200" y="16"/>
                       						</Size>
											<Anchors>
												<Anchor point="RIGHT" relativeTo="JH0_TrackerResult1">
													<Offset>
														<AbsDimension x="-30" y="0"/>
													</Offset>
												</Anchor>
											</Anchors>
										</FontString>
									</Layer>
									<Layer level="BACKGROUND">
										<Texture name="$parentBackground">
											<Anchors>
												<Anchor point="TOPLEFT"/>
												<Anchor point="BOTTOMRIGHT"/>
											</Anchors>
											<Color r="1" g="1" b="1" a="1"/>
										</Texture>
									</Layer>
								</Layers>
								<Scripts>
									<OnLoad>getglobal(this:GetName() .. "Background"):SetVertexColor(0, 0, 0, 0.1);</OnLoad>
									<OnClick>
										local JHO_SeeIfText = JH0_TrackerResult1:GetText();
										if (not string.find(JHO_SeeIfText, "Aucun resultat pour")) then
											local JHO_SeeIfTextZone = JH0_TrackerResult1bis:GetText();
											if (JHO_SeeIfText) then JHT_GetMap(JHO_SeeIfText,JHO_SeeIfTextZone); end
										end
									</OnClick>
									<OnEnter>
										local JHO_SeeIfText = JH0_TrackerResult1:GetText();
										if (JHO_SeeIfText) then
											getglobal(this:GetName() .. "Background"):SetVertexColor(0.4, 0.4, 0.4, 0.4);
										end
									</OnEnter>
									<OnLeave>getglobal(this:GetName() .. "Background"):SetVertexColor(0, 0, 0, 0.1);</OnLeave>
								</Scripts>
							</Button>
							<Button name="JH0_TrackerResult2" inherits="JHO_TrackerResultTemplate" id="2" hidden="false">
								<Anchors>
									<Anchor point="TOPLEFT" relativeTo="JH0_TrackerResult1" relativePoint="BOTTOMLEFT">
										<Offset>
											<AbsDimension x="0" y="1"/>
										</Offset>
									</Anchor>
								</Anchors>
								<Layers>
									<Layer level="ARTWORK">
										<FontString name="JH0_TrackerResult2bis" inherits="GameFontNormal" justifyH="LEFT">
											<Size>
                          						<AbsDimension x="200" y="16"/>
                       						</Size>
											<Anchors>
												<Anchor point="RIGHT" relativeTo="JH0_TrackerResult2">
													<Offset>
														<AbsDimension x="-30" y="0"/>
													</Offset>
												</Anchor>
											</Anchors>
										</FontString>
									</Layer>
									<Layer level="BACKGROUND">
										<Texture name="$parentBackground">
											<Anchors>
												<Anchor point="TOPLEFT"/>
												<Anchor point="BOTTOMRIGHT"/>
											</Anchors>
											<Color r="1" g="1" b="1" a="1"/>
										</Texture>
									</Layer>
								</Layers>
								<Scripts>
									<OnLoad>getglobal(this:GetName() .. "Background"):SetVertexColor(0, 0, 0, 0.1);</OnLoad>
									<OnClick>
										local JHO_SeeIfText = JH0_TrackerResult2:GetText();
										local JHO_SeeIfTextZone = JH0_TrackerResult2bis:GetText();
										if (JHO_SeeIfText) then JHT_GetMap(JHO_SeeIfText,JHO_SeeIfTextZone); end
									</OnClick>
									<OnEnter>
										local JHO_SeeIfText = JH0_TrackerResult2:GetText();
										if (JHO_SeeIfText) then
											getglobal(this:GetName() .. "Background"):SetVertexColor(0.4, 0.4, 0.4, 0.4);
										end
									</OnEnter>
									<OnLeave>getglobal(this:GetName() .. "Background"):SetVertexColor(0, 0, 0, 0.1);</OnLeave>
								</Scripts>
							</Button>
							<Button name="JH0_TrackerResult3" inherits="JHO_TrackerResultTemplate" id="3" hidden="false">
								<Anchors>
									<Anchor point="TOPLEFT" relativeTo="JH0_TrackerResult2" relativePoint="BOTTOMLEFT">
										<Offset>
											<AbsDimension x="0" y="1"/>
										</Offset>
									</Anchor>
								</Anchors>
								<Layers>
									<Layer level="ARTWORK">
										<FontString name="JH0_TrackerResult3bis" inherits="GameFontNormal" justifyH="LEFT">
											<Size>
                          						<AbsDimension x="200" y="16"/>
                       						</Size>
											<Anchors>
												<Anchor point="RIGHT" relativeTo="JH0_TrackerResult3">
													<Offset>
														<AbsDimension x="-30" y="0"/>
													</Offset>
												</Anchor>
											</Anchors>
										</FontString>
									</Layer>
									<Layer level="BACKGROUND">
										<Texture name="$parentBackground">
											<Anchors>
												<Anchor point="TOPLEFT"/>
												<Anchor point="BOTTOMRIGHT"/>
											</Anchors>
											<Color r="1" g="1" b="1" a="1"/>
										</Texture>
									</Layer>
								</Layers>
								<Scripts>
									<OnLoad>getglobal(this:GetName() .. "Background"):SetVertexColor(0, 0, 0, 0.1);</OnLoad>
									<OnClick>
										local JHO_SeeIfText = JH0_TrackerResult3:GetText();
										local JHO_SeeIfTextZone = JH0_TrackerResult3bis:GetText();
										if (JHO_SeeIfText) then JHT_GetMap(JHO_SeeIfText,JHO_SeeIfTextZone); end
									</OnClick>
									<OnEnter>
										local JHO_SeeIfText = JH0_TrackerResult3:GetText();
										if (JHO_SeeIfText) then
											getglobal(this:GetName() .. "Background"):SetVertexColor(0.4, 0.4, 0.4, 0.4);
										end
									</OnEnter>
									<OnLeave>getglobal(this:GetName() .. "Background"):SetVertexColor(0, 0, 0, 0.1);</OnLeave>
								</Scripts>
							</Button>
							<Button name="JH0_TrackerResult4" inherits="JHO_TrackerResultTemplate" id="4" hidden="false">
								<Anchors>
									<Anchor point="TOPLEFT" relativeTo="JH0_TrackerResult3" relativePoint="BOTTOMLEFT">
										<Offset>
											<AbsDimension x="0" y="1"/>
										</Offset>
									</Anchor>
								</Anchors>
								<Layers>
									<Layer level="ARTWORK">
										<FontString name="JH0_TrackerResult4bis" inherits="GameFontNormal" justifyH="LEFT">
											<Size>
                          						<AbsDimension x="200" y="16"/>
                       						</Size>
											<Anchors>
												<Anchor point="RIGHT" relativeTo="JH0_TrackerResult4">
													<Offset>
														<AbsDimension x="-30" y="0"/>
													</Offset>
												</Anchor>
											</Anchors>
										</FontString>
									</Layer>
									<Layer level="BACKGROUND">
										<Texture name="$parentBackground">
											<Anchors>
												<Anchor point="TOPLEFT"/>
												<Anchor point="BOTTOMRIGHT"/>
											</Anchors>
											<Color r="1" g="1" b="1" a="1"/>
										</Texture>
									</Layer>
								</Layers>
								<Scripts>
									<OnLoad>getglobal(this:GetName() .. "Background"):SetVertexColor(0, 0, 0, 0.1);</OnLoad>
									<OnClick>
										local JHO_SeeIfText = JH0_TrackerResult4:GetText();
										local JHO_SeeIfTextZone = JH0_TrackerResult4bis:GetText();
										if (JHO_SeeIfText) then JHT_GetMap(JHO_SeeIfText,JHO_SeeIfTextZone); end
									</OnClick>
									<OnEnter>
										local JHO_SeeIfText = JH0_TrackerResult4:GetText();
										if (JHO_SeeIfText) then
											getglobal(this:GetName() .. "Background"):SetVertexColor(0.4, 0.4, 0.4, 0.4);
										end
									</OnEnter>
									<OnLeave>getglobal(this:GetName() .. "Background"):SetVertexColor(0, 0, 0, 0.1);</OnLeave>
								</Scripts>
							</Button>
							<Button name="JH0_TrackerResult5" inherits="JHO_TrackerResultTemplate" id="5" hidden="false">
								<Anchors>
									<Anchor point="TOPLEFT" relativeTo="JH0_TrackerResult4" relativePoint="BOTTOMLEFT">
										<Offset>
											<AbsDimension x="0" y="1"/>
										</Offset>
									</Anchor>
								</Anchors>
								<Layers>
									<Layer level="ARTWORK">
										<FontString name="JH0_TrackerResult5bis" inherits="GameFontNormal" justifyH="LEFT">
											<Size>
                          						<AbsDimension x="200" y="16"/>
                       						</Size>
											<Anchors>
												<Anchor point="RIGHT" relativeTo="JH0_TrackerResult5">
													<Offset>
														<AbsDimension x="-30" y="0"/>
													</Offset>
												</Anchor>
											</Anchors>
										</FontString>
									</Layer>
									<Layer level="BACKGROUND">
										<Texture name="$parentBackground">
											<Anchors>
												<Anchor point="TOPLEFT"/>
												<Anchor point="BOTTOMRIGHT"/>
											</Anchors>
											<Color r="1" g="1" b="1" a="1"/>
										</Texture>
									</Layer>
								</Layers>
								<Scripts>
									<OnLoad>getglobal(this:GetName() .. "Background"):SetVertexColor(0, 0, 0, 0.1);</OnLoad>
									<OnClick>
										local JHO_SeeIfText = JH0_TrackerResult5:GetText();
										local JHO_SeeIfTextZone = JH0_TrackerResult5bis:GetText();
										if (JHO_SeeIfText) then JHT_GetMap(JHO_SeeIfText,JHO_SeeIfTextZone); end
									</OnClick>
									<OnEnter>
										local JHO_SeeIfText = JH0_TrackerResult5:GetText();
										if (JHO_SeeIfText) then
											getglobal(this:GetName() .. "Background"):SetVertexColor(0.4, 0.4, 0.4, 0.4);
										end
									</OnEnter>
									<OnLeave>getglobal(this:GetName() .. "Background"):SetVertexColor(0, 0, 0, 0.1);</OnLeave>
								</Scripts>
							</Button>
							<Button name="JH0_TrackerResult6" inherits="JHO_TrackerResultTemplate" id="6" hidden="false">
								<Anchors>
									<Anchor point="TOPLEFT" relativeTo="JH0_TrackerResult5" relativePoint="BOTTOMLEFT">
										<Offset>
											<AbsDimension x="0" y="1"/>
										</Offset>
									</Anchor>
								</Anchors>
								<Layers>
									<Layer level="ARTWORK">
										<FontString name="JH0_TrackerResult6bis" inherits="GameFontNormal" justifyH="LEFT">
											<Size>
                          						<AbsDimension x="200" y="16"/>
                       						</Size>
											<Anchors>
												<Anchor point="RIGHT" relativeTo="JH0_TrackerResult6">
													<Offset>
														<AbsDimension x="-30" y="0"/>
													</Offset>
												</Anchor>
											</Anchors>
										</FontString>
									</Layer>
									<Layer level="BACKGROUND">
										<Texture name="$parentBackground">
											<Anchors>
												<Anchor point="TOPLEFT"/>
												<Anchor point="BOTTOMRIGHT"/>
											</Anchors>
											<Color r="1" g="1" b="1" a="1"/>
										</Texture>
									</Layer>
								</Layers>
								<Scripts>
									<OnLoad>getglobal(this:GetName() .. "Background"):SetVertexColor(0, 0, 0, 0.1);</OnLoad>
									<OnClick>
										local JHO_SeeIfText = JH0_TrackerResult6:GetText();
										local JHO_SeeIfTextZone = JH0_TrackerResult6bis:GetText();
										if (JHO_SeeIfText) then JHT_GetMap(JHO_SeeIfText,JHO_SeeIfTextZone); end
									</OnClick>
									<OnEnter>
										local JHO_SeeIfText = JH0_TrackerResult6:GetText();
										if (JHO_SeeIfText) then
											getglobal(this:GetName() .. "Background"):SetVertexColor(0.4, 0.4, 0.4, 0.4);
										end
									</OnEnter>
									<OnLeave>getglobal(this:GetName() .. "Background"):SetVertexColor(0, 0, 0, 0.1);</OnLeave>
								</Scripts>
							</Button>
							<Button name="JH0_TrackerResult7" inherits="JHO_TrackerResultTemplate" id="7" hidden="false">
								<Anchors>
									<Anchor point="TOPLEFT" relativeTo="JH0_TrackerResult6" relativePoint="BOTTOMLEFT">
										<Offset>
											<AbsDimension x="0" y="1"/>
										</Offset>
									</Anchor>
								</Anchors>
								<Layers>
									<Layer level="ARTWORK">
										<FontString name="JH0_TrackerResult7bis" inherits="GameFontNormal" justifyH="LEFT">
											<Size>
                          						<AbsDimension x="200" y="16"/>
                       						</Size>
											<Anchors>
												<Anchor point="RIGHT" relativeTo="JH0_TrackerResult7">
													<Offset>
														<AbsDimension x="-30" y="0"/>
													</Offset>
												</Anchor>
											</Anchors>
										</FontString>
									</Layer>
									<Layer level="BACKGROUND">
										<Texture name="$parentBackground">
											<Anchors>
												<Anchor point="TOPLEFT"/>
												<Anchor point="BOTTOMRIGHT"/>
											</Anchors>
											<Color r="1" g="1" b="1" a="1"/>
										</Texture>
									</Layer>
								</Layers>
								<Scripts>
									<OnLoad>getglobal(this:GetName() .. "Background"):SetVertexColor(0, 0, 0, 0.1);</OnLoad>
									<OnClick>
										local JHO_SeeIfText = JH0_TrackerResult7:GetText();
										local JHO_SeeIfTextZone = JH0_TrackerResult7bis:GetText();
										if (JHO_SeeIfText) then JHT_GetMap(JHO_SeeIfText,JHO_SeeIfTextZone); end
									</OnClick>
									<OnEnter>
										local JHO_SeeIfText = JH0_TrackerResult7:GetText();
										if (JHO_SeeIfText) then
											getglobal(this:GetName() .. "Background"):SetVertexColor(0.4, 0.4, 0.4, 0.4);
										end
									</OnEnter>
									<OnLeave>getglobal(this:GetName() .. "Background"):SetVertexColor(0, 0, 0, 0.1);</OnLeave>
								</Scripts>
							</Button>
							<Button name="JH0_TrackerResult8" inherits="JHO_TrackerResultTemplate" id="8" hidden="false">
								<Anchors>
									<Anchor point="TOPLEFT" relativeTo="JH0_TrackerResult7" relativePoint="BOTTOMLEFT">
										<Offset>
											<AbsDimension x="0" y="1"/>
										</Offset>
									</Anchor>
								</Anchors>
								<Layers>
									<Layer level="ARTWORK">
										<FontString name="JH0_TrackerResult8bis" inherits="GameFontNormal" justifyH="LEFT">
											<Size>
                          						<AbsDimension x="200" y="16"/>
                       						</Size>
											<Anchors>
												<Anchor point="RIGHT" relativeTo="JH0_TrackerResult8">
													<Offset>
														<AbsDimension x="-30" y="0"/>
													</Offset>
												</Anchor>
											</Anchors>
										</FontString>
									</Layer>
									<Layer level="BACKGROUND">
										<Texture name="$parentBackground">
											<Anchors>
												<Anchor point="TOPLEFT"/>
												<Anchor point="BOTTOMRIGHT"/>
											</Anchors>
											<Color r="1" g="1" b="1" a="1"/>
										</Texture>
									</Layer>
								</Layers>
								<Scripts>
									<OnLoad>getglobal(this:GetName() .. "Background"):SetVertexColor(0, 0, 0, 0.1);</OnLoad>
									<OnClick>
										local JHO_SeeIfText = JH0_TrackerResult8:GetText();
										local JHO_SeeIfTextZone = JH0_TrackerResult8bis:GetText();
										if (JHO_SeeIfText) then JHT_GetMap(JHO_SeeIfText,JHO_SeeIfTextZone); end
									</OnClick>
									<OnEnter>
										local JHO_SeeIfText = JH0_TrackerResult8:GetText();
										if (JHO_SeeIfText) then
											getglobal(this:GetName() .. "Background"):SetVertexColor(0.4, 0.4, 0.4, 0.4);
										end
									</OnEnter>
									<OnLeave>getglobal(this:GetName() .. "Background"):SetVertexColor(0, 0, 0, 0.1);</OnLeave>
								</Scripts>
							</Button>
							<Button name="JH0_TrackerResult9" inherits="JHO_TrackerResultTemplate" id="9" hidden="false">
								<Anchors>
									<Anchor point="TOPLEFT" relativeTo="JH0_TrackerResult8" relativePoint="BOTTOMLEFT">
										<Offset>
											<AbsDimension x="0" y="1"/>
										</Offset>
									</Anchor>
								</Anchors>
								<Layers>
									<Layer level="ARTWORK">
										<FontString name="JH0_TrackerResult9bis" inherits="GameFontNormal" justifyH="LEFT">
											<Size>
                          						<AbsDimension x="200" y="16"/>
                       						</Size>
											<Anchors>
												<Anchor point="RIGHT" relativeTo="JH0_TrackerResult9">
													<Offset>
														<AbsDimension x="-30" y="0"/>
													</Offset>
												</Anchor>
											</Anchors>
										</FontString>
									</Layer>
									<Layer level="BACKGROUND">
										<Texture name="$parentBackground">
											<Anchors>
												<Anchor point="TOPLEFT"/>
												<Anchor point="BOTTOMRIGHT"/>
											</Anchors>
											<Color r="1" g="1" b="1" a="1"/>
										</Texture>
									</Layer>
								</Layers>
								<Scripts>
									<OnLoad>getglobal(this:GetName() .. "Background"):SetVertexColor(0, 0, 0, 0.1);</OnLoad>
									<OnClick>
										local JHO_SeeIfText = JH0_TrackerResult9:GetText();
										local JHO_SeeIfTextZone = JH0_TrackerResult9bis:GetText();
										if (JHO_SeeIfText) then JHT_GetMap(JHO_SeeIfText,JHO_SeeIfTextZone); end
									</OnClick>
									<OnEnter>
										local JHO_SeeIfText = JH0_TrackerResult9:GetText();
										if (JHO_SeeIfText) then
											getglobal(this:GetName() .. "Background"):SetVertexColor(0.4, 0.4, 0.4, 0.4);
										end
									</OnEnter>
									<OnLeave>getglobal(this:GetName() .. "Background"):SetVertexColor(0, 0, 0, 0.1);</OnLeave>
								</Scripts>
							</Button>
							<Button name="JH0_TrackerResult10" inherits="JHO_TrackerResultTemplate" id="10" hidden="false">
								<Anchors>
									<Anchor point="TOPLEFT" relativeTo="JH0_TrackerResult9" relativePoint="BOTTOMLEFT">
										<Offset>
											<AbsDimension x="0" y="1"/>
										</Offset>
									</Anchor>
								</Anchors>
								<Layers>
									<Layer level="ARTWORK">
										<FontString name="JH0_TrackerResult10bis" inherits="GameFontNormal" justifyH="LEFT">
											<Size>
                          						<AbsDimension x="200" y="16"/>
                       						</Size>
											<Anchors>
												<Anchor point="RIGHT" relativeTo="JH0_TrackerResult10">
													<Offset>
														<AbsDimension x="-30" y="0"/>
													</Offset>
												</Anchor>
											</Anchors>
										</FontString>
									</Layer>
									<Layer level="BACKGROUND">
										<Texture name="$parentBackground">
											<Anchors>
												<Anchor point="TOPLEFT"/>
												<Anchor point="BOTTOMRIGHT"/>
											</Anchors>
											<Color r="1" g="1" b="1" a="1"/>
										</Texture>
									</Layer>
								</Layers>
								<Scripts>
									<OnLoad>getglobal(this:GetName() .. "Background"):SetVertexColor(0, 0, 0, 0.1);</OnLoad>
									<OnClick>
										local JHO_SeeIfText = JH0_TrackerResult10:GetText();
										local JHO_SeeIfTextZone = JH0_TrackerResult10bis:GetText();
										if (JHO_SeeIfText) then JHT_GetMap(JHO_SeeIfText,JHO_SeeIfTextZone); end
									</OnClick>
									<OnEnter>
										local JHO_SeeIfText = JH0_TrackerResult10:GetText();
										if (JHO_SeeIfText) then
											getglobal(this:GetName() .. "Background"):SetVertexColor(0.4, 0.4, 0.4, 0.4);
										end
									</OnEnter>
									<OnLeave>getglobal(this:GetName() .. "Background"):SetVertexColor(0, 0, 0, 0.1);</OnLeave>
								</Scripts>
							</Button>

							<Button name="JH0_TrackerResult11" inherits="JHO_TrackerArrowTemplate" hidden="false">
								<Anchors>
									<Anchor point="TOPLEFT" relativeTo="JH0_TrackerResult10" relativePoint="BOTTOMLEFT">
										<Offset>
											<AbsDimension x="0" y="1"/>
										</Offset>
									</Anchor>
								</Anchors>
								<Layers>
									<Layer level="BACKGROUND">
										<Texture name="$parentBackground">
											<Anchors>
												<Anchor point="TOPLEFT"/>
												<Anchor point="BOTTOMRIGHT"/>
											</Anchors>
											<Color r="1" g="1" b="1" a="1"/>
										</Texture>
									</Layer>
								</Layers>
								<Frames>
									<Button name="JHO_TrackerPrevButton" hidden="true">
										<Size>
											<AbsDimension x="24" y="24" />
										</Size>
										<Anchors>
											<Anchor point="TOPLEFT" relativeTo="JH0_TrackerResult11" relativePoint="TOPLEFT">
												<Offset>
													<AbsDimension x="5" y="-4" />
												</Offset>
											</Anchor>
										</Anchors>
										<Scripts>
											<OnClick>JHO_TrackerSearchDown();</OnClick>
										</Scripts>
										<NormalTexture file="Interface\Buttons\UI-SpellbookIcon-PrevPage-Up" />
										<PushedTexture file="Interface\Buttons\UI-SpellbookIcon-PrevPage-Down" />
										<DisabledTexture file="Interface\Buttons\UI-SpellbookIcon-PrevPage-Disabled" />
										<HighlightTexture file="Interface\Buttons\UI-Common-MouseHilight" alphaMode="ADD" />
									</Button>
									<Button name="JHO_TrackerNextButton" hidden="true">
										<Size>
											<AbsDimension x="24" y="24" />
										</Size>
										<Anchors>
											<Anchor point="TOPLEFT" relativeTo="JH0_TrackerResult11" relativePoint="TOPLEFT">
												<Offset>
													<AbsDimension x="35" y="-4" />
												</Offset>
											</Anchor>
										</Anchors>
										<Layers>
											<Layer level="BACKGROUND">
												<FontString name="JHO_TrackerNextButtonText" inherits="GameFontNormal">
													<Anchors>
														<Anchor point="TOP" relativeTo="JHO_TrackerNextButton">
															<Offset>
																<AbsDimension x="60" y="-6"/>
															</Offset>
														</Anchor>
													</Anchors>
												</FontString>
											</Layer>
										</Layers>
										<Scripts>
											<OnClick>JHO_TrackerSearchUp();</OnClick>
										</Scripts>
										<NormalTexture file="Interface\Buttons\UI-SpellbookIcon-NextPage-Up" />
										<PushedTexture file="Interface\Buttons\UI-SpellbookIcon-NextPage-Down" />
										<DisabledTexture file="Interface\Buttons\UI-SpellbookIcon-NextPage-Disabled" />
										<HighlightTexture file="Interface\Buttons\UI-Common-MouseHilight" alphaMode="ADD" />
									</Button>
								</Frames>
								<Scripts>
									<OnLoad>getglobal(this:GetName() .. "Background"):SetVertexColor(0, 0, 0, 0.1);</OnLoad>
								</Scripts>
							</Button>
						</Frames>
						<Layers>
						</Layers>
						<Scripts>
							<OnLoad>this:SetBackdropBorderColor(0.6, 0.6, 0.6);</OnLoad>
						</Scripts>
					</Frame>
				</Frames>
			</Frame>
		</Frames>
		<Scripts>
			<OnMouseDown> this:StartMoving();  </OnMouseDown>
            <OnMouseUp>  this:StopMovingOrSizing(); </OnMouseUp>
            <OnDragStop> this:StopMovingOrSizing(); </OnDragStop>
			<OnLoad></OnLoad>
			<OnShow></OnShow>
			<OnHide></OnHide>
		</Scripts>
	</Frame>
</Ui>
