<Ui xmlns="http://www.blizzard.com/wow/ui/" xmlns:xsi="http://www.w3.org/2001/XMLSchema-instance" xsi:schemaLocation="http://www.blizzard.com/wow/ui/ C:\Projects\WoW\Bin\Interface\FrameXML\UI.xsd">
	<Script file="JH_Profiler.lua"/>
	<Frame name="JHP_MainFrame" toplevel="true" frameStrata="DIALOG" movable="true" hidden="true" resizable="false" parent="UIParent">
		<Size>
			<AbsDimension x="103" y="32"/>
		</Size>
		<Anchors>
			<Anchor point="TOP"/>
		</Anchors>
		<Backdrop bgFile="Interface\TutorialFrame\TutorialFrameBackground"  edgeFile="Interface\Tooltips\UI-Tooltip-Border" tile="true">
			<EdgeSize>
				<AbsValue val="16"/>
			</EdgeSize>
			<TileSize>
				<AbsValue val="16"/>
			</TileSize>
			<BackgroundInsets>
				<AbsInset left="5" right="5" top="5" bottom="5"/>
			</BackgroundInsets>
		</Backdrop>
		<Layers></Layers>
		<Frames>
			<Button name="JHP_Button1" inherits="OptionsButtonTemplate" text="1">
				<Size>
					<AbsDimension x="15" y="22"/>
				</Size>
				<Anchors>
					<Anchor point="TOPLEFT">
						<Offset>
							<AbsDimension x="8" y="-5"/>
						</Offset>
					</Anchor>
				</Anchors>
				<Scripts>
					<OnClick>JHprofiler_doprofil("1");</OnClick>
				</Scripts>
			</Button>
			<Button name="JHP_Button2" inherits="OptionsButtonTemplate" text="2">
				<Size>
					<AbsDimension x="15" y="22"/>
				</Size>
				<Anchors>
					<Anchor point="TOPLEFT">
						<Offset>
							<AbsDimension x="26" y="-5"/>
						</Offset>
					</Anchor>
				</Anchors>
				<Scripts>
					<OnClick>JHprofiler_doprofil("2");</OnClick>
				</Scripts>
			</Button>
			<Button name="JHP_Button3" inherits="OptionsButtonTemplate" text="3">
				<Size>
					<AbsDimension x="15" y="22"/>
				</Size>
				<Anchors>
					<Anchor point="TOPLEFT">
						<Offset>
							<AbsDimension x="44" y="-5"/>
						</Offset>
					</Anchor>
				</Anchors>
				<Scripts>
					<OnClick>JHprofiler_doprofil("3");</OnClick>
				</Scripts>
			</Button>
			<Button name="JHP_Button4" inherits="OptionsButtonTemplate" text="4">
				<Size>
					<AbsDimension x="15" y="22"/>
				</Size>
				<Anchors>
					<Anchor point="TOPLEFT">
						<Offset>
							<AbsDimension x="62" y="-5"/>
						</Offset>
					</Anchor>
				</Anchors>
				<Scripts>
					<OnClick>JHprofiler_doprofil("4");</OnClick>
				</Scripts>
			</Button>
			<Button name="JHP_Button5" inherits="OptionsButtonTemplate" text="5">
				<Size>
					<AbsDimension x="15" y="22"/>
				</Size>
				<Anchors>
					<Anchor point="TOPLEFT">
						<Offset>
							<AbsDimension x="80" y="-5"/>
						</Offset>
					</Anchor>
				</Anchors>
				<Scripts>
					<OnClick>JHprofiler_doprofil("5");</OnClick>
				</Scripts>
			</Button>
		</Frames>
		<Scripts>
			<OnMouseDown> this:StartMoving();</OnMouseDown>
            <OnMouseUp>this:StopMovingOrSizing();</OnMouseUp>
            <OnDragStop>this:StopMovingOrSizing();</OnDragStop>
			<OnLoad>this:SetBackdropBorderColor(0.8, 0.8, 0.8);</OnLoad>
		</Scripts>
	</Frame>
	<GameTooltip name="JH_ProfilerTooltip" inherits="GameTooltipTemplate" parent="UIParent" hidden="true" />
</Ui>
