<Ui xmlns="http://www.blizzard.com/wow/ui/" xmlns:xsi="http://www.w3.org/2001/XMLSchema-instance" xsi:schemaLocation="http://www.blizzard.com/wow/ui/ C:\Projects\WoW\Bin\Interface\FrameXML\UI.xsd">
	<Script file="JudgeHype.lua"/>
	<Frame name="JudgeHypeFrame">
		<Scripts>
			<OnLoad>
				JH_OnLoad();
			</OnLoad>
			<OnEvent>
				JH_OnEvent(event);
			</OnEvent>
		</Scripts>
		<GameTooltip name="JudgeHypeTooltip" inherits="GameTooltipTemplate" parent="UIParent" hidden="true" />
	</Frame>
</Ui>
