<!--
//////////////////////////////////////////////////
//
//		Bindings.xml
//		GypsyVersion++2004.11.13++
//
//		Bindings for our extended action buttons,
//		13-29. Header and binding names are defined
//		in Gypsy_ActionBar.lua
//		Also, binding for Turn-Page-On-Press
//
//////////////////////////////////////////////////
-->

<Bindings>
	<!-- Show Menu Buttons -->
	<Binding name="GYPSYSHOWMENUBUTTONS" header="GYPSYHOTBAR">

			Gypsy_ShowMenuExecuteBinding();

	</Binding>
	<!-- Turn-Page-On-Press -->
	<Binding name="GYPSYPAGETURNONPRESS" runOnUp="true">
		if (keystate == "down") then
			Gypsy_OverridePageTurn = 1;
			Gypsy_TurnOnPress("down");
		else
			Gypsy_OverridePageTurn = 0;
			Gypsy_TurnOnPress("up");
		end
	</Binding>
	<!-- GypsyMod action button range -->
	<Binding name="GYPSYACTIONBUTTON1"  runOnUp="true" header="GYPSYACTIONBAR">
		if ( keystate == "down" ) then
			Gypsy_ActionButtonDown(13);
		else
			Gypsy_ActionButtonUp(13);
		end
	</Binding>
	<Binding name="GYPSYACTIONBUTTON2"  runOnUp="true" >
		if ( keystate == "down" ) then
			Gypsy_ActionButtonDown(14);
		else
			Gypsy_ActionButtonUp(14);
		end
	</Binding>
	<Binding name="GYPSYACTIONBUTTON3"  runOnUp="true" >
		if ( keystate == "down" ) then
			Gypsy_ActionButtonDown(15);
		else
			Gypsy_ActionButtonUp(15);
		end
	</Binding>
	<Binding name="GYPSYACTIONBUTTON4"  runOnUp="true" >
		if ( keystate == "down" ) then
			Gypsy_ActionButtonDown(16);
		else
			Gypsy_ActionButtonUp(16);
		end
	</Binding>
	<Binding name="GYPSYACTIONBUTTON5"  runOnUp="true" >
		if ( keystate == "down" ) then
			Gypsy_ActionButtonDown(17);
		else
			Gypsy_ActionButtonUp(17);
		end
	</Binding>
	<Binding name="GYPSYACTIONBUTTON6"  runOnUp="true" >
		if ( keystate == "down" ) then
			Gypsy_ActionButtonDown(18);
		else
			Gypsy_ActionButtonUp(18);
		end
	</Binding>
	<Binding name="GYPSYACTIONBUTTON7"  runOnUp="true" >
		if ( keystate == "down" ) then
			Gypsy_ActionButtonDown(19);
		else
			Gypsy_ActionButtonUp(19);
		end
	</Binding>
	<Binding name="GYPSYACTIONBUTTON8"  runOnUp="true" >
		if ( keystate == "down" ) then
			Gypsy_ActionButtonDown(20);
		else
			Gypsy_ActionButtonUp(20);
		end
	</Binding>
	<Binding name="GYPSYACTIONBUTTON9"  runOnUp="true" >
		if ( keystate == "down" ) then
			Gypsy_ActionButtonDown(21);
		else
			Gypsy_ActionButtonUp(21);
		end
	</Binding>
	<Binding name="GYPSYACTIONBUTTON10"  runOnUp="true" >
		if ( keystate == "down" ) then
			Gypsy_ActionButtonDown(22);
		else
			Gypsy_ActionButtonUp(22);
		end
	</Binding>
	<Binding name="GYPSYACTIONBUTTON11"  runOnUp="true" >
		if ( keystate == "down" ) then
			Gypsy_ActionButtonDown(23);
		else
			Gypsy_ActionButtonUp(23);
		end
	</Binding>
	<Binding name="GYPSYACTIONBUTTON12"  runOnUp="true" >
		if ( keystate == "down" ) then
			Gypsy_ActionButtonDown(24);
		else
			Gypsy_ActionButtonUp(24);
		end
	</Binding>
	<Binding name="GYPSYACTIONBUTTON13"  runOnUp="true" >
		if ( keystate == "down" ) then
			Gypsy_ActionButtonDown(110);
		else
			Gypsy_ActionButtonUp(110);
		end
	</Binding>
	<Binding name="GYPSYACTIONBUTTON14"  runOnUp="true" >
		if ( keystate == "down" ) then
			Gypsy_ActionButtonDown(111);
		else
			Gypsy_ActionButtonUp(111);
		end
	</Binding>
	<Binding name="GYPSYACTIONBUTTON15"  runOnUp="true" >
		if ( keystate == "down" ) then
			Gypsy_ActionButtonDown(112);
		else
			Gypsy_ActionButtonUp(112);
		end
	</Binding>
	<Binding name="GYPSYACTIONBUTTON16"  runOnUp="true" >
		if ( keystate == "down" ) then
			Gypsy_ActionButtonDown(113);
		else
			Gypsy_ActionButtonUp(113);
		end
	</Binding>
	<Binding name="GYPSYACTIONBUTTON17"  runOnUp="true" >
		if ( keystate == "down" ) then
			Gypsy_ActionButtonDown(114);
		else
			Gypsy_ActionButtonUp(114);
		end
	</Binding>
</Bindings>