<Ui xmlns="http://www.blizzard.com/wow/ui/" xmlns:xsi="http://www.w3.org/2001/XMLSchema-instance" xsi:schemaLocation="http://www.blizzard.com/wow/ui/
C:\Projects\WoW\Bin\Interface\FrameXML\UI.xsd">
	<!--
	//////////////////////////////////////////////
	//
	//		Gypsy_MicroButtons.xml
	//		GypsyVersion++2004.11.13++
	//
	//		Capsule to allow movement of
	//		micro menu buttons.
	//
	//////////////////////////////////////////////
	-->
	<Script file="Gypsy_MicroButtons.lua"/>
	<!-- Frame to handle capsule scripting, need this because capsule is hidden often -->
	<Frame name="Gypsy_MicroButtonCapsuleLoader">
		<Scripts>
			<OnLoad>
				Gypsy_MicroButtonCapsuleOnLoad();
			</OnLoad>
			<OnEvent>
				Gypsy_MicroButtonCapsuleOnEvent(event);
			</OnEvent>
			<OnUpdate>
				Gypsy_MicroButtonCapsuleOnUpdate();
			</OnUpdate>
		</Scripts>
	</Frame>
	<!-- Capsule to anchor the micro buttons if they are enabled -->
	<Button name="Gypsy_MicroButtonCapsule" hidden="true" enableMouse="true" movable="true" frameStrata="LOW" parent="UIParent">
		<TitleRegion setAllPoints="true"/>
		<Size>
			<AbsDimension x="230" y="65"/>
		</Size>
		<Anchors>
			<Anchor point="BOTTOM" relativeTo="Gypsy_HotBarCapsule" relativePoint="TOP">
				<Offset>
					<AbsDimension x="170" y="-30"/>
				</Offset>
			</Anchor>
		</Anchors>
		<Frames>
			<!-- This button pops up onMouseOver, allowing for dragging -->
			<Button name="Gypsy_MicroButtonCapsuleArt" hidden="true">
				<Size>
					<AbsDimension x="230" y="50"/>
				</Size>
				<Anchors>
					<Anchor point="BOTTOMLEFT" relativeTo="Gypsy_MicroButtonCapsule" relativePoint="BOTTOMLEFT"/>
				</Anchors>
				<Scripts>
					<OnShow>
						Gypsy_MicroButtonCapsuleArtOnShow();
					</OnShow>
				</Scripts>
				<Backdrop name="Gypsy_MicroButtonCapsuleBackdrop" bgFile="Interface\Tooltips\UI-Tooltip-Background" edgeFile="Interface\Tooltips\UI-Tooltip-Border" tile="true">
					<EdgeSize>
						<AbsValue val="16"/>
					</EdgeSize>
					<TileSize>
						<AbsValue val="16"/>
					</TileSize>
					<BackgroundInsets>
						<AbsInset left="5" right="5" top="5" bottom="5"/>
					</BackgroundInsets>
				</Backdrop>
				<Layers>
					<Layer level="ARTWORK">
						<!-- Movement & configuration tab, near the top right corner -->
						<Texture name="Gypsy_MicroButtonCapsuleTab" file="Interface\ChatFrame\ChatFrameTab">
							<Size>
								<AbsDimension x="64" y="32"/>
							</Size>
							<Anchors>
								<Anchor point="BOTTOMRIGHT" relativeTo="Gypsy_MicroButtonCapsuleArt" relativePoint="TOPRIGHT">
									<Offset>
										<AbsDimension x="-4" y="-2"/>
									</Offset>
								</Anchor>
							</Anchors>
						</Texture>
					</Layer>
					<Layer level="OVERLAY">
						<!-- Text to place over tab -->
						<FontString name="Gypsy_MicroButtonCapsuleTabLabel" inherits="GameFontNormalSmall" text="GYPSY_TEXT_HOTBAR_MENUCAPSULELABEL">
							<Size>
								<AbsDimension x="64" y="16"/>
							</Size>
							<Anchors>
								<Anchor point="CENTER" relativeTo="Gypsy_MicroButtonCapsuleTab" relativePoint="CENTER">
									<Offset>
										<AbsDimension x="0" y="-4"/>
									</Offset>
								</Anchor>
							</Anchors>
						</FontString>
					</Layer>
				</Layers>
			</Button>
		</Frames>
	</Button>
</Ui>