<Ui xmlns="http://www.blizzard.com/wow/ui/" xmlns:xsi="http://www.w3.org/2001/XMLSchema-instance" xsi:schemaLocation="http://www.blizzard.com/wow/ui/
C:\Projects\WoW\Bin\Interface\FrameXML\UI.xsd">
	<!--
	//////////////////////////////////////////////
	//
	//		Gypsy_HotBar.xml
	//		GypsyVersion++2004.11.13++
	//
	//		This is our main action bar mod file.
	//		We've created an encapsulating frame
	//		to anchor the default action bar, bag
	//		buttons, and our own action buttons to.
	//		We can then allow for all of these to
	//		be dragged along with the capsule.
	//
	//////////////////////////////////////////////
	-->
	<Script file="localization.lua"/>
	<Script file="Gypsy_HotBar.lua"/>
	<!-- Capsule to anchor the default and GypsyMod action bars to, and a few other things -->
	<Button name="Gypsy_HotBarCapsule" enableMouse="true" movable="true" frameStrata="LOW" parent="UIParent">
		<TitleRegion setAllPoints="true"/>
		<Size>
			<AbsDimension x="727" y="120"/>
		</Size>
		<Anchors>
			<Anchor point="BOTTOM"/>
		</Anchors>
		<Scripts>
			<OnLoad>
				Gypsy_HotBarOnLoad();
			</OnLoad>
			<OnEvent>
				Gypsy_HotBarOnEvent(event);
			</OnEvent>
		</Scripts>
		<Frames>
			<!-- This button pops up onMouseOver, allowing for dragging -->
			<Button name="Gypsy_HotBarArt" hidden="true">
				<Size>
					<AbsDimension x="727" y="98"/>
				</Size>
				<Anchors>
					<Anchor point="BOTTOMLEFT" relativeTo="Gypsy_HotBarCapsule" relativePoint="BOTTOMLEFT"/>
				</Anchors>
				<Backdrop name="Gypsy_HotBarBackdrop" bgFile="Interface\Tooltips\UI-Tooltip-Background" edgeFile="Interface\Tooltips\UI-Tooltip-Border" tile="true">
					<EdgeSize>
						<AbsValue val="16"/>
					</EdgeSize>
					<TileSize>
						<AbsValue val="16"/>
					</TileSize>
					<BackgroundInsets>
						<AbsInset left="5" right="5" top="5" bottom="5"/>
					</BackgroundInsets>
				</Backdrop>
				<Layers>
					<Layer level="ARTWORK">
						<!-- Movement & configuration tab, near the top right corner -->
						<Texture name="Gypsy_HotBarTab" file="Interface\ChatFrame\ChatFrameTab">
							<Size>
								<AbsDimension x="64" y="32"/>
							</Size>
							<Anchors>
								<Anchor point="BOTTOMRIGHT" relativeTo="Gypsy_HotBarArt" relativePoint="TOPRIGHT">
									<Offset>
										<AbsDimension x="-4" y="-2"/>
									</Offset>
								</Anchor>
							</Anchors>
						</Texture>
					</Layer>
					<Layer level="OVERLAY">
						<!-- Text to place over tab -->
						<FontString name="Gypsy_HotBarTabLabel" inherits="GameFontNormalSmall" text="GYPSY_TEXT_HOTBAR_HOTBARCAPSULELABEL">
							<Size>
								<AbsDimension x="64" y="16"/>
							</Size>
							<Anchors>
								<Anchor point="CENTER" relativeTo="Gypsy_HotBarTab" relativePoint="CENTER">
									<Offset>
										<AbsDimension x="0" y="-4"/>
									</Offset>
								</Anchor>
							</Anchors>
						</FontString>
					</Layer>
				</Layers>
			</Button>
		</Frames>
	</Button>
	<!-- Micro button capsule -->
	<Include file="Gypsy_MicroButtons.xml"/>
	<!-- GypsyMod action bar with our extra buttons -->
	<Include file="Gypsy_ActionBar.xml"/>
</Ui>