<Ui xmlns="http://www.blizzard.com/wow/ui/" xmlns:xsi="http://www.w3.org/2001/XMLSchema-instance" xsi:schemaLocation="http://www.blizzard.com/wow/ui/
C:\Projects\WoW\Bin\Interface\FrameXML\UI.xsd">
	<!--
	//////////////////////////////////////////////
	//
	//		Gypsy_ActionBar.xml
	//		GypsyVersion++2004.11.02++
	//
	//		GypsyMod action bar, holds extra row of
	//		action buttons.
	//
	//////////////////////////////////////////////
	-->
	<Script file="Gypsy_ActionBar.lua"/>
	<!-- Main bar to anchor buttons to and run scripts from -->
	<Frame name="Gypsy_ActionBar" enableMouse="true" frameStrata="MEDIUM" parent="UIParent">
		<Size>
			<AbsDimension x="708" y="36"/>
		</Size>
		<Anchors>
			<Anchor point="TOPLEFT" relativeTo="Gypsy_HotBarArt" relativePoint="TOPLEFT">
				<Offset>
					<AbsDimension x="10" y="-10"/>
				</Offset>
			</Anchor>
		</Anchors>
		<Scripts>
			<OnLoad>
				Gypsy_ActionBarOnLoad();
			</OnLoad>
			<OnEvent>
				Gypsy_ActionBarOnEvent(event);
			</OnEvent>
			<OnUpdate>
				Gypsy_ActionBarOnUpdate();
			</OnUpdate>
		</Scripts>
	</Frame>
	<!-- Template for our buttons -->
	<CheckButton name="Gypsy_ActionButtonTemplate" inherits="ActionButtonTemplate" virtual="true">
		<Size>
			<AbsDimension x="36" y="36"/>
		</Size>
		<Scripts>
			<OnLoad>
				Gypsy_ActionButtonOnLoad();
			</OnLoad>
			<OnShow>
				Gypsy_ActionButtonUpdate();
			</OnShow>
			<OnEvent>
				Gypsy_ActionButtonOnEvent(event);
			</OnEvent>
			<OnClick>
				if ( IsShiftKeyDown() ) then
					PickupAction(Gypsy_ActionButtonGetPagedID(this));
				else
					if ( MacroFrame_SaveMacro ) then
						MacroFrame_SaveMacro();
					end
					UseAction(Gypsy_ActionButtonGetPagedID(this), 1);
				end
				Gypsy_ActionButtonUpdateState();
			</OnClick>
			<OnDragStart>
				if ( LOCK_ACTIONBAR ~= "1" ) then
					PickupAction(Gypsy_ActionButtonGetPagedID(this));
					Gypsy_ActionButtonUpdateState();
				end
			</OnDragStart>
			<OnReceiveDrag>
				PlaceAction(Gypsy_ActionButtonGetPagedID(this));
				Gypsy_ActionButtonUpdateState();
			</OnReceiveDrag>
			<OnEnter>
				Gypsy_ActionButtonSetTooltip();
			</OnEnter>
			<OnLeave>
				this.updateTooltip = nil;
				GameTooltip:Hide();
			</OnLeave>
			<OnUpdate>
				Gypsy_ActionButtonOnUpdate(arg1);
			</OnUpdate>
		</Scripts>
	</CheckButton>
	<!-- GypsyMod action buttons, 1-17. The last 5 use a range of ID's at the very top that appear unused, since they do not page. -->
	<CheckButton name="Gypsy_ActionButton1" inherits="Gypsy_ActionButtonTemplate" parent="Gypsy_ActionBar" id="13">
		<Anchors>
			<Anchor point="TOPLEFT" relativeTo="Gypsy_ActionBar" relativePoint="TOPLEFT"/>
		</Anchors>
	</CheckButton>
	<CheckButton name="Gypsy_ActionButton2" inherits="Gypsy_ActionButtonTemplate" parent="Gypsy_ActionBar" id="14">
		<Anchors>
			<Anchor point="LEFT" relativeTo="Gypsy_ActionButton1" relativePoint="RIGHT">
				<Offset>
					<AbsDimension x="6" y="0"/>
				</Offset>
			</Anchor>
		</Anchors>
	</CheckButton>
	<CheckButton name="Gypsy_ActionButton3" inherits="Gypsy_ActionButtonTemplate" parent="Gypsy_ActionBar" id="15">
		<Anchors>
			<Anchor point="LEFT" relativeTo="Gypsy_ActionButton2" relativePoint="RIGHT">
				<Offset>
					<AbsDimension x="6" y="0"/>
				</Offset>
			</Anchor>
		</Anchors>
	</CheckButton>
	<CheckButton name="Gypsy_ActionButton4" inherits="Gypsy_ActionButtonTemplate" parent="Gypsy_ActionBar" id="16">
		<Anchors>
			<Anchor point="LEFT" relativeTo="Gypsy_ActionButton3" relativePoint="RIGHT">
				<Offset>
					<AbsDimension x="6" y="0"/>
				</Offset>
			</Anchor>
		</Anchors>
	</CheckButton>
	<CheckButton name="Gypsy_ActionButton5" inherits="Gypsy_ActionButtonTemplate" parent="Gypsy_ActionBar" id="17">
		<Anchors>
			<Anchor point="LEFT" relativeTo="Gypsy_ActionButton4" relativePoint="RIGHT">
				<Offset>
					<AbsDimension x="6" y="0"/>
				</Offset>
			</Anchor>
		</Anchors>
	</CheckButton>
	<CheckButton name="Gypsy_ActionButton6" inherits="Gypsy_ActionButtonTemplate" parent="Gypsy_ActionBar" id="18">
		<Anchors>
			<Anchor point="LEFT" relativeTo="Gypsy_ActionButton5" relativePoint="RIGHT">
				<Offset>
					<AbsDimension x="6" y="0"/>
				</Offset>
			</Anchor>
		</Anchors>
	</CheckButton>
	<CheckButton name="Gypsy_ActionButton7" inherits="Gypsy_ActionButtonTemplate" parent="Gypsy_ActionBar" id="19">
		<Anchors>
			<Anchor point="LEFT" relativeTo="Gypsy_ActionButton6" relativePoint="RIGHT">
				<Offset>
					<AbsDimension x="6" y="0"/>
				</Offset>
			</Anchor>
		</Anchors>
	</CheckButton>
	<CheckButton name="Gypsy_ActionButton8" inherits="Gypsy_ActionButtonTemplate" parent="Gypsy_ActionBar" id="20">
		<Anchors>
			<Anchor point="LEFT" relativeTo="Gypsy_ActionButton7" relativePoint="RIGHT">
				<Offset>
					<AbsDimension x="6" y="0"/>
				</Offset>
			</Anchor>
		</Anchors>
	</CheckButton>
	<CheckButton name="Gypsy_ActionButton9" inherits="Gypsy_ActionButtonTemplate" parent="Gypsy_ActionBar" id="21">
		<Anchors>
			<Anchor point="LEFT" relativeTo="Gypsy_ActionButton8" relativePoint="RIGHT">
				<Offset>
					<AbsDimension x="6" y="0"/>
				</Offset>
			</Anchor>
		</Anchors>
	</CheckButton>
	<CheckButton name="Gypsy_ActionButton10" inherits="Gypsy_ActionButtonTemplate" parent="Gypsy_ActionBar" id="22">
		<Anchors>
			<Anchor point="LEFT" relativeTo="Gypsy_ActionButton9" relativePoint="RIGHT">
				<Offset>
					<AbsDimension x="6" y="0"/>
				</Offset>
			</Anchor>
		</Anchors>
	</CheckButton>
	<CheckButton name="Gypsy_ActionButton11" inherits="Gypsy_ActionButtonTemplate" parent="Gypsy_ActionBar" id="23">
		<Anchors>
			<Anchor point="LEFT" relativeTo="Gypsy_ActionButton10" relativePoint="RIGHT">
				<Offset>
					<AbsDimension x="6" y="0"/>
				</Offset>
			</Anchor>
		</Anchors>
	</CheckButton>
	<CheckButton name="Gypsy_ActionButton12" inherits="Gypsy_ActionButtonTemplate" parent="Gypsy_ActionBar" id="24">
		<Anchors>
			<Anchor point="LEFT" relativeTo="Gypsy_ActionButton11" relativePoint="RIGHT">
				<Offset>
					<AbsDimension x="6" y="0"/>
				</Offset>
			</Anchor>
		</Anchors>
	</CheckButton>
	<CheckButton name="Gypsy_ActionButton13" inherits="Gypsy_ActionButtonTemplate" parent="Gypsy_ActionBar" id="110">
		<Anchors>
			<Anchor point="LEFT" relativeTo="Gypsy_ActionButton12" relativePoint="RIGHT">
				<Offset>
					<AbsDimension x="6" y="0"/>
				</Offset>
			</Anchor>
		</Anchors>
	</CheckButton>
	<CheckButton name="Gypsy_ActionButton14" inherits="Gypsy_ActionButtonTemplate" parent="Gypsy_ActionBar" id="111">
		<Anchors>
			<Anchor point="LEFT" relativeTo="Gypsy_ActionButton13" relativePoint="RIGHT">
				<Offset>
					<AbsDimension x="6" y="0"/>
				</Offset>
			</Anchor>
		</Anchors>
	</CheckButton>
	<CheckButton name="Gypsy_ActionButton15" inherits="Gypsy_ActionButtonTemplate" parent="Gypsy_ActionBar" id="112">
		<Anchors>
			<Anchor point="LEFT" relativeTo="Gypsy_ActionButton14" relativePoint="RIGHT">
				<Offset>
					<AbsDimension x="6" y="0"/>
				</Offset>
			</Anchor>
		</Anchors>
	</CheckButton>
	<CheckButton name="Gypsy_ActionButton16" inherits="Gypsy_ActionButtonTemplate" parent="Gypsy_ActionBar" id="113">
		<Anchors>
			<Anchor point="LEFT" relativeTo="Gypsy_ActionButton15" relativePoint="RIGHT">
				<Offset>
					<AbsDimension x="6" y="0"/>
				</Offset>
			</Anchor>
		</Anchors>
	</CheckButton>
	<CheckButton name="Gypsy_ActionButton17" inherits="Gypsy_ActionButtonTemplate" parent="Gypsy_ActionBar" id="114">
		<Anchors>
			<Anchor point="LEFT" relativeTo="Gypsy_ActionButton16" relativePoint="RIGHT">
				<Offset>
					<AbsDimension x="6" y="0"/>
				</Offset>
			</Anchor>
		</Anchors>
	</CheckButton>
</Ui>