<Ui xmlns="http://www.blizzard.com/wow/ui/" xmlns:xsi="http://www.w3.org/2001/XMLSchema-instance" xsi:schemaLocation="http://www.blizzard.com/wow/ui/
..\FrameXML\UI.xsd">
	<Script file="PopoutData.lua"/>

	<FontString name="YatlasPopoutDataTextTemplate" inherits="GameFontHighlight" virtual="true">
		<Anchors>
			<Anchor point="TOPLEFT">
				<Offset>
					<AbsDimension x="1" y="1"/>
				</Offset>
			</Anchor>
		</Anchors>
	</FontString>

	<Texture name="YatlasPopoutDataIconTemplate" virtual="true">
		<Anchors>
			<Anchor point="TOPLEFT">
				<Offset>
					<AbsDimension x="1" y="1"/>
				</Offset>
			</Anchor>
		</Anchors>
	</Texture>

	<Button name="YatlasPopoutData" hidden="true" enableMouse="true">
		<Size>
			<AbsDimension x="256" y="532"/>
		</Size>
		<Layers>
			<Layer level="OVERLAY">
				<FontString name="$parentCoordText" hidden="false" inherits="GameFontHighlight">
					<Anchors>
						<Anchor point="TOPRIGHT" relativePoint="TOPRIGHT">
							<Offset>
								<AbsDimension x="-14" y="1"/>
							</Offset>
						</Anchor>
					</Anchors>
				</FontString>
				<Texture name="$parentIcon1" hidden="true" inherits="YatlasPopoutDataIconTemplate"/>
				<Texture name="$parentIcon2" hidden="true" inherits="YatlasPopoutDataIconTemplate"/>
				<Texture name="$parentIcon3" hidden="true" inherits="YatlasPopoutDataIconTemplate"/>
				<Texture name="$parentIcon4" hidden="true" inherits="YatlasPopoutDataIconTemplate"/>
				<Texture name="$parentIcon5" hidden="true" inherits="YatlasPopoutDataIconTemplate"/>
				<Texture name="$parentIcon6" hidden="true" inherits="YatlasPopoutDataIconTemplate"/>
				<Texture name="$parentIcon7" hidden="true" inherits="YatlasPopoutDataIconTemplate"/>
				<Texture name="$parentIcon8" hidden="true" inherits="YatlasPopoutDataIconTemplate"/>
				<Texture name="$parentIcon9" hidden="true" inherits="YatlasPopoutDataIconTemplate"/>
				<Texture name="$parentIcon10" hidden="true" inherits="YatlasPopoutDataIconTemplate"/>
				<Texture name="$parentIcon11" hidden="true" inherits="YatlasPopoutDataIconTemplate"/>
				<Texture name="$parentIcon12" hidden="true" inherits="YatlasPopoutDataIconTemplate"/>
				<Texture name="$parentIcon13" hidden="true" inherits="YatlasPopoutDataIconTemplate"/>
				<Texture name="$parentIcon14" hidden="true" inherits="YatlasPopoutDataIconTemplate"/>
				<Texture name="$parentIcon15" hidden="true" inherits="YatlasPopoutDataIconTemplate"/>
				<Texture name="$parentIcon16" hidden="true" inherits="YatlasPopoutDataIconTemplate"/>
				<Texture name="$parentIcon17" hidden="true" inherits="YatlasPopoutDataIconTemplate"/>
				<Texture name="$parentIcon18" hidden="true" inherits="YatlasPopoutDataIconTemplate"/>
				<Texture name="$parentIcon19" hidden="true" inherits="YatlasPopoutDataIconTemplate"/>
				<Texture name="$parentIcon20" hidden="true" inherits="YatlasPopoutDataIconTemplate"/>
				<Texture name="$parentIcon21" hidden="true" inherits="YatlasPopoutDataIconTemplate"/>
				<Texture name="$parentIcon22" hidden="true" inherits="YatlasPopoutDataIconTemplate"/>
				<Texture name="$parentIcon23" hidden="true" inherits="YatlasPopoutDataIconTemplate"/>
				<Texture name="$parentIcon24" hidden="true" inherits="YatlasPopoutDataIconTemplate"/>
				<Texture name="$parentIcon25" hidden="true" inherits="YatlasPopoutDataIconTemplate"/>
				<Texture name="$parentIcon26" hidden="true" inherits="YatlasPopoutDataIconTemplate"/>
				<Texture name="$parentIcon27" hidden="true" inherits="YatlasPopoutDataIconTemplate"/>
				<Texture name="$parentIcon28" hidden="true" inherits="YatlasPopoutDataIconTemplate"/>
				<Texture name="$parentIcon29" hidden="true" inherits="YatlasPopoutDataIconTemplate"/>
				<Texture name="$parentIcon30" hidden="true" inherits="YatlasPopoutDataIconTemplate"/>
				<Texture name="$parentIcon31" hidden="true" inherits="YatlasPopoutDataIconTemplate"/>
				<Texture name="$parentIcon32" hidden="true" inherits="YatlasPopoutDataIconTemplate"/>
				<FontString name="$parentText1" hidden="true" inherits="YatlasPopoutDataTextTemplate"/>
				<FontString name="$parentText2" hidden="true" inherits="YatlasPopoutDataTextTemplate"/>
				<FontString name="$parentText3" hidden="true" inherits="YatlasPopoutDataTextTemplate"/>
				<FontString name="$parentText4" hidden="true" inherits="YatlasPopoutDataTextTemplate"/>
				<FontString name="$parentText5" hidden="true" inherits="YatlasPopoutDataTextTemplate"/>
				<FontString name="$parentText6" hidden="true" inherits="YatlasPopoutDataTextTemplate"/>
				<FontString name="$parentText7" hidden="true" inherits="YatlasPopoutDataTextTemplate"/>
				<FontString name="$parentText8" hidden="true" inherits="YatlasPopoutDataTextTemplate"/>
				<FontString name="$parentText9" hidden="true" inherits="YatlasPopoutDataTextTemplate"/>
				<FontString name="$parentText10" hidden="true" inherits="YatlasPopoutDataTextTemplate"/>
				<FontString name="$parentText11" hidden="true" inherits="YatlasPopoutDataTextTemplate"/>
				<FontString name="$parentText12" hidden="true" inherits="YatlasPopoutDataTextTemplate"/>
				<FontString name="$parentText13" hidden="true" inherits="YatlasPopoutDataTextTemplate"/>
				<FontString name="$parentText14" hidden="true" inherits="YatlasPopoutDataTextTemplate"/>
				<FontString name="$parentText15" hidden="true" inherits="YatlasPopoutDataTextTemplate"/>
				<FontString name="$parentText16" hidden="true" inherits="YatlasPopoutDataTextTemplate"/>
				<FontString name="$parentText17" hidden="true" inherits="YatlasPopoutDataTextTemplate"/>
				<FontString name="$parentText18" hidden="true" inherits="YatlasPopoutDataTextTemplate"/>
				<FontString name="$parentText19" hidden="true" inherits="YatlasPopoutDataTextTemplate"/>
				<FontString name="$parentText20" hidden="true" inherits="YatlasPopoutDataTextTemplate"/>
				<FontString name="$parentText21" hidden="true" inherits="YatlasPopoutDataTextTemplate"/>
				<FontString name="$parentText22" hidden="true" inherits="YatlasPopoutDataTextTemplate"/>
				<FontString name="$parentText23" hidden="true" inherits="YatlasPopoutDataTextTemplate"/>
				<FontString name="$parentText24" hidden="true" inherits="YatlasPopoutDataTextTemplate"/>
				<FontString name="$parentText25" hidden="true" inherits="YatlasPopoutDataTextTemplate"/>
				<FontString name="$parentText26" hidden="true" inherits="YatlasPopoutDataTextTemplate"/>
				<FontString name="$parentText27" hidden="true" inherits="YatlasPopoutDataTextTemplate"/>
				<FontString name="$parentText28" hidden="true" inherits="YatlasPopoutDataTextTemplate"/>
				<FontString name="$parentText29" hidden="true" inherits="YatlasPopoutDataTextTemplate"/>
				<FontString name="$parentText30" hidden="true" inherits="YatlasPopoutDataTextTemplate"/>
				<FontString name="$parentText31" hidden="true" inherits="YatlasPopoutDataTextTemplate"/>
				<FontString name="$parentText32" hidden="true" inherits="YatlasPopoutDataTextTemplate"/>
				<FontString name="$parentBigDrag" inherits="GameFontHighlight" text="YATLAS_BIGDRAGMESSAGE">
					<Size>
						<AbsDimension x="232" y="32"/>
					</Size>
					<Anchors>
						<Anchor point="BOTTOM" relativePoint="BOTTOM">
							<Offset>
								<AbsDimension x="1" y="5"/>
							</Offset>
						</Anchor>
					</Anchors>
				</FontString>
			</Layer>
			<Layer level="ARTWORK">
				<Texture name="$parentBGIcon1">
					<Anchors>
						<Anchor point="TOPLEFT" relativeTo="$parentIcon1">
							<Offset>
								<AbsDimension x="0" y="0"/>
							</Offset>
						</Anchor>
					</Anchors>
				</Texture>
				<Texture name="$parentBGIcon2">
					<Anchors>
						<Anchor point="TOPLEFT" relativeTo="$parentIcon2">
							<Offset>
								<AbsDimension x="0" y="0"/>
							</Offset>
						</Anchor>
					</Anchors>
				</Texture>
				<Texture name="$parentBGIcon3">
					<Anchors>
						<Anchor point="TOPLEFT" relativeTo="$parentIcon3">
							<Offset>
								<AbsDimension x="0" y="0"/>
							</Offset>
						</Anchor>
					</Anchors>
				</Texture>
				<Texture name="$parentBGIcon4">
					<Anchors>
						<Anchor point="TOPLEFT" relativeTo="$parentIcon4">
							<Offset>
								<AbsDimension x="0" y="0"/>
							</Offset>
						</Anchor>
					</Anchors>
				</Texture>
				<Texture name="$parentBGIcon5">
					<Anchors>
						<Anchor point="TOPLEFT" relativeTo="$parentIcon5">
							<Offset>
								<AbsDimension x="0" y="0"/>
							</Offset>
						</Anchor>
					</Anchors>
				</Texture>
				<Texture name="$parentBGIcon6">
					<Anchors>
						<Anchor point="TOPLEFT" relativeTo="$parentIcon6">
							<Offset>
								<AbsDimension x="0" y="0"/>
							</Offset>
						</Anchor>
					</Anchors>
				</Texture>
				<Texture name="$parentBGIcon7">
					<Anchors>
						<Anchor point="TOPLEFT" relativeTo="$parentIcon7">
							<Offset>
								<AbsDimension x="0" y="0"/>
							</Offset>
						</Anchor>
					</Anchors>
				</Texture>
				<Texture name="$parentBGIcon8">
					<Anchors>
						<Anchor point="TOPLEFT" relativeTo="$parentIcon8">
							<Offset>
								<AbsDimension x="0" y="0"/>
							</Offset>
						</Anchor>
					</Anchors>
				</Texture>
				<Texture name="$parentBGIcon9">
					<Anchors>
						<Anchor point="TOPLEFT" relativeTo="$parentIcon9">
							<Offset>
								<AbsDimension x="0" y="0"/>
							</Offset>
						</Anchor>
					</Anchors>
				</Texture>
				<Texture name="$parentBGIcon10">
					<Anchors>
						<Anchor point="TOPLEFT" relativeTo="$parentIcon10">
							<Offset>
								<AbsDimension x="0" y="0"/>
							</Offset>
						</Anchor>
					</Anchors>
				</Texture>
				<Texture name="$parentBGIcon11">
					<Anchors>
						<Anchor point="TOPLEFT" relativeTo="$parentIcon11">
							<Offset>
								<AbsDimension x="0" y="0"/>
							</Offset>
						</Anchor>
					</Anchors>
				</Texture>
				<Texture name="$parentBGIcon12">
					<Anchors>
						<Anchor point="TOPLEFT" relativeTo="$parentIcon12">
							<Offset>
								<AbsDimension x="0" y="0"/>
							</Offset>
						</Anchor>
					</Anchors>
				</Texture>
				<Texture name="$parentBGIcon13">
					<Anchors>
						<Anchor point="TOPLEFT" relativeTo="$parentIcon13">
							<Offset>
								<AbsDimension x="0" y="0"/>
							</Offset>
						</Anchor>
					</Anchors>
				</Texture>
				<Texture name="$parentBGIcon14">
					<Anchors>
						<Anchor point="TOPLEFT" relativeTo="$parentIcon14">
							<Offset>
								<AbsDimension x="0" y="0"/>
							</Offset>
						</Anchor>
					</Anchors>
				</Texture>
				<Texture name="$parentBGIcon15">
					<Anchors>
						<Anchor point="TOPLEFT" relativeTo="$parentIcon15">
							<Offset>
								<AbsDimension x="0" y="0"/>
							</Offset>
						</Anchor>
					</Anchors>
				</Texture>
				<Texture name="$parentBGIcon16">
					<Anchors>
						<Anchor point="TOPLEFT" relativeTo="$parentIcon16">
							<Offset>
								<AbsDimension x="0" y="0"/>
							</Offset>
						</Anchor>
					</Anchors>
				</Texture>
				<Texture name="$parentBGIcon17">
					<Anchors>
						<Anchor point="TOPLEFT" relativeTo="$parentIcon17">
							<Offset>
								<AbsDimension x="0" y="0"/>
							</Offset>
						</Anchor>
					</Anchors>
				</Texture>
				<Texture name="$parentBGIcon18">
					<Anchors>
						<Anchor point="TOPLEFT" relativeTo="$parentIcon18">
							<Offset>
								<AbsDimension x="0" y="0"/>
							</Offset>
						</Anchor>
					</Anchors>
				</Texture>
				<Texture name="$parentBGIcon19">
					<Anchors>
						<Anchor point="TOPLEFT" relativeTo="$parentIcon19">
							<Offset>
								<AbsDimension x="0" y="0"/>
							</Offset>
						</Anchor>
					</Anchors>
				</Texture>
				<Texture name="$parentBGIcon20">
					<Anchors>
						<Anchor point="TOPLEFT" relativeTo="$parentIcon20">
							<Offset>
								<AbsDimension x="0" y="0"/>
							</Offset>
						</Anchor>
					</Anchors>
				</Texture>
				<Texture name="$parentBGIcon21">
					<Anchors>
						<Anchor point="TOPLEFT" relativeTo="$parentIcon21">
							<Offset>
								<AbsDimension x="0" y="0"/>
							</Offset>
						</Anchor>
					</Anchors>
				</Texture>
				<Texture name="$parentBGIcon22">
					<Anchors>
						<Anchor point="TOPLEFT" relativeTo="$parentIcon22">
							<Offset>
								<AbsDimension x="0" y="0"/>
							</Offset>
						</Anchor>
					</Anchors>
				</Texture>
				<Texture name="$parentBGIcon23">
					<Anchors>
						<Anchor point="TOPLEFT" relativeTo="$parentIcon23">
							<Offset>
								<AbsDimension x="0" y="0"/>
							</Offset>
						</Anchor>
					</Anchors>
				</Texture>
				<Texture name="$parentBGIcon24">
					<Anchors>
						<Anchor point="TOPLEFT" relativeTo="$parentIcon24">
							<Offset>
								<AbsDimension x="0" y="0"/>
							</Offset>
						</Anchor>
					</Anchors>
				</Texture>
				<Texture name="$parentBGIcon25">
					<Anchors>
						<Anchor point="TOPLEFT" relativeTo="$parentIcon25">
							<Offset>
								<AbsDimension x="0" y="0"/>
							</Offset>
						</Anchor>
					</Anchors>
				</Texture>
				<Texture name="$parentBGIcon26">
					<Anchors>
						<Anchor point="TOPLEFT" relativeTo="$parentIcon26">
							<Offset>
								<AbsDimension x="0" y="0"/>
							</Offset>
						</Anchor>
					</Anchors>
				</Texture>
				<Texture name="$parentBGIcon27">
					<Anchors>
						<Anchor point="TOPLEFT" relativeTo="$parentIcon27">
							<Offset>
								<AbsDimension x="0" y="0"/>
							</Offset>
						</Anchor>
					</Anchors>
				</Texture>
				<Texture name="$parentBGIcon28">
					<Anchors>
						<Anchor point="TOPLEFT" relativeTo="$parentIcon28">
							<Offset>
								<AbsDimension x="0" y="0"/>
							</Offset>
						</Anchor>
					</Anchors>
				</Texture>
				<Texture name="$parentBGIcon29">
					<Anchors>
						<Anchor point="TOPLEFT" relativeTo="$parentIcon29">
							<Offset>
								<AbsDimension x="0" y="0"/>
							</Offset>
						</Anchor>
					</Anchors>
				</Texture>
				<Texture name="$parentBGIcon30">
					<Anchors>
						<Anchor point="TOPLEFT" relativeTo="$parentIcon30">
							<Offset>
								<AbsDimension x="0" y="0"/>
							</Offset>
						</Anchor>
					</Anchors>
				</Texture>
				<Texture name="$parentBGIcon31">
					<Anchors>
						<Anchor point="TOPLEFT" relativeTo="$parentIcon31">
							<Offset>
								<AbsDimension x="0" y="0"/>
							</Offset>
						</Anchor>
					</Anchors>
				</Texture>
				<Texture name="$parentBGIcon32">
					<Anchors>
						<Anchor point="TOPLEFT" relativeTo="$parentIcon32">
							<Offset>
								<AbsDimension x="0" y="0"/>
							</Offset>
						</Anchor>
					</Anchors>
				</Texture>
			</Layer>
		</Layers>
		<Scripts>
			<OnLoad>
				-- FIXME...this isn't right
				this:SetPoint("TOPLEFT","YatlasPopoutFrameHolder","TOPLEFT",0,-4);
				this:SetFrameStrata("DIALOG");
				this:SetParent(YatlasPopoutFrameHolder);
				this.elapsedupdate = 0;
			</OnLoad>
			<OnClick>
				YatlasPopoutData_OnClick();
			</OnClick>
			<OnUpdate>
				YatlasPopoutData_OnUpdate();
			</OnUpdate>
		</Scripts>
	</Button>
</Ui>