<Ui xmlns="http://www.blizzard.com/wow/ui/" 
    xmlns:xsi="http://www.w3.org/2001/XMLSchema-instance"
    xsi:schemaLocation="http://www.blizzard.com/wow/ui/
..\..\FrameXML\UI.xsd">
	<Texture name="YatlasMapTextureTemplate" virtual="true">
		<Size>
			<AbsDimension x="64" y="64"/>
		</Size>
		<Anchors>
			<Anchor point="TOPLEFT">
				<Offset>
					<AbsDimension x="6" y="-4"/>
				</Offset>
			</Anchor>
		</Anchors>
	</Texture>

	<Frame name="YatlasFrameTemplate" virtual="true">
		<Scripts>
			<OnLoad>
			    YatlasFrame_Bootstrap();
			</OnLoad>
			<OnShow>
				if(YatlasOptions and YatlasOptions.Frames) then
					local o = YatlasOptions.Frames[this:GetName()];
					if(o.track) then
						YatlasFramePlayerJumpButton_Seek(this, o.track);
					elseif(o.trackonshow) then
						 YatlasFramePlayerJumpButton_Seek(this, o.trackonshow);
					end
				end
			</OnShow>
			<OnDragStart>
				if(YatlasOptions.Frames and not YatlasOptions.Frames[this:GetName()].Locked) then
					this:StartMoving();
					this.isMoving = true;
				end
			</OnDragStart>
			<OnDragStop>
				if(this.isMoving) then
					this:StopMovingOrSizing();
					this.isMoving = false;
				end
			</OnDragStop>
			<OnUpdate>
				if(this.OnUpdate) then
					this:OnUpdate(arg1);
				end
			</OnUpdate>
			<OnEvent>
				this:OnEvent(event);
			</OnEvent>
		</Scripts>
	</Frame>

	<Frame name="YatlasFrameViewTemplate" virtual="true">
		<Scripts>
			<OnLoad>
				this.lastoux = 0;
				this.lastouy = 0;
			</OnLoad>
			<OnEnter>
				this.inme = true;
			</OnEnter>
			<OnLeave>
				this.inme = false;
			</OnLeave>
			<OnDragStart>
				this.dragme = true;
				ya_lastdragx = nil;
				ya_lastdragy = nil;
				YA_elapsed = 0;
			</OnDragStart>
			<OnDragStop>
				this.dragme = false;
				this:GetParent():UpdateDropDown2();
			</OnDragStop>
			<OnHide>
				this.dragme = false;
			</OnHide>
			<OnUpdate>
				if(this.dragme) then
					YatlasFrameViewFrame_OnDrag();
				end
				if(this.inme and this:GetParent() == YatlasFrame and YatlasOptions.ShowCursorCoords) then
					YatlasFrameViewFrame_UpdateCursorCoord();
				end
				if(this.inpoint) then
					YatlasFrameViewFrame_UpdatePointTooltip();
				end
			</OnUpdate>
			<OnMouseWheel>
				this:GetParent():SetZoom(this:GetParent():GetZoom()+arg1*24);
			</OnMouseWheel>
		</Scripts>
	</Frame>

	<Frame name="YatlasFrameTemplatePreBuilt" virtual="true" inherits="YatlasFrameTemplate" enableMouse="true">
		<Layers>
			<Layer level="BACKGROUND">
				<Texture name="$parentMapTexture1" inherits="YatlasMapTextureTemplate" />
				<Texture name="$parentMapTexture2" inherits="YatlasMapTextureTemplate" />
				<Texture name="$parentMapTexture3" inherits="YatlasMapTextureTemplate" />
				<Texture name="$parentMapTexture4" inherits="YatlasMapTextureTemplate" />
				<Texture name="$parentMapTexture5" inherits="YatlasMapTextureTemplate" />
				<Texture name="$parentMapTexture6" inherits="YatlasMapTextureTemplate" />
				<Texture name="$parentMapTexture7" inherits="YatlasMapTextureTemplate" />
				<Texture name="$parentMapTexture8" inherits="YatlasMapTextureTemplate" />
				<Texture name="$parentMapTexture9" inherits="YatlasMapTextureTemplate" />
				<Texture name="$parentMapTexture10" inherits="YatlasMapTextureTemplate" />
				<Texture name="$parentMapTexture11" inherits="YatlasMapTextureTemplate" />
				<Texture name="$parentMapTexture12" inherits="YatlasMapTextureTemplate" />
				<Texture name="$parentMapTexture13" inherits="YatlasMapTextureTemplate" />
				<Texture name="$parentMapTexture14" inherits="YatlasMapTextureTemplate" />
				<Texture name="$parentMapTexture15" inherits="YatlasMapTextureTemplate" />
				<Texture name="$parentMapTexture16" inherits="YatlasMapTextureTemplate" />
				<Texture name="$parentMapTexture17" inherits="YatlasMapTextureTemplate" />
				<Texture name="$parentMapTexture18" inherits="YatlasMapTextureTemplate" />
				<Texture name="$parentMapTexture19" inherits="YatlasMapTextureTemplate" />
				<Texture name="$parentMapTexture20" inherits="YatlasMapTextureTemplate" />
				<Texture name="$parentMapTexture21" inherits="YatlasMapTextureTemplate" />
				<Texture name="$parentMapTexture22" inherits="YatlasMapTextureTemplate" />
				<Texture name="$parentMapTexture23" inherits="YatlasMapTextureTemplate" />
				<Texture name="$parentMapTexture24" inherits="YatlasMapTextureTemplate" />
				<Texture name="$parentMapTexture25" inherits="YatlasMapTextureTemplate" />
				<Texture name="$parentMapTexture26" inherits="YatlasMapTextureTemplate" />
				<Texture name="$parentMapTexture27" inherits="YatlasMapTextureTemplate" />
				<Texture name="$parentMapTexture28" inherits="YatlasMapTextureTemplate" />
				<Texture name="$parentMapTexture29" inherits="YatlasMapTextureTemplate" />
				<Texture name="$parentMapTexture30" inherits="YatlasMapTextureTemplate" />
				<Texture name="$parentMapTexture31" inherits="YatlasMapTextureTemplate" />
				<Texture name="$parentMapTexture32" inherits="YatlasMapTextureTemplate" />
				<Texture name="$parentMapTexture33" inherits="YatlasMapTextureTemplate" />
				<Texture name="$parentMapTexture34" inherits="YatlasMapTextureTemplate" />
				<Texture name="$parentMapTexture35" inherits="YatlasMapTextureTemplate" />
				<Texture name="$parentMapTexture36" inherits="YatlasMapTextureTemplate" />
				<Texture name="$parentMapTexture37" inherits="YatlasMapTextureTemplate" />
				<Texture name="$parentMapTexture38" inherits="YatlasMapTextureTemplate" />
				<Texture name="$parentMapTexture39" inherits="YatlasMapTextureTemplate" />
				<Texture name="$parentMapTexture40" inherits="YatlasMapTextureTemplate" />
				<Texture name="$parentMapTexture41" inherits="YatlasMapTextureTemplate" />
				<Texture name="$parentMapTexture42" inherits="YatlasMapTextureTemplate" />
				<Texture name="$parentMapTexture43" inherits="YatlasMapTextureTemplate" />
				<Texture name="$parentMapTexture44" inherits="YatlasMapTextureTemplate" />
				<Texture name="$parentMapTexture45" inherits="YatlasMapTextureTemplate" />
				<Texture name="$parentMapTexture46" inherits="YatlasMapTextureTemplate" />
				<Texture name="$parentMapTexture47" inherits="YatlasMapTextureTemplate" />
				<Texture name="$parentMapTexture48" inherits="YatlasMapTextureTemplate" />
				<Texture name="$parentMapTexture49" inherits="YatlasMapTextureTemplate" />
				<Texture name="$parentMapTexture50" inherits="YatlasMapTextureTemplate" />
				<Texture name="$parentMapTexture51" inherits="YatlasMapTextureTemplate" />
				<Texture name="$parentMapTexture52" inherits="YatlasMapTextureTemplate" />
				<Texture name="$parentMapTexture53" inherits="YatlasMapTextureTemplate" />
				<Texture name="$parentMapTexture54" inherits="YatlasMapTextureTemplate" />
				<Texture name="$parentMapTexture55" inherits="YatlasMapTextureTemplate" />
				<Texture name="$parentMapTexture56" inherits="YatlasMapTextureTemplate" />
				<Texture name="$parentMapTexture57" inherits="YatlasMapTextureTemplate" />
				<Texture name="$parentMapTexture58" inherits="YatlasMapTextureTemplate" />
				<Texture name="$parentMapTexture59" inherits="YatlasMapTextureTemplate" />
				<Texture name="$parentMapTexture60" inherits="YatlasMapTextureTemplate" />
				<Texture name="$parentMapTexture61" inherits="YatlasMapTextureTemplate" />
				<Texture name="$parentMapTexture62" inherits="YatlasMapTextureTemplate" />
				<Texture name="$parentMapTexture63" inherits="YatlasMapTextureTemplate" />
				<Texture name="$parentMapTexture64" inherits="YatlasMapTextureTemplate" />
				<Texture name="$parentMapTexture65" inherits="YatlasMapTextureTemplate" />
				<Texture name="$parentMapTexture66" inherits="YatlasMapTextureTemplate" />
				<Texture name="$parentMapTexture67" inherits="YatlasMapTextureTemplate" />
				<Texture name="$parentMapTexture68" inherits="YatlasMapTextureTemplate" />
				<Texture name="$parentMapTexture69" inherits="YatlasMapTextureTemplate" />
				<Texture name="$parentMapTexture70" inherits="YatlasMapTextureTemplate" />
				<Texture name="$parentMapTexture71" inherits="YatlasMapTextureTemplate" />
				<Texture name="$parentMapTexture72" inherits="YatlasMapTextureTemplate" />
				<Texture name="$parentMapTexture73" inherits="YatlasMapTextureTemplate" />
				<Texture name="$parentMapTexture74" inherits="YatlasMapTextureTemplate" />
				<Texture name="$parentMapTexture75" inherits="YatlasMapTextureTemplate" />
				<Texture name="$parentMapTexture76" inherits="YatlasMapTextureTemplate" />
				<Texture name="$parentMapTexture77" inherits="YatlasMapTextureTemplate" />
				<Texture name="$parentMapTexture78" inherits="YatlasMapTextureTemplate" />
				<Texture name="$parentMapTexture79" inherits="YatlasMapTextureTemplate" />
				<Texture name="$parentMapTexture80" inherits="YatlasMapTextureTemplate" />
				<Texture name="$parentMapTexture81" inherits="YatlasMapTextureTemplate" />
				<Texture name="$parentMapTexture82" inherits="YatlasMapTextureTemplate" />
				<Texture name="$parentMapTexture83" inherits="YatlasMapTextureTemplate" />
				<Texture name="$parentMapTexture84" inherits="YatlasMapTextureTemplate" />
				<Texture name="$parentMapTexture85" inherits="YatlasMapTextureTemplate" />
				<Texture name="$parentMapTexture86" inherits="YatlasMapTextureTemplate" />
				<Texture name="$parentMapTexture87" inherits="YatlasMapTextureTemplate" />
				<Texture name="$parentMapTexture88" inherits="YatlasMapTextureTemplate" />
				<Texture name="$parentMapTexture89" inherits="YatlasMapTextureTemplate" />
				<Texture name="$parentMapTexture90" inherits="YatlasMapTextureTemplate" />
				<Texture name="$parentMapTexture91" inherits="YatlasMapTextureTemplate" />
				<Texture name="$parentMapTexture92" inherits="YatlasMapTextureTemplate" />
				<Texture name="$parentMapTexture93" inherits="YatlasMapTextureTemplate" />
				<Texture name="$parentMapTexture94" inherits="YatlasMapTextureTemplate" />
				<Texture name="$parentMapTexture95" inherits="YatlasMapTextureTemplate" />
				<Texture name="$parentMapTexture96" inherits="YatlasMapTextureTemplate" />
				<Texture name="$parentMapTexture97" inherits="YatlasMapTextureTemplate" />
				<Texture name="$parentMapTexture98" inherits="YatlasMapTextureTemplate" />
				<Texture name="$parentMapTexture99" inherits="YatlasMapTextureTemplate" />
				<Texture name="$parentMapTexture100" inherits="YatlasMapTextureTemplate" />
				<Texture name="$parentMapTexture101" inherits="YatlasMapTextureTemplate" />
				<Texture name="$parentMapTexture102" inherits="YatlasMapTextureTemplate" />
				<Texture name="$parentMapTexture103" inherits="YatlasMapTextureTemplate" />
				<Texture name="$parentMapTexture104" inherits="YatlasMapTextureTemplate" />
				<Texture name="$parentMapTexture105" inherits="YatlasMapTextureTemplate" />
				<Texture name="$parentMapTexture106" inherits="YatlasMapTextureTemplate" />
				<Texture name="$parentMapTexture107" inherits="YatlasMapTextureTemplate" />
				<Texture name="$parentMapTexture108" inherits="YatlasMapTextureTemplate" />
				<Texture name="$parentMapTexture109" inherits="YatlasMapTextureTemplate" />
				<Texture name="$parentMapTexture110" inherits="YatlasMapTextureTemplate" />
				<Texture name="$parentMapTexture111" inherits="YatlasMapTextureTemplate" />
				<Texture name="$parentMapTexture112" inherits="YatlasMapTextureTemplate" />
				<Texture name="$parentMapTexture113" inherits="YatlasMapTextureTemplate" />
				<Texture name="$parentMapTexture114" inherits="YatlasMapTextureTemplate" />
				<Texture name="$parentMapTexture115" inherits="YatlasMapTextureTemplate" />
				<Texture name="$parentMapTexture116" inherits="YatlasMapTextureTemplate" />
				<Texture name="$parentMapTexture117" inherits="YatlasMapTextureTemplate" />
				<Texture name="$parentMapTexture118" inherits="YatlasMapTextureTemplate" />
				<Texture name="$parentMapTexture119" inherits="YatlasMapTextureTemplate" />
				<Texture name="$parentMapTexture120" inherits="YatlasMapTextureTemplate" />
				<Texture name="$parentMapTexture121" inherits="YatlasMapTextureTemplate" />
				<Texture name="$parentMapTexture122" inherits="YatlasMapTextureTemplate" />
				<Texture name="$parentMapTexture123" inherits="YatlasMapTextureTemplate" />
				<Texture name="$parentMapTexture124" inherits="YatlasMapTextureTemplate" />
				<Texture name="$parentMapTexture125" inherits="YatlasMapTextureTemplate" />
				<Texture name="$parentMapTexture126" inherits="YatlasMapTextureTemplate" />
				<Texture name="$parentMapTexture127" inherits="YatlasMapTextureTemplate" />
				<Texture name="$parentMapTexture128" inherits="YatlasMapTextureTemplate" />
				<Texture name="$parentMapTexture129" inherits="YatlasMapTextureTemplate" />
				<Texture name="$parentMapTexture130" inherits="YatlasMapTextureTemplate" />
				<Texture name="$parentMapTexture131" inherits="YatlasMapTextureTemplate" />
				<Texture name="$parentMapTexture132" inherits="YatlasMapTextureTemplate" />
				<Texture name="$parentMapTexture133" inherits="YatlasMapTextureTemplate" />
				<Texture name="$parentMapTexture134" inherits="YatlasMapTextureTemplate" />
				<Texture name="$parentMapTexture135" inherits="YatlasMapTextureTemplate" />
				<Texture name="$parentMapTexture136" inherits="YatlasMapTextureTemplate" />
				<Texture name="$parentMapTexture137" inherits="YatlasMapTextureTemplate" />
				<Texture name="$parentMapTexture138" inherits="YatlasMapTextureTemplate" />
				<Texture name="$parentMapTexture139" inherits="YatlasMapTextureTemplate" />
				<Texture name="$parentMapTexture140" inherits="YatlasMapTextureTemplate" />
				<Texture name="$parentMapTexture141" inherits="YatlasMapTextureTemplate" />
				<Texture name="$parentMapTexture142" inherits="YatlasMapTextureTemplate" />
				<Texture name="$parentMapTexture143" inherits="YatlasMapTextureTemplate" />
				<Texture name="$parentMapTexture144" inherits="YatlasMapTextureTemplate" />
				<Texture name="$parentMapTexture145" inherits="YatlasMapTextureTemplate" />
				<Texture name="$parentMapTexture146" inherits="YatlasMapTextureTemplate" />
				<Texture name="$parentMapTexture147" inherits="YatlasMapTextureTemplate" />
				<Texture name="$parentMapTexture148" inherits="YatlasMapTextureTemplate" />
				<Texture name="$parentMapTexture149" inherits="YatlasMapTextureTemplate" />
				<Texture name="$parentMapTexture150" inherits="YatlasMapTextureTemplate" />
				<Texture name="$parentMapTexture151" inherits="YatlasMapTextureTemplate" />
				<Texture name="$parentMapTexture152" inherits="YatlasMapTextureTemplate" />
				<Texture name="$parentMapTexture153" inherits="YatlasMapTextureTemplate" />
				<Texture name="$parentMapTexture154" inherits="YatlasMapTextureTemplate" />
				<Texture name="$parentMapTexture155" inherits="YatlasMapTextureTemplate" />
				<Texture name="$parentMapTexture156" inherits="YatlasMapTextureTemplate" />
				<Texture name="$parentMapTexture157" inherits="YatlasMapTextureTemplate" />
				<Texture name="$parentMapTexture158" inherits="YatlasMapTextureTemplate" />
				<Texture name="$parentMapTexture159" inherits="YatlasMapTextureTemplate" />
				<Texture name="$parentMapTexture160" inherits="YatlasMapTextureTemplate" />
				<Texture name="$parentMapTexture161" inherits="YatlasMapTextureTemplate" />
				<Texture name="$parentMapTexture162" inherits="YatlasMapTextureTemplate" />
				<Texture name="$parentMapTexture163" inherits="YatlasMapTextureTemplate" />
				<Texture name="$parentMapTexture164" inherits="YatlasMapTextureTemplate" />
				<Texture name="$parentMapTexture165" inherits="YatlasMapTextureTemplate" />
				<Texture name="$parentMapTexture166" inherits="YatlasMapTextureTemplate" />
				<Texture name="$parentMapTexture167" inherits="YatlasMapTextureTemplate" />
				<Texture name="$parentMapTexture168" inherits="YatlasMapTextureTemplate" />
				<Texture name="$parentMapTexture169" inherits="YatlasMapTextureTemplate" />
				<Texture name="$parentMapTexture170" inherits="YatlasMapTextureTemplate" />
				<Texture name="$parentMapTexture171" inherits="YatlasMapTextureTemplate" />
				<Texture name="$parentMapTexture172" inherits="YatlasMapTextureTemplate" />
				<Texture name="$parentMapTexture173" inherits="YatlasMapTextureTemplate" />
				<Texture name="$parentMapTexture174" inherits="YatlasMapTextureTemplate" />
				<Texture name="$parentMapTexture175" inherits="YatlasMapTextureTemplate" />
				<Texture name="$parentMapTexture176" inherits="YatlasMapTextureTemplate" />
				<Texture name="$parentMapTexture177" inherits="YatlasMapTextureTemplate" />
				<Texture name="$parentMapTexture178" inherits="YatlasMapTextureTemplate" />
				<Texture name="$parentMapTexture179" inherits="YatlasMapTextureTemplate" />
				<Texture name="$parentMapTexture180" inherits="YatlasMapTextureTemplate" />
				<Texture name="$parentMapTexture181" inherits="YatlasMapTextureTemplate" />
				<Texture name="$parentMapTexture182" inherits="YatlasMapTextureTemplate" />
				<Texture name="$parentMapTexture183" inherits="YatlasMapTextureTemplate" />
				<Texture name="$parentMapTexture184" inherits="YatlasMapTextureTemplate" />
				<Texture name="$parentMapTexture185" inherits="YatlasMapTextureTemplate" />
				<Texture name="$parentMapTexture186" inherits="YatlasMapTextureTemplate" />
				<Texture name="$parentMapTexture187" inherits="YatlasMapTextureTemplate" />
				<Texture name="$parentMapTexture188" inherits="YatlasMapTextureTemplate" />
				<Texture name="$parentMapTexture189" inherits="YatlasMapTextureTemplate" />
				<Texture name="$parentMapTexture190" inherits="YatlasMapTextureTemplate" />
				<Texture name="$parentMapTexture191" inherits="YatlasMapTextureTemplate" />
				<Texture name="$parentMapTexture192" inherits="YatlasMapTextureTemplate" />
				<Texture name="$parentMapTexture193" inherits="YatlasMapTextureTemplate" />
				<Texture name="$parentMapTexture194" inherits="YatlasMapTextureTemplate" />
				<Texture name="$parentMapTexture195" inherits="YatlasMapTextureTemplate" />
				<Texture name="$parentMapTexture196" inherits="YatlasMapTextureTemplate" />
				<Texture name="$parentMapTexture197" inherits="YatlasMapTextureTemplate" />
				<Texture name="$parentMapTexture198" inherits="YatlasMapTextureTemplate" />
				<Texture name="$parentMapTexture199" inherits="YatlasMapTextureTemplate" />
				<Texture name="$parentMapTexture200" inherits="YatlasMapTextureTemplate" />
				<Texture name="$parentMapTexture201" inherits="YatlasMapTextureTemplate" />
				<Texture name="$parentMapTexture202" inherits="YatlasMapTextureTemplate" />
				<Texture name="$parentMapTexture203" inherits="YatlasMapTextureTemplate" />
				<Texture name="$parentMapTexture204" inherits="YatlasMapTextureTemplate" />
				<Texture name="$parentMapTexture205" inherits="YatlasMapTextureTemplate" />
				<Texture name="$parentMapTexture206" inherits="YatlasMapTextureTemplate" />
				<Texture name="$parentMapTexture207" inherits="YatlasMapTextureTemplate" />
				<Texture name="$parentMapTexture208" inherits="YatlasMapTextureTemplate" />
				<Texture name="$parentMapTexture209" inherits="YatlasMapTextureTemplate" />
				<Texture name="$parentMapTexture210" inherits="YatlasMapTextureTemplate" />
				<Texture name="$parentMapTexture211" inherits="YatlasMapTextureTemplate" />
				<Texture name="$parentMapTexture212" inherits="YatlasMapTextureTemplate" />
				<Texture name="$parentMapTexture213" inherits="YatlasMapTextureTemplate" />
				<Texture name="$parentMapTexture214" inherits="YatlasMapTextureTemplate" />
				<Texture name="$parentMapTexture215" inherits="YatlasMapTextureTemplate" />
				<Texture name="$parentMapTexture216" inherits="YatlasMapTextureTemplate" />
				<Texture name="$parentMapTexture217" inherits="YatlasMapTextureTemplate" />
				<Texture name="$parentMapTexture218" inherits="YatlasMapTextureTemplate" />
				<Texture name="$parentMapTexture219" inherits="YatlasMapTextureTemplate" />
				<Texture name="$parentMapTexture220" inherits="YatlasMapTextureTemplate" />
				<Texture name="$parentMapTexture221" inherits="YatlasMapTextureTemplate" />
				<Texture name="$parentMapTexture222" inherits="YatlasMapTextureTemplate" />
				<Texture name="$parentMapTexture223" inherits="YatlasMapTextureTemplate" />
				<Texture name="$parentMapTexture224" inherits="YatlasMapTextureTemplate" />
				<Texture name="$parentMapTexture225" inherits="YatlasMapTextureTemplate" />
				<Texture name="$parentMapTexture226" inherits="YatlasMapTextureTemplate" />
				<Texture name="$parentMapTexture227" inherits="YatlasMapTextureTemplate" />
				<Texture name="$parentMapTexture228" inherits="YatlasMapTextureTemplate" />
				<Texture name="$parentMapTexture229" inherits="YatlasMapTextureTemplate" />
				<Texture name="$parentMapTexture230" inherits="YatlasMapTextureTemplate" />
				<Texture name="$parentMapTexture231" inherits="YatlasMapTextureTemplate" />
				<Texture name="$parentMapTexture232" inherits="YatlasMapTextureTemplate" />
				<Texture name="$parentMapTexture233" inherits="YatlasMapTextureTemplate" />
				<Texture name="$parentMapTexture234" inherits="YatlasMapTextureTemplate" />
				<Texture name="$parentMapTexture235" inherits="YatlasMapTextureTemplate" />
				<Texture name="$parentMapTexture236" inherits="YatlasMapTextureTemplate" />
				<Texture name="$parentMapTexture237" inherits="YatlasMapTextureTemplate" />
				<Texture name="$parentMapTexture238" inherits="YatlasMapTextureTemplate" />
				<Texture name="$parentMapTexture239" inherits="YatlasMapTextureTemplate" />
				<Texture name="$parentMapTexture240" inherits="YatlasMapTextureTemplate" />
				<Texture name="$parentMapTexture241" inherits="YatlasMapTextureTemplate" />
				<Texture name="$parentMapTexture242" inherits="YatlasMapTextureTemplate" />
				<Texture name="$parentMapTexture243" inherits="YatlasMapTextureTemplate" />
				<Texture name="$parentMapTexture244" inherits="YatlasMapTextureTemplate" />
				<Texture name="$parentMapTexture245" inherits="YatlasMapTextureTemplate" />
				<Texture name="$parentMapTexture246" inherits="YatlasMapTextureTemplate" />
				<Texture name="$parentMapTexture247" inherits="YatlasMapTextureTemplate" />
				<Texture name="$parentMapTexture248" inherits="YatlasMapTextureTemplate" />
				<Texture name="$parentMapTexture249" inherits="YatlasMapTextureTemplate" />
				<Texture name="$parentMapTexture250" inherits="YatlasMapTextureTemplate" />
				<Texture name="$parentMapTexture251" inherits="YatlasMapTextureTemplate" />
				<Texture name="$parentMapTexture252" inherits="YatlasMapTextureTemplate" />
				<Texture name="$parentMapTexture253" inherits="YatlasMapTextureTemplate" />
				<Texture name="$parentMapTexture254" inherits="YatlasMapTextureTemplate" />
				<Texture name="$parentMapTexture255" inherits="YatlasMapTextureTemplate" />
				<Texture name="$parentMapTexture256" inherits="YatlasMapTextureTemplate" />
			</Layer>
			<Layer level="OVERLAY">
				<!-- -->
				<Texture name="$parentPTexture1">
					<Size>
						<AbsDimension x="1" y="1"/>
					</Size>
					<Anchors>
						<Anchor point="TOPLEFT">
							<Offset>
								<AbsDimension x="0" y="0"/>
							</Offset>
						</Anchor>
					</Anchors>
				</Texture>
				<Texture name="$parentPTexture2">
					<Size>
						<AbsDimension x="1" y="1"/>
					</Size>
					<Anchors>
						<Anchor point="TOPLEFT">
							<Offset>
								<AbsDimension x="0" y="0"/>
							</Offset>
						</Anchor>
					</Anchors>
				</Texture>
				<Texture name="$parentPTexture3">
					<Size>
						<AbsDimension x="1" y="1"/>
					</Size>
					<Anchors>
						<Anchor point="TOPLEFT">
							<Offset>
								<AbsDimension x="0" y="0"/>
							</Offset>
						</Anchor>
					</Anchors>
				</Texture>
				<Texture name="$parentPTexture4">
					<Size>
						<AbsDimension x="1" y="1"/>
					</Size>
					<Anchors>
						<Anchor point="TOPLEFT">
							<Offset>
								<AbsDimension x="0" y="0"/>
							</Offset>
						</Anchor>
					</Anchors>
				</Texture>
				<Texture name="$parentPTexture5">
					<Size>
						<AbsDimension x="1" y="1"/>
					</Size>
					<Anchors>
						<Anchor point="TOPLEFT">
							<Offset>
								<AbsDimension x="0" y="0"/>
							</Offset>
						</Anchor>
					</Anchors>
				</Texture>
				<Texture name="$parentPTexture6">
					<Size>
						<AbsDimension x="1" y="1"/>
					</Size>
					<Anchors>
						<Anchor point="TOPLEFT">
							<Offset>
								<AbsDimension x="0" y="0"/>
							</Offset>
						</Anchor>
					</Anchors>
				</Texture>
				<Texture name="$parentPTexture7">
					<Size>
						<AbsDimension x="1" y="1"/>
					</Size>
					<Anchors>
						<Anchor point="TOPLEFT">
							<Offset>
								<AbsDimension x="0" y="0"/>
							</Offset>
						</Anchor>
					</Anchors>
				</Texture>
				<Texture name="$parentPTexture8">
					<Size>
						<AbsDimension x="1" y="1"/>
					</Size>
					<Anchors>
						<Anchor point="TOPLEFT">
							<Offset>
								<AbsDimension x="0" y="0"/>
							</Offset>
						</Anchor>
					</Anchors>
				</Texture>
				<Texture name="$parentPTexture9">
					<Size>
						<AbsDimension x="1" y="1"/>
					</Size>
					<Anchors>
						<Anchor point="TOPLEFT">
							<Offset>
								<AbsDimension x="0" y="0"/>
							</Offset>
						</Anchor>
					</Anchors>
				</Texture>
				<Texture name="$parentPTexture10">
					<Size>
						<AbsDimension x="1" y="1"/>
					</Size>
					<Anchors>
						<Anchor point="TOPLEFT">
							<Offset>
								<AbsDimension x="0" y="0"/>
							</Offset>
						</Anchor>
					</Anchors>
				</Texture>
				<Texture name="$parentPTexture11">
					<Size>
						<AbsDimension x="1" y="1"/>
					</Size>
					<Anchors>
						<Anchor point="TOPLEFT">
							<Offset>
								<AbsDimension x="0" y="0"/>
							</Offset>
						</Anchor>
					</Anchors>
				</Texture>
				<Texture name="$parentPTexture12">
					<Size>
						<AbsDimension x="1" y="1"/>
					</Size>
					<Anchors>
						<Anchor point="TOPLEFT">
							<Offset>
								<AbsDimension x="0" y="0"/>
							</Offset>
						</Anchor>
					</Anchors>
				</Texture>
				<Texture name="$parentPTexture13">
					<Size>
						<AbsDimension x="1" y="1"/>
					</Size>
					<Anchors>
						<Anchor point="TOPLEFT">
							<Offset>
								<AbsDimension x="0" y="0"/>
							</Offset>
						</Anchor>
					</Anchors>
				</Texture>
				<Texture name="$parentPTexture14">
					<Size>
						<AbsDimension x="1" y="1"/>
					</Size>
					<Anchors>
						<Anchor point="TOPLEFT">
							<Offset>
								<AbsDimension x="0" y="0"/>
							</Offset>
						</Anchor>
					</Anchors>
				</Texture>
				<Texture name="$parentPTexture15">
					<Size>
						<AbsDimension x="1" y="1"/>
					</Size>
					<Anchors>
						<Anchor point="TOPLEFT">
							<Offset>
								<AbsDimension x="0" y="0"/>
							</Offset>
						</Anchor>
					</Anchors>
				</Texture>
				<Texture name="$parentPTexture16">
					<Size>
						<AbsDimension x="1" y="1"/>
					</Size>
					<Anchors>
						<Anchor point="TOPLEFT">
							<Offset>
								<AbsDimension x="0" y="0"/>
							</Offset>
						</Anchor>
					</Anchors>
				</Texture>
				<Texture name="$parentPTexture17">
					<Size>
						<AbsDimension x="1" y="1"/>
					</Size>
					<Anchors>
						<Anchor point="TOPLEFT">
							<Offset>
								<AbsDimension x="0" y="0"/>
							</Offset>
						</Anchor>
					</Anchors>
				</Texture>
				<Texture name="$parentPTexture18">
					<Size>
						<AbsDimension x="1" y="1"/>
					</Size>
					<Anchors>
						<Anchor point="TOPLEFT">
							<Offset>
								<AbsDimension x="0" y="0"/>
							</Offset>
						</Anchor>
					</Anchors>
				</Texture>
				<Texture name="$parentPTexture19">
					<Size>
						<AbsDimension x="1" y="1"/>
					</Size>
					<Anchors>
						<Anchor point="TOPLEFT">
							<Offset>
								<AbsDimension x="0" y="0"/>
							</Offset>
						</Anchor>
					</Anchors>
				</Texture>
				<Texture name="$parentPTexture20">
					<Size>
						<AbsDimension x="1" y="1"/>
					</Size>
					<Anchors>
						<Anchor point="TOPLEFT">
							<Offset>
								<AbsDimension x="0" y="0"/>
							</Offset>
						</Anchor>
					</Anchors>
				</Texture>
				<Texture name="$parentPTexture21">
					<Size>
						<AbsDimension x="1" y="1"/>
					</Size>
					<Anchors>
						<Anchor point="TOPLEFT">
							<Offset>
								<AbsDimension x="0" y="0"/>
							</Offset>
						</Anchor>
					</Anchors>
				</Texture>
				<Texture name="$parentPTexture22">
					<Size>
						<AbsDimension x="1" y="1"/>
					</Size>
					<Anchors>
						<Anchor point="TOPLEFT">
							<Offset>
								<AbsDimension x="0" y="0"/>
							</Offset>
						</Anchor>
					</Anchors>
				</Texture>
				<Texture name="$parentPTexture23">
					<Size>
						<AbsDimension x="1" y="1"/>
					</Size>
					<Anchors>
						<Anchor point="TOPLEFT">
							<Offset>
								<AbsDimension x="0" y="0"/>
							</Offset>
						</Anchor>
					</Anchors>
				</Texture>
				<Texture name="$parentPTexture24">
					<Size>
						<AbsDimension x="1" y="1"/>
					</Size>
					<Anchors>
						<Anchor point="TOPLEFT">
							<Offset>
								<AbsDimension x="0" y="0"/>
							</Offset>
						</Anchor>
					</Anchors>
				</Texture>
				<Texture name="$parentPTexture25">
					<Size>
						<AbsDimension x="1" y="1"/>
					</Size>
					<Anchors>
						<Anchor point="TOPLEFT">
							<Offset>
								<AbsDimension x="0" y="0"/>
							</Offset>
						</Anchor>
					</Anchors>
				</Texture>
				<Texture name="$parentPTexture26">
					<Size>
						<AbsDimension x="1" y="1"/>
					</Size>
					<Anchors>
						<Anchor point="TOPLEFT">
							<Offset>
								<AbsDimension x="0" y="0"/>
							</Offset>
						</Anchor>
					</Anchors>
				</Texture>
				<Texture name="$parentPTexture27">
					<Size>
						<AbsDimension x="1" y="1"/>
					</Size>
					<Anchors>
						<Anchor point="TOPLEFT">
							<Offset>
								<AbsDimension x="0" y="0"/>
							</Offset>
						</Anchor>
					</Anchors>
				</Texture>
				<Texture name="$parentPTexture28">
					<Size>
						<AbsDimension x="1" y="1"/>
					</Size>
					<Anchors>
						<Anchor point="TOPLEFT">
							<Offset>
								<AbsDimension x="0" y="0"/>
							</Offset>
						</Anchor>
					</Anchors>
				</Texture>
				<Texture name="$parentPTexture29">
					<Size>
						<AbsDimension x="1" y="1"/>
					</Size>
					<Anchors>
						<Anchor point="TOPLEFT">
							<Offset>
								<AbsDimension x="0" y="0"/>
							</Offset>
						</Anchor>
					</Anchors>
				</Texture>
				<Texture name="$parentPTexture30">
					<Size>
						<AbsDimension x="1" y="1"/>
					</Size>
					<Anchors>
						<Anchor point="TOPLEFT">
							<Offset>
								<AbsDimension x="0" y="0"/>
							</Offset>
						</Anchor>
					</Anchors>
				</Texture>
				<Texture name="$parentPTexture31">
					<Size>
						<AbsDimension x="1" y="1"/>
					</Size>
					<Anchors>
						<Anchor point="TOPLEFT">
							<Offset>
								<AbsDimension x="0" y="0"/>
							</Offset>
						</Anchor>
					</Anchors>
				</Texture>
				<Texture name="$parentPTexture32">
					<Size>
						<AbsDimension x="1" y="1"/>
					</Size>
					<Anchors>
						<Anchor point="TOPLEFT">
							<Offset>
								<AbsDimension x="0" y="0"/>
							</Offset>
						</Anchor>
					</Anchors>
				</Texture>
				<Texture name="$parentPTexture33">
					<Size>
						<AbsDimension x="1" y="1"/>
					</Size>
					<Anchors>
						<Anchor point="TOPLEFT">
							<Offset>
								<AbsDimension x="0" y="0"/>
							</Offset>
						</Anchor>
					</Anchors>
				</Texture>
				<Texture name="$parentPTexture34">
					<Size>
						<AbsDimension x="1" y="1"/>
					</Size>
					<Anchors>
						<Anchor point="TOPLEFT">
							<Offset>
								<AbsDimension x="0" y="0"/>
							</Offset>
						</Anchor>
					</Anchors>
				</Texture>
				<Texture name="$parentPTexture35">
					<Size>
						<AbsDimension x="1" y="1"/>
					</Size>
					<Anchors>
						<Anchor point="TOPLEFT">
							<Offset>
								<AbsDimension x="0" y="0"/>
							</Offset>
						</Anchor>
					</Anchors>
				</Texture>
				<Texture name="$parentPTexture36">
					<Size>
						<AbsDimension x="1" y="1"/>
					</Size>
					<Anchors>
						<Anchor point="TOPLEFT">
							<Offset>
								<AbsDimension x="0" y="0"/>
							</Offset>
						</Anchor>
					</Anchors>
				</Texture>
				<Texture name="$parentPTexture37">
					<Size>
						<AbsDimension x="1" y="1"/>
					</Size>
					<Anchors>
						<Anchor point="TOPLEFT">
							<Offset>
								<AbsDimension x="0" y="0"/>
							</Offset>
						</Anchor>
					</Anchors>
				</Texture>
				<Texture name="$parentPTexture38">
					<Size>
						<AbsDimension x="1" y="1"/>
					</Size>
					<Anchors>
						<Anchor point="TOPLEFT">
							<Offset>
								<AbsDimension x="0" y="0"/>
							</Offset>
						</Anchor>
					</Anchors>
				</Texture>
				<Texture name="$parentPTexture39">
					<Size>
						<AbsDimension x="1" y="1"/>
					</Size>
					<Anchors>
						<Anchor point="TOPLEFT">
							<Offset>
								<AbsDimension x="0" y="0"/>
							</Offset>
						</Anchor>
					</Anchors>
				</Texture>
				<Texture name="$parentPTexture40">
					<Size>
						<AbsDimension x="1" y="1"/>
					</Size>
					<Anchors>
						<Anchor point="TOPLEFT">
							<Offset>
								<AbsDimension x="0" y="0"/>
							</Offset>
						</Anchor>
					</Anchors>
				</Texture>
			</Layer>
		</Layers>

		<!-- Point Buttons are filled in here -->
	</Frame>

	<Frame name="YatlasZoomTemplate" virtual="true">
		<Size>
			<AbsDimension x="48" y="72" />
		</Size>
		<Backdrop bgFile="Interface\Tooltips\UI-Tooltip-Background" edgeFile="Interface\Tooltips\UI-Tooltip-Border" tile="true">
			<EdgeSize>
				<AbsValue val="16"/>
			</EdgeSize>
			<TileSize>
				<AbsValue val="16"/>
			</TileSize>
			<BackgroundInsets>
				<AbsInset left="5" right="5" top="5" bottom="5"/>
			</BackgroundInsets>
		</Backdrop>
		<Frames>
			<Button name="$parentPlusButton" inherits="UIPanelButtonTemplate" text="YATLAS_ZOOMIN">
				<Size>
					<AbsDimension x="24" y="24"/>
				</Size>
				<Anchors>
					<Anchor point="TOPLEFT">
						<Offset>
							<AbsDimension x="11" y="-12"/>
						</Offset>
					</Anchor>
				</Anchors>
				<Scripts>
					<OnClick>
						local p = this:GetParent():GetParent():GetParent():GetParent();
						p:SetZoom(p:GetZoom()+24);
					</OnClick>
				</Scripts>
			</Button>
			<Button name="$parentMinusButton" inherits="UIPanelButtonTemplate" text="YATLAS_ZOOMOUT">
				<Size>
					<AbsDimension x="24" y="24"/>
				</Size>
				<Anchors>
					<Anchor point="TOPLEFT" relativeTo="$parentPlusButton" relativePoint="BOTTOMLEFT">
						<Offset>
							<AbsDimension x="0" y="1"/>
						</Offset>
					</Anchor>
				</Anchors>
				<Scripts>
					<OnClick>
						local p = this:GetParent():GetParent():GetParent():GetParent();
						p:SetZoom(p:GetZoom()-24);
					</OnClick>
				</Scripts>
			</Button>
		</Frames>
		<Scripts>
			<OnLoad>
				this:SetBackdropBorderColor(1, 1, 1);
				this:SetBackdropColor(0, 0, 0, 1);
			</OnLoad>
		</Scripts>
	</Frame>

	<Slider name="YatlasOptionsSliderTemplate" orientation="VERTICAL" virtual="true" enableMouse="true">
		<Size>
			<AbsDimension x="10" y="120"/>
		</Size>
		<HitRectInsets>
			<AbsInset left="-10" right="-10" top="0" bottom="0"/>
		</HitRectInsets>
		<Backdrop bgFile="Interface\Buttons\UI-SliderBar-Background" edgeFile="Interface\Buttons\UI-SliderBar-Border" tile="true">
			<EdgeSize>
				<AbsValue val="8"/>
			</EdgeSize>
			<TileSize>
				<AbsValue val="8"/>
			</TileSize>
			<BackgroundInsets>
				<AbsInset left="6" right="6" top="3" bottom="3"/>
			</BackgroundInsets>
		</Backdrop>
		<Layers>
			<Layer level="ARTWORK">
				<FontString name="$parentText" inherits="GameFontGreenSmall">
					<Anchors>
						<Anchor point="LEFT" relativePoint="RIGHT">
							<Offset>
								<AbsDimension x="2" y="0" />
							</Offset>
						</Anchor>
					</Anchors>
				</FontString>
				<FontString name="$parentLow" inherits="GameFontHighlightSmall" text="LOW">
					<Anchors>
						<Anchor point="BOTTOM" relativePoint="TOP">
							<Offset>
								<AbsDimension x="0" y="3"/>
							</Offset>
						</Anchor>
					</Anchors>
				</FontString>
				<FontString name="$parentHigh" inherits="GameFontHighlightSmall" text="HIGH">
					<Anchors>
						<Anchor point="TOP" relativePoint="BOTTOM">
							<Offset>
								<AbsDimension x="0" y="0"/>
							</Offset>
						</Anchor>
					</Anchors>
				</FontString>
			</Layer>
		</Layers>
		<ThumbTexture name="$parentThumb" file="Interface\Buttons\UI-SliderBar-Button-Vertical">
			<Size>
				<AbsDimension x="32" y="32"/>
			</Size>
		</ThumbTexture>
	</Slider>

	<Frame name="YatlasTooltipTemplate" virtual="true">
		<Backdrop bgFile="Interface\Tooltips\UI-Tooltip-Background" edgeFile="Interface\Tooltips\UI-Tooltip-Border" tile="true">
			<EdgeSize>
				<AbsValue val="16"/>
			</EdgeSize>
			<TileSize>
				<AbsValue val="16"/>
			</TileSize>
			<BackgroundInsets>
				<AbsInset left="5" right="5" top="5" bottom="5"/>
			</BackgroundInsets>
		</Backdrop>

		<!-- FontStrings are automatically filled into Layers here as needed -->
		
		<Scripts>
			<OnLoad>
				for h,v in pairs(YatlasTooltipTemplate) do
					this[h] = v;
				end
				this:OnLoad();
			</OnLoad>
		</Scripts>
	</Frame>
</Ui>
