<Bindings>
	<Binding name="NURFEDRELOADUI"  runOnUp="true" header="NURFEDHEADER">
		ReloadUI();
	</Binding>
	<Binding name="NURFEDINSPECT">
		InspectUnit("target");
	</Binding>
	<Binding name="NURFEDMOUNT">
		Nurfed_Mount();
	</Binding>
	<Binding name="NURFEDASSISTPARTY1">
		AssistUnit("party1");
	</Binding>
	<Binding name="NURFEDASSISTPARTY2">
		AssistUnit("party2");
	</Binding>
	<Binding name="NURFEDASSISTPARTY3">
		AssistUnit("party3");
	</Binding>
	<Binding name="NURFEDASSISTPARTY4">
		AssistUnit("party4");
	</Binding>
	<Binding name="NURFEDRAIDTARGET1">
		Nurfed_RaidTarget(1);
	</Binding>
	<Binding name="NURFEDRAIDTARGET2">
		Nurfed_RaidTarget(2);
	</Binding>
	<Binding name="NURFEDRAIDTARGET3">
		Nurfed_RaidTarget(3);
	</Binding>
	<Binding name="NURFEDRAIDTARGET4">
		Nurfed_RaidTarget(4);
	</Binding>
	<Binding name="NURFEDRAIDTARGET5">
		Nurfed_RaidTarget(5);
	</Binding>
	<Binding name="NURFEDRAIDTARGET6">
		Nurfed_RaidTarget(6);
	</Binding>
	<Binding name="NURFEDRAIDTARGET7">
		Nurfed_RaidTarget(7);
	</Binding>
	<Binding name="NURFEDRAIDTARGET8">
		Nurfed_RaidTarget(8);
	</Binding>
</Bindings>