<Bindings>
        <Binding name="DFUNC_Swiftmend" Description="Swiftmend" header="DFUNC">
           Druid.Swiftmend()
        </Binding>
        <Binding name="DFUNC_TotemStomper" Description="Totem Stomper" header="DFUNC">
           Druid.TotemStomper()
        </Binding>
        <Binding name="DFUNC_MarkRogues" Description="Mark Rogues" header="DFUNC">
           Druid.markRogues()
        </Binding>        
        <Binding name="DFUNC_weakestLink" Description="Weakest Link" header="DFUNC">
           Druid.weakestLink( false )
        </Binding>        
        <Binding name="DFUNC_weakestHealer" Description="Weakest Healer" header="DFUNC">
           Druid.weakestLink( true )
        </Binding>        
        <Binding name="DFUNC_DesperatePrayer" Description="Desperate Prayer" header="DFUNC">
           Druid.DesperatePrayer( false )
        </Binding>
        <Binding name="DFUNC_DesperateHeal" Description="Desperate Heal" header="DFUNC">
           Druid.DesperatePrayer( true )
        </Binding>
        <Binding name="DFUNC_FaerieFire" Description="FarieFire" header="DFUNC">
           Druid.FaerieFire()
        </Binding>
        <Binding name="DFUNC_Hibernate" Description="Hibernate" header="DFUNC">
           Druid.Hibernate( false )
        </Binding>
        <Binding name="DFUNC_Moonfire" Description="Moonfire" header="DFUNC">
           Druid.Moonfire()
        </Binding>
        <Binding name="DFUNC_Starfire" Description="Starfire" header="DFUNC">
           Druid.Starfire()
        </Binding>
        <Binding name="DFUNC_Wrath" Description="Wrath" header="DFUNC">
           Druid.Wrath()
        </Binding>	
        <Binding name="DFUNC_MotW" Description="Mark of the Wild" header="DFUNC">
           Druid.MarkOfTheWild()
        </Binding>	
        <Binding name="DFUNC_Thorns" Description="Thorns" header="DFUNC">
           Druid.Thorns()
        </Binding>	
        <Binding name="DFUNC_Roots" Description="Entangling Roots" header="DFUNC">
           Druid.Roots()
        </Binding>	
        <Binding name="DFUNC_Hurricane" Description="Hurricane" header="DFUNC">
           Druid.Hurricane()
        </Binding>	
        <Binding name="DFUNC_Tranquility" Description="Tranquility" header="DFUNC">
           Druid.Tranquility()
        </Binding>	
        <Binding name="DFUNC_NaturesGrasp" Description="Natures Grasp" header="DFUNC">
           Druid.NaturesGrasp()
        </Binding>	
        <Binding name="DFUNC_AbolishPoison" Description="Abolish Poison" header="DFUNC">
           Druid.AbolishPoison()
        </Binding>	
        <Binding name="DFUNC_Regrowth" Description="Regrowth" header="DFUNC">
           Druid.Regrowth(false,false)
        </Binding>	
        <Binding name="DFUNC_Rejuvenation" Description="Rejuvenation" header="DFUNC">
           Druid.Rejuvenation(false,false)
        </Binding>	
        <Binding name="DFUNC_RemoveCurse" Description="Remove Curse" header="DFUNC">
           Druid.RemoveCurse()
        </Binding>	
        <Binding name="DFUNC_HealingTouch" Description="Healing Touch" header="DFUNC">
           Druid.HealingTouch(1, true, false)
        </Binding>	
        <Binding name="DFUNC_Barkskin" Description="Barkskin" header="DFUNC">
           Druid.Barkskin()
        </Binding>	
        <Binding name="DFUNC_Innervate" Description="Innervate" header="DFUNC">
           Druid.Innervate()
        </Binding>	
        <Binding name="DFUNC_ManaMe" Description="Mana Me" header="DFUNC">
           Druid.ManaMe()
        </Binding>	
        <Binding name="DFUNC_InsectSwarm" Description="Insect Swarm" header="DFUNC">
           Druid.InsectSwarm()
        </Binding>	
        <Binding name="DFUNC_Rebirth" Description="Rebirth" header="DFUNC">
           Druid.Rebirth( false )
        </Binding>	

        <Binding name="DFUNC_Human" Description="Humanoid Form" header="DFUNC">
           Druid.ShiftHuman()
        </Binding>	
        <Binding name="DFUNC_Bear" Description="Bear Form" header="DFUNC">
           Druid.ShiftBear()
        </Binding>	
        <Binding name="DFUNC_Cat" Description="Cat Form" header="DFUNC">
           Druid.ShiftCat()
        </Binding>	
        <Binding name="DFUNC_Travel" Description="Travel Form" header="DFUNC">
           Druid.ShiftTravel()
        </Binding>	
        <Binding name="DFUNC_Aqua" Description="Aquatic Form" header="DFUNC">
           Druid.ShiftAqua()
        </Binding>	
        <Binding name="DFUNC_Moon" Description="Moonkin Form" header="DFUNC">
           Druid.ShiftMoon()
        </Binding>	
        <Binding name="DFUNC_Maul" Description="Maul" header="DFUNC">
           Druid.Maul()
        </Binding>	
        <Binding name="DFUNC_Bash" Description="Bash" header="DFUNC">
           Druid.Bash()
        </Binding>	
        <Binding name="DFUNC_Swipe" Description="Swipe" header="DFUNC">
           Druid.Swipe()
        </Binding>	
        <Binding name="DFUNC_Enrage" Description="Enrage" header="DFUNC">
           Druid.Enrage()
        </Binding>	
        <Binding name="DFUNC_ChalRoar" Description="Challenging Roar" header="DFUNC">
           Druid.ChalRoar()
        </Binding>	
        <Binding name="DFUNC_Growl" Description="Growl" header="DFUNC">
           Druid.Growl()
        </Binding>	
        <Binding name="DFUNC_FrenziedRegen" Description="Frenzied Regeneration" header="DFUNC">
           Druid.FrenziedRegen()
        </Binding>	
        <Binding name="DFUNC_DemRoar" Description="Demoralizing Roar" header="DFUNC">
           Druid.DemRoar()
        </Binding>	
        <Binding name="DFUNC_Ravage" Description="Ravage" header="DFUNC">
           Druid.Ravage()
        </Binding>	
        <Binding name="DFUNC_BestCat" Description="Best Attack Cat" header="DFUNC">
           Druid.BestAttackCat()
        </Binding>	
        <Binding name="DFUNC_Shred" Description="Shred" header="DFUNC">
           Druid.Shred()
        </Binding>	
        <Binding name="DFUNC_Claw" Description="Claw" header="DFUNC">
           Druid.Claw()
        </Binding>	
        <Binding name="DFUNC_FerociousBite" Description="Ferocious Bite" header="DFUNC">
           Druid.FerociousBite()
        </Binding>	
        <Binding name="DFUNC_Rake" Description="Rake" header="DFUNC">
           Druid.Rake()
        </Binding>	
        <Binding name="DFUNC_Rip" Description="Rip" header="DFUNC">
           Druid.Rip()
        </Binding>	
        <Binding name="DFUNC_Cower" Description="Cower" header="DFUNC">
           Druid.Cower()
        </Binding>	
        <Binding name="DFUNC_Dash" Description="Dash" header="DFUNC">
           Druid.Dash()
        </Binding>	
        <Binding name="DFUNC_Pounce" Description="Pounce" header="DFUNC">
           Druid.Pounce()
        </Binding>	
        <Binding name="DFUNC_TigersFury" Description="Tiger's Fury" header="DFUNC">
           Druid.TigersFury()
        </Binding>	
        <Binding name="DFUNC_Prowl" Description="Prowl" header="DFUNC">
           Druid.Prowl()
        </Binding>	
        <Binding name="DFUNC_FeralCharge" Description="FeralCharge" header="DFUNC">
           Druid.FeralCharge()
        </Binding>	
        <Binding name="DFUNC_PowerTouch" Description="PowerTouch" header="DFUNC">
           Druid.PowerTouch( 1, false, false)
        </Binding>	
        <Binding name="DFUNC_EquipCat" Description="EquipCat" header="DFUNC">
           Druid.Dress( "cat" )
        </Binding>	
        <Binding name="DFUNC_EquipBear" Description="EquipBear" header="DFUNC">
           Druid.Dress( "bear" )
        </Binding>	
        <Binding name="DFUNC_EquipHuman" Description="EquipHuman" header="DFUNC">
           Druid.Dress( "human" )
        </Binding>	
        <Binding name="DFUNC_EquipPvP" Description="EquipPvP" header="DFUNC">
           Druid.Dress( "pvp" )
        </Binding>	
        <Binding name="DFUNC_EquipMoon" Description="EquipMoon" header="DFUNC">
           Druid.Dress( "moon" )
        </Binding>	
        <Binding name="DFUNC_EquipTravel" Description="EquipTravel" header="DFUNC">
           Druid.Dress( "travel" )
        </Binding>	
        <Binding name="DFUNC_EquipMount" Description="EquipMount" header="DFUNC">
           Druid.Dress( "mount" )
        </Binding>	
        <Binding name="DFUNC_EquipAqua" Description="EquipAqua" header="DFUNC">
           Druid.Dress( "aqua" )
        </Binding>	
        <Binding name="DFUNC_EquipFire" Description="EquipFire" header="DFUNC">
           Druid.Dress( "fire" )
        </Binding>	
        <Binding name="DFUNC_EquipArcane" Description="EquipArcane" header="DFUNC">
           Druid.Dress( "arcane" )
        </Binding>	
        <Binding name="DFUNC_EquipFrost" Description="EquipFrost" header="DFUNC">
           Druid.Dress( "frost" )
        </Binding>	
        <Binding name="DFUNC_EquipShadow" Description="EquipShadow" header="DFUNC">
           Druid.Dress( "shadow" )
        </Binding>	
        <Binding name="DFUNC_EquipHeal" Description="EquipHeal" header="DFUNC">
           Druid.Dress( "heal" )
        </Binding>	
        <Binding name="DFUNC_EquipWSG" Description="EquipWSG" header="DFUNC">
           Druid.Dress( "wsg" )
        </Binding>	
        <Binding name="DFUNC_EquipNature" Description="EquipNature" header="DFUNC">
           Druid.Dress( "nature" )
        </Binding>	
        <Binding name="DFUNC_EquipSpecial1" Description="EquipSpecial1" header="DFUNC">
           Druid.Dress( "special1" )
        </Binding>	
        <Binding name="DFUNC_EquipSpecial2" Description="EquipSpecial2" header="DFUNC">
           Druid.Dress( "special2" )
        </Binding>	
        <Binding name="DFUNC_EquipSpecial3" Description="EquipSpecial3" header="DFUNC">
           Druid.Dress( "special3" )
        </Binding>	
</Bindings>
