<Ui xmlns="http://www.blizzard.com/wow/ui/" xmlns:xsi="http://www.w3.org/2001/XMLSchema-instance" xsi:schemaLocation="http://www.blizzard.com/wow/ui/ C:\Projects\WoW\Bin\Interface\FrameXML\UI.xsd">
<!-- Druid function library -->
<Script file="Localization.lua" /> 
<Script file="DruidFunc.lua"/>
-
   <GameTooltip name="DFunc_Tooltip" frameStrata="TOOLTIP" hidden="true" parent="UIParent" inherits="GameTooltipTemplate" />

   <Frame name="druidFuncf">
-
      <Scripts>
         <OnLoad>
            Druid.onLoad();
         </OnLoad>
         <OnEvent>
            Druid.DonEvent(event, reason);
         </OnEvent>
      </Scripts>
-
   </Frame>

</Ui>

