<Ui xmlns="http://www.blizzard.com/wow/ui/" xmlns:xsi="http://www.w3.org/2001/XMLSchema-instance" xsi:schemaLocation="http://www.blizzard.com/wow/ui/ C:\Projects\WoW\Bin\Interface\FrameXML\UI.xsd">
<Script file="FastQuest.lua"/>
<Frame name="FastQuestFrame" parent="UIParent" hidden="true">
	<Scripts>
		<OnLoad>FastQuest_OnLoad();</OnLoad>
		<OnEvent>FastQuest_OnEvent(event,arg1);</OnEvent>
	</Scripts>
</Frame>
<Button name="FastQuest_DragButtonTemplate" virtual="true" movable="true" frameStrata="DIALOG" toplevel="true">
	<Scripts>
		<OnMouseDown>FastQuest_DragFrame(this, 0)</OnMouseDown>
		<OnMouseUp>FastQuest_DragFrame(this, 1)</OnMouseUp>
	</Scripts>
	<Size><AbsDimension x="15" y="15"/></Size>
	<NormalTexture file="Interface\AddOns\FastQuest\FastQuest"/>
</Button>
<Frame name="FastQuest_DragFrameTemplate" virtual="true" frameStrata="BACKGROUND" visible="false" parent="UIParent" toplevel="true">
	<TitleRegion setAllPoints="true"/>
	<Size><AbsDimension x="36" y="36"/></Size>
</Frame> 
<Button name="dQuestWatchDragButton" inherits="FastQuest_DragButtonTemplate" parent="UIParent">
	<Anchors><Anchor point="TOPRIGHT"><Offset><AbsDimension x="-250" y="-250"/></Offset></Anchor></Anchors>	
	<Frames><Frame name="dQuestWatch" inherits="FastQuest_DragFrameTemplate"></Frame></Frames>
</Button> </Ui>
