<Ui xmlns="http://www.blizzard.com/wow/ui/" xmlns:xsi="http://www.w3.org/2001/XMLSchema-instance" xsi:schemaLocation="http://www.blizzard.com/wow/ui/
C:\Projects\WoW\Bin\Interface\FrameXML\UI.xsd">
	<Script file="ClassicTooltip.lua"/>
	<Frame name="ClassicTooltipFrame" frameStrata="LOW" toplevel="true" parent="UIParent" hidden="true" movable="true">
		<Scripts>
			<OnLoad>
				ClassicTooltip_OnLoad();
			</OnLoad>
			<OnEvent>
				ClassicTooltip_OnEvent();
			</OnEvent>
		</Scripts>
	</Frame>
</Ui>
