<ui xmlns="http://www.blizzard.com/wow/ui/" xmlns:xsi="http://www.w3.org/2001/XMLSchema-instance" xsi:schemaLocation="http://www.blizzard.com/wow/ui/..\..\FrameXML\UI.xsd">
  <!-- Virtual Templates -->  
  <Button name="Kalented_Template_Button" inherits="TalentButtonTemplate" virtual="true">
    <Scripts>
      <OnLoad>
        this:RegisterForClicks("LeftButtonUp", "RightButtonUp");
      </OnLoad>

      <OnEnter>
        GameTooltip:SetOwner(this, "ANCHOR_RIGHT");
        Kalented_SetTalentTip();
      </OnEnter>

      <OnClick>
        Kalented_Button_OnClick(arg1);
      </OnClick>
    </Scripts>
  </Button>
</ui>