<Ui xmlns="http://www.blizzard.com/wow/ui/" xmlns:xsi="http://www.w3.org/2001/XMLSchema-instance" xsi:schemaLocation="http://www.blizzard.com/wow/ui/FrameXML/UI.xsd">
	<Frame name="KCMoneyFrameTemplate" inherits="SmallMoneyFrameTemplate" hidden="true" virtual="true">
		<Scripts>
			<OnLoad>
				SmallMoneyFrame_OnLoad();
				MoneyFrame_SetType("STATIC");
			</OnLoad>
		</Scripts>
	</Frame>

	<GameTooltip name="KCTooltip" inherits="GameTooltipTemplate" parent="GameTooltip" hidden="true">
		<Frames>
			<Frame name="$parentMoneyFrame1" inherits="KCMoneyFrameTemplate" hidden="true"/>
			<Frame name="$parentMoneyFrame2" inherits="KCMoneyFrameTemplate" hidden="true"/>
			<Frame name="$parentMoneyFrame3" inherits="KCMoneyFrameTemplate" hidden="true"/>
			<Frame name="$parentMoneyFrame4" inherits="KCMoneyFrameTemplate" hidden="true"/>
			<Frame name="$parentMoneyFrame5" inherits="KCMoneyFrameTemplate" hidden="true"/>
			<Frame name="$parentMoneyFrame6" inherits="KCMoneyFrameTemplate" hidden="true"/>
			<Frame name="$parentMoneyFrame7" inherits="KCMoneyFrameTemplate" hidden="true"/>
			<Frame name="$parentMoneyFrame8" inherits="KCMoneyFrameTemplate" hidden="true"/>
			<Frame name="$parentMoneyFrame9" inherits="KCMoneyFrameTemplate" hidden="true"/>
			<Frame name="$parentMoneyFrame10" inherits="KCMoneyFrameTemplate" hidden="true"/>
			<Frame name="$parentMoneyFrame11" inherits="KCMoneyFrameTemplate" hidden="true"/>
			<Frame name="$parentMoneyFrame12" inherits="KCMoneyFrameTemplate" hidden="true"/>
			<Frame name="$parentMoneyFrame13" inherits="KCMoneyFrameTemplate" hidden="true"/>
			<Frame name="$parentMoneyFrame14" inherits="KCMoneyFrameTemplate" hidden="true"/>
			<Frame name="$parentMoneyFrame15" inherits="KCMoneyFrameTemplate" hidden="true"/>
			<Frame name="$parentMoneyFrame16" inherits="KCMoneyFrameTemplate" hidden="true"/>
			<Frame name="$parentMoneyFrame17" inherits="KCMoneyFrameTemplate" hidden="true"/>
			<Frame name="$parentMoneyFrame18" inherits="KCMoneyFrameTemplate" hidden="true"/>
			<Frame name="$parentMoneyFrame19" inherits="KCMoneyFrameTemplate" hidden="true"/>
			<Frame name="$parentMoneyFrame20" inherits="KCMoneyFrameTemplate" hidden="true"/>
			<Frame name="$parentMoneyFrame21" inherits="KCMoneyFrameTemplate" hidden="true"/>
			<Frame name="$parentMoneyFrame22" inherits="KCMoneyFrameTemplate" hidden="true"/>
			<Frame name="$parentMoneyFrame23" inherits="KCMoneyFrameTemplate" hidden="true"/>
			<Frame name="$parentMoneyFrame24" inherits="KCMoneyFrameTemplate" hidden="true"/>
			<Frame name="$parentMoneyFrame25" inherits="KCMoneyFrameTemplate" hidden="true"/>
		</Frames>
	</GameTooltip>

	<GameTooltip name="KCItemRef" inherits="GameTooltipTemplate" parent="UIParent" hidden="true">
		<Frames>
			<Frame name="$parentMoneyFrame1" inherits="KCMoneyFrameTemplate" hidden="true"/>
			<Frame name="$parentMoneyFrame2" inherits="KCMoneyFrameTemplate" hidden="true"/>
			<Frame name="$parentMoneyFrame3" inherits="KCMoneyFrameTemplate" hidden="true"/>
			<Frame name="$parentMoneyFrame4" inherits="KCMoneyFrameTemplate" hidden="true"/>
			<Frame name="$parentMoneyFrame5" inherits="KCMoneyFrameTemplate" hidden="true"/>
			<Frame name="$parentMoneyFrame6" inherits="KCMoneyFrameTemplate" hidden="true"/>
			<Frame name="$parentMoneyFrame7" inherits="KCMoneyFrameTemplate" hidden="true"/>
			<Frame name="$parentMoneyFrame8" inherits="KCMoneyFrameTemplate" hidden="true"/>
			<Frame name="$parentMoneyFrame9" inherits="KCMoneyFrameTemplate" hidden="true"/>
			<Frame name="$parentMoneyFrame10" inherits="KCMoneyFrameTemplate" hidden="true"/>
			<Frame name="$parentMoneyFrame11" inherits="KCMoneyFrameTemplate" hidden="true"/>
			<Frame name="$parentMoneyFrame12" inherits="KCMoneyFrameTemplate" hidden="true"/>
			<Frame name="$parentMoneyFrame13" inherits="KCMoneyFrameTemplate" hidden="true"/>
			<Frame name="$parentMoneyFrame14" inherits="KCMoneyFrameTemplate" hidden="true"/>
			<Frame name="$parentMoneyFrame15" inherits="KCMoneyFrameTemplate" hidden="true"/>
			<Frame name="$parentMoneyFrame16" inherits="KCMoneyFrameTemplate" hidden="true"/>
			<Frame name="$parentMoneyFrame17" inherits="KCMoneyFrameTemplate" hidden="true"/>
			<Frame name="$parentMoneyFrame18" inherits="KCMoneyFrameTemplate" hidden="true"/>
			<Frame name="$parentMoneyFrame19" inherits="KCMoneyFrameTemplate" hidden="true"/>
			<Frame name="$parentMoneyFrame20" inherits="KCMoneyFrameTemplate" hidden="true"/>
			<Frame name="$parentMoneyFrame21" inherits="KCMoneyFrameTemplate" hidden="true"/>
			<Frame name="$parentMoneyFrame22" inherits="KCMoneyFrameTemplate" hidden="true"/>
			<Frame name="$parentMoneyFrame23" inherits="KCMoneyFrameTemplate" hidden="true"/>
			<Frame name="$parentMoneyFrame24" inherits="KCMoneyFrameTemplate" hidden="true"/>
			<Frame name="$parentMoneyFrame25" inherits="KCMoneyFrameTemplate" hidden="true"/>
		</Frames>
	</GameTooltip>

	<Frame name="$parentMoneyFrame1" inherits="KCMoneyFrameTemplate" parent="GameTooltip" hidden="true"/>
	<Frame name="$parentMoneyFrame2" inherits="KCMoneyFrameTemplate" parent="GameTooltip" hidden="true"/>
	<Frame name="$parentMoneyFrame3" inherits="KCMoneyFrameTemplate" parent="GameTooltip" hidden="true"/>
	<Frame name="$parentMoneyFrame4" inherits="KCMoneyFrameTemplate" parent="GameTooltip" hidden="true"/>
	<Frame name="$parentMoneyFrame5" inherits="KCMoneyFrameTemplate" parent="GameTooltip" hidden="true"/>
	<Frame name="$parentMoneyFrame6" inherits="KCMoneyFrameTemplate" parent="GameTooltip" hidden="true"/>
	<Frame name="$parentMoneyFrame7" inherits="KCMoneyFrameTemplate" parent="GameTooltip" hidden="true"/>
	<Frame name="$parentMoneyFrame8" inherits="KCMoneyFrameTemplate" parent="GameTooltip" hidden="true"/>
	<Frame name="$parentMoneyFrame9" inherits="KCMoneyFrameTemplate" parent="GameTooltip" hidden="true"/>
	<Frame name="$parentMoneyFrame10" inherits="KCMoneyFrameTemplate" parent="GameTooltip" hidden="true"/>
	<Frame name="$parentMoneyFrame11" inherits="KCMoneyFrameTemplate" parent="GameTooltip" hidden="true"/>
	<Frame name="$parentMoneyFrame12" inherits="KCMoneyFrameTemplate" parent="GameTooltip" hidden="true"/>
	<Frame name="$parentMoneyFrame13" inherits="KCMoneyFrameTemplate" parent="GameTooltip" hidden="true"/>
	<Frame name="$parentMoneyFrame14" inherits="KCMoneyFrameTemplate" parent="GameTooltip" hidden="true"/>
	<Frame name="$parentMoneyFrame15" inherits="KCMoneyFrameTemplate" parent="GameTooltip" hidden="true"/>
	<Frame name="$parentMoneyFrame16" inherits="KCMoneyFrameTemplate" parent="GameTooltip" hidden="true"/>
	<Frame name="$parentMoneyFrame17" inherits="KCMoneyFrameTemplate" parent="GameTooltip" hidden="true"/>
	<Frame name="$parentMoneyFrame18" inherits="KCMoneyFrameTemplate" parent="GameTooltip" hidden="true"/>
	<Frame name="$parentMoneyFrame19" inherits="KCMoneyFrameTemplate" parent="GameTooltip" hidden="true"/>
	<Frame name="$parentMoneyFrame20" inherits="KCMoneyFrameTemplate" parent="GameTooltip" hidden="true"/>
	<Frame name="$parentMoneyFrame21" inherits="KCMoneyFrameTemplate" parent="GameTooltip" hidden="true"/>
	<Frame name="$parentMoneyFrame22" inherits="KCMoneyFrameTemplate" parent="GameTooltip" hidden="true"/>
	<Frame name="$parentMoneyFrame23" inherits="KCMoneyFrameTemplate" parent="GameTooltip" hidden="true"/>
	<Frame name="$parentMoneyFrame24" inherits="KCMoneyFrameTemplate" parent="GameTooltip" hidden="true"/>
	<Frame name="$parentMoneyFrame25" inherits="KCMoneyFrameTemplate" parent="GameTooltip" hidden="true"/>

	<Frame name="$parentMoneyFrame1" inherits="KCMoneyFrameTemplate" parent="ItemRefTooltip" hidden="true"/>
	<Frame name="$parentMoneyFrame2" inherits="KCMoneyFrameTemplate" parent="ItemRefTooltip" hidden="true"/>
	<Frame name="$parentMoneyFrame3" inherits="KCMoneyFrameTemplate" parent="ItemRefTooltip" hidden="true"/>
	<Frame name="$parentMoneyFrame4" inherits="KCMoneyFrameTemplate" parent="ItemRefTooltip" hidden="true"/>
	<Frame name="$parentMoneyFrame5" inherits="KCMoneyFrameTemplate" parent="ItemRefTooltip" hidden="true"/>
	<Frame name="$parentMoneyFrame6" inherits="KCMoneyFrameTemplate" parent="ItemRefTooltip" hidden="true"/>
	<Frame name="$parentMoneyFrame7" inherits="KCMoneyFrameTemplate" parent="ItemRefTooltip" hidden="true"/>
	<Frame name="$parentMoneyFrame8" inherits="KCMoneyFrameTemplate" parent="ItemRefTooltip" hidden="true"/>
	<Frame name="$parentMoneyFrame9" inherits="KCMoneyFrameTemplate" parent="ItemRefTooltip" hidden="true"/>
	<Frame name="$parentMoneyFrame10" inherits="KCMoneyFrameTemplate" parent="ItemRefTooltip" hidden="true"/>
	<Frame name="$parentMoneyFrame11" inherits="KCMoneyFrameTemplate" parent="ItemRefTooltip" hidden="true"/>
	<Frame name="$parentMoneyFrame12" inherits="KCMoneyFrameTemplate" parent="ItemRefTooltip" hidden="true"/>
	<Frame name="$parentMoneyFrame13" inherits="KCMoneyFrameTemplate" parent="ItemRefTooltip" hidden="true"/>
	<Frame name="$parentMoneyFrame14" inherits="KCMoneyFrameTemplate" parent="ItemRefTooltip" hidden="true"/>
	<Frame name="$parentMoneyFrame15" inherits="KCMoneyFrameTemplate" parent="ItemRefTooltip" hidden="true"/>
	<Frame name="$parentMoneyFrame16" inherits="KCMoneyFrameTemplate" parent="ItemRefTooltip" hidden="true"/>
	<Frame name="$parentMoneyFrame17" inherits="KCMoneyFrameTemplate" parent="ItemRefTooltip" hidden="true"/>
	<Frame name="$parentMoneyFrame18" inherits="KCMoneyFrameTemplate" parent="ItemRefTooltip" hidden="true"/>
	<Frame name="$parentMoneyFrame19" inherits="KCMoneyFrameTemplate" parent="ItemRefTooltip" hidden="true"/>
	<Frame name="$parentMoneyFrame20" inherits="KCMoneyFrameTemplate" parent="ItemRefTooltip" hidden="true"/>
	<Frame name="$parentMoneyFrame21" inherits="KCMoneyFrameTemplate" parent="ItemRefTooltip" hidden="true"/>
	<Frame name="$parentMoneyFrame22" inherits="KCMoneyFrameTemplate" parent="ItemRefTooltip" hidden="true"/>
	<Frame name="$parentMoneyFrame23" inherits="KCMoneyFrameTemplate" parent="ItemRefTooltip" hidden="true"/>
	<Frame name="$parentMoneyFrame24" inherits="KCMoneyFrameTemplate" parent="ItemRefTooltip" hidden="true"/>
	<Frame name="$parentMoneyFrame25" inherits="KCMoneyFrameTemplate" parent="ItemRefTooltip" hidden="true"/>
</Ui>
