<Ui xmlns="http://www.blizzard.com/wow/ui/"   xmlns:xsi="http://www.w3.org/2001/XMLSchema-instance"   xsi:schemaLocation="http://www.blizzard.com/wow/ui/"> 
	<Script file="localization.lua"/>
	<Script file="GuildMapRegionData.lua"/>
	<Script file="GuildMap.lua"/>

	<!-- Frame to handle all core events --> 
	<Frame name="GuildMapFrame" parent="WorldFrame"> 
		<Scripts> 
			<OnLoad>
				GuildMap_OnLoad();
			</OnLoad>
			<OnEvent>
				GuildMap_OnEvent();
			</OnEvent>
			<OnUpdate>
				GuildMap_OnUpdate(arg1);
			</OnUpdate>
		</Scripts> 
   	</Frame> 
   	
	<Button name="GuildMapMiniTemplate" hidden="true" virtual="true">
		<Size>
			<AbsDimension x="16" y="16"/>
		</Size>
		<Anchors>
			<Anchor point="CENTER" relativeTo="MinimapBackdrop" relativePoint="TOPLEFT">
				<Offset>
					<AbsDimension x="-51" y="60"/>
				</Offset>
			</Anchor>
		</Anchors>
		<Scripts>
			<OnLoad>
				this:SetFrameLevel(this:GetFrameLevel() + 1);
				this:RegisterForClicks("LeftButtonUp", "RightButtonUp");
			</OnLoad>
			<OnEnter>
				GuildMap_ShowMiniMapToolTip();
			</OnEnter>
			<OnLeave>
				GameTooltip:Hide();
			</OnLeave>
			<OnClick>
				GuildMap_MiniMap_OnClick(arg1);
			</OnClick>			
		</Scripts>
		<NormalTexture name="$parentTexture" file="Interface\AddOns\GuildMap\Images\MiniMapIcon"/>
	</Button>
	<Button name="GuildMapMini1" inherits="GuildMapMiniTemplate" id="1" hidden="false" parent="Minimap" toplevel="true"/>
	<Button name="GuildMapMini2" inherits="GuildMapMiniTemplate" id="2" hidden="false" parent="Minimap" toplevel="true"/>
	<Button name="GuildMapMini3" inherits="GuildMapMiniTemplate" id="3" hidden="false" parent="Minimap" toplevel="true"/>
	<Button name="GuildMapMini4" inherits="GuildMapMiniTemplate" id="4" hidden="false" parent="Minimap" toplevel="true"/>
	<Button name="GuildMapMini5" inherits="GuildMapMiniTemplate" id="5" hidden="false" parent="Minimap" toplevel="true"/>
	<Button name="GuildMapMini6" inherits="GuildMapMiniTemplate" id="6" hidden="false" parent="Minimap" toplevel="true"/>
	<Button name="GuildMapMini7" inherits="GuildMapMiniTemplate" id="7" hidden="false" parent="Minimap" toplevel="true"/>
	<Button name="GuildMapMini8" inherits="GuildMapMiniTemplate" id="8" hidden="false" parent="Minimap" toplevel="true"/>
	<Button name="GuildMapMini9" inherits="GuildMapMiniTemplate" id="9" hidden="false" parent="Minimap" toplevel="true"/>
	<Button name="GuildMapMini10" inherits="GuildMapMiniTemplate" id="10" hidden="false" parent="Minimap" toplevel="true"/>
	<Button name="GuildMapMini11" inherits="GuildMapMiniTemplate" id="11" hidden="false" parent="Minimap" toplevel="true"/>
	<Button name="GuildMapMini12" inherits="GuildMapMiniTemplate" id="12" hidden="false" parent="Minimap" toplevel="true"/>
	<Button name="GuildMapMini13" inherits="GuildMapMiniTemplate" id="13" hidden="false" parent="Minimap" toplevel="true"/>
	<Button name="GuildMapMini14" inherits="GuildMapMiniTemplate" id="14" hidden="false" parent="Minimap" toplevel="true"/>
	<Button name="GuildMapMini15" inherits="GuildMapMiniTemplate" id="15" hidden="false" parent="Minimap" toplevel="true"/>
	<Button name="GuildMapMini16" inherits="GuildMapMiniTemplate" id="16" hidden="false" parent="Minimap" toplevel="true"/>
	<Button name="GuildMapMini17" inherits="GuildMapMiniTemplate" id="17" hidden="false" parent="Minimap" toplevel="true"/>
	<Button name="GuildMapMini18" inherits="GuildMapMiniTemplate" id="18" hidden="false" parent="Minimap" toplevel="true"/>
	<Button name="GuildMapMini19" inherits="GuildMapMiniTemplate" id="19" hidden="false" parent="Minimap" toplevel="true"/>
	<Button name="GuildMapMini20" inherits="GuildMapMiniTemplate" id="20" hidden="false" parent="Minimap" toplevel="true"/>
	<Button name="GuildMapMini21" inherits="GuildMapMiniTemplate" id="21" hidden="false" parent="Minimap" toplevel="true"/>
	<Button name="GuildMapMini22" inherits="GuildMapMiniTemplate" id="22" hidden="false" parent="Minimap" toplevel="true"/>
	<Button name="GuildMapMini23" inherits="GuildMapMiniTemplate" id="23" hidden="false" parent="Minimap" toplevel="true"/>
	<Button name="GuildMapMini24" inherits="GuildMapMiniTemplate" id="24" hidden="false" parent="Minimap" toplevel="true"/>
	<Button name="GuildMapMini25" inherits="GuildMapMiniTemplate" id="25" hidden="false" parent="Minimap" toplevel="true"/>
   	<Button name="GuildMapMini26" inherits="GuildMapMiniTemplate" id="26" hidden="false" parent="Minimap" toplevel="true"/>
	<Button name="GuildMapMini27" inherits="GuildMapMiniTemplate" id="27" hidden="false" parent="Minimap" toplevel="true"/>
	<Button name="GuildMapMini28" inherits="GuildMapMiniTemplate" id="28" hidden="false" parent="Minimap" toplevel="true"/>
	<Button name="GuildMapMini29" inherits="GuildMapMiniTemplate" id="29" hidden="false" parent="Minimap" toplevel="true"/>
	<Button name="GuildMapMini30" inherits="GuildMapMiniTemplate" id="30" hidden="false" parent="Minimap" toplevel="true"/>
	<Button name="GuildMapMini31" inherits="GuildMapMiniTemplate" id="31" hidden="false" parent="Minimap" toplevel="true"/>
	<Button name="GuildMapMini32" inherits="GuildMapMiniTemplate" id="32" hidden="false" parent="Minimap" toplevel="true"/>
	<Button name="GuildMapMini33" inherits="GuildMapMiniTemplate" id="33" hidden="false" parent="Minimap" toplevel="true"/>
	<Button name="GuildMapMini34" inherits="GuildMapMiniTemplate" id="34" hidden="false" parent="Minimap" toplevel="true"/>
	<Button name="GuildMapMini35" inherits="GuildMapMiniTemplate" id="35" hidden="false" parent="Minimap" toplevel="true"/>
	<Button name="GuildMapMini36" inherits="GuildMapMiniTemplate" id="36" hidden="false" parent="Minimap" toplevel="true"/>
	<Button name="GuildMapMini37" inherits="GuildMapMiniTemplate" id="37" hidden="false" parent="Minimap" toplevel="true"/>
	<Button name="GuildMapMini38" inherits="GuildMapMiniTemplate" id="38" hidden="false" parent="Minimap" toplevel="true"/>
	<Button name="GuildMapMini39" inherits="GuildMapMiniTemplate" id="39" hidden="false" parent="Minimap" toplevel="true"/>
	<Button name="GuildMapMini40" inherits="GuildMapMiniTemplate" id="40" hidden="false" parent="Minimap" toplevel="true"/>
	<Button name="GuildMapMini41" inherits="GuildMapMiniTemplate" id="41" hidden="false" parent="Minimap" toplevel="true"/>
	<Button name="GuildMapMini42" inherits="GuildMapMiniTemplate" id="42" hidden="false" parent="Minimap" toplevel="true"/>
	<Button name="GuildMapMini43" inherits="GuildMapMiniTemplate" id="43" hidden="false" parent="Minimap" toplevel="true"/>
	<Button name="GuildMapMini44" inherits="GuildMapMiniTemplate" id="44" hidden="false" parent="Minimap" toplevel="true"/>
	<Button name="GuildMapMini45" inherits="GuildMapMiniTemplate" id="45" hidden="false" parent="Minimap" toplevel="true"/>
	<Button name="GuildMapMini46" inherits="GuildMapMiniTemplate" id="46" hidden="false" parent="Minimap" toplevel="true"/>
	<Button name="GuildMapMini47" inherits="GuildMapMiniTemplate" id="47" hidden="false" parent="Minimap" toplevel="true"/>
	<Button name="GuildMapMini48" inherits="GuildMapMiniTemplate" id="48" hidden="false" parent="Minimap" toplevel="true"/>
	<Button name="GuildMapMini49" inherits="GuildMapMiniTemplate" id="49" hidden="false" parent="Minimap" toplevel="true"/>
	<Button name="GuildMapMini50" inherits="GuildMapMiniTemplate" id="50" hidden="false" parent="Minimap" toplevel="true"/>
	<Button name="GuildMapMini51" inherits="GuildMapMiniTemplate" id="51" hidden="false" parent="Minimap" toplevel="true"/>
	<Button name="GuildMapMini52" inherits="GuildMapMiniTemplate" id="52" hidden="false" parent="Minimap" toplevel="true"/>
	<Button name="GuildMapMini53" inherits="GuildMapMiniTemplate" id="53" hidden="false" parent="Minimap" toplevel="true"/>
	<Button name="GuildMapMini54" inherits="GuildMapMiniTemplate" id="54" hidden="false" parent="Minimap" toplevel="true"/>
	<Button name="GuildMapMini55" inherits="GuildMapMiniTemplate" id="55" hidden="false" parent="Minimap" toplevel="true"/>
	<Button name="GuildMapMini56" inherits="GuildMapMiniTemplate" id="56" hidden="false" parent="Minimap" toplevel="true"/>
	<Button name="GuildMapMini57" inherits="GuildMapMiniTemplate" id="57" hidden="false" parent="Minimap" toplevel="true"/>
	<Button name="GuildMapMini58" inherits="GuildMapMiniTemplate" id="58" hidden="false" parent="Minimap" toplevel="true"/>
	<Button name="GuildMapMini59" inherits="GuildMapMiniTemplate" id="59" hidden="false" parent="Minimap" toplevel="true"/>
	<Button name="GuildMapMini60" inherits="GuildMapMiniTemplate" id="60" hidden="false" parent="Minimap" toplevel="true"/>
	<Button name="GuildMapMini61" inherits="GuildMapMiniTemplate" id="61" hidden="false" parent="Minimap" toplevel="true"/>
	<Button name="GuildMapMini62" inherits="GuildMapMiniTemplate" id="62" hidden="false" parent="Minimap" toplevel="true"/>
	<Button name="GuildMapMini63" inherits="GuildMapMiniTemplate" id="63" hidden="false" parent="Minimap" toplevel="true"/>
	<Button name="GuildMapMini64" inherits="GuildMapMiniTemplate" id="64" hidden="false" parent="Minimap" toplevel="true"/>
	<Button name="GuildMapMini65" inherits="GuildMapMiniTemplate" id="65" hidden="false" parent="Minimap" toplevel="true"/>
	<Button name="GuildMapMini66" inherits="GuildMapMiniTemplate" id="66" hidden="false" parent="Minimap" toplevel="true"/>
	<Button name="GuildMapMini67" inherits="GuildMapMiniTemplate" id="67" hidden="false" parent="Minimap" toplevel="true"/>
	<Button name="GuildMapMini68" inherits="GuildMapMiniTemplate" id="68" hidden="false" parent="Minimap" toplevel="true"/>
	<Button name="GuildMapMini69" inherits="GuildMapMiniTemplate" id="69" hidden="false" parent="Minimap" toplevel="true"/>
	<Button name="GuildMapMini70" inherits="GuildMapMiniTemplate" id="70" hidden="false" parent="Minimap" toplevel="true"/>
	<Button name="GuildMapMini71" inherits="GuildMapMiniTemplate" id="71" hidden="false" parent="Minimap" toplevel="true"/>
	<Button name="GuildMapMini72" inherits="GuildMapMiniTemplate" id="72" hidden="false" parent="Minimap" toplevel="true"/>
	<Button name="GuildMapMini73" inherits="GuildMapMiniTemplate" id="73" hidden="false" parent="Minimap" toplevel="true"/>
	<Button name="GuildMapMini74" inherits="GuildMapMiniTemplate" id="74" hidden="false" parent="Minimap" toplevel="true"/>
	<Button name="GuildMapMini75" inherits="GuildMapMiniTemplate" id="75" hidden="false" parent="Minimap" toplevel="true"/>


   	
	<Button name="GuildMapMainTemplate" hidden="true" virtual="true">
		<Size>
			<AbsDimension x="16" y="16"/>
		</Size>
		<Anchors>
			<Anchor point="CENTER"/>
		</Anchors>
		<Scripts>
			<OnLoad>
				this:SetFrameLevel(this:GetFrameLevel() + 1);
			</OnLoad>
			<OnEnter>
				GuildMap_ShowWorldMapToolTip();
			</OnEnter>
			<OnLeave>
				WorldMapTooltip:Hide();
			</OnLeave>
		</Scripts>
		<NormalTexture name="$parentTexture" file="Interface\AddOns\GuildMap\Images\WorldMapGuildIcon"/>
	</Button>
   	
   	<Button name="GuildMapMain1" inherits="GuildMapMainTemplate" id="1" parent="WorldMapButton"/>
	<Button name="GuildMapMain2" inherits="GuildMapMainTemplate" id="2" parent="WorldMapButton"/>
	<Button name="GuildMapMain3" inherits="GuildMapMainTemplate" id="3" parent="WorldMapButton"/>
	<Button name="GuildMapMain4" inherits="GuildMapMainTemplate" id="4" parent="WorldMapButton"/>
	<Button name="GuildMapMain5" inherits="GuildMapMainTemplate" id="5" parent="WorldMapButton"/>
	<Button name="GuildMapMain6" inherits="GuildMapMainTemplate" id="6" parent="WorldMapButton"/>
	<Button name="GuildMapMain7" inherits="GuildMapMainTemplate" id="7" parent="WorldMapButton"/>
	<Button name="GuildMapMain8" inherits="GuildMapMainTemplate" id="8" parent="WorldMapButton"/>
	<Button name="GuildMapMain9" inherits="GuildMapMainTemplate" id="9" parent="WorldMapButton"/>
	<Button name="GuildMapMain10" inherits="GuildMapMainTemplate" id="10" parent="WorldMapButton"/>
	<Button name="GuildMapMain11" inherits="GuildMapMainTemplate" id="11" parent="WorldMapButton"/>
	<Button name="GuildMapMain12" inherits="GuildMapMainTemplate" id="12" parent="WorldMapButton"/>
	<Button name="GuildMapMain13" inherits="GuildMapMainTemplate" id="13" parent="WorldMapButton"/>
	<Button name="GuildMapMain14" inherits="GuildMapMainTemplate" id="14" parent="WorldMapButton"/>
	<Button name="GuildMapMain15" inherits="GuildMapMainTemplate" id="15" parent="WorldMapButton"/>
	<Button name="GuildMapMain16" inherits="GuildMapMainTemplate" id="16" parent="WorldMapButton"/>
	<Button name="GuildMapMain17" inherits="GuildMapMainTemplate" id="17" parent="WorldMapButton"/>
	<Button name="GuildMapMain18" inherits="GuildMapMainTemplate" id="18" parent="WorldMapButton"/>
	<Button name="GuildMapMain19" inherits="GuildMapMainTemplate" id="19" parent="WorldMapButton"/>
	<Button name="GuildMapMain20" inherits="GuildMapMainTemplate" id="20" parent="WorldMapButton"/>
	<Button name="GuildMapMain21" inherits="GuildMapMainTemplate" id="21" parent="WorldMapButton"/>
	<Button name="GuildMapMain22" inherits="GuildMapMainTemplate" id="22" parent="WorldMapButton"/>
	<Button name="GuildMapMain23" inherits="GuildMapMainTemplate" id="23" parent="WorldMapButton"/>
	<Button name="GuildMapMain24" inherits="GuildMapMainTemplate" id="24" parent="WorldMapButton"/>
	<Button name="GuildMapMain25" inherits="GuildMapMainTemplate" id="25" parent="WorldMapButton"/>
	<Button name="GuildMapMain26" inherits="GuildMapMainTemplate" id="26" parent="WorldMapButton"/>
	<Button name="GuildMapMain27" inherits="GuildMapMainTemplate" id="27" parent="WorldMapButton"/>
	<Button name="GuildMapMain28" inherits="GuildMapMainTemplate" id="28" parent="WorldMapButton"/>
	<Button name="GuildMapMain29" inherits="GuildMapMainTemplate" id="29" parent="WorldMapButton"/>
	<Button name="GuildMapMain30" inherits="GuildMapMainTemplate" id="30" parent="WorldMapButton"/>
	<Button name="GuildMapMain31" inherits="GuildMapMainTemplate" id="31" parent="WorldMapButton"/>
	<Button name="GuildMapMain32" inherits="GuildMapMainTemplate" id="32" parent="WorldMapButton"/>
	<Button name="GuildMapMain33" inherits="GuildMapMainTemplate" id="33" parent="WorldMapButton"/>
	<Button name="GuildMapMain34" inherits="GuildMapMainTemplate" id="34" parent="WorldMapButton"/>
	<Button name="GuildMapMain35" inherits="GuildMapMainTemplate" id="35" parent="WorldMapButton"/>
	<Button name="GuildMapMain36" inherits="GuildMapMainTemplate" id="36" parent="WorldMapButton"/>
	<Button name="GuildMapMain37" inherits="GuildMapMainTemplate" id="37" parent="WorldMapButton"/>
	<Button name="GuildMapMain38" inherits="GuildMapMainTemplate" id="38" parent="WorldMapButton"/>
	<Button name="GuildMapMain39" inherits="GuildMapMainTemplate" id="39" parent="WorldMapButton"/>
	<Button name="GuildMapMain40" inherits="GuildMapMainTemplate" id="40" parent="WorldMapButton"/>
	<Button name="GuildMapMain41" inherits="GuildMapMainTemplate" id="41" parent="WorldMapButton"/>
	<Button name="GuildMapMain42" inherits="GuildMapMainTemplate" id="42" parent="WorldMapButton"/>
	<Button name="GuildMapMain43" inherits="GuildMapMainTemplate" id="43" parent="WorldMapButton"/>
	<Button name="GuildMapMain44" inherits="GuildMapMainTemplate" id="44" parent="WorldMapButton"/>
	<Button name="GuildMapMain45" inherits="GuildMapMainTemplate" id="45" parent="WorldMapButton"/>
	<Button name="GuildMapMain46" inherits="GuildMapMainTemplate" id="46" parent="WorldMapButton"/>
	<Button name="GuildMapMain47" inherits="GuildMapMainTemplate" id="47" parent="WorldMapButton"/>
	<Button name="GuildMapMain48" inherits="GuildMapMainTemplate" id="48" parent="WorldMapButton"/>
	<Button name="GuildMapMain49" inherits="GuildMapMainTemplate" id="49" parent="WorldMapButton"/>
	<Button name="GuildMapMain50" inherits="GuildMapMainTemplate" id="50" parent="WorldMapButton"/>
	<Button name="GuildMapMain51" inherits="GuildMapMainTemplate" id="51" parent="WorldMapButton"/>
	<Button name="GuildMapMain52" inherits="GuildMapMainTemplate" id="52" parent="WorldMapButton"/>
	<Button name="GuildMapMain53" inherits="GuildMapMainTemplate" id="53" parent="WorldMapButton"/>
	<Button name="GuildMapMain54" inherits="GuildMapMainTemplate" id="54" parent="WorldMapButton"/>
	<Button name="GuildMapMain55" inherits="GuildMapMainTemplate" id="55" parent="WorldMapButton"/>
	<Button name="GuildMapMain56" inherits="GuildMapMainTemplate" id="56" parent="WorldMapButton"/>
	<Button name="GuildMapMain57" inherits="GuildMapMainTemplate" id="57" parent="WorldMapButton"/>
	<Button name="GuildMapMain58" inherits="GuildMapMainTemplate" id="58" parent="WorldMapButton"/>
	<Button name="GuildMapMain59" inherits="GuildMapMainTemplate" id="59" parent="WorldMapButton"/>
	<Button name="GuildMapMain60" inherits="GuildMapMainTemplate" id="60" parent="WorldMapButton"/>
	<Button name="GuildMapMain61" inherits="GuildMapMainTemplate" id="61" parent="WorldMapButton"/>
	<Button name="GuildMapMain62" inherits="GuildMapMainTemplate" id="62" parent="WorldMapButton"/>
	<Button name="GuildMapMain63" inherits="GuildMapMainTemplate" id="63" parent="WorldMapButton"/>
	<Button name="GuildMapMain64" inherits="GuildMapMainTemplate" id="64" parent="WorldMapButton"/>
	<Button name="GuildMapMain65" inherits="GuildMapMainTemplate" id="65" parent="WorldMapButton"/>
	<Button name="GuildMapMain66" inherits="GuildMapMainTemplate" id="66" parent="WorldMapButton"/>
	<Button name="GuildMapMain67" inherits="GuildMapMainTemplate" id="67" parent="WorldMapButton"/>
	<Button name="GuildMapMain68" inherits="GuildMapMainTemplate" id="68" parent="WorldMapButton"/>
	<Button name="GuildMapMain69" inherits="GuildMapMainTemplate" id="69" parent="WorldMapButton"/>
	<Button name="GuildMapMain70" inherits="GuildMapMainTemplate" id="70" parent="WorldMapButton"/>
	<Button name="GuildMapMain71" inherits="GuildMapMainTemplate" id="71" parent="WorldMapButton"/>
	<Button name="GuildMapMain72" inherits="GuildMapMainTemplate" id="72" parent="WorldMapButton"/>
	<Button name="GuildMapMain73" inherits="GuildMapMainTemplate" id="73" parent="WorldMapButton"/>
	<Button name="GuildMapMain74" inherits="GuildMapMainTemplate" id="74" parent="WorldMapButton"/>
	<Button name="GuildMapMain75" inherits="GuildMapMainTemplate" id="75" parent="WorldMapButton"/>
	<Button name="GuildMapMain76" inherits="GuildMapMainTemplate" id="76" parent="WorldMapButton"/>
	<Button name="GuildMapMain77" inherits="GuildMapMainTemplate" id="77" parent="WorldMapButton"/>
	<Button name="GuildMapMain78" inherits="GuildMapMainTemplate" id="78" parent="WorldMapButton"/>
	<Button name="GuildMapMain79" inherits="GuildMapMainTemplate" id="79" parent="WorldMapButton"/>
	<Button name="GuildMapMain80" inherits="GuildMapMainTemplate" id="80" parent="WorldMapButton"/>
	<Button name="GuildMapMain81" inherits="GuildMapMainTemplate" id="81" parent="WorldMapButton"/>
	<Button name="GuildMapMain82" inherits="GuildMapMainTemplate" id="82" parent="WorldMapButton"/>
	<Button name="GuildMapMain83" inherits="GuildMapMainTemplate" id="83" parent="WorldMapButton"/>
	<Button name="GuildMapMain84" inherits="GuildMapMainTemplate" id="84" parent="WorldMapButton"/>
	<Button name="GuildMapMain85" inherits="GuildMapMainTemplate" id="85" parent="WorldMapButton"/>
	<Button name="GuildMapMain86" inherits="GuildMapMainTemplate" id="86" parent="WorldMapButton"/>
	<Button name="GuildMapMain87" inherits="GuildMapMainTemplate" id="87" parent="WorldMapButton"/>
	<Button name="GuildMapMain88" inherits="GuildMapMainTemplate" id="88" parent="WorldMapButton"/>
	<Button name="GuildMapMain89" inherits="GuildMapMainTemplate" id="89" parent="WorldMapButton"/>
	<Button name="GuildMapMain90" inherits="GuildMapMainTemplate" id="90" parent="WorldMapButton"/>
	<Button name="GuildMapMain91" inherits="GuildMapMainTemplate" id="91" parent="WorldMapButton"/>
	<Button name="GuildMapMain92" inherits="GuildMapMainTemplate" id="92" parent="WorldMapButton"/>
	<Button name="GuildMapMain93" inherits="GuildMapMainTemplate" id="93" parent="WorldMapButton"/>
	<Button name="GuildMapMain94" inherits="GuildMapMainTemplate" id="94" parent="WorldMapButton"/>
	<Button name="GuildMapMain95" inherits="GuildMapMainTemplate" id="95" parent="WorldMapButton"/>
	<Button name="GuildMapMain96" inherits="GuildMapMainTemplate" id="96" parent="WorldMapButton"/>
	<Button name="GuildMapMain97" inherits="GuildMapMainTemplate" id="97" parent="WorldMapButton"/>
	<Button name="GuildMapMain98" inherits="GuildMapMainTemplate" id="98" parent="WorldMapButton"/>
	<Button name="GuildMapMain99" inherits="GuildMapMainTemplate" id="99" parent="WorldMapButton"/>
	<Button name="GuildMapMain100" inherits="GuildMapMainTemplate" id="100" parent="WorldMapButton"/>
	<Button name="GuildMapMain101" inherits="GuildMapMainTemplate" id="101" parent="WorldMapButton"/>
	<Button name="GuildMapMain102" inherits="GuildMapMainTemplate" id="102" parent="WorldMapButton"/>
	<Button name="GuildMapMain103" inherits="GuildMapMainTemplate" id="103" parent="WorldMapButton"/>
	<Button name="GuildMapMain104" inherits="GuildMapMainTemplate" id="104" parent="WorldMapButton"/>
	<Button name="GuildMapMain105" inherits="GuildMapMainTemplate" id="105" parent="WorldMapButton"/>
	<Button name="GuildMapMain106" inherits="GuildMapMainTemplate" id="106" parent="WorldMapButton"/>
	<Button name="GuildMapMain107" inherits="GuildMapMainTemplate" id="107" parent="WorldMapButton"/>
	<Button name="GuildMapMain108" inherits="GuildMapMainTemplate" id="108" parent="WorldMapButton"/>
	<Button name="GuildMapMain109" inherits="GuildMapMainTemplate" id="109" parent="WorldMapButton"/>
	<Button name="GuildMapMain110" inherits="GuildMapMainTemplate" id="110" parent="WorldMapButton"/>
	<Button name="GuildMapMain111" inherits="GuildMapMainTemplate" id="111" parent="WorldMapButton"/>
	<Button name="GuildMapMain112" inherits="GuildMapMainTemplate" id="112" parent="WorldMapButton"/>
	<Button name="GuildMapMain113" inherits="GuildMapMainTemplate" id="113" parent="WorldMapButton"/>
	<Button name="GuildMapMain114" inherits="GuildMapMainTemplate" id="114" parent="WorldMapButton"/>
	<Button name="GuildMapMain115" inherits="GuildMapMainTemplate" id="115" parent="WorldMapButton"/>
	<Button name="GuildMapMain116" inherits="GuildMapMainTemplate" id="116" parent="WorldMapButton"/>
	<Button name="GuildMapMain117" inherits="GuildMapMainTemplate" id="117" parent="WorldMapButton"/>
	<Button name="GuildMapMain118" inherits="GuildMapMainTemplate" id="118" parent="WorldMapButton"/>
	<Button name="GuildMapMain119" inherits="GuildMapMainTemplate" id="119" parent="WorldMapButton"/>
	<Button name="GuildMapMain120" inherits="GuildMapMainTemplate" id="120" parent="WorldMapButton"/>
	<Button name="GuildMapMain121" inherits="GuildMapMainTemplate" id="121" parent="WorldMapButton"/>
	<Button name="GuildMapMain122" inherits="GuildMapMainTemplate" id="122" parent="WorldMapButton"/>
	<Button name="GuildMapMain123" inherits="GuildMapMainTemplate" id="123" parent="WorldMapButton"/>
	<Button name="GuildMapMain124" inherits="GuildMapMainTemplate" id="124" parent="WorldMapButton"/>
	<Button name="GuildMapMain125" inherits="GuildMapMainTemplate" id="125" parent="WorldMapButton"/>
	<Button name="GuildMapMain126" inherits="GuildMapMainTemplate" id="126" parent="WorldMapButton"/>
	<Button name="GuildMapMain127" inherits="GuildMapMainTemplate" id="127" parent="WorldMapButton"/>
	<Button name="GuildMapMain128" inherits="GuildMapMainTemplate" id="128" parent="WorldMapButton"/>
	<Button name="GuildMapMain129" inherits="GuildMapMainTemplate" id="129" parent="WorldMapButton"/>
	<Button name="GuildMapMain130" inherits="GuildMapMainTemplate" id="130" parent="WorldMapButton"/>
	<Button name="GuildMapMain131" inherits="GuildMapMainTemplate" id="131" parent="WorldMapButton"/>
	<Button name="GuildMapMain132" inherits="GuildMapMainTemplate" id="132" parent="WorldMapButton"/>
	<Button name="GuildMapMain133" inherits="GuildMapMainTemplate" id="133" parent="WorldMapButton"/>
	<Button name="GuildMapMain134" inherits="GuildMapMainTemplate" id="134" parent="WorldMapButton"/>
	<Button name="GuildMapMain135" inherits="GuildMapMainTemplate" id="135" parent="WorldMapButton"/>
	<Button name="GuildMapMain136" inherits="GuildMapMainTemplate" id="136" parent="WorldMapButton"/>
	<Button name="GuildMapMain137" inherits="GuildMapMainTemplate" id="137" parent="WorldMapButton"/>
	<Button name="GuildMapMain138" inherits="GuildMapMainTemplate" id="138" parent="WorldMapButton"/>
	<Button name="GuildMapMain139" inherits="GuildMapMainTemplate" id="139" parent="WorldMapButton"/>
	<Button name="GuildMapMain140" inherits="GuildMapMainTemplate" id="140" parent="WorldMapButton"/>
	<Button name="GuildMapMain141" inherits="GuildMapMainTemplate" id="141" parent="WorldMapButton"/>
	<Button name="GuildMapMain142" inherits="GuildMapMainTemplate" id="142" parent="WorldMapButton"/>
	<Button name="GuildMapMain143" inherits="GuildMapMainTemplate" id="143" parent="WorldMapButton"/>
	<Button name="GuildMapMain144" inherits="GuildMapMainTemplate" id="144" parent="WorldMapButton"/>
	<Button name="GuildMapMain145" inherits="GuildMapMainTemplate" id="145" parent="WorldMapButton"/>
	<Button name="GuildMapMain146" inherits="GuildMapMainTemplate" id="146" parent="WorldMapButton"/>
	<Button name="GuildMapMain147" inherits="GuildMapMainTemplate" id="147" parent="WorldMapButton"/>
	<Button name="GuildMapMain148" inherits="GuildMapMainTemplate" id="148" parent="WorldMapButton"/>
	<Button name="GuildMapMain149" inherits="GuildMapMainTemplate" id="149" parent="WorldMapButton"/>
	<Button name="GuildMapMain150" inherits="GuildMapMainTemplate" id="150" parent="WorldMapButton"/>
	<Button name="GuildMapMain151" inherits="GuildMapMainTemplate" id="151" parent="WorldMapButton"/>
	<Button name="GuildMapMain152" inherits="GuildMapMainTemplate" id="152" parent="WorldMapButton"/>
	<Button name="GuildMapMain153" inherits="GuildMapMainTemplate" id="153" parent="WorldMapButton"/>
	<Button name="GuildMapMain154" inherits="GuildMapMainTemplate" id="154" parent="WorldMapButton"/>
	<Button name="GuildMapMain155" inherits="GuildMapMainTemplate" id="155" parent="WorldMapButton"/>
	<Button name="GuildMapMain156" inherits="GuildMapMainTemplate" id="156" parent="WorldMapButton"/>
	<Button name="GuildMapMain157" inherits="GuildMapMainTemplate" id="157" parent="WorldMapButton"/>
	<Button name="GuildMapMain158" inherits="GuildMapMainTemplate" id="158" parent="WorldMapButton"/>
	<Button name="GuildMapMain159" inherits="GuildMapMainTemplate" id="159" parent="WorldMapButton"/>
	<Button name="GuildMapMain160" inherits="GuildMapMainTemplate" id="160" parent="WorldMapButton"/>
	<Button name="GuildMapMain161" inherits="GuildMapMainTemplate" id="161" parent="WorldMapButton"/>
	<Button name="GuildMapMain162" inherits="GuildMapMainTemplate" id="162" parent="WorldMapButton"/>
	<Button name="GuildMapMain163" inherits="GuildMapMainTemplate" id="163" parent="WorldMapButton"/>
	<Button name="GuildMapMain164" inherits="GuildMapMainTemplate" id="164" parent="WorldMapButton"/>
	<Button name="GuildMapMain165" inherits="GuildMapMainTemplate" id="165" parent="WorldMapButton"/>
	<Button name="GuildMapMain166" inherits="GuildMapMainTemplate" id="166" parent="WorldMapButton"/>
	<Button name="GuildMapMain167" inherits="GuildMapMainTemplate" id="167" parent="WorldMapButton"/>
	<Button name="GuildMapMain168" inherits="GuildMapMainTemplate" id="168" parent="WorldMapButton"/>
	<Button name="GuildMapMain169" inherits="GuildMapMainTemplate" id="169" parent="WorldMapButton"/>
	<Button name="GuildMapMain170" inherits="GuildMapMainTemplate" id="170" parent="WorldMapButton"/>
	<Button name="GuildMapMain171" inherits="GuildMapMainTemplate" id="171" parent="WorldMapButton"/>
	<Button name="GuildMapMain172" inherits="GuildMapMainTemplate" id="172" parent="WorldMapButton"/>
	<Button name="GuildMapMain173" inherits="GuildMapMainTemplate" id="173" parent="WorldMapButton"/>
	<Button name="GuildMapMain174" inherits="GuildMapMainTemplate" id="174" parent="WorldMapButton"/>
	<Button name="GuildMapMain175" inherits="GuildMapMainTemplate" id="175" parent="WorldMapButton"/>
	<Button name="GuildMapMain176" inherits="GuildMapMainTemplate" id="176" parent="WorldMapButton"/>
	<Button name="GuildMapMain177" inherits="GuildMapMainTemplate" id="177" parent="WorldMapButton"/>
	<Button name="GuildMapMain178" inherits="GuildMapMainTemplate" id="178" parent="WorldMapButton"/>
	<Button name="GuildMapMain179" inherits="GuildMapMainTemplate" id="179" parent="WorldMapButton"/>
	<Button name="GuildMapMain180" inherits="GuildMapMainTemplate" id="180" parent="WorldMapButton"/>
	<Button name="GuildMapMain181" inherits="GuildMapMainTemplate" id="181" parent="WorldMapButton"/>
	<Button name="GuildMapMain182" inherits="GuildMapMainTemplate" id="182" parent="WorldMapButton"/>
	<Button name="GuildMapMain183" inherits="GuildMapMainTemplate" id="183" parent="WorldMapButton"/>
	<Button name="GuildMapMain184" inherits="GuildMapMainTemplate" id="184" parent="WorldMapButton"/>
	<Button name="GuildMapMain185" inherits="GuildMapMainTemplate" id="185" parent="WorldMapButton"/>
	<Button name="GuildMapMain186" inherits="GuildMapMainTemplate" id="186" parent="WorldMapButton"/>
	<Button name="GuildMapMain187" inherits="GuildMapMainTemplate" id="187" parent="WorldMapButton"/>
	<Button name="GuildMapMain188" inherits="GuildMapMainTemplate" id="188" parent="WorldMapButton"/>
	<Button name="GuildMapMain189" inherits="GuildMapMainTemplate" id="189" parent="WorldMapButton"/>
	<Button name="GuildMapMain190" inherits="GuildMapMainTemplate" id="190" parent="WorldMapButton"/>
	<Button name="GuildMapMain191" inherits="GuildMapMainTemplate" id="191" parent="WorldMapButton"/>
	<Button name="GuildMapMain192" inherits="GuildMapMainTemplate" id="192" parent="WorldMapButton"/>
	<Button name="GuildMapMain193" inherits="GuildMapMainTemplate" id="193" parent="WorldMapButton"/>
	<Button name="GuildMapMain194" inherits="GuildMapMainTemplate" id="194" parent="WorldMapButton"/>
	<Button name="GuildMapMain195" inherits="GuildMapMainTemplate" id="195" parent="WorldMapButton"/>
	<Button name="GuildMapMain196" inherits="GuildMapMainTemplate" id="196" parent="WorldMapButton"/>
	<Button name="GuildMapMain197" inherits="GuildMapMainTemplate" id="197" parent="WorldMapButton"/>
	<Button name="GuildMapMain198" inherits="GuildMapMainTemplate" id="198" parent="WorldMapButton"/>
	<Button name="GuildMapMain199" inherits="GuildMapMainTemplate" id="199" parent="WorldMapButton"/>
	<Button name="GuildMapMain200" inherits="GuildMapMainTemplate" id="200" parent="WorldMapButton"/>
	<Button name="GuildMapMain201" inherits="GuildMapMainTemplate" id="201" parent="WorldMapButton"/>
	<Button name="GuildMapMain202" inherits="GuildMapMainTemplate" id="202" parent="WorldMapButton"/>
	<Button name="GuildMapMain203" inherits="GuildMapMainTemplate" id="203" parent="WorldMapButton"/>
	<Button name="GuildMapMain204" inherits="GuildMapMainTemplate" id="204" parent="WorldMapButton"/>
	<Button name="GuildMapMain205" inherits="GuildMapMainTemplate" id="205" parent="WorldMapButton"/>
	<Button name="GuildMapMain206" inherits="GuildMapMainTemplate" id="206" parent="WorldMapButton"/>
	<Button name="GuildMapMain207" inherits="GuildMapMainTemplate" id="207" parent="WorldMapButton"/>
	<Button name="GuildMapMain208" inherits="GuildMapMainTemplate" id="208" parent="WorldMapButton"/>
	<Button name="GuildMapMain209" inherits="GuildMapMainTemplate" id="209" parent="WorldMapButton"/>
	<Button name="GuildMapMain210" inherits="GuildMapMainTemplate" id="210" parent="WorldMapButton"/>
	<Button name="GuildMapMain211" inherits="GuildMapMainTemplate" id="211" parent="WorldMapButton"/>
	<Button name="GuildMapMain212" inherits="GuildMapMainTemplate" id="212" parent="WorldMapButton"/>
	<Button name="GuildMapMain213" inherits="GuildMapMainTemplate" id="213" parent="WorldMapButton"/>
	<Button name="GuildMapMain214" inherits="GuildMapMainTemplate" id="214" parent="WorldMapButton"/>
	<Button name="GuildMapMain215" inherits="GuildMapMainTemplate" id="215" parent="WorldMapButton"/>
	<Button name="GuildMapMain216" inherits="GuildMapMainTemplate" id="216" parent="WorldMapButton"/>
	<Button name="GuildMapMain217" inherits="GuildMapMainTemplate" id="217" parent="WorldMapButton"/>
	<Button name="GuildMapMain218" inherits="GuildMapMainTemplate" id="218" parent="WorldMapButton"/>
	<Button name="GuildMapMain219" inherits="GuildMapMainTemplate" id="219" parent="WorldMapButton"/>
	<Button name="GuildMapMain220" inherits="GuildMapMainTemplate" id="220" parent="WorldMapButton"/>
	<Button name="GuildMapMain221" inherits="GuildMapMainTemplate" id="221" parent="WorldMapButton"/>
	<Button name="GuildMapMain222" inherits="GuildMapMainTemplate" id="222" parent="WorldMapButton"/>
	<Button name="GuildMapMain223" inherits="GuildMapMainTemplate" id="223" parent="WorldMapButton"/>
	<Button name="GuildMapMain224" inherits="GuildMapMainTemplate" id="224" parent="WorldMapButton"/>
	<Button name="GuildMapMain225" inherits="GuildMapMainTemplate" id="225" parent="WorldMapButton"/>
	<Button name="GuildMapMain226" inherits="GuildMapMainTemplate" id="226" parent="WorldMapButton"/>
	<Button name="GuildMapMain227" inherits="GuildMapMainTemplate" id="227" parent="WorldMapButton"/>
	<Button name="GuildMapMain228" inherits="GuildMapMainTemplate" id="228" parent="WorldMapButton"/>
	<Button name="GuildMapMain229" inherits="GuildMapMainTemplate" id="229" parent="WorldMapButton"/>
	<Button name="GuildMapMain230" inherits="GuildMapMainTemplate" id="230" parent="WorldMapButton"/>
	<Button name="GuildMapMain231" inherits="GuildMapMainTemplate" id="231" parent="WorldMapButton"/>
	<Button name="GuildMapMain232" inherits="GuildMapMainTemplate" id="232" parent="WorldMapButton"/>
	<Button name="GuildMapMain233" inherits="GuildMapMainTemplate" id="233" parent="WorldMapButton"/>
	<Button name="GuildMapMain234" inherits="GuildMapMainTemplate" id="234" parent="WorldMapButton"/>
	<Button name="GuildMapMain235" inherits="GuildMapMainTemplate" id="235" parent="WorldMapButton"/>
	<Button name="GuildMapMain236" inherits="GuildMapMainTemplate" id="236" parent="WorldMapButton"/>
	<Button name="GuildMapMain237" inherits="GuildMapMainTemplate" id="237" parent="WorldMapButton"/>
	<Button name="GuildMapMain238" inherits="GuildMapMainTemplate" id="238" parent="WorldMapButton"/>
	<Button name="GuildMapMain239" inherits="GuildMapMainTemplate" id="239" parent="WorldMapButton"/>
	<Button name="GuildMapMain240" inherits="GuildMapMainTemplate" id="240" parent="WorldMapButton"/>
	<Button name="GuildMapMain241" inherits="GuildMapMainTemplate" id="241" parent="WorldMapButton"/>
	<Button name="GuildMapMain242" inherits="GuildMapMainTemplate" id="242" parent="WorldMapButton"/>
	<Button name="GuildMapMain243" inherits="GuildMapMainTemplate" id="243" parent="WorldMapButton"/>
	<Button name="GuildMapMain244" inherits="GuildMapMainTemplate" id="244" parent="WorldMapButton"/>
	<Button name="GuildMapMain245" inherits="GuildMapMainTemplate" id="245" parent="WorldMapButton"/>
	<Button name="GuildMapMain246" inherits="GuildMapMainTemplate" id="246" parent="WorldMapButton"/>
	<Button name="GuildMapMain247" inherits="GuildMapMainTemplate" id="247" parent="WorldMapButton"/>
	<Button name="GuildMapMain248" inherits="GuildMapMainTemplate" id="248" parent="WorldMapButton"/>
	<Button name="GuildMapMain249" inherits="GuildMapMainTemplate" id="249" parent="WorldMapButton"/>
	<Button name="GuildMapMain250" inherits="GuildMapMainTemplate" id="250" parent="WorldMapButton"/>
	
	
	
	

   	
</Ui>