<Ui xmlns="http://www.blizzard.com/wow/ui/" xmlns:xsi="http://www.w3.org/2001/XMLSchema-instance" xsi:schemaLocation="http://www.blizzard.com/wow/ui/
	C:\Projects\WoW\Bin\Interface\FrameXML\UI.xsd">
	<Script file="CenarionCircleGrinder_frFR.lua"/>
	<Script file="CenarionCircleGrinder_deDE.lua"/>
	<Script file="CenarionCircleGrinder_zhTW.lua"/>
	<Script file="CenarionCircleGrinder.lua"/>

	<GameTooltip name="CCGToolTip" inherits="GameTooltipTemplate" parent="UIParent" hidden="true"/>

	<Frame name="CenarionCircleGrinderFrame">
		<Scripts>
			<OnLoad>
				CenarionCircleGrinder_OnLoad();
			</OnLoad>
			<OnEvent>
				CenarionCircleGrinder_OnEvent(event);
			</OnEvent>
			<OnUpdate>
				CenarionCircleGrinder_UpdateGrindingStats();
			</OnUpdate>
		</Scripts>
	</Frame>

	<Button name="CCG_ItemButton" virtual="true" hidden="false">
        	<Size><AbsDimension x="32" y="32"/></Size>

		<Layers>
		</Layers>

		<Scripts>
	            	<OnShow>
				this:SetFrameLevel( (this:GetParent()):GetFrameLevel() + 1 );
			</OnShow>
			<OnLeave>
				CenarionCircleGrinder_HideToolTip();
			</OnLeave>
		</Scripts>
    	</Button>


	<!--This is the frame containing all the cool display info-->
        <Frame name="CenarionCircleGrinderDisplayFrame" hidden="true" virtual="false" movable="true" parent="UIParent">
		<Size><AbsDimension x="182" y="292"/></Size>

		<Anchors>
			<Anchor point="TOPRIGHT">
				<Offset><AbsDimension x="-300" y="-340"/></Offset>
			</Anchor>
		</Anchors>

		<Backdrop bgFile="Interface\DialogFrame\UI-DialogBox-Background" edgeFile="Interface\DialogFrame\UI-DialogBox-Border" tile="true">
                	<TileSize><AbsValue val="32"/></TileSize>
                	<EdgeSize><AbsValue val="32"/></EdgeSize>
                	<BackgroundInsets>
                        	<AbsInset left="11" right="12" top="12" bottom="11"/>
                	</BackgroundInsets>
        	</Backdrop>


		<Layers>
			<Layer level="OVERLAY">
				<FontString name="CCG_RepValue" inherits="NumberFontNormalSmall" text="Rep Value : 0">
					<Anchors>
						<Anchor point="TOP" relativePoint="TOP" >
							<Offset><AbsDimension x="0" y="-225"/></Offset>
						</Anchor>
					</Anchors>
					<Color r="255" g="255" b="0"/>
				</FontString>

				<FontString name="CCG_RepPercent" inherits="NumberFontNormalSmall" text = "|cff00ff000% |caaaaaaaa+ |cffffff000% |caaaaaaaa= |cff88ff000%">
					<Anchors>
						<Anchor point="TOP" relativePoint="TOP" >
							<Offset><AbsDimension x="0" y="-261"/></Offset>
						</Anchor>
					</Anchors>
				</FontString>

				<FontString name="CCG_Volunteer" inherits="NumberFontNormalSmall" text = "|cff0071dfVolunteer  |cffffffff0/5  |cffaaaaaa0/3  |cffffffff0/7">
					<Anchors>
						<Anchor point="TOP" >
							<Offset><AbsDimension x="0" y="-167"/></Offset>
						</Anchor>
					</Anchors>
				</FontString>

				<FontString name="CCG_Veteran" inherits="NumberFontNormalSmall" text = "|cff0071dfVeteran  |cffffffff0/7  |cffaaaaaa0/4  |cffffffff0/4">
					<Anchors>
						<Anchor point="TOP" >
							<Offset><AbsDimension x="0" y="-180"/></Offset>
						</Anchor>
					</Anchors>
				</FontString>

				<FontString name="CCG_Stalwart" inherits="NumberFontNormalSmall" text = "|cffa436eeStalwart  |cffffffff0/15  |cffaaaaaa0/20  |cffffffff0/17">
					<Anchors>
						<Anchor point="TOP" >
							<Offset><AbsDimension x="0" y="-193"/></Offset>
						</Anchor>
					</Anchors>
				</FontString>

				<FontString name="CCG_Champion" inherits="NumberFontNormalSmall" text = "|cffa436eeChampion  |cffffffff0/15  |cffaaaaaa0/20  |cffffffff0/20">
					<Anchors>
						<Anchor point="TOP" >
							<Offset><AbsDimension x="0" y="-206"/></Offset>
						</Anchor>
					</Anchors>
				</FontString>
			</Layer>
		</Layers>

		<Scripts>
            		<OnMouseDown> this:StartMoving();  </OnMouseDown>
                	<OnMouseUp>   this:StopMovingOrSizing(); </OnMouseUp>
                	<OnDragStop>  this:StopMovingOrSizing(); </OnDragStop>
		</Scripts> 

		<Frames>
			<Button name="CCG_EncryptedTwilightTextButton" hidden="false" virtual="false" inherits="CCG_ItemButton" parent="CenarionCircleGrinderDisplayFrame">
				<Size><AbsDimension x="32" y="32"/></Size>
	                        <Anchors>
					<Anchor point="TOP" >
						<Offset><AbsDimension x="0" y="-17"/></Offset>
					</Anchor>
				</Anchors>
				<Layers>
					<Layer level="ARTWORK">
						<Texture name="$parentTexture" file="Interface\Icons\INV_Misc_Note_06">
							<Size><AbsDimension x="32" y="32"/></Size>
							<Anchors><Anchor point="TOPLEFT" relativePoint="TOPLEFT" /></Anchors>
							<TexCoords left="0" right="1" top="0" bottom="1"/>
						</Texture>
					</Layer>
					<Layer level="OVERLAY">
						<FontString name="CCG_EncryptedTwilightTextCount" inherits="NumberFontNormalSmall" text="0">
							<Anchors>
								<Anchor point="BOTTOM" relativePoint="BOTTOM" >
									<Offset><AbsDimension x="0" y="-11"/></Offset>
								</Anchor>
							</Anchors>
						</FontString>
					</Layer>
				</Layers>
				<Scripts>
					<OnEnter>
						CenarionCircleGrinder_ShowTurninToolTip("Encrypted Twilight Text","white");
					</OnEnter>
					<OnClick>
						CenarionCircleGrinder_ItemButtonClick("Encrypted Twilight Text","white");
					</OnClick>
				</Scripts>
			</Button>

			<Button name="CCG_MarkofRemulosButton" hidden="false" virtual="false" inherits="CCG_ItemButton" parent="CenarionCircleGrinderDisplayFrame">
				<Size><AbsDimension x="32" y="32"/></Size>
	                        <Anchors>
					<Anchor point="TOP" >
						<Offset><AbsDimension x="-58" y="-17"/></Offset>
					</Anchor>
				</Anchors>
				<Layers>
					<Layer level="ARTWORK">
						<Texture name="$parentTexture" file="Interface\Icons\INV_Jewelry_Necklace_14">
							<Size><AbsDimension x="32" y="32"/></Size>
							<Anchors><Anchor point="TOPLEFT" relativePoint="TOPLEFT" /></Anchors>
							<TexCoords left="0" right="1" top="0" bottom="1"/>
						</Texture>
					</Layer>
					<Layer level="OVERLAY">
						<FontString name="CCG_MarkofRemulosCount" inherits="NumberFontNormalSmall" text="0">
							<Anchors>
								<Anchor point="BOTTOM" relativePoint="BOTTOM" >
									<Offset><AbsDimension x="0" y="-11"/></Offset>
								</Anchor>
							</Anchors>
						</FontString>
					</Layer>
				</Layers>
				<Scripts>
					<OnEnter>
						CenarionCircleGrinder_ShowTurninToolTip("Mark of Remulos","green");
					</OnEnter>
					<OnClick>
						CenarionCircleGrinder_ItemButtonClick("Mark of Remulos","green");
					</OnClick>
				</Scripts>
			</Button>

			<Button name="CCG_MarkofCenariusButton" hidden="false" virtual="false" inherits="CCG_ItemButton" parent="CenarionCircleGrinderDisplayFrame">
				<Size><AbsDimension x="32" y="32"/></Size>
	                        <Anchors>
					<Anchor point="TOP" >
						<Offset><AbsDimension x="58" y="-17"/></Offset>
					</Anchor>
				</Anchors>
				<Layers>
					<Layer level="ARTWORK">
						<Texture name="$parentTexture" file="Interface\Icons\INV_Jewelry_Necklace_12">
							<Size><AbsDimension x="32" y="32"/></Size>
							<Anchors><Anchor point="TOPLEFT" relativePoint="TOPLEFT" /></Anchors>
							<TexCoords left="0" right="1" top="0" bottom="1"/>
						</Texture>
					</Layer>
					<Layer level="OVERLAY">
						<FontString name="CCG_MarkofCenariusCount" inherits="NumberFontNormalSmall" text="0">
							<Anchors>
								<Anchor point="BOTTOM" relativePoint="BOTTOM" >
									<Offset><AbsDimension x="0" y="-11"/></Offset>
								</Anchor>
							</Anchors>
						</FontString>
					</Layer>
				</Layers>
				<Scripts>
					<OnEnter>
						CenarionCircleGrinder_ShowTurninToolTip("Mark of Cenarius","green");
					</OnEnter>
					<OnClick>
						CenarionCircleGrinder_ItemButtonClick("Mark of Cenarius","green");
					</OnClick>
				</Scripts>
			</Button>

			<Button name="CCG_AbyssalCrestButton" hidden="false" virtual="false" inherits="CCG_ItemButton" parent="CenarionCircleGrinderDisplayFrame">
				<Size><AbsDimension x="32" y="32"/></Size>
	                        <Anchors>
					<Anchor point="TOP" >
						<Offset><AbsDimension x="-40" y="-67"/></Offset>
					</Anchor>
				</Anchors>
				<Layers>
					<Layer level="ARTWORK">
						<Texture name="$parentTexture" file="Interface\Icons\INV_Jewelry_Talisman_05">
							<Size><AbsDimension x="32" y="32"/></Size>
							<Anchors><Anchor point="TOPLEFT" relativePoint="TOPLEFT" /></Anchors>
							<TexCoords left="0" right="1" top="0" bottom="1"/>
						</Texture>
					</Layer>
					<Layer level="OVERLAY">
						<FontString name="CCG_AbyssalCrestCount" inherits="NumberFontNormalSmall" text="0">
							<Anchors>
								<Anchor point="BOTTOM" relativePoint="BOTTOM" >
									<Offset><AbsDimension x="0" y="-11"/></Offset>
								</Anchor>
							</Anchors>
						</FontString>
					</Layer>
				</Layers>
				<Scripts>
					<OnEnter>
						CenarionCircleGrinder_ShowTurninToolTip("Abyssal Crest","green");
					</OnEnter>
					<OnClick>
						CenarionCircleGrinder_ItemButtonClick("Abyssal Crest","green");
					</OnClick>
				</Scripts>
			</Button>

			<Button name="CCG_AbyssalSignetButton" hidden="false" virtual="false" inherits="CCG_ItemButton" parent="CenarionCircleGrinderDisplayFrame">
				<Size><AbsDimension x="32" y="32"/></Size>
	                        <Anchors>
					<Anchor point="TOP" >
						<Offset><AbsDimension x="0" y="-67"/></Offset>
					</Anchor>
				</Anchors>
				<Layers>
					<Layer level="ARTWORK">
						<Texture name="$parentTexture" file="Interface\Icons\INV_Jewelry_Ring_36">
							<Size><AbsDimension x="32" y="32"/></Size>
							<Anchors><Anchor point="TOPLEFT" relativePoint="TOPLEFT" /></Anchors>
							<TexCoords left="0" right="1" top="0" bottom="1"/>
						</Texture>
					</Layer>
					<Layer level="OVERLAY">
						<FontString name="CCG_AbyssalSignetCount" inherits="NumberFontNormalSmall" text="0">
							<Anchors>
								<Anchor point="BOTTOM" relativePoint="BOTTOM" >
									<Offset><AbsDimension x="0" y="-11"/></Offset>
								</Anchor>
							</Anchors>
						</FontString>
					</Layer>
				</Layers>
				<Scripts>
					<OnEnter>
						CenarionCircleGrinder_ShowTurninToolTip("Abyssal Signet","blue");
					</OnEnter>
					<OnClick>
						CenarionCircleGrinder_ItemButtonClick("Abyssal Signet","blue");
					</OnClick>
				</Scripts>
			</Button>

			<Button name="CCG_AbyssalScepterButton" hidden="false" virtual="false" inherits="CCG_ItemButton" parent="CenarionCircleGrinderDisplayFrame">
				<Size><AbsDimension x="32" y="32"/></Size>
	                        <Anchors>
					<Anchor point="TOP" >
						<Offset><AbsDimension x="40" y="-67"/></Offset>
					</Anchor>
				</Anchors>
				<Layers>
					<Layer level="ARTWORK">
						<Texture name="$parentTexture" file="Interface\Icons\INV_Staff_13">
							<Size><AbsDimension x="32" y="32"/></Size>
							<Anchors><Anchor point="TOPLEFT" relativePoint="TOPLEFT" /></Anchors>
							<TexCoords left="0" right="1" top="0" bottom="1"/>
						</Texture>
					</Layer>
					<Layer level="OVERLAY">
						<FontString name="CCG_AbyssalScepterCount" inherits="NumberFontNormalSmall" text="0">
							<Anchors>
								<Anchor point="BOTTOM" relativePoint="BOTTOM" >
									<Offset><AbsDimension x="0" y="-11"/></Offset>
								</Anchor>
							</Anchors>
						</FontString>
					</Layer>
				</Layers>
				<Scripts>
					<OnEnter>
						CenarionCircleGrinder_ShowTurninToolTip("Abyssal Scepter","purple");
					</OnEnter>
					<OnClick>
						CenarionCircleGrinder_ItemButtonClick("Abyssal Scepter","purple");
					</OnClick>
				</Scripts>
			</Button>

			<Button name="CCG_CenarionCombatBadgeButton" hidden="false" virtual="false" inherits="CCG_ItemButton" parent="CenarionCircleGrinderDisplayFrame">
				<Size><AbsDimension x="32" y="32"/></Size>
	                        <Anchors>
					<Anchor point="TOP" >
						<Offset><AbsDimension x="-40" y="-117"/></Offset>
					</Anchor>
				</Anchors>
				<Layers>
					<Layer level="ARTWORK">
						<Texture name="$parentTexture" file="Interface\Icons\INV_Jewelry_Talisman_06">
							<Size><AbsDimension x="32" y="32"/></Size>
							<Anchors><Anchor point="TOPLEFT" relativePoint="TOPLEFT" /></Anchors>
							<TexCoords left="0" right="1" top="0" bottom="1"/>
						</Texture>
					</Layer>
					<Layer level="OVERLAY">
						<FontString name="CCG_CenarionCombatBadgeCount" inherits="NumberFontNormalSmall" text="0">
							<Anchors>
								<Anchor point="BOTTOM" relativePoint="BOTTOM" >
									<Offset><AbsDimension x="0" y="-11"/></Offset>
								</Anchor>
							</Anchors>
						</FontString>
					</Layer>
				</Layers>
				<Scripts>
					<OnEnter>
						CenarionCircleGrinder_ShowTurninToolTip("Cenarion Combat Badge","green");
					</OnEnter>
					<OnClick>
						CenarionCircleGrinder_ItemButtonClick("Cenarion Combat Badge","green");
					</OnClick>
				</Scripts>
			</Button>

			<Button name="CCG_CenarionLogisticsBadgeButton" hidden="false" virtual="false" inherits="CCG_ItemButton" parent="CenarionCircleGrinderDisplayFrame">
				<Size><AbsDimension x="32" y="32"/></Size>
	                        <Anchors>
					<Anchor point="TOP" >
						<Offset><AbsDimension x="0" y="-117"/></Offset>
					</Anchor>
				</Anchors>
				<Layers>
					<Layer level="ARTWORK">
						<Texture name="$parentTexture" file="Interface\Icons\INV_Jewelry_Necklace_16">
							<Size><AbsDimension x="32" y="32"/></Size>
							<Anchors><Anchor point="TOPLEFT" relativePoint="TOPLEFT" /></Anchors>
							<TexCoords left="0" right="1" top="0" bottom="1"/>
						</Texture>
					</Layer>
					<Layer level="OVERLAY">
						<FontString name="CCG_CenarionLogisticsBadgeCount" inherits="NumberFontNormalSmall" text="0">
							<Anchors>
								<Anchor point="BOTTOM" relativePoint="BOTTOM" >
									<Offset><AbsDimension x="0" y="-11"/></Offset>
								</Anchor>
							</Anchors>
						</FontString>
					</Layer>
				</Layers>
				<Scripts>
					<OnEnter>
						CenarionCircleGrinder_ShowTurninToolTip("Cenarion Logistics Badge","green");
					</OnEnter>
					<OnClick>
						CenarionCircleGrinder_ItemButtonClick("Cenarion Logistics Badge","green");
					</OnClick>
				</Scripts>
			</Button>

			<Button name="CCG_CenarionTacticalBadgeButton" hidden="false" virtual="false" inherits="CCG_ItemButton" parent="CenarionCircleGrinderDisplayFrame">
				<Size><AbsDimension x="32" y="32"/></Size>
	                        <Anchors>
					<Anchor point="TOP" >
						<Offset><AbsDimension x="40" y="-117"/></Offset>
					</Anchor>
				</Anchors>
				<Layers>
					<Layer level="ARTWORK">
						<Texture name="$parentTexture" file="Interface\Icons\INV_Jewelry_Amulet_02">
							<Size><AbsDimension x="32" y="32"/></Size>
							<Anchors><Anchor point="TOPLEFT" relativePoint="TOPLEFT" /></Anchors>
							<TexCoords left="0" right="1" top="0" bottom="1"/>
						</Texture>
					</Layer>
					<Layer level="OVERLAY">
						<FontString name="CCG_CenarionTacticalBadgeCount" inherits="NumberFontNormalSmall" text="0">
							<Anchors>
								<Anchor point="BOTTOM" relativePoint="BOTTOM" >
									<Offset><AbsDimension x="0" y="-11"/></Offset>
								</Anchor>
							</Anchors>
						</FontString>
					</Layer>
				</Layers>
				<Scripts>
					<OnEnter>
						CenarionCircleGrinder_ShowTurninToolTip("Cenarion Tactical Badge","green");
					</OnEnter>
					<OnClick>
						CenarionCircleGrinder_ItemButtonClick("Cenarion Tactical Badge","green");
					</OnClick>
				</Scripts>
			</Button>

			<Frame name="CCGToRepUpFrame" hidden="false" virtual="false" moveable="false" parent="CenarionCircleGrinderDisplayFrame">
				<Size><AbsDimension x="110" y="20"/></Size>

				<Anchors>
					<Anchor point="TOP">
						<Offset><AbsDimension x="20" y="-239"/></Offset>
					</Anchor>
				</Anchors>

				<Layers>
					<Layer level="ARTWORK">
						<FontString name="CCG_CCRep" inherits="NumberFontNormalSmall" text="CC Rep">
							<Anchors>
								<Anchor point="CENTER">
									<Offset><AbsDimension x="-75" y="0"/></Offset>
								</Anchor>
							</Anchors>
							<Color r="1" g="1" b="1"/>
						</FontString>
					</Layer>

				</Layers>

				<Backdrop edgeFile="Interface\DialogFrame\UI-DialogBox-Border" bgFile="Interface\CharacterFrame\BarHighlight" tile="true">
					<EdgeSize><AbsValue val="16"/></EdgeSize>
					<TileSize><AbsValue val="16"/></TileSize>
					<BackgroundInsets><AbsInset left="5" right="5" top="5" bottom="5"/></BackgroundInsets>
				</Backdrop>
				<Frames>
					<StatusBar name="CCG_SB_ActualRep" drawLayer="OVERLAY" minValue="0" maxValue="100" defaultValue="0">
						<Size><AbsDimension x="100" y="10"/></Size>
						<Anchors>
							<Anchor point="CENTER">
								<Offset><AbsDimension x="0" y="0"/></Offset>
							</Anchor>
						</Anchors>
						<BarTexture file="Interface\TargetingFrame\UI-StatusBar"/>
						<BarColor r="0" g="0.7" b="0.13"/>
					</StatusBar>

					<StatusBar name="CCG_SB_RepWithItems" drawLayer="ARTWORK" minValue="0" maxValue="100" defaultValue="0">
						<Size><AbsDimension x="100" y="10"/></Size>
						<Anchors>
							<Anchor point="CENTER">
								<Offset><AbsDimension x="0" y="0"/></Offset>
							</Anchor>
						</Anchors>
						<BarTexture file="Interface\TargetingFrame\UI-StatusBar"/>
						<BarColor r="1" g="1" b="0"/>
					</StatusBar>
				</Frames>
			</Frame>
		</Frames>

	</Frame>

	<!--This is the frame containing all the summons info-->
        <Frame name="CenarionCircleGrinderSummonsFrame" hidden="true" virtual="false" movable="true" parent="UIParent">
		<Size><AbsDimension x="175" y="235"/></Size>

		<Anchors>
			<Anchor point="RIGHT">
				<Offset><AbsDimension x="-510" y="0"/></Offset>
			</Anchor>
		</Anchors>

		<Backdrop bgFile="Interface\DialogFrame\UI-DialogBox-Background" edgeFile="Interface\DialogFrame\UI-DialogBox-Border" tile="true">
                	<TileSize><AbsValue val="32"/></TileSize>
                	<EdgeSize><AbsValue val="32"/></EdgeSize>
                	<BackgroundInsets>
                        	<AbsInset left="11" right="12" top="12" bottom="11"/>
			</BackgroundInsets>
        	</Backdrop>


		<Layers>
			<Layer level="OVERLAY">
				<FontString name="CCG_YouCanSummon" inherits="GameFontNormal" text="You Can Summon">
					<Anchors>
						<Anchor point="TOP" >
							<Offset><AbsDimension x="0" y="-165"/></Offset>
						</Anchor>
					</Anchors>
				</FontString>

				<FontString name="CCG_Templar" inherits="GameFontWhite" text="0 Templar">
					<Anchors>
						<Anchor point="TOP" >
							<Offset><AbsDimension x="0" y="-178"/></Offset>
						</Anchor>
					</Anchors>
				</FontString>

				<FontString name="CCG_Dukes" inherits="GameFontWhite" text="0 Dukes">
					<Anchors>
						<Anchor point="TOP" >
							<Offset><AbsDimension x="0" y="-191"/></Offset>
						</Anchor>
					</Anchors>
				</FontString>

				<FontString name="CCG_Lords" inherits="GameFontWhite" text="0 Lords">
					<Anchors>
						<Anchor point="TOP"  >
							<Offset><AbsDimension x="0" y="-204"/></Offset>
						</Anchor>
					</Anchors>
				</FontString>
			</Layer>
		</Layers>

		<Scripts>
            		<OnMouseDown> this:StartMoving();  </OnMouseDown>
                	<OnMouseUp>   this:StopMovingOrSizing(); </OnMouseUp>
                	<OnDragStop>  this:StopMovingOrSizing(); </OnDragStop>
		</Scripts>

		<Frames>
			<Button name="CCG_TwilightCultistMantleButton" hidden="false" virtual="false" inherits="CCG_ItemButton" parent="CenarionCircleGrinderSummonsFrame">
				<Size><AbsDimension x="32" y="32"/></Size>
	                        <Anchors>
					<Anchor point="TOP">
						<Offset><AbsDimension x="-47" y="-22"/></Offset>
					</Anchor>
				</Anchors>
				<Layers>
					<Layer level="ARTWORK">
						<Texture name="$parentTexture" file="Interface\Icons\INV_Shoulder_05">
							<Size><AbsDimension x="32" y="32"/></Size>
							<Anchors><Anchor point="TOP" relativePoint="TOP" /></Anchors>
							<TexCoords left="0" right="1" top="0" bottom="1"/>
						</Texture>
					</Layer>
					<Layer level="OVERLAY">
						<FontString name="CCG_TwilightCultistMantleCount" inherits="NumberFontNormalSmall" text="0">
							<Anchors>
								<Anchor point="BOTTOM" relativePoint="BOTTOM" >
									<Offset><AbsDimension x="0" y="-11"/></Offset>
								</Anchor>
							</Anchors>
						</FontString>
					</Layer>
				</Layers>
				<Scripts>
					<OnEnter>
						CenarionCircleGrinder_ShowSummonsToolTip("Twilight Cultist Mantle","green");
					</OnEnter>
					<OnClick>
						CenarionCircleGrinder_ItemButtonClick("Twilight Cultist Mantle","green");
					</OnClick>
				</Scripts>
			</Button>			

			<Button name="CCG_TwilightCultistCowlButton" hidden="false" virtual="false" inherits="CCG_ItemButton" parent="CenarionCircleGrinderSummonsFrame">
				<Size><AbsDimension x="32" y="32"/></Size>
	                        <Anchors>
					<Anchor point="TOP">
						<Offset><AbsDimension x="0" y="-22"/></Offset>
					</Anchor>
				</Anchors>
				<Layers>
					<Layer level="ARTWORK">
						<Texture name="$parentTexture" file="Interface\Icons\INV_Helmet_27">
							<Size><AbsDimension x="32" y="32"/></Size>
							<Anchors><Anchor point="TOP" relativePoint="TOP" /></Anchors>
							<TexCoords left="0" right="1" top="0" bottom="1"/>
						</Texture>
					</Layer>
					<Layer level="OVERLAY">
						<FontString name="CCG_TwilightCultistCowlCount" inherits="NumberFontNormalSmall" text="0">
							<Anchors>
								<Anchor point="BOTTOM" relativePoint="BOTTOM" >
									<Offset><AbsDimension x="0" y="-11"/></Offset>
								</Anchor>
							</Anchors>
						</FontString>
					</Layer>
				</Layers>
				<Scripts>
					<OnEnter>
						CenarionCircleGrinder_ShowSummonsToolTip("Twilight Cultist Cowl","green");
					</OnEnter>
					<OnClick>
						CenarionCircleGrinder_ItemButtonClick("Twilight Cultist Cowl","green");
					</OnClick>
				</Scripts>
			</Button>			

			<Button name="CCG_TwilightCultistRobeButton" hidden="false" virtual="false" inherits="CCG_ItemButton" parent="CenarionCircleGrinderSummonsFrame">
				<Size><AbsDimension x="32" y="32"/></Size>
	                        <Anchors>
					<Anchor point="TOP">
						<Offset><AbsDimension x="47" y="-22"/></Offset>
					</Anchor>
				</Anchors>
				<Layers>
					<Layer level="ARTWORK">
						<Texture name="$parentTexture" file="Interface\Icons\INV_Chest_Cloth_17">
							<Size><AbsDimension x="32" y="32"/></Size>
							<Anchors><Anchor point="TOP" relativePoint="TOP" /></Anchors>
							<TexCoords left="0" right="1" top="0" bottom="1"/>
						</Texture>
					</Layer>
					<Layer level="OVERLAY">
						<FontString name="CCG_TwilightCultistRobeCount" inherits="NumberFontNormalSmall" text="0">
							<Anchors>
								<Anchor point="BOTTOM" relativePoint="BOTTOM" >
									<Offset><AbsDimension x="0" y="-11"/></Offset>
								</Anchor>
							</Anchors>
						</FontString>
					</Layer>
				</Layers>
				<Scripts>
					<OnEnter>
						CenarionCircleGrinder_ShowSummonsToolTip("Twilight Cultist Robe","green");
					</OnEnter>
					<OnClick>
						CenarionCircleGrinder_ItemButtonClick("Twilight Cultist Robe","green");
					</OnClick>
				</Scripts>
			</Button>			

			<Button name="CCG_AbyssalCrestUpgradeButton" hidden="false" virtual="false" inherits="CCG_ItemButton" parent="CenarionCircleGrinderSummonsFrame">
				<Size><AbsDimension x="32" y="32"/></Size>
	                        <Anchors>
					<Anchor point="TOP">
						<Offset><AbsDimension x="-47" y="-72"/></Offset>
					</Anchor>
				</Anchors>
				<Layers>
					<Layer level="ARTWORK">
						<Texture name="$parentTexture" file="Interface\Icons\INV_Jewelry_Talisman_05">
							<Size><AbsDimension x="32" y="32"/></Size>
							<Anchors><Anchor point="TOP" relativePoint="TOP" /></Anchors>
							<TexCoords left="0" right="1" top="0" bottom="1"/>
						</Texture>
					</Layer>
					<Layer level="OVERLAY">
						<FontString name="CCG_AbyssalCrestUpgradeCount" inherits="NumberFontNormalSmall" text="0/3">
							<Anchors>
								<Anchor point="BOTTOM" relativePoint="BOTTOM" >
									<Offset><AbsDimension x="0" y="-11"/></Offset>
								</Anchor>
							</Anchors>
						</FontString>
					</Layer>
				</Layers>
				<Scripts>
					<OnEnter>
						CenarionCircleGrinder_ShowSummonsToolTip("Abyssal Crest","green");
					</OnEnter>
					<OnClick>
						CenarionCircleGrinder_ItemButtonClick("Abyssal Crest","green");
					</OnClick>
				</Scripts>
			</Button>			

			<Button name="CCG_LBSDukesButton" hidden="false" virtual="false" inherits="CCG_ItemButton" parent="CenarionCircleGrinderSummonsFrame">
				<Size><AbsDimension x="32" y="32"/></Size>
	                        <Anchors>
					<Anchor point="TOP">
						<Offset><AbsDimension x="0" y="-72"/></Offset>
					</Anchor>
				</Anchors>
				<Layers>
					<Layer level="ARTWORK">
						<Texture name="$parentTexture" file="Interface\Icons\INV_Enchant_ShardBrilliantLarge">
							<Size><AbsDimension x="32" y="32"/></Size>
							<Anchors><Anchor point="TOP" relativePoint="TOP" /></Anchors>
							<TexCoords left="0" right="1" top="0" bottom="1"/>
						</Texture>
					</Layer>
					<Layer level="OVERLAY">
						<FontString name="CCG_LBSDukesCount" inherits="NumberFontNormalSmall" text="0/1">
							<Anchors>
								<Anchor point="BOTTOM" relativePoint="BOTTOM" >
									<Offset><AbsDimension x="0" y="-11"/></Offset>
								</Anchor>
							</Anchors>
						</FontString>
					</Layer>
				</Layers>
				<Scripts>
					<OnEnter>
						CenarionCircleGrinder_ShowSummonsToolTip("Large Brilliant Shard","blue");
					</OnEnter>
					<OnClick>
						CenarionCircleGrinder_ItemButtonClick("Large Brilliant Shard","blue");
					</OnClick>
				</Scripts>
			</Button>			

			<Button name="CCG_TwilightCultistMedallionofStationButton" hidden="false" virtual="false" inherits="CCG_ItemButton" parent="CenarionCircleGrinderSummonsFrame">
				<Size><AbsDimension x="32" y="32"/></Size>
	                        <Anchors>
					<Anchor point="TOP">
						<Offset><AbsDimension x="47" y="-72"/></Offset>
					</Anchor>
				</Anchors>
				<Layers>
					<Layer level="ARTWORK">
						<Texture name="$parentTexture" file="Interface\Icons\INV_Jewelry_Amulet_06">
							<Size><AbsDimension x="32" y="32"/></Size>
							<Anchors><Anchor point="TOP" relativePoint="TOP" /></Anchors>
							<TexCoords left="0" right="1" top="0" bottom="1"/>
						</Texture>
					</Layer>
					<Layer level="OVERLAY">
						<FontString name="CCG_TwilightCultistMedallionofStationCount" inherits="NumberFontNormalSmall" text="0">
							<Anchors>
								<Anchor point="BOTTOM" relativePoint="BOTTOM" >
									<Offset><AbsDimension x="0" y="-11"/></Offset>
								</Anchor>
							</Anchors>
						</FontString>
					</Layer>
				</Layers>
				<Scripts>
					<OnEnter>
						CenarionCircleGrinder_ShowSummonsToolTip("Twilight Cultist Medallion of Station","white");
					</OnEnter>
					<OnClick>
						CenarionCircleGrinder_ItemButtonClick("Twilight Cultist Medallion of Station","white");
					</OnClick>
				</Scripts>
			</Button>			

			<Button name="CCG_AbyssalSignetUpgradeButton" hidden="false" virtual="false" inherits="CCG_ItemButton" parent="CenarionCircleGrinderSummonsFrame">
				<Size><AbsDimension x="32" y="32"/></Size>
	                        <Anchors>
					<Anchor point="TOP">
						<Offset><AbsDimension x="-47" y="-122"/></Offset>
					</Anchor>
				</Anchors>
				<Layers>
					<Layer level="ARTWORK">
						<Texture name="$parentTexture" file="Interface\Icons\INV_Jewelry_Ring_36">
							<Size><AbsDimension x="32" y="32"/></Size>
							<Anchors><Anchor point="TOP" relativePoint="TOP" /></Anchors>
							<TexCoords left="0" right="1" top="0" bottom="1"/>
						</Texture>
					</Layer>
					<Layer level="OVERLAY">
						<FontString name="CCG_AbyssalSignetUpgradeCount" inherits="NumberFontNormalSmall" text="0/3">
							<Anchors>
								<Anchor point="BOTTOM" relativePoint="BOTTOM" >
									<Offset><AbsDimension x="0" y="-11"/></Offset>
								</Anchor>
							</Anchors>
						</FontString>
					</Layer>
				</Layers>
				<Scripts>
					<OnEnter>
						CenarionCircleGrinder_ShowSummonsToolTip("Abyssal Signet","blue");
					</OnEnter>
					<OnClick>
						CenarionCircleGrinder_ItemButtonClick("Abyssal Signet","blue");
					</OnClick>
				</Scripts>
			</Button>			

			<Button name="CCG_LBSLordsButton" hidden="false" virtual="false" inherits="CCG_ItemButton" parent="CenarionCircleGrinderSummonsFrame">
				<Size><AbsDimension x="32" y="32"/></Size>
	                        <Anchors>
					<Anchor point="TOP">
						<Offset><AbsDimension x="0" y="-122"/></Offset>
					</Anchor>
				</Anchors>
				<Layers>
					<Layer level="ARTWORK">
						<Texture name="$parentTexture" file="Interface\Icons\INV_Enchant_ShardBrilliantLarge">
							<Size><AbsDimension x="32" y="32"/></Size>
							<Anchors><Anchor point="TOP" relativePoint="TOP" /></Anchors>
							<TexCoords left="0" right="1" top="0" bottom="1"/>
						</Texture>
					</Layer>
					<Layer level="OVERLAY">
						<FontString name="CCG_LBSLordsCount" inherits="NumberFontNormalSmall" text="0/5">
							<Anchors>
								<Anchor point="BOTTOM" relativePoint="BOTTOM" >
									<Offset><AbsDimension x="0" y="-11"/></Offset>
								</Anchor>
							</Anchors>
						</FontString>
					</Layer>
				</Layers>
				<Scripts>
					<OnEnter>
						CenarionCircleGrinder_ShowSummonsToolTip("Large Brilliant Shard","blue");
					</OnEnter>
					<OnClick>
						CenarionCircleGrinder_ItemButtonClick("Large Brilliant Shard","blue");
					</OnClick>
				</Scripts>
			</Button>			

			<Button name="CCG_TwilightCultistRingofLordshipButton" hidden="false" virtual="false" inherits="CCG_ItemButton" parent="CenarionCircleGrinderSummonsFrame">
				<Size><AbsDimension x="32" y="32"/></Size>
	                        <Anchors>
					<Anchor point="TOP">
						<Offset><AbsDimension x="47" y="-122"/></Offset>
					</Anchor>
				</Anchors>
				<Layers>
					<Layer level="ARTWORK">
						<Texture name="$parentTexture" file="Interface\Icons\INV_Jewelry_Ring_17">
							<Size><AbsDimension x="32" y="32"/></Size>
							<Anchors><Anchor point="TOP" relativePoint="TOP" /></Anchors>
							<TexCoords left="0" right="1" top="0" bottom="1"/>
						</Texture>
					</Layer>
					<Layer level="OVERLAY">
						<FontString name="CCG_TwilightCultistRingofLordshipCount" inherits="NumberFontNormalSmall" text="0">
							<Anchors>
								<Anchor point="BOTTOM" relativePoint="BOTTOM" >
									<Offset><AbsDimension x="0" y="-11"/></Offset>
								</Anchor>
							</Anchors>
						</FontString>
					</Layer>
				</Layers>
				<Scripts>
					<OnEnter>
						CenarionCircleGrinder_ShowSummonsToolTip("Twilight Cultist Ring of Lordship","white");
					</OnEnter>
					<OnClick>
						CenarionCircleGrinder_ItemButtonClick("Twilight Cultist Ring of Lordship","white");
					</OnClick>
				</Scripts>
			</Button>			
		</Frames> 
	</Frame>

	<!--This is the frame containing all the grinding statistics-->
        <Frame name="CenarionCircleGrinderGrindFrame" hidden="true" virtual="false" movable="true" parent="UIParent">
		<Size><AbsDimension x="200" y="200"/></Size>

		<Anchors>
			<Anchor point="LEFT">
				<Offset><AbsDimension x="400" y="0"/></Offset>
			</Anchor>
		</Anchors>

		<Backdrop bgFile="Interface\DialogFrame\UI-DialogBox-Background" edgeFile="Interface\DialogFrame\UI-DialogBox-Border" tile="true">
                	<TileSize><AbsValue val="32"/></TileSize>
                	<EdgeSize><AbsValue val="32"/></EdgeSize>
                	<BackgroundInsets>
                        	<AbsInset left="11" right="12" top="12" bottom="11"/>
			</BackgroundInsets>
        	</Backdrop>


		<Layers>
			<Layer level="ARTWORK">
				<Texture name="$parentTexture" file="Interface\Icons\INV_Misc_Note_06">
					<Size><AbsDimension x="16" y="16"/></Size>
					<Anchors>
						<Anchor point="TOPLEFT" relativePoint="TOPLEFT">
							<Offset><AbsDimension x="13" y="-13"/></Offset>
						</Anchor>
					</Anchors>
					<TexCoords left="0" right="1" top="0" bottom="1"/>
				</Texture>

				<FontString name="CCG_CurrentlyGrinding" inherits="NumberFontNormalSmall" text = "|cffff0000Not Grinding">
					<Anchors>
						<Anchor point="TOP" relativePoint="TOP" >
							<Offset><AbsDimension x="0" y="-40"/></Offset>
						</Anchor>
					</Anchors>
				</FontString>

				<FontString name="CCG_Today" inherits="NumberFontNormalSmall" text = "|cffffffffToday's Grinding">
					<Anchors>
						<Anchor point="TOPLEFT" relativePoint="TOPLEFT" >
							<Offset><AbsDimension x="15" y="-55"/></Offset>
						</Anchor>
					</Anchors>
				</FontString>

				<FontString name="CCG_TimeToday" inherits="NumberFontNormalSmall" text = "|cffaaaaaaTime :">
					<Anchors>
						<Anchor point="TOPLEFT" relativePoint="TOPLEFT" >
							<Offset><AbsDimension x="23" y="-68"/></Offset>
						</Anchor>
					</Anchors>
				</FontString>

				<FontString name="CCG_RepToday" inherits="NumberFontNormalSmall" text = "|cffaaaaaaRep :">
					<Anchors>
						<Anchor point="TOPLEFT" relativePoint="TOPLEFT" >
							<Offset><AbsDimension x="23" y="-79"/></Offset>
						</Anchor>
					</Anchors>
				</FontString>

				<FontString name="CCG_RepPerHourToday" inherits="NumberFontNormalSmall" text = "|cffaaaaaaRep/Hour :">
					<Anchors>
						<Anchor point="TOPLEFT" relativePoint="TOPLEFT" >
							<Offset><AbsDimension x="23" y="-90"/></Offset>
						</Anchor>
					</Anchors>
				</FontString>

				<FontString name="CCG_TimeToRepUpToday" inherits="NumberFontNormalSmall" text = "|cffaaaaaaRep-up In :">
					<Anchors>
						<Anchor point="TOPLEFT" relativePoint="TOPLEFT" >
							<Offset><AbsDimension x="23" y="-101"/></Offset>
						</Anchor>
					</Anchors>
				</FontString>

				<FontString name="CCG_TimeTodayVal" inherits="NumberFontNormalSmall" text = "|cffaaaaaa-----">
					<Anchors>
						<Anchor point="TOPLEFT" relativePoint="TOPLEFT" >
							<Offset><AbsDimension x="93" y="-68"/></Offset>
						</Anchor>
					</Anchors>
				</FontString>

				<FontString name="CCG_RepTodayVal" inherits="NumberFontNormalSmall" text = "|cffaaaaaa0">
					<Anchors>
						<Anchor point="TOPLEFT" relativePoint="TOPLEFT" >
							<Offset><AbsDimension x="93" y="-79"/></Offset>
						</Anchor>
					</Anchors>
				</FontString>

				<FontString name="CCG_RepPerHourTodayVal" inherits="NumberFontNormalSmall" text = "|cffaaaaaa0">
					<Anchors>
						<Anchor point="TOPLEFT" relativePoint="TOPLEFT" >
							<Offset><AbsDimension x="93" y="-90"/></Offset>
						</Anchor>
					</Anchors>
				</FontString>

				<FontString name="CCG_TimeToRepUpTodayVal" inherits="NumberFontNormalSmall" text = "|cffaaaaaa-----">
					<Anchors>
						<Anchor point="TOPLEFT" relativePoint="TOPLEFT" >
							<Offset><AbsDimension x="93" y="-101"/></Offset>
						</Anchor>
					</Anchors>
				</FontString>

				<FontString name="CCG_Total" inherits="NumberFontNormalSmall" text = "|cffffffffTotal Grinding">
					<Anchors>
						<Anchor point="TOPLEFT" relativePoint="TOPLEFT" >
							<Offset><AbsDimension x="15" y="-120"/></Offset>
						</Anchor>
					</Anchors>
				</FontString>

				<FontString name="CCG_TimeTotal" inherits="NumberFontNormalSmall" text = "|cffaaaaaaTime :">
					<Anchors>
						<Anchor point="TOPLEFT" relativePoint="TOPLEFT" >
							<Offset><AbsDimension x="23" y="-133"/></Offset>
						</Anchor>
					</Anchors>
				</FontString>

				<FontString name="CCG_RepTotal" inherits="NumberFontNormalSmall" text = "|cffaaaaaaRep :">
					<Anchors>
						<Anchor point="TOPLEFT" relativePoint="TOPLEFT" >
							<Offset><AbsDimension x="23" y="-144"/></Offset>
						</Anchor>
					</Anchors>
				</FontString>

				<FontString name="CCG_RepPerHourTotal" inherits="NumberFontNormalSmall" text = "|cffaaaaaaRep/Hour :">
					<Anchors>
						<Anchor point="TOPLEFT" relativePoint="TOPLEFT" >
							<Offset><AbsDimension x="23" y="-155"/></Offset>
						</Anchor>
					</Anchors>
				</FontString>

				<FontString name="CCG_TimeToRepUpTotal" inherits="NumberFontNormalSmall" text = "|cffaaaaaaRep-up In :">
					<Anchors>
						<Anchor point="TOPLEFT" relativePoint="TOPLEFT" >
							<Offset><AbsDimension x="23" y="-166"/></Offset>
						</Anchor>
					</Anchors>
				</FontString>

				<FontString name="CCG_TimeTotalVal" inherits="NumberFontNormalSmall" text = "|cffaaaaaa-----">
					<Anchors>
						<Anchor point="TOPLEFT" relativePoint="TOPLEFT" >
							<Offset><AbsDimension x="93" y="-133"/></Offset>
						</Anchor>
					</Anchors>
				</FontString>

				<FontString name="CCG_RepTotalVal" inherits="NumberFontNormalSmall" text = "|cffaaaaaa0">
					<Anchors>
						<Anchor point="TOPLEFT" relativePoint="TOPLEFT" >
							<Offset><AbsDimension x="93" y="-144"/></Offset>
						</Anchor>
					</Anchors>
				</FontString>

				<FontString name="CCG_RepPerHourTotalVal" inherits="NumberFontNormalSmall" text = "|cffaaaaaa0">
					<Anchors>
						<Anchor point="TOPLEFT" relativePoint="TOPLEFT" >
							<Offset><AbsDimension x="93" y="-155"/></Offset>
						</Anchor>
					</Anchors>
				</FontString>

				<FontString name="CCG_TimeToRepUpTotalVal" inherits="NumberFontNormalSmall" text = "|cffaaaaaa-----">
					<Anchors>
						<Anchor point="TOPLEFT" relativePoint="TOPLEFT" >
							<Offset><AbsDimension x="93" y="-166"/></Offset>
						</Anchor>
					</Anchors>
				</FontString>
			</Layer>
		</Layers>

		<Frames>
			<Button name="CCG_BU_ToggleGrinding" inherits="UIPanelButtonTemplate" text="Start Grinding">
		        	<Size><AbsDimension x="120" y="22"/></Size>
                 		<Anchors>
					<Anchor point="TOP">
						<Offset><AbsDimension x="0" y="-15"/></Offset>
					</Anchor>
                 		</Anchors>
                 		<Scripts>
					<OnClick>
						CenarionCircleGrinder_ToggleGrinding();
					</OnClick>
                 		</Scripts>
			</Button>
		</Frames> 

		<Scripts>
            		<OnMouseDown> this:StartMoving();  </OnMouseDown>
                	<OnMouseUp>   this:StopMovingOrSizing(); </OnMouseUp>
                	<OnDragStop>  this:StopMovingOrSizing(); </OnDragStop>
		</Scripts> 
	</Frame>
</Ui>
