﻿<Bindings>
     <Binding name="XC_NUMLOCK" description="Numlock" header="XCALC">
          
     </Binding>
     <Binding name="XC_CLEAR" description="Clear">
          xcalc_statekey("C");
     </Binding>
     <Binding name="XC_CLOSE" description="Close">
          xcalc_display();
     </Binding>

     <Binding name="XC_DIV" description="Divide">
          xcalc_funckey("/");
     </Binding>
     <Binding name="XC_MUL" description="Multiply">
          xcalc_funckey("*");
     </Binding>
     <Binding name="XC_SUB" description="Subtract">
          xcalc_funckey("-");
     </Binding>
     <Binding name="XC_ADD" description="Add">
          xcalc_funckey("+");
     </Binding>
     <Binding name="XC_EQ" description="Equals">
               xcalc_funckey("=");
     </Binding>
     
     <Binding name="XC_0" description="Digit 0">
          xcalc_numkey("0");
     </Binding>
     <Binding name="XC_1" description="Digit 1">
          xcalc_numkey("1");
     </Binding>
     <Binding name="XC_2" description="Digit 2">
          xcalc_numkey("2");
     </Binding>
     <Binding name="XC_3" description="Digit 3">
          xcalc_numkey("3");
     </Binding>
     <Binding name="XC_4" description="Digit 4">
          xcalc_numkey("4");
     </Binding>
     <Binding name="XC_5" description="Digit 5">
          xcalc_numkey("5");
     </Binding>
     <Binding name="XC_6" description="Digit 6">
          xcalc_numkey("6");
     </Binding>
     <Binding name="XC_7" description="Digit 7">
          xcalc_numkey("7");
     </Binding>
     <Binding name="XC_8" description="Digit 8">
          xcalc_numkey("8");
     </Binding>
     <Binding name="XC_9" description="Digit 9">
          xcalc_numkey("9");
     </Binding>

     <Binding name="XC_DEC" description="Decimal">
          xcalc_numkey(".");
     </Binding>
</Bindings>