﻿<Ui xmlns="http://www.blizzard.com/wow/ui/" xmlns:xsi="http://www.w3.org/2001/XMLSchema-instance" xsi:schemaLocation="http://www.blizzard.com/wow/ui/
..\FrameXML\UI.xsd">

    <Script file="Localization.lua"/>
    <Script file="xcalc.lua"/>
    <Script file="xcalcgui.lua"/>

     <Frame name="xcalc_core">
          <Scripts>
               <OnLoad>this:RegisterEvent("VARIABLES_LOADED");</OnLoad>
               <OnEvent>if (event == "VARIABLES_LOADED") then xcalc_initialize(); end</OnEvent>
          </Scripts>
     </Frame>
</Ui>