<!-- Linoleum v2.0 -->
<Ui xmlns="http://www.blizzard.com/wow/ui/" xmlns:xsi="http://www.w3.org/2001/XMLSchema-instance" xsi:schemaLocation="http://www.blizzard.com/wow/ui/
..\FrameXML\UI.xsd">
  <Script file="PriestHelper.lua"/>

	<Button name="PHDragButtonTemplate" virtual="true" movable="true" frameStrata="DIALOG" toplevel="true">
	<Scripts>
		<OnMouseDown>this:StartMoving()</OnMouseDown>
		<OnMouseUp>this:StopMovingOrSizing()</OnMouseUp>
	</Scripts>
	<Size>
		<AbsDimension x="15" y="15"/>
	</Size>
	<NormalTexture name="$parentTex" file="Interface\AddOns\PriestHelper\BibModDragTab"/>
	</Button>
	
	<Button name="PHMarkTemp" virtual="true">
		<Size>
			<AbsDimension x="18" y="18"/>
		</Size>
		<Layers>
			<Layer level="ARTWORK">
				<Texture name="$parentIcon" file="Interface\Icons\Spell_Holy_WordFortitude" setAllPoints="true"/>
			</Layer>
		</Layers>
		<Scripts>
			<OnLoad>
				this:RegisterForClicks('LeftButtonUp', 'RightButtonUp', 'MiddleButtonUp', 'Button4Up', 'Button5Up');
			</OnLoad>
			<OnEnter>
				GameTooltip_SetDefaultAnchor(GameTooltip, this);
				GameTooltip:ClearLines();
				GameTooltip:SetText("PW:F");
				GameTooltip:Show();
			</OnEnter>
			<OnLeave>
				GameTooltip:Hide();
				GameTooltip:SetAlpha(1);
			</OnLeave>
			<OnClick>
				PHelper_DoMarks();
			</OnClick>
		</Scripts>
	</Button>
	<Button name="PHGiftTemp" virtual="true">
		<Size>
			<AbsDimension x="18" y="18"/>
		</Size>
		<Layers>
			<Layer level="ARTWORK">
				<Texture name="$parentIcon" file="Interface\Icons\Spell_Holy_PrayerOfFortitude" setAllPoints="true"/>
			</Layer>
		</Layers>
		<Scripts>
			<OnLoad>
				this:RegisterForClicks('LeftButtonUp', 'RightButtonUp', 'MiddleButtonUp', 'Button4Up', 'Button5Up');
			</OnLoad>
			<OnEnter>
				GameTooltip_SetDefaultAnchor(GameTooltip, this);
				GameTooltip:ClearLines();
				GameTooltip:SetText("Prayer");
				GameTooltip:Show();
			</OnEnter>
			<OnLeave>
				GameTooltip:Hide();
				GameTooltip:SetAlpha(1);
			</OnLeave>
			<OnClick>
				PHelper_DoGifts();
			</OnClick>
		</Scripts>
	</Button>
	<Button name="PHDSTemp" virtual="true">
		<Size>
			<AbsDimension x="18" y="18"/>
		</Size>
		<Layers>
			<Layer level="ARTWORK">
				<Texture name="$parentIcon" file="Interface\Icons\Spell_Holy_DivineSpirit" setAllPoints="true"/>
			</Layer>
		</Layers>
		<Scripts>
			<OnLoad>
				this:RegisterForClicks('LeftButtonUp', 'RightButtonUp', 'MiddleButtonUp', 'Button4Up', 'Button5Up');
			</OnLoad>
			<OnEnter>
				GameTooltip_SetDefaultAnchor(GameTooltip, this);
				GameTooltip:ClearLines();
				GameTooltip:SetText("DS");
				GameTooltip:Show();
			</OnEnter>
			<OnLeave>
				GameTooltip:Hide();
				GameTooltip:SetAlpha(1);
			</OnLeave>
			<OnClick>
				PHelper_DoDS();
			</OnClick>
		</Scripts>
	</Button>
	<Button name="PHPSTemp" virtual="true">
		<Size>
			<AbsDimension x="18" y="18"/>
		</Size>
		<Layers>
			<Layer level="ARTWORK">
				<Texture name="$parentIcon" file="Interface\Icons\Spell_Holy_PrayerOfSpirit" setAllPoints="true"/>
			</Layer>
		</Layers>
		<Scripts>
			<OnLoad>
				this:RegisterForClicks('LeftButtonUp', 'RightButtonUp', 'MiddleButtonUp', 'Button4Up', 'Button5Up');
			</OnLoad>
			<OnEnter>
				GameTooltip_SetDefaultAnchor(GameTooltip, this);
				GameTooltip:ClearLines();
				GameTooltip:SetText("PoS");
				GameTooltip:Show();
			</OnEnter>
			<OnLeave>
				GameTooltip:Hide();
				GameTooltip:SetAlpha(1);
			</OnLeave>
			<OnClick>
				PHelper_DoPoS();
			</OnClick>
		</Scripts>
	</Button>
	
	<Button name="PHMainTemplate" virtual="true">
		<Size>
			<AbsDimension x="85" y="23"/>
		</Size>
		<Backdrop name="$parentBackdrop" bgFile="Interface\Tooltips\UI-Tooltip-Background" edgeFile="Interface\Tooltips\UI-Tooltip-Border" tile="true">
			<EdgeSize>
				<AbsValue val="16"/>
			</EdgeSize>
			<TileSize>
				<AbsValue val="16"/>
			</TileSize>
			<BackgroundInsets>
				<AbsInset left="5" right="5" top="3" bottom="3"/>
			</BackgroundInsets>
		</Backdrop>
		<Layers>
			<Layer level="ARTWORK">
			  <FontString name="$parentText" inherits="GameFontNormalSmall" nonspacewrap="true" text="" justifyH="LEFT">
				  <Size>
					<AbsDimension x="85" y="14"/>
				  </Size>
				  <Anchors>
					<Anchor point="LEFT">
					  <Offset>
						<AbsDimension x="4" y="1"/>
					  </Offset>
					</Anchor>
				  </Anchors>
				  <Color r="1" g="1" b="1"/>
				</FontString>
			</Layer>
		</Layers>
		<Frames>
			<Button name="$parentMark" inherits="PHMarkTemp"><Anchors><Anchor point="LEFT" relativeTo="$parent" relativePoint="RIGHT"><Offset><AbsDimension x="0" y="-1"/></Offset></Anchor></Anchors></Button>
			<Button name="$parentGift" inherits="PHGiftTemp"><Anchors><Anchor point="LEFT" relativeTo="$parentMark" relativePoint="RIGHT"/><Offset><AbsDimension x="1" y="0"/></Offset></Anchors></Button>
			<Button name="$parentDS" inherits="PHDSTemp"><Anchors><Anchor point="LEFT" relativeTo="$parentGift" relativePoint="RIGHT"><Offset><AbsDimension x="1" y="0"/></Offset></Anchor></Anchors></Button>
			<Button name="$parentPS" inherits="PHPSTemp"><Anchors><Anchor point="LEFT" relativeTo="$parentDS" relativePoint="RIGHT"/><Offset><AbsDimension x="1" y="0"/></Offset></Anchors></Button>
		
		</Frames>
		<Scripts>
			<OnLoad>
				this:RegisterForClicks('LeftButtonUp', 'RightButtonUp', 'MiddleButtonUp', 'Button4Up', 'Button5Up');
			</OnLoad>
			<OnClick>
				PHelper_TargetPerson();
			</OnClick>
		</Scripts>
	</Button>
	
	<Frame name="PriestHelper" parent="UIParent">
		<Frames>
			<Button name="PHDragButton" inherits="PHDragButtonTemplate"><Anchors><Anchor point="CENTER" relativeTo="UIParent" relativePoint="CENTER"/></Anchors></Button>
			<Button name="PHwindow1" inherits="PHMainTemplate" id="1"><Anchors><Anchor point="LEFT" relativeTo="PHDragButton" relativePoint="RIGHT"/></Anchors></Button>
			<Button name="PHwindow2" inherits="PHMainTemplate" id="2"><Anchors><Anchor point="TOPLEFT" relativeTo="PHwindow1" relativePoint="BOTTOMLEFT"><Offset x="0" y="2"/></Anchor></Anchors></Button>
			<Button name="PHwindow3" inherits="PHMainTemplate" id="3"><Anchors><Anchor point="TOPLEFT" relativeTo="PHwindow2" relativePoint="BOTTOMLEFT"><Offset x="0" y="2"/></Anchor></Anchors></Button>
		</Frames>
	</Frame>
	
	
	<Frame name="PriestHelperScripts">
		<Scripts>
			<OnLoad>
				PHelper_OnLoad();
			</OnLoad>
			<OnEvent>
				PHelper_OnEvent(event, arg1, arg2, arg3);
			</OnEvent>
			<OnUpdate>
				PHelper_OnUpdate(arg1);
			</OnUpdate>
		</Scripts>
	</Frame>

  <GameTooltip name="PHHiddenTip" frameStrata="TOOLTIP" hidden="true" parent="UIParent" inherits="GameTooltipTemplate"/> 
</Ui>
