<Ui xmlns="http://www.blizzard.com/wow/ui/" xmlns:xsi="http://www.w3.org/2001/XMLSchema-instance" xsi:schemaLocation="http://www.blizzard.com/wow/ui/">

	<!-- The button with the hostilename =========================================================================================== -->
	<Button name="Paranoia_Frame_StatusTemplate" frameStrata="HIGH" virtual="true" hidden="false" parent="Paranoia_Frame_Main">
		<Size>
			<AbsDimension x="125" y="18"/>
		</Size>
		<Anchors>
			<Anchor point="TOPLEFT" relativeTo="Paranoia_Frame_Main"/>
		</Anchors>
		<Layers>
			<Layer level="OVERLAY">
				<FontString name="$parentText" justifyH="LEFT" justifyV="TOP" hidden="false" inherits="GameFontNormal" text="empty">
					<Size>
						<AbsDimension x="125" y="18"/>
					</Size>
					<Anchors>
						<Anchor point="TOPLEFT" relativePoint="TOPLEFT">
							<Offset>
								<AbsDimension x="0" y="0"/>
							</Offset>
						</Anchor>
					</Anchors>
				</FontString>
			</Layer>
		</Layers>
		<Scripts>
			<OnLoad>
				this.nickname = "empty0name";
				getglobal(this:GetName().."Text"):SetText( "empty0text" );
			</OnLoad>
			<OnClick>
				Paranoia_TargetByName( this.nickname );
			</OnClick>
		</Scripts>
	</Button>

	<!-- The frame containing all hostiles ========================================================================================= -->
	<Frame name="Paranoia_Frame_Main" hidden="false" frameStrata="LOW" toplevel="true" enableMouse="true" movable="true" parent="UIParent">

		<Backdrop bgFile="Interface\DialogFrame\UI-DialogBox-Background" edgeFile="Interface\Tooltips\UI-Tooltip-Border" tile="true">
			<EdgeSize>
				<AbsValue val="16"/>
			</EdgeSize>
			<TileSize>
				<AbsValue val="32"/>
			</TileSize>
			<BackgroundInsets>
				<AbsInset left="5" right="5" top="5" bottom="5"/>
			</BackgroundInsets>
		</Backdrop>

		<Size>
			<AbsDimension x="160" y="250"/>
		</Size>

		<Anchors>
			<Anchor point="CENTER">
				<Offset>
					<AbsDimension x="0" y="0"/>
				</Offset>
			</Anchor>
		</Anchors> 

		<Layers>
			<Layer level="BACKGROUND">
				<FontString name="ParanoiaTitle" inherits="GameFontNormal" text="Paranoia">
					<Anchors>
						<Anchor point="TOP">
							<Offset>
								<AbsDimension x="0" y="15"/>
							</Offset>
						</Anchor>
					</Anchors>
				</FontString>
			</Layer>
		</Layers>

		<Frames>
			<Button name="Paranoia_Frame_Status1" inherits="Paranoia_Frame_StatusTemplate"/>
			<Button name="Paranoia_Frame_Status2" inherits="Paranoia_Frame_StatusTemplate"/>
			<Button name="Paranoia_Frame_Status3" inherits="Paranoia_Frame_StatusTemplate"/>
			<Button name="Paranoia_Frame_Status4" inherits="Paranoia_Frame_StatusTemplate"/>
			<Button name="Paranoia_Frame_Status5" inherits="Paranoia_Frame_StatusTemplate"/>
			<Button name="Paranoia_Frame_Status6" inherits="Paranoia_Frame_StatusTemplate"/>
			<Button name="Paranoia_Frame_Status7" inherits="Paranoia_Frame_StatusTemplate"/>
			<Button name="Paranoia_Frame_Status8" inherits="Paranoia_Frame_StatusTemplate"/>
			<Button name="Paranoia_Frame_Status9" inherits="Paranoia_Frame_StatusTemplate"/>
			<Button name="Paranoia_Frame_Status10" inherits="Paranoia_Frame_StatusTemplate"/>
		</Frames>

		<Scripts>
			<OnLoad>
				Paranoia_OnLoad();
			</OnLoad>
			<OnEvent>
				Paranoia_OnEvent(event, arg1, arg2, arg3);
			</OnEvent>
			<OnDragStart>
				Paranoia_OnDragStart();
			</OnDragStart>
			<OnDragStop>
				Paranoia_OnDragStop();
			</OnDragStop>
			<OnMouseUp>
				if ( arg1 == 'LeftButton' ) then
					Paranoia_OnDragStop();
				else
					Paranoia_ShowConfig();
				end
			</OnMouseUp>
			<OnUpdate>
				Paranoia_OnUpdate();
			</OnUpdate>
		</Scripts>

	</Frame>

	<!-- The config / optiosn frame ================================================================================================ -->
	<Frame name="ParanoiaConf_Frame" toplevel="true" frameStrata="HIGH" movable="false" enableMouse="true" hidden="true" parent="UIParent">
		<Size>
			<AbsDimension x="300" y="175"/>
		</Size>
		<Anchors>
			<Anchor point="CENTER">
				<Offset>
					<AbsDimension x="0" y="20" />
				</Offset>
			</Anchor>
		</Anchors>
		<Backdrop bgFile="Interface\DialogFrame\UI-DialogBox-Background" edgeFile="Interface\DialogFrame\UI-DialogBox-Border" tile="true">
			<BackgroundInsets>
				<AbsInset left="11" right="12" top="12" bottom="11" />	
				<Size>
					<AbsDimension x="128" y="17" />
				</Size>
			</BackgroundInsets>
			<TileSize>
				<AbsValue val="32" />
			</TileSize>
			<EdgeSize>
				<AbsValue val="32" />
			</EdgeSize>
		</Backdrop>

		<Layers>
			<Layer level="BACKGROUND">
				<Texture name="ParanoiaConf_Image" />
			</Layer>
			<Layer level="ARTWORK">
				<Texture name="ParanoiaConf_FrameTitle" file="Interface\DialogFrame\UI-DialogBox-Header">
					<Size>
						<AbsDimension x="276" y="64" />
					</Size>
					<Anchors>
						<Anchor point="TOP">
							<Offset>
								<AbsDimension x="0" y="12" />
							</Offset>
						</Anchor>
					</Anchors>
				</Texture>
				<FontString name="ParanoiaConf_FrameTitleText" inherits="GameFontNormal" text="Paranoia">
					<Anchors>
						<Anchor point="TOP" relativeTo="ParanoiaConf_Frame">
							<Offset>
								<AbsDimension x="0" y="-3" />
							</Offset>
						</Anchor>
					</Anchors>
				</FontString>
			</Layer>
		</Layers>

		<Frames>
			<CheckButton name="ParanoiaConf_Enabled" inherits="OptionsCheckButtonTemplate" checked="true">
				<Anchors>
					<Anchor point="TOPLEFT" relativePoint="TOPLEFT">
						<Offset>
							<AbsDimension x="20" y="-30" />
						</Offset>
						
					</Anchor>
				</Anchors>
				<Layers>
					<Layer>
	                			<FontString name="$parentName" inherits="GameFontNormal" text="Enable Paranoia">
	                 				<Anchors>
	                    					<Anchor point="LEFT" relativePoint="RIGHT" />
       							</Anchors>
							<Color r="1" g="1" b="1" />
						</FontString>
					</Layer>
				</Layers>
				<Scripts>
					<OnShow>
						Paranoia_OptionCheckBoxInit( 'enabled' );
					</OnShow>
					<OnClick>
						Paranoia_OptionCheckBoxClicked( 'enabled' );
						Paranoia_OnUpdate();
					</OnClick>
				</Scripts>
			</CheckButton>
			<CheckButton name="ParanoiaConf_ShowTitle" inherits="OptionsCheckButtonTemplate" checked="true">
				<Anchors>
					<Anchor point="TOPLEFT" relativePoint="TOPLEFT">
						<Offset>
							<AbsDimension x="20" y="-55" />
						</Offset>
						
					</Anchor>
				</Anchors>
				<Layers>
					<Layer>
	                			<FontString name="$parentName" inherits="GameFontNormal" text="Show Title">
	                 				<Anchors>
	                    					<Anchor point="LEFT" relativePoint="RIGHT" />
       							</Anchors>
							<Color r="1" g="1" b="1" />
						</FontString>
					</Layer>
				</Layers>
				<Scripts>
					<OnShow>
						Paranoia_OptionCheckBoxInit( 'showTitle' );
					</OnShow>
					<OnClick>
						Paranoia_OptionCheckBoxClicked( 'showTitle' );
					</OnClick>
				</Scripts>
			</CheckButton>
			<CheckButton name="ParanoiaConf_TargetHostile" inherits="OptionsCheckButtonTemplate" checked="true">
				<Anchors>
					<Anchor point="TOPLEFT" relativePoint="TOPLEFT">
						<Offset>
							<AbsDimension x="20" y="-80" />
						</Offset>
						
					</Anchor>
				</Anchors>
				<Layers>
					<Layer>
	                			<FontString name="$parentName" inherits="GameFontNormal" text="Safely target hostile to gather info">
	                 				<Anchors>
	                    					<Anchor point="LEFT" relativePoint="RIGHT" />
       							</Anchors>
							<Color r="1" g="1" b="1" />
						</FontString>
					</Layer>
				</Layers>
				<Scripts>
					<OnShow>
						Paranoia_OptionCheckBoxInit( 'targetHostile' );
					</OnShow>
					<OnClick>
						Paranoia_OptionCheckBoxClicked( 'targetHostile' );
					</OnClick>
				</Scripts>
			</CheckButton>
			<CheckButton name="ParanoiaConf_DisableInBattlefield" inherits="OptionsCheckButtonTemplate" checked="true">
				<Anchors>
					<Anchor point="TOPLEFT" relativePoint="TOPLEFT">
						<Offset>
							<AbsDimension x="20" y="-105" />
						</Offset>
						
					</Anchor>
				</Anchors>
				<Layers>
					<Layer>
	                			<FontString name="$parentName" inherits="GameFontNormal" text="Disable in battlefields">
	                 				<Anchors>
	                    					<Anchor point="LEFT" relativePoint="RIGHT" />
       							</Anchors>
							<Color r="1" g="1" b="1" />
						</FontString>
					</Layer>
				</Layers>
				<Scripts>
					<OnShow>
						Paranoia_OptionCheckBoxInit( 'disableInBattlefield' );
					</OnShow>
					<OnClick>
						Paranoia_OptionCheckBoxClicked( 'disableInBattlefield' );
						Paranoia_OnUpdate();
					</OnClick>
				</Scripts>
			</CheckButton>
			<Button name="ParanoiaConf_Close" inherits="OptionsButtonTemplate" text="Close">
				<Anchors>
					<Anchor point="BOTTOMRIGHT" relativePoint="BOTTOMRIGHT">
						<Offset>
							<AbsDimension x="-20" y="20"/>
						</Offset>
					</Anchor>
				</Anchors>
				<Scripts>
					<OnClick>
						ParanoiaConf_CloseClicked();
					</OnClick>
				</Scripts>
			</Button>
		</Frames>

	</Frame>

</Ui>
