﻿<Ui xmlns="http://www.blizzard.com/wow/ui/" xmlns:xsi="http://www.w3.org/2001/XMLSchema-instance" xsi:schemaLocation="http://www.blizzard.com/wow/ui/
..\FrameXML\UI.xsd">
	<Script file="localisation.lua"/>
	<Script file="globals.lua"/>
	<Script file="CooldownTimers.lua"/>
	<Frame name="CooldownTemplate" virtual="true" hidden="true" enableMouse="false">
		<Size>
			<AbsDimension x="230" y="20"/>
		</Size>
		<Backdrop bgFile="Interface\Tooltips\UI-Tooltip-Background" edgeFile="Interface\Addons\CooldownTimers\textures\CC-Bar-Border" tile="true">
			<EdgeSize>
				<AbsValue val="16"/>
			</EdgeSize>
			<TileSize>
				<AbsValue val="16"/>
			</TileSize>
			<BackgroundInsets>
				<AbsInset left="5" right="5" top="5" bottom="5"/>
			</BackgroundInsets>
		</Backdrop>
		<Frames>
			<StatusBar name="$parentBar" inherits="TextStatusBar" >
				<Size>
					<AbsDimension x="220" y="10"/>
				</Size>
				<Anchors>
					<Anchor point="TOP" relativePoint="TOP">
						<Offset>
							<AbsDimension x="0" y="0"/>
						</Offset>
					</Anchor>
				</Anchors>
				<BarTexture file="Interface\TargetingFrame\UI-TargetingFrame-BarFill"/>
				<BarColor r="0" g="0.8" b="0" />
				<Layers>
					<Layer level="OVERLAY">
						<Fontstring name="$parentLeftText" inherits="SubSpellFont" text="Error!">
							<Anchors>
								<Anchor point="LEFT" relativePoint="LEFT">
									<Offset>
										<AbsDimension x="5" y="1"/>
									</Offset>
								</Anchor>
							</Anchors>
						</Fontstring>
						<Fontstring name="$parentRightText" inherits="SubSpellFont" text="Error!">
							<Anchors>
								<Anchor point="RIGHT" relativePoint="RIGHT">
									<Offset>
										<AbsDimension x="-5" y="1"/>
									</Offset>
								</Anchor>
							</Anchors>
						</Fontstring>
					</Layer>					
				</Layers>
				<Scripts>
					<OnMouseDown>
					</OnMouseDown>
					<OnMouseUp>
						CooldownTimers_OnClick(arg1, this:GetName());
					</OnMouseUp>
					<OnLeave>
						GameTooltip:Hide();
					</OnLeave>
				</Scripts>
			</StatusBar>
			<StatusBar name="$parentBGBar" inherits="TextStatusBar">
				<Size>
					<AbsDimension x="200" y="10"/>
				</Size>
				<Anchors>
					<Anchor point="TOP" relativePoint="TOP" relativeTo="$parentBar">
						<Offset>
							<AbsDimension x="0" y="0"/>
						</Offset>
					</Anchor>
				</Anchors>
				<BarTexture file="Interface\TargetingFrame\UI-TargetingFrame-BarFill"/>
				<BarColor r="0" g="0.8" b="0" a="0.25"/>
			</StatusBar>
			<Frame name="$parentPopup" toplevel="true" frameStrata="DIALOG" enableMouse="true" hidden="true">
				<Anchors>
					<Anchor point="TOPLEFT" relativePoint="BOTTOMLEFT"/>
				</Anchors>
				<Size>
					<AbsDimension x="160" y="68" />
				</Size>
				<Backdrop bgFile="Interface\Tooltips\UI-Tooltip-Background" edgeFile="Interface\Tooltips\UI-Tooltip-Border" tile="true">
					<BackgroundInsets>
						<AbsInset left="5" right="5" top="5" bottom="5"/>
					</BackgroundInsets>
					<TileSize>
						<AbsValue val="16"/>
					</TileSize>
					<EdgeSize>
						<AbsValue val="16"/>
					</EdgeSize>
				</Backdrop>
				<Frames>
					<Button name="$parentButton1" text="Remove">
						<Anchors>
							<Anchor point="TOPLEFT" relativePoint="TOPLEFT" relativeTo="$parent">
								<Offset>
									<AbsDimension x="5" y="-5"/>
								</Offset>
							</Anchor>
						</Anchors>
						<Size>
							<AbsDimension x="150" y="16"/>
						</Size>
						<HighlightTexture file="Interface\QuestFrame\UI-QuestTitleHighlight" alphaMode="ADD" setAllPoints="true" hidden="true"/>
						<NormalText inherits="GameFontNormal"/>
						<HighlightText inherits="GameFontHighlight"/>
						<DisabledText inherits="GameFontDisable"/>
						<Scripts>
							<OnClick>
								CooldownTimers_OnClick(arg1, this:GetName());
							</OnClick>
						</Scripts>
					</Button>
					<Button name="$parentButton2" id="2" text="Don't track this">
						<Anchors>
							<Anchor point="TOPLEFT" relativeTo="$parentButton1" relativePoint="BOTTOMLEFT" >
								<Offset>
									<AbsDimension x="0" y="-5"/>
								</Offset>
							</Anchor>
						</Anchors>
						<Size>
							<AbsDimension x="150" y="16"/>
						</Size>
						<HighlightTexture file="Interface\QuestFrame\UI-QuestTitleHighlight" alphaMode="ADD" setAllPoints="true" hidden="true"/>
						<NormalText inherits="GameFontNormal"/>
						<HighlightText inherits="GameFontHighlight"/>
						<DisabledText inherits="GameFontDisable"/>
						<Scripts>
							<OnClick>
								CooldownTimers_OnClick(arg1, this:GetName());
							</OnClick>
						</Scripts>
					</Button>
					<Button name="$parentButton3" id="3" text="Cancel">
						<Anchors>
							<Anchor point="TOPLEFT" relativeTo="$parentButton2" relativePoint="BOTTOMLEFT" >
								<Offset>
									<AbsDimension x="0" y="-5"/>
								</Offset>
							</Anchor>
						</Anchors>
						<Size>
							<AbsDimension x="150" y="16"/>
						</Size>
						<HighlightTexture file="Interface\QuestFrame\UI-QuestTitleHighlight" alphaMode="ADD" setAllPoints="true" hidden="true"/>
						<NormalText inherits="GameFontNormal"/>
						<HighlightText inherits="GameFontHighlight"/>
						<DisabledText inherits="GameFontDisable"/>
						<Scripts>
							<OnClick>
								CooldownTimers_OnClick(arg1, this:GetName());
							</OnClick>
						</Scripts>
					</Button>
				</Frames>
				<Scripts>
					<OnUpdate>
						CDTPopup_OnUpdate();
					</OnUpdate>
				</Scripts>
			</Frame>
		</Frames>
		<Layers>
			<Layer level="ARTWORK">
				<Texture name="$parentIcon" hidden="true">
					<Size>
						<AbsDimension x="10" y="10"/>
					</Size>
					<Anchors>
						<Anchor point="LEFT" relativePoint="LEFT">
							<Offset>
								<AbsDimension x="5" y="0"/>
							</Offset>
						</Anchor>
					</Anchors>
				</Texture>
			</Layer>
		</Layers>
		<Scripts>
			<OnLoad>
				this.item = false;
				this.channeling = false;
				this.fadeOut = false;
				this.startTime = 0;
				this.endTime = 0;
				this.duration = 0;
			</OnLoad>
			<OnUpdate>
				CooldownTimers_OnUpdate( this:GetID() );
			</OnUpdate>
		</Scripts>
	</Frame>
	<Frame name="CooldownFrame" hidden="true" parent="UIParent" movable="true">
		<Size>
			<AbsDimension x="32" y="32"/>
		</Size>
		<Anchors>
			<Anchor point="CENTER" relativePoint="CENTER">
				<Offset>
					<AbsDimension x="0" y="0"/>
				</Offset>
			</Anchor>
		</Anchors>
		<Backdrop bgFile="Interface\Tooltips\UI-Tooltip-Background" edgeFile="Interface\Tooltips\UI-Tooltip-Border" tile="true">
			<EdgeSize>
				<AbsValue val="16"/>
			</EdgeSize>
			<TileSize>
				<AbsValue val="16"/>
			</TileSize>
			<BackgroundInsets>
				<AbsInset left="5" right="5" top="5" bottom="5"/>
			</BackgroundInsets>
		</Backdrop>
		<Scripts>
			<OnLoad>
				CooldownTimers_OnLoad();
			</OnLoad>
			<OnEvent>
				CooldownTimers_OnEvent(event);
			</OnEvent>
			<OnDragStart>
				this:StartMoving();
			</OnDragStart>
			<OnDragStop>
				this:StopMovingOrSizing();
			</OnDragStop>
		</Scripts>
	</Frame><!--
	<Frame name="CooldownFrame2" hidden="true" parent="UIParent" movable="true">
		<Size>
			<AbsDimension x="16" y="16"/>
		</Size>
		<Anchors>
			<Anchor point="CENTER" relativePoint="CENTER">
				<Offset>
					<AbsDimension x="0" y="0"/>
				</Offset>
			</Anchor>
		</Anchors>
		<Backdrop bgFile="Interface\Tooltips\UI-Tooltip-Background" edgeFile="Interface\Tooltips\UI-Tooltip-Border" tile="true">
			<EdgeSize>
				<AbsValue val="16"/>
			</EdgeSize>
			<TileSize>
				<AbsValue val="16"/>
			</TileSize>
			<BackgroundInsets>
				<AbsInset left="5" right="5" top="5" bottom="5"/>
			</BackgroundInsets>
		</Backdrop>
		<Scripts>
			<OnLoad>
				CooldownTimers_OnLoad();
			</OnLoad>
			<OnDragStart>
				this:StartMoving();
			</OnDragStart>
			<OnDragStop>
				this:StopMovingOrSizing();
			</OnDragStop>
		</Scripts>
	</Frame>!-->
	<Frame name="CooldownBar1" inherits="CooldownTemplate" id="1" parent="UIParent">
		<Anchors>
			<Anchor point="TOPLEFT" relativePoint="BOTTOMLEFT" relativeTo="CooldownFrame">
				<Offset>
					<AbsDimension x="0" y="0"/>
				</Offset>
			</Anchor>
		</Anchors>
	</Frame>
	<Frame name="CooldownBar2" inherits="CooldownTemplate" id="2" parent="UIParent">
		<Anchors>
			<Anchor point="TOPLEFT" relativePoint="TOPRIGHT" relativeTo="CooldownBar1">
				<Offset>
					<AbsDimension x="5" y="0"/>
				</Offset>
			</Anchor>
		</Anchors>
	</Frame>
	<Frame name="CooldownBar3" inherits="CooldownTemplate" id="3" parent="UIParent">
		<Anchors>
			<Anchor point="TOPLEFT" relativePoint="BOTTOMLEFT" relativeTo="CooldownBar1">
				<Offset>
					<AbsDimension x="0" y="-5"/>
				</Offset>
			</Anchor>
		</Anchors>
	</Frame>
	<Frame name="CooldownBar4" inherits="CooldownTemplate" id="4" parent="UIParent">
		<Anchors>
			<Anchor point="TOPLEFT" relativePoint="TOPRIGHT" relativeTo="CooldownBar3">
				<Offset>
					<AbsDimension x="5" y="0"/>
				</Offset>
			</Anchor>
		</Anchors>
	</Frame>
	<Frame name="CooldownBar5" inherits="CooldownTemplate" id="5" parent="UIParent">
		<Anchors>
			<Anchor point="TOPLEFT" relativePoint="BOTTOMLEFT" relativeTo="CooldownBar3">
				<Offset>
					<AbsDimension x="0" y="-5"/>
				</Offset>
			</Anchor>
		</Anchors>
	</Frame>
	<Frame name="CooldownBar6" inherits="CooldownTemplate" id="6" parent="UIParent">
		<Anchors>
			<Anchor point="TOPLEFT" relativePoint="TOPRIGHT" relativeTo="CooldownBar5">
				<Offset>
					<AbsDimension x="5" y="0"/>
				</Offset>
			</Anchor>
		</Anchors>
	</Frame>
	<Frame name="CooldownBar7" inherits="CooldownTemplate" id="7" parent="UIParent">
		<Anchors>
			<Anchor point="TOPLEFT" relativePoint="BOTTOMLEFT" relativeTo="CooldownBar5">
				<Offset>
					<AbsDimension x="0" y="-5"/>
				</Offset>
			</Anchor>
		</Anchors>
	</Frame>
	<Frame name="CooldownBar8" inherits="CooldownTemplate" id="8" parent="UIParent">
		<Anchors>
			<Anchor point="TOPLEFT" relativePoint="TOPRIGHT" relativeTo="CooldownBar7">
				<Offset>
					<AbsDimension x="5" y="0"/>
				</Offset>
			</Anchor>
		</Anchors>
	</Frame>
	<Frame name="CooldownBar9" inherits="CooldownTemplate" id="9" parent="UIParent">
		<Anchors>
			<Anchor point="TOPLEFT" relativePoint="BOTTOMLEFT" relativeTo="CooldownBar7">
				<Offset>
					<AbsDimension x="0" y="-5"/>
				</Offset>
			</Anchor>
		</Anchors>
	</Frame>
	<Frame name="CooldownBar10" inherits="CooldownTemplate" id="10" parent="UIParent">
		<Anchors>
			<Anchor point="TOPLEFT" relativePoint="TOPRIGHT" relativeTo="CooldownBar9">
				<Offset>
					<AbsDimension x="5" y="0"/>
				</Offset>
			</Anchor>
		</Anchors>
	</Frame>
	<Frame name="CooldownBar11" inherits="CooldownTemplate" id="11" parent="UIParent">
		<Anchors>
			<Anchor point="TOPLEFT" relativePoint="BOTTOMLEFT" relativeTo="CooldownBar9">
				<Offset>
					<AbsDimension x="0" y="-5"/>
				</Offset>
			</Anchor>
		</Anchors>
	</Frame>
	<Frame name="CooldownBar12" inherits="CooldownTemplate" id="12" parent="UIParent">
		<Anchors>
			<Anchor point="TOPLEFT" relativePoint="TOPRIGHT" relativeTo="CooldownBar11">
				<Offset>
					<AbsDimension x="5" y="0"/>
				</Offset>
			</Anchor>
		</Anchors>
	</Frame><!--
	<Frame name="CooldownBar13" inherits="CooldownTemplate" id="13" parent="UIParent">
		<Anchors>
			<Anchor point="TOPLEFT" relativePoint="BOTTOMLEFT" relativeTo="CooldownFrame2">
				<Offset>
					<AbsDimension x="0" y="0"/>
				</Offset>
			</Anchor>
		</Anchors>
	</Frame>
	<Frame name="CooldownBar14" inherits="CooldownTemplate" id="14" parent="UIParent">
		<Anchors>
			<Anchor point="TOPLEFT" relativePoint="TOPRIGHT" relativeTo="CooldownBar13">
				<Offset>
					<AbsDimension x="5" y="0"/>
				</Offset>
			</Anchor>
		</Anchors>
	</Frame>
	<Frame name="CooldownBar15" inherits="CooldownTemplate" id="15" parent="UIParent">
		<Anchors>
			<Anchor point="TOPLEFT" relativePoint="BOTTOMLEFT" relativeTo="CooldownBar14">
				<Offset>
					<AbsDimension x="0" y="-5"/>
				</Offset>
			</Anchor>
		</Anchors>
	</Frame>
	<Frame name="CooldownBar16" inherits="CooldownTemplate" id="16" parent="UIParent">
		<Anchors>
			<Anchor point="TOPLEFT" relativePoint="TOPRIGHT" relativeTo="CooldownBar15">
				<Offset>
					<AbsDimension x="5" y="0"/>
				</Offset>
			</Anchor>
		</Anchors>
	</Frame>
	<Frame name="CooldownBar17" inherits="CooldownTemplate" id="17" parent="UIParent">
		<Anchors>
			<Anchor point="TOPLEFT" relativePoint="BOTTOMLEFT" relativeTo="CooldownBar16">
				<Offset>
					<AbsDimension x="0" y="-5"/>
				</Offset>
			</Anchor>
		</Anchors>
	</Frame>
	<Frame name="CooldownBar18" inherits="CooldownTemplate" id="18" parent="UIParent">
		<Anchors>
			<Anchor point="TOPLEFT" relativePoint="TOPRIGHT" relativeTo="CooldownBar17">
				<Offset>
					<AbsDimension x="5" y="0"/>
				</Offset>
			</Anchor>
		</Anchors>
	</Frame>
	<Frame name="CooldownBar19" inherits="CooldownTemplate" id="19" parent="UIParent">
		<Anchors>
			<Anchor point="TOPLEFT" relativePoint="BOTTOMLEFT" relativeTo="CooldownBar18">
				<Offset>
					<AbsDimension x="0" y="-5"/>
				</Offset>
			</Anchor>
		</Anchors>
	</Frame>
	<Frame name="CooldownBar20" inherits="CooldownTemplate" id="20" parent="UIParent">
		<Anchors>
			<Anchor point="TOPLEFT" relativePoint="TOPRIGHT" relativeTo="CooldownBar19">
				<Offset>
					<AbsDimension x="5" y="0"/>
				</Offset>
			</Anchor>
		</Anchors>
	</Frame>
	<Frame name="CooldownBar21" inherits="CooldownTemplate" id="21" parent="UIParent">
		<Anchors>
			<Anchor point="TOPLEFT" relativePoint="BOTTOMLEFT" relativeTo="CooldownBar20">
				<Offset>
					<AbsDimension x="0" y="-5"/>
				</Offset>
			</Anchor>
		</Anchors>
	</Frame>
	<Frame name="CooldownBar22" inherits="CooldownTemplate" id="22" parent="UIParent">
		<Anchors>
			<Anchor point="TOPLEFT" relativePoint="TOPRIGHT" relativeTo="CooldownBar21">
				<Offset>
					<AbsDimension x="5" y="0"/>
				</Offset>
			</Anchor>
		</Anchors>
	</Frame>
	<Frame name="CooldownBar23" inherits="CooldownTemplate" id="23" parent="UIParent">
		<Anchors>
			<Anchor point="TOPLEFT" relativePoint="BOTTOMLEFT" relativeTo="CooldownBar22">
				<Offset>
					<AbsDimension x="0" y="-5"/>
				</Offset>
			</Anchor>
		</Anchors>
	</Frame>
	<Frame name="CooldownBar24" inherits="CooldownTemplate" id="24" parent="UIParent">
		<Anchors>
			<Anchor point="TOPLEFT" relativePoint="TOPRIGHT" relativeTo="CooldownBar23">
				<Offset>
					<AbsDimension x="5" y="0"/>
				</Offset>
			</Anchor>
		</Anchors>
	</Frame>!-->
	<Frame name="CooldownAlert" hidden="true" parent="UIParent" movable="true">
		<Size>
			<AbsDimension x="1200" y="32"/>
		</Size>
		<Anchors>
			<Anchor point="CENTER" relativePoint="CENTER">
				<Offset>
					<AbsDimension x="0" y="0"/>
				</Offset>
			</Anchor>
		</Anchors>
		<Layers>
			<Layer level="ARTWORK">
				<FontString name="$parentText" inherits="ZoneTextFont" text="&lt;Your Skill&gt; is ready!">
					<Size>
						<AbsDimension x="1200" y="0"/>
					</Size>
					<Anchor point="CENTER" relativePoint="CENTER">
						<Offset>
							<AbsDimension x="0" y="0"/>
						</Offset>
					</Anchor>
				</FontString>
			</Layer>
		</Layers>
		<Scripts>
			<OnLoad>
				this.state = 0;
				this.holdtime = 0;
				this.locked = true;
				CooldownAlert_OnLoad();
			</OnLoad>
			<OnUpdate>
				CooldownAlert_OnUpdate();
			</OnUpdate>
			<OnDragStart>
				if( not this.locked ) then
					this:StartMoving();
				end
			</OnDragStart>
			<OnDragStop>
				this:StopMovingOrSizing();
			</OnDragStop>
		</Scripts>
	</Frame>

	<!--<GameTooltip name="CDTTooltip" hidden="true" inherits="GameTooltipTemplate"/>-->
</Ui>