﻿<Ui xmlns="http://www.blizzard.com/wow/ui/" xmlns:xsi="http://www.w3.org/2001/XMLSchema-instance" xsi:schemaLocation="http://www.blizzard.com/wow/ui/">

<!-- Alert1 -->
	<Button name="SA_Drag1" movable="true" text="Alert1" hidden="false" parent="UIParent" frameStrata="HIGH" toplevel="true">
		<Size>
			<AbsDimension x="64" y="32"/>
		</Size>
		<Anchors>
			<Anchor point="CENTER" relativeTo="UIParent" relativePoint="CENTER">
				<Offset>
					<AbsDimension x="0" y="0"/>
				</Offset>
			</Anchor>
		</Anchors>
		<Layers>
			<Layer level="BACKGROUND">
				<Texture name="$parentLeft" file="Interface\ChatFrame\ChatFrameTab">
					<Size>
						<AbsDimension x="16" y="32"/>
					</Size>
					<Anchors>
						<Anchor point="TOPLEFT"/>
					</Anchors>
					<TexCoords left="0.0" right="0.25" top="0.0" bottom="1.0"/>
				</Texture>
				<Texture name="$parentMiddle" file="Interface\ChatFrame\ChatFrameTab">
					<Size>
						<AbsDimension x="44" y="32"/>
					</Size>
					<Anchors>
						<Anchor point="LEFT" relativeTo="$parentLeft" relativePoint="RIGHT"/>
					</Anchors>
					<TexCoords left="0.25" right="0.75" top="0.0" bottom="1.0"/>
				</Texture>
				<Texture name="$parentRight" file="Interface\ChatFrame\ChatFrameTab">
					<Size>
						<AbsDimension x="16" y="32"/>
					</Size>
					<Anchors>
						<Anchor point="LEFT" relativeTo="$parentMiddle" relativePoint="RIGHT"/>
					</Anchors>
					<TexCoords left="0.75" right="1.0" top="0.0" bottom="1.0"/>
				</Texture>
			</Layer>
		</Layers>
		<Frames>
			<Frame name="SA_HL1" hidden="true">
				<Size>
					<AbsDimension x="5" y="32"/>
				</Size>
				<Anchors>
					<Anchor point="LEFT" relativeTo="$parentLeft">
						<Offset>
							<AbsDimension x="0" y="-7"/>
						</Offset>
					</Anchor>
					<Anchor point="RIGHT" relativeTo="$parentRight">
						<Offset>
							<AbsDimension x="0" y="-7"/>
						</Offset>
					</Anchor>
				</Anchors>
				<Layers>
					<Layer level="BACKGROUND">
						<Texture file="Interface\PaperDollInfoFrame\UI-Character-Tab-Highlight" alphaMode="ADD" setAllPoints="true"/>
					</Layer>
				</Layers>
			</Frame>
		</Frames>
		<Scripts>
			<OnEnter>
				SA_HL1:Show();
			</OnEnter>
			<OnLeave>
				SA_HL1:Hide();
			</OnLeave>
			<OnMouseDown>
				if ( arg1 == "LeftButton" ) then
					this:StartMoving();
				end
			</OnMouseDown>
			<OnMouseUp>
				this:StopMovingOrSizing();
			</OnMouseUp>
			<OnUpdate>
				if (this:IsVisible()) then SA_Drag_OnUpdate(1); end
			</OnUpdate>
			<OnLoad>
				SA_OnLoad();
				SA_Drag_OnLoad(1);
			</OnLoad>
			<OnEvent>
				SA_OnEvent(event, arg1, arg2);
			</OnEvent>
		</Scripts>
		<NormalText name="$parentText" inherits="GameFontNormalSmall">
			<Size>
				<AbsDimension x="50" y="8"/>
			</Size>
			<Anchors>
				<Anchor point="LEFT" relativeTo="$parentLeft" relativePoint="RIGHT">
					<Offset>
						<AbsDimension x="0" y="-5"/>
					</Offset>
				</Anchor>
			</Anchors>
		</NormalText>
	</Button>

	<ScrollingMessageFrame name="SA_SMF1" movable="true" hidden="false" parent="UIParent" frameStrata="HIGH" toplevel="true">
		<Size>
			<AbsDimension x="3000" y="200"/>
		</Size>
		<Anchors>
			<Anchor point="CENTER" relativeTo="SA_Drag1" relativePoint="CENTER">
				<Offset>
					<AbsDimension x="0" y="-30"/>
				</Offset>
			</Anchor>
		</Anchors>
		<Scripts>
			<OnLoad>
				SA_SMF_OnLoad(1);
			</OnLoad>
		</Scripts>
	</ScrollingMessageFrame>

<!-- Alert2 -->
	<Button name="SA_Drag2" movable="true" text="Alert2" hidden="false" parent="UIParent" frameStrata="HIGH" toplevel="true">
		<Size>
			<AbsDimension x="64" y="32"/>
		</Size>
		<Anchors>
			<Anchor point="CENTER" relativeTo="UIParent" relativePoint="CENTER">
				<Offset>
					<AbsDimension x="0" y="0"/>
				</Offset>
			</Anchor>
		</Anchors>
		<Layers>
			<Layer level="BACKGROUND">
				<Texture name="$parentLeft" file="Interface\ChatFrame\ChatFrameTab">
					<Size>
						<AbsDimension x="16" y="32"/>
					</Size>
					<Anchors>
						<Anchor point="TOPLEFT"/>
					</Anchors>
					<TexCoords left="0.0" right="0.25" top="0.0" bottom="1.0"/>
				</Texture>
				<Texture name="$parentMiddle" file="Interface\ChatFrame\ChatFrameTab">
					<Size>
						<AbsDimension x="44" y="32"/>
					</Size>
					<Anchors>
						<Anchor point="LEFT" relativeTo="$parentLeft" relativePoint="RIGHT"/>
					</Anchors>
					<TexCoords left="0.25" right="0.75" top="0.0" bottom="1.0"/>
				</Texture>
				<Texture name="$parentRight" file="Interface\ChatFrame\ChatFrameTab">
					<Size>
						<AbsDimension x="16" y="32"/>
					</Size>
					<Anchors>
						<Anchor point="LEFT" relativeTo="$parentMiddle" relativePoint="RIGHT"/>
					</Anchors>
					<TexCoords left="0.75" right="1.0" top="0.0" bottom="1.0"/>
				</Texture>
			</Layer>
		</Layers>
		<Frames>
			<Frame name="SA_HL2" hidden="true">
				<Size>
					<AbsDimension x="5" y="32"/>
				</Size>
				<Anchors>
					<Anchor point="LEFT" relativeTo="$parentLeft">
						<Offset>
							<AbsDimension x="0" y="-7"/>
						</Offset>
					</Anchor>
					<Anchor point="RIGHT" relativeTo="$parentRight">
						<Offset>
							<AbsDimension x="0" y="-7"/>
						</Offset>
					</Anchor>
				</Anchors>
				<Layers>
					<Layer level="BACKGROUND">
						<Texture file="Interface\PaperDollInfoFrame\UI-Character-Tab-Highlight" alphaMode="ADD" setAllPoints="true"/>
					</Layer>
				</Layers>
			</Frame>
		</Frames>
		<Scripts>
			<OnEnter>
				SA_HL2:Show();
			</OnEnter>
			<OnLeave>
				SA_HL2:Hide();
			</OnLeave>
			<OnMouseDown>
				if ( arg1 == "LeftButton" ) then
					this:StartMoving();
				end
			</OnMouseDown>
			<OnMouseUp>
				this:StopMovingOrSizing();
			</OnMouseUp>
			<OnUpdate>
				if (this:IsVisible()) then SA_Drag_OnUpdate(2); end
			</OnUpdate>
			<OnLoad>
				SA_Drag_OnLoad(2);
			</OnLoad>
		</Scripts>
		<NormalText name="$parentText" inherits="GameFontNormalSmall">
			<Size>
				<AbsDimension x="50" y="8"/>
			</Size>
			<Anchors>
				<Anchor point="LEFT" relativeTo="$parentLeft" relativePoint="RIGHT">
					<Offset>
						<AbsDimension x="0" y="-5"/>
					</Offset>
				</Anchor>
			</Anchors>
		</NormalText>
	</Button>

	<ScrollingMessageFrame name="SA_SMF2" movable="true" hidden="false" parent="UIParent" frameStrata="HIGH" toplevel="true">
		<Size>
			<AbsDimension x="3000" y="200"/>
		</Size>
		<Anchors>
			<Anchor point="CENTER" relativeTo="SA_Drag2" relativePoint="CENTER">
				<Offset>
					<AbsDimension x="0" y="-30"/>
				</Offset>
			</Anchor>
		</Anchors>
		<Scripts>
			<OnLoad>
				SA_SMF_OnLoad(2);
			</OnLoad>
		</Scripts>
	</ScrollingMessageFrame>

<!-- Alert3 -->
	<Button name="SA_Drag3" movable="true" text="Alert3" hidden="false" parent="UIParent" frameStrata="HIGH" toplevel="true">
		<Size>
			<AbsDimension x="64" y="32"/>
		</Size>
		<Anchors>
			<Anchor point="CENTER" relativeTo="UIParent" relativePoint="CENTER">
				<Offset>
					<AbsDimension x="0" y="0"/>
				</Offset>
			</Anchor>
		</Anchors>
		<Layers>
			<Layer level="BACKGROUND">
				<Texture name="$parentLeft" file="Interface\ChatFrame\ChatFrameTab">
					<Size>
						<AbsDimension x="16" y="32"/>
					</Size>
					<Anchors>
						<Anchor point="TOPLEFT"/>
					</Anchors>
					<TexCoords left="0.0" right="0.25" top="0.0" bottom="1.0"/>
				</Texture>
				<Texture name="$parentMiddle" file="Interface\ChatFrame\ChatFrameTab">
					<Size>
						<AbsDimension x="44" y="32"/>
					</Size>
					<Anchors>
						<Anchor point="LEFT" relativeTo="$parentLeft" relativePoint="RIGHT"/>
					</Anchors>
					<TexCoords left="0.25" right="0.75" top="0.0" bottom="1.0"/>
				</Texture>
				<Texture name="$parentRight" file="Interface\ChatFrame\ChatFrameTab">
					<Size>
						<AbsDimension x="16" y="32"/>
					</Size>
					<Anchors>
						<Anchor point="LEFT" relativeTo="$parentMiddle" relativePoint="RIGHT"/>
					</Anchors>
					<TexCoords left="0.75" right="1.0" top="0.0" bottom="1.0"/>
				</Texture>
			</Layer>
		</Layers>
		<Frames>
			<Frame name="SA_HL3" hidden="true">
				<Size>
					<AbsDimension x="5" y="32"/>
				</Size>
				<Anchors>
					<Anchor point="LEFT" relativeTo="$parentLeft">
						<Offset>
							<AbsDimension x="0" y="-7"/>
						</Offset>
					</Anchor>
					<Anchor point="RIGHT" relativeTo="$parentRight">
						<Offset>
							<AbsDimension x="0" y="-7"/>
						</Offset>
					</Anchor>
				</Anchors>
				<Layers>
					<Layer level="BACKGROUND">
						<Texture file="Interface\PaperDollInfoFrame\UI-Character-Tab-Highlight" alphaMode="ADD" setAllPoints="true"/>
					</Layer>
				</Layers>
			</Frame>
		</Frames>
		<Scripts>
			<OnEnter>
				SA_HL3:Show();
			</OnEnter>
			<OnLeave>
				SA_HL3:Hide();
			</OnLeave>
			<OnMouseDown>
				if ( arg1 == "LeftButton" ) then
					this:StartMoving();
				end
			</OnMouseDown>
			<OnMouseUp>
				this:StopMovingOrSizing();
			</OnMouseUp>
			<OnUpdate>
				if (this:IsVisible()) then SA_Drag_OnUpdate(3); end
			</OnUpdate>
			<OnLoad>
				SA_Drag_OnLoad(3);
			</OnLoad>
		</Scripts>
		<NormalText name="$parentText" inherits="GameFontNormalSmall">
			<Size>
				<AbsDimension x="50" y="8"/>
			</Size>
			<Anchors>
				<Anchor point="LEFT" relativeTo="$parentLeft" relativePoint="RIGHT">
					<Offset>
						<AbsDimension x="0" y="-5"/>
					</Offset>
				</Anchor>
			</Anchors>
		</NormalText>
	</Button>

	<ScrollingMessageFrame name="SA_SMF3" movable="true" hidden="false" parent="UIParent" frameStrata="HIGH" toplevel="true">
		<Size>
			<AbsDimension x="3000" y="200"/>
		</Size>
		<Anchors>
			<Anchor point="CENTER" relativeTo="SA_Drag3" relativePoint="CENTER">
				<Offset>
					<AbsDimension x="0" y="-30"/>
				</Offset>
			</Anchor>
		</Anchors>
		<Scripts>
			<OnLoad>
				SA_SMF_OnLoad(3);
			</OnLoad>
		</Scripts>
	</ScrollingMessageFrame>

</Ui>