<Ui xmlns="http://www.blizzard.com/wow/ui/" xmlns:xsi="http://www.w3.org/2001/XMLSchema-instance" xsi:schemaLocation="http://www.blizzard.com/wow/ui/
..\FrameXML\UI.xsd">
  <Script file="Warmup.lua"/>
  <Frame name="WarmupFrame" parent="UIParent">
    <Scripts>
      <OnLoad>
			  Warmup:OnLoad();
      </OnLoad>
      <OnUpdate>
			  Warmup:OnUpdate();
      </OnUpdate>
	    <OnEvent>
				Warmup:OnEvent(event);
      </OnEvent>
    </Scripts>
  </Frame>


	<Frame name="WarmupOutputFrame" enableMouse="true" movable="true" parent="UIParent" hidden="true"> 
		<Anchors>
			<Anchor point="LEFT"/>
		</Anchors>
		<Size>
			<AbsDimension x="430" y="480"/>
		</Size>
		<TitleRegion setAllPoints="true"/>
		<Backdrop bgFile="Interface\Tooltips\UI-Tooltip-Background" edgeFile="Interface\Tooltips\UI-Tooltip-Border" tile="true">
			<EdgeSize>
				<AbsValue val="16"/>
			</EdgeSize>
			<TileSize>
				<AbsValue val="16"/>
			</TileSize>
			<BackgroundInsets>
				<AbsInset left="5" right="5" top="5" bottom="5"/>
			</BackgroundInsets>
		</Backdrop>
		<Frames>
			<ScrollingMessageFrame name="WarmupChatFrame" displayDuration="604800.0" maxLines="500">
				<Anchors>
					<Anchor point="TOPLEFT">
						<Offset>
							<AbsDimension x="7" y="-7"/>
						</Offset>
					</Anchor>
					<Anchor point="BOTTOMRIGHT">
						<Offset>
							<AbsDimension x="-8" y="9"/>
						</Offset>
					</Anchor>
				</Anchors>
				<Scripts> 
					<OnLoad> 
					</OnLoad> 
				</Scripts> 
				<FontString inherits="ChatFontNormal" justifyH="LEFT"/>
			</ScrollingMessageFrame>
		</Frames>

		<Scripts> 
			<OnLoad> 
				-- set our default colors
				this:SetBackdropBorderColor(0.9, 0.82, 0.0);
				this:SetBackdropColor(0, 0, 0);
			</OnLoad> 
		</Scripts> 
	</Frame> 
</Ui>
