<Ui xmlns="http://www.blizzard.com/wow/ui/" xmlns:xsi="http://www.w3.org/2001/XMLSchema-instance" xsi:schemaLocation="http://www.blizzard.com/wow/ui/
..\FrameXML\UI.xsd">
	<Script file="MetaMapFWM.lua"/>
	<Frame name="FWM_WorldMapFrame" hidden="false" toplevel="true" frameStrata="LOW" enableMouse="false" parent="UIParent">
		<Anchor point="TOPLEFT"><Offset><AbsDimension x="0" y="0"/></Offset></Anchor>
		<Size><AbsDimension x="1" y="1"/></Size>
		<Scripts>
			<OnLoad>FWM_WorldMapFrame_OnLoad();</OnLoad>
			<OnEvent>FWM_WorldMapFrame_OnEvent();</OnEvent>
		</Scripts>
	</Frame>
</Ui>
