<Bindings>
	<Binding name="SAYMESSAGE" header="SCCNKEY">
		SCCN_KeyBinding_ChatFrameEditBox("/s ");
	</Binding>
	<Binding name="YELLMESSAGE" header="SCCNKEY">
		SCCN_KeyBinding_ChatFrameEditBox("/y ");
	</Binding>
	<Binding name="PARTYMESSAGE" header="SCCNKEY">
		if(UnitInParty("player") ~= nil) then
			SCCN_KeyBinding_ChatFrameEditBox("/p ");
		end
	</Binding>
	<Binding name="GUILDMESSAGE" header="SCCNKEY">
		if (IsInGuild()) then
			SCCN_KeyBinding_ChatFrameEditBox("/g ");
		end
	</Binding>
	<Binding name="RAIDMESSAGE" header="SCCNKEY">
	    if(UnitInRaid("player") ~= nil) then
			SCCN_KeyBinding_ChatFrameEditBox("/ra ");
		end
	</Binding>
	<Binding name="OFFICERMESSAGE" header="SCCNKEY">
			SCCN_KeyBinding_ChatFrameEditBox("/o ");
	</Binding>
	<Binding name="CC6_MESSAGE" header="SCCNKEY">
		SCCN_KeyBinding_ChatFrameEditBox("/6 ");
	</Binding>
	<Binding name="CC7_MESSAGE" header="SCCNKEY">
		SCCN_KeyBinding_ChatFrameEditBox("/7 ");
	</Binding>
	<Binding name="CC8_MESSAGE" header="SCCNKEY">
		SCCN_KeyBinding_ChatFrameEditBox("/8 ");
	</Binding>
	<Binding name="CC9_MESSAGE" header="SCCNKEY">
		SCCN_KeyBinding_ChatFrameEditBox("/9 ");
	</Binding>
	<Binding name="CC10_MESSAGE" header="SCCNKEY">
		SCCN_KeyBinding_ChatFrameEditBox("/10 ");
	</Binding>	
	<Binding name="WT_MESSAGE" header="SCCNKEY">
		if( UnitName("target") == nil ) then
			SCCN_write("No Target for /tt");
		else
			SCCN_KeyBinding_ChatFrameEditBox("/w "..UnitName("target"));
		end
	</Binding>
</Bindings>