<Ui xmlns="http://www.blizzard.com/wow/ui/" xmlns:xsi="http://www.w3.org/2001/XMLSchema-instance" xsi:schemaLocation="http://www.blizzard.com/wow/ui/
..\FrameXML\UI.xsd">
  <Script file="localization.en.lua"/>
  <Script file="localization.de.lua"/>
  <Script file="localization.fr.lua"/>
  
	<Script file="SmartBuff.lua"/>
  
  <Frame name="SmartBuffFrame">
    <Scripts>
			<OnLoad>
			  SMARTBUFF_OnLoad();
      </OnLoad>
			<OnEvent>
        SMARTBUFF_OnEvent(event);
      </OnEvent>
		</Scripts>
	</Frame>
	
  <!-- Hidden tooltip -->
	<GameTooltip name="SmartBuffTooltip" hidden="true" inherits="GameTooltipTemplate" parent="UIParent">
		<Scripts>
			<OnLoad>
				this:SetOwner(SmartBuffFrame, "ANCHOR_NONE");
			</OnLoad>
		</Scripts>
	</GameTooltip>		
	
	<MessageFrame frameStrata="MEDIUM" insertMode="TOP" name="SmartBuffSplashFrame" parent="UIParent" toplevel="true">
		<Size>
			<AbsDimension x="512" y="100" />
		</Size>
		<Anchors>
			<Anchor point="CENTER">
				<Offset>
					<AbsDimension x="0" y="100" />
				</Offset>
			</Anchor>
		</Anchors>
		<FontString inherits="NumberFontNormalHuge" justifyH="CENTER" />
	</MessageFrame>
	
	<Button name="SmartBuffOptionsMiniMapButton" parent="UIParent" toplevel="true" hidden="true" frameStrata="LOW" enableMouse="true" movable="true">
		<NormalTexture file="Interface\AddOns\SmartBuff\Icons\MiniMapButtonEnabled"/>
    <PushedTexture alphaMode="ADD" file="Interface\AddOns\SmartBuff\Icons\MiniMapButtonEnabled"/>
    <HighlightTexture alphaMode="ADD" file="Interface\Minimap\UI-Minimap-ZoomButton-Highlight"/>
		<Size>
			<AbsDimension x="32" y="32"/>
		</Size>
		<Anchors>
			<Anchor point="CENTER" relativeTo="UIParent">
				<Offset>
					<AbsDimension x="200" y="200"/>
				</Offset>
			</Anchor>
		</Anchors>
		<Scripts>
			<OnEnter>				
				GameTooltip:SetOwner(this, "ANCHOR_LEFT");
				GameTooltip:SetText(SMARTBUFF_OFT_MENU, SMARTBUFF_TTC_R, SMARTBUFF_TTC_G, SMARTBUFF_TTC_B, SMARTBUFF_TTC_A);				
			</OnEnter>
			<OnLeave>
				GameTooltip:Hide();
			</OnLeave>
			<OnLoad>
   	    this:RegisterForClicks("LeftButtonUp", "RightButtonUp");
   	    this:RegisterForDrag("LeftButton");
			</OnLoad>
			<OnClick>
				if (arg1 == "LeftButton") then
  			  SMARTBUFF_OptionsFrame_Toggle();
				elseif (arg1 == "RightButton") then
				  SMARTBUFF_OToggle();
          if(SmartBuffOptionsFrame:IsVisible()) then
            SMARTBUFF_Options_OnShow();
          end
	      end			  
			</OnClick>
			<OnMouseUp>
				this:StopMovingOrSizing();
			</OnMouseUp>
			<OnDragStart>
				this:StartMoving();
			</OnDragStart>
			<OnDragStop>
				this:StopMovingOrSizing();
			</OnDragStop>			
		</Scripts>
	</Button>	
	
		
	<!-- <Frame name="SmartBuffOptionsFrame" toplevel="false" frameStrata="DIALOG" movable="true" enableMouse="true" hidden="true" parent="UIParent" enableKeyboard="true"> -->
	<Frame name="SmartBuffOptionsFrame" movable="true" toplevel="true" frameStrata="DIALOG" parent="UIParent" hidden="true">
		<Size>
			<AbsDimension x="500" y="430"/>
		</Size>
		<Anchors>
			<Anchor point="CENTER"/>
		</Anchors>
		
		<Backdrop bgFile="Interface\DialogFrame\UI-DialogBox-Background" edgeFile="Interface\DialogFrame\UI-DialogBox-Border" tile="true">
			<BackgroundInsets>
				<AbsInset left="11" right="12" top="12" bottom="11"/>
			</BackgroundInsets>
			<TileSize>
				<AbsValue val="32"/>
			</TileSize>
			<EdgeSize>
				<AbsValue val="32"/>
			</EdgeSize>
		</Backdrop>
		
		<Layers>
			<Layer level="ARTWORK">
				<Texture name="SmartBuffOptionsFrameHeader" file="Interface\DialogFrame\UI-DialogBox-Header">
					<Size>
						<AbsDimension x="400" y="64"/>
					</Size>
					<Anchors>
						<Anchor point="TOP">
							<Offset>
								<AbsDimension x="0" y="12"/>
							</Offset>
						</Anchor>
					</Anchors>
				</Texture>
				<FontString inherits="GameFontNormal" text="SMARTBUFF_OPTIONS_TITLE">
					<Anchors>
						<Anchor point="TOP" relativeTo="SmartBuffOptionsFrameHeader">
							<Offset>
								<AbsDimension x="0" y="-14"/>
							</Offset>
						</Anchor>
					</Anchors>
				</FontString>			  				
			</Layer>
		</Layers>
		
		
		<Frames>
			
			<CheckButton name="SmartBuffOptionsFrame_cbSB" inherits="OptionsCheckButtonTemplate">
				<HitRectInsets>
					<AbsInset left="0" right="0" top="0" bottom="0"/>
				</HitRectInsets>
				<Anchors>
					<Anchor point="TOPLEFT">
						<Offset>
							<AbsDimension x="20" y="-35"/>
						</Offset>
					</Anchor>
				</Anchors>
				<Scripts>
					<OnLoad>
						getglobal(this:GetName().."Text"):SetText(SMARTBUFF_OFT);
					</OnLoad>				
					<OnClick>
						SMARTBUFF_OToggle();
					</OnClick>
					<OnEnter>
						GameTooltip:SetOwner(this, "ANCHOR_RIGHT");
						GameTooltip:SetText(SMARTBUFF_OFTT, SMARTBUFF_TTC_R, SMARTBUFF_TTC_G, SMARTBUFF_TTC_B, SMARTBUFF_TTC_A);
					</OnEnter>
					<OnLeave>
						GameTooltip:Hide();
					</OnLeave>
			  </Scripts>
			</CheckButton>
			
			<CheckButton name="SmartBuffOptionsFrame_cbAuto" inherits="OptionsCheckButtonTemplate" hidden="false">
				<HitRectInsets>
					<AbsInset left="0" right="0" top="0" bottom="0"/>
				</HitRectInsets>
				<Size>
					<AbsDimension x="24" y="24"/>
				</Size>			
				<Anchors>
				  <Anchor point="TOPLEFT" relativePoint="TOPLEFT" relativeTo="SmartBuffOptionsFrame_cbSB">
						<Offset>
							<AbsDimension x="10" y="-25"/>
						</Offset>
					</Anchor>
				</Anchors>
				<Scripts>
					<OnLoad>
						getglobal(this:GetName().."Text"):SetText(SMARTBUFF_OFT_AUTO);
					</OnLoad>				
					<OnClick>
						SMARTBUFF_OToggleAuto();
					</OnClick>
					<OnEnter>
						GameTooltip:SetOwner(this, "ANCHOR_RIGHT");
						GameTooltip:SetText(SMARTBUFF_OFTT_AUTO, SMARTBUFF_TTC_R, SMARTBUFF_TTC_G, SMARTBUFF_TTC_B, SMARTBUFF_TTC_A);
					</OnEnter>
					<OnLeave>
						GameTooltip:Hide();
					</OnLeave>					
				</Scripts>
			</CheckButton>
			
	    <Slider name="SmartBuffOptionsFrameAutoTimer" inherits="OptionsSliderTemplate" hidden="false">
	    		<Size>
					<AbsDimension x="96" y="16"/>
				</Size>	
				<Anchors>
				  <Anchor point="TOPLEFT" relativePoint="TOPLEFT" relativeTo="SmartBuffOptionsFrame_cbAuto">
						<Offset>
							<AbsDimension x="125" y="-10"/>
						</Offset>
					</Anchor>
				</Anchors>
		    <Scripts>
			    <OnLoad>
				    SmartBuffOptionsFrameSlider_OnLoad(5, 120, 5);
			    </OnLoad>
			    <OnValueChanged>
				    SmartBuffOptionsFrameAutoTimer_OnValueChanged();
			    </OnValueChanged>
					<OnEnter>
						GameTooltip:SetOwner(this, "ANCHOR_RIGHT");
						GameTooltip:SetText(SMARTBUFF_OFTT_AUTOTIMER, SMARTBUFF_TTC_R, SMARTBUFF_TTC_G, SMARTBUFF_TTC_B, SMARTBUFF_TTC_A);
					</OnEnter>
					<OnLeave>
						GameTooltip:Hide();
					</OnLeave>			    
		    </Scripts>
	    </Slider>					
			
			<CheckButton name="SmartBuffOptionsFrame_cbAutoCombat" inherits="OptionsCheckButtonTemplate" hidden="false">
				<HitRectInsets>
					<AbsInset left="0" right="0" top="0" bottom="0"/>
				</HitRectInsets>
				<Size>
					<AbsDimension x="20" y="20"/>
				</Size>			
				<Anchors>
				  <Anchor point="TOPLEFT" relativePoint="TOPLEFT" relativeTo="SmartBuffOptionsFrame_cbAuto">
						<Offset>
							<AbsDimension x="20" y="-20"/>
						</Offset>
					</Anchor>
				</Anchors>
				<Scripts>
					<OnLoad>
						getglobal(this:GetName().."Text"):SetText(SMARTBUFF_OFT_AUTOCOMBAT);
					</OnLoad>				
					<OnClick>
						SMARTBUFF_OToggleAutoCombat();
					</OnClick>
					<OnEnter>
						GameTooltip:SetOwner(this, "ANCHOR_RIGHT");
						GameTooltip:SetText(SMARTBUFF_OFTT_AUTOCOMBAT, SMARTBUFF_TTC_R, SMARTBUFF_TTC_G, SMARTBUFF_TTC_B, SMARTBUFF_TTC_A);
					</OnEnter>
					<OnLeave>
						GameTooltip:Hide();
					</OnLeave>					
				</Scripts>
			</CheckButton>
      
			<CheckButton name="SmartBuffOptionsFrame_cbAutoChat" inherits="OptionsCheckButtonTemplate" hidden="false">
				<HitRectInsets>
					<AbsInset left="0" right="0" top="0" bottom="0"/>
				</HitRectInsets>
				<Size>
					<AbsDimension x="20" y="20"/>
				</Size>			
				<Anchors>
				  <Anchor point="TOPLEFT" relativePoint="TOPLEFT" relativeTo="SmartBuffOptionsFrame_cbAutoCombat">
						<Offset>
							<AbsDimension x="0" y="-15"/>
						</Offset>
					</Anchor>
				</Anchors>
				<Scripts>
					<OnLoad>
						getglobal(this:GetName().."Text"):SetText(SMARTBUFF_OFT_AUTOCHAT);
					</OnLoad>				
					<OnClick>
						SMARTBUFF_OToggleAutoChat();
					</OnClick>
					<OnEnter>
						GameTooltip:SetOwner(this, "ANCHOR_RIGHT");
						GameTooltip:SetText(SMARTBUFF_OFTT_AUTOCHAT, SMARTBUFF_TTC_R, SMARTBUFF_TTC_G, SMARTBUFF_TTC_B, SMARTBUFF_TTC_A);
					</OnEnter>
					<OnLeave>
						GameTooltip:Hide();
					</OnLeave>					
				</Scripts>
			</CheckButton>      
			
			<CheckButton name="SmartBuffOptionsFrame_cbAutoSplash" inherits="OptionsCheckButtonTemplate" hidden="false">
				<HitRectInsets>
					<AbsInset left="0" right="0" top="0" bottom="0"/>
				</HitRectInsets>
				<Size>
					<AbsDimension x="20" y="20"/>
				</Size>			
				<Anchors>
				  <Anchor point="TOPLEFT" relativePoint="TOPLEFT" relativeTo="SmartBuffOptionsFrame_cbAutoChat">
						<Offset>
							<AbsDimension x="70" y="0"/>
						</Offset>
					</Anchor>
				</Anchors>
				<Scripts>
					<OnLoad>
						getglobal(this:GetName().."Text"):SetText(SMARTBUFF_OFT_AUTOSPLASH);
					</OnLoad>				
					<OnClick>
						SMARTBUFF_OToggleAutoSplash();
					</OnClick>
					<OnEnter>
						GameTooltip:SetOwner(this, "ANCHOR_RIGHT");
						GameTooltip:SetText(SMARTBUFF_OFTT_AUTOSPLASH, SMARTBUFF_TTC_R, SMARTBUFF_TTC_G, SMARTBUFF_TTC_B, SMARTBUFF_TTC_A);
					</OnEnter>
					<OnLeave>
						GameTooltip:Hide();
					</OnLeave>					
				</Scripts>
			</CheckButton>
			
			<CheckButton name="SmartBuffOptionsFrame_cbAutoSound" inherits="OptionsCheckButtonTemplate" hidden="false">
				<HitRectInsets>
					<AbsInset left="0" right="0" top="0" bottom="0"/>
				</HitRectInsets>
				<Size>
					<AbsDimension x="20" y="20"/>
				</Size>			
				<Anchors>
				  <Anchor point="TOPLEFT" relativePoint="TOPLEFT" relativeTo="SmartBuffOptionsFrame_cbAutoSplash">
						<Offset>
							<AbsDimension x="70" y="0"/>
						</Offset>
					</Anchor>
				</Anchors>
				<Scripts>
					<OnLoad>
						getglobal(this:GetName().."Text"):SetText(SMARTBUFF_OFT_AUTOSOUND);
					</OnLoad>				
					<OnClick>
						SMARTBUFF_OToggleAutoSound();
					</OnClick>
					<OnEnter>
						GameTooltip:SetOwner(this, "ANCHOR_RIGHT");
						GameTooltip:SetText(SMARTBUFF_OFTT_AUTOSOUND, SMARTBUFF_TTC_R, SMARTBUFF_TTC_G, SMARTBUFF_TTC_B, SMARTBUFF_TTC_A);
					</OnEnter>
					<OnLeave>
						GameTooltip:Hide();
					</OnLeave>					
				</Scripts>
			</CheckButton>
			
			<CheckButton name="SmartBuffOptionsFrame_cbAutoRest" inherits="OptionsCheckButtonTemplate" hidden="false">
				<HitRectInsets>
					<AbsInset left="0" right="0" top="0" bottom="0"/>
				</HitRectInsets>
				<Size>
					<AbsDimension x="20" y="20"/>
				</Size>			
				<Anchors>
				  <Anchor point="TOPLEFT" relativePoint="TOPLEFT" relativeTo="SmartBuffOptionsFrame_cbAutoChat">
						<Offset>
							<AbsDimension x="0" y="-15"/>
						</Offset>
					</Anchor>
				</Anchors>
				<Scripts>
					<OnLoad>
						getglobal(this:GetName().."Text"):SetText(SMARTBUFF_OFT_AUTOREST);
					</OnLoad>				
					<OnClick>
						SMARTBUFF_OToggleAutoRest();
					</OnClick>
					<OnEnter>
						GameTooltip:SetOwner(this, "ANCHOR_RIGHT");
						GameTooltip:SetText(SMARTBUFF_OFTT_AUTOREST, SMARTBUFF_TTC_R, SMARTBUFF_TTC_G, SMARTBUFF_TTC_B, SMARTBUFF_TTC_A);
					</OnEnter>
					<OnLeave>
						GameTooltip:Hide();
					</OnLeave>					
				</Scripts>
			</CheckButton>
			
	    <Slider name="SmartBuffOptionsFrameRebuffTimer" inherits="OptionsSliderTemplate" hidden="false">
	    		<Size>
					<AbsDimension x="200" y="16"/>
				</Size>	
				<Anchors>
				  <Anchor point="TOPLEFT" relativePoint="TOPLEFT" relativeTo="SmartBuffOptionsFrame_cbAutoRest">
						<Offset>
							<AbsDimension x="0" y="-35"/>
						</Offset>
					</Anchor>
				</Anchors>
		    <Scripts>
			    <OnLoad>
				    SmartBuffOptionsFrameSlider_OnLoad(0, 300, 10);
			    </OnLoad>
			    <OnValueChanged>
				    SmartBuffOptionsFrameRebuffTimer_OnValueChanged();
			    </OnValueChanged>
					<OnEnter>
						GameTooltip:SetOwner(this, "ANCHOR_RIGHT");
						GameTooltip:SetText(SMARTBUFF_OFTT_REBUFFTIMER, SMARTBUFF_TTC_R, SMARTBUFF_TTC_G, SMARTBUFF_TTC_B, SMARTBUFF_TTC_A);
					</OnEnter>
					<OnLeave>
						GameTooltip:Hide();
					</OnLeave>			    
		    </Scripts>
	    </Slider>				
      
			<CheckButton name="SmartBuffOptionsFrame_cbHunterPets" inherits="OptionsCheckButtonTemplate">
				<HitRectInsets>
					<AbsInset left="0" right="0" top="0" bottom="0"/>
				</HitRectInsets>
				<Size>
					<AbsDimension x="24" y="24"/>
				</Size>			
				<Anchors>
				  <Anchor point="TOPLEFT" relativePoint="TOPLEFT" relativeTo="SmartBuffOptionsFrameRebuffTimer">
						<Offset>
							<AbsDimension x="-20" y="-30"/>
						</Offset>
					</Anchor>
				</Anchors>
				<Scripts>
					<OnLoad>
						getglobal(this:GetName().."Text"):SetText(SMARTBUFF_OFT_HUNTERPETS);
					</OnLoad>				
					<OnClick>
						SMARTBUFF_OToggleHunterPets();
					</OnClick>
					<OnEnter>
						GameTooltip:SetOwner(this, "ANCHOR_RIGHT");
						GameTooltip:SetText(SMARTBUFF_OFTT_HUNTERPETS, SMARTBUFF_TTC_R, SMARTBUFF_TTC_G, SMARTBUFF_TTC_B, SMARTBUFF_TTC_A);
					</OnEnter>
					<OnLeave>
						GameTooltip:Hide();
					</OnLeave>
				</Scripts>
			</CheckButton>
			
			<CheckButton name="SmartBuffOptionsFrame_cbWarlockPets" inherits="OptionsCheckButtonTemplate">
				<HitRectInsets>
					<AbsInset left="0" right="0" top="0" bottom="0"/>
				</HitRectInsets>
				<Size>
					<AbsDimension x="24" y="24"/>
				</Size>			
				<Anchors>
					<Anchor point="TOPLEFT" relativePoint="TOPLEFT" relativeTo="SmartBuffOptionsFrame_cbHunterPets">
						<Offset>
							<AbsDimension x="0" y="-20"/>
						</Offset>
					</Anchor>
				</Anchors>
				<Scripts>
					<OnLoad>
						getglobal(this:GetName().."Text"):SetText(SMARTBUFF_OFT_WARLOCKPETS);
					</OnLoad>				
					<OnClick>
						SMARTBUFF_OToggleWarlockPets();
					</OnClick>
					<OnEnter>
						GameTooltip:SetOwner(this, "ANCHOR_RIGHT");
						GameTooltip:SetText(SMARTBUFF_OFTT_WARLOCKPETS, SMARTBUFF_TTC_R, SMARTBUFF_TTC_G, SMARTBUFF_TTC_B, SMARTBUFF_TTC_A);
					</OnEnter>
					<OnLeave>
						GameTooltip:Hide();
					</OnLeave>					
				</Scripts>
			</CheckButton>
			
			<CheckButton name="SmartBuffOptionsFrame_cbARules" inherits="OptionsCheckButtonTemplate">
				<HitRectInsets>
					<AbsInset left="0" right="0" top="0" bottom="0"/>
				</HitRectInsets>
				<Size>
					<AbsDimension x="24" y="24"/>
				</Size>			
				<Anchors>
					<Anchor point="TOPLEFT" relativePoint="TOPLEFT" relativeTo="SmartBuffOptionsFrame_cbWarlockPets">
						<Offset>
							<AbsDimension x="0" y="-20"/>
						</Offset>
					</Anchor>
				</Anchors>
				<Scripts>
					<OnLoad>
						getglobal(this:GetName().."Text"):SetText(SMARTBUFF_OFT_ARULES);
					</OnLoad>				
					<OnClick>
						SMARTBUFF_OToggleARules();
					</OnClick>
					<OnEnter>
						GameTooltip:SetOwner(this, "ANCHOR_RIGHT");
						GameTooltip:SetText(SMARTBUFF_OFTT_ARULES, SMARTBUFF_TTC_R, SMARTBUFF_TTC_G, SMARTBUFF_TTC_B, SMARTBUFF_TTC_A);
					</OnEnter>
					<OnLeave>
						GameTooltip:Hide();
					</OnLeave>					
				</Scripts>
			</CheckButton>			
      
	    <Slider name="SmartBuffOptionsFrameGrpBuffSize" inherits="OptionsSliderTemplate" hidden="false">
	    	<Size>
					<AbsDimension x="64" y="16"/>
				</Size>	
				<Anchors>
				  <Anchor point="TOPLEFT" relativePoint="TOPLEFT" relativeTo="SmartBuffOptionsFrame_cbARules">
						<Offset>
							<AbsDimension x="150" y="0"/>
						</Offset>
					</Anchor>
				</Anchors>
		    <Scripts>
			    <OnLoad>
				    SmartBuffOptionsFrameSlider_OnLoad(1, 5, 1);
			    </OnLoad>
			    <OnValueChanged>
				    SmartBuffOptionsFrameGrpBuffSize_OnValueChanged();
			    </OnValueChanged>
					<OnEnter>
						GameTooltip:SetOwner(this, "ANCHOR_RIGHT");
						GameTooltip:SetText(SMARTBUFF_OFTT_GRPBUFFSIZE, SMARTBUFF_TTC_R, SMARTBUFF_TTC_G, SMARTBUFF_TTC_B, SMARTBUFF_TTC_A);
					</OnEnter>
					<OnLeave>
						GameTooltip:Hide();
					</OnLeave>			    
		    </Scripts>
	    </Slider>
	    
	    	    
			
			<CheckButton name="SmartBuffOptionsFrame_cbGrp1" inherits="OptionsCheckButtonTemplate">
				<HitRectInsets>
					<AbsInset left="0" right="0" top="0" bottom="0"/>
				</HitRectInsets>
				<Size>
					<AbsDimension x="24" y="24"/>
				</Size>			
				<Anchors>
					<Anchor point="TOPLEFT" relativePoint="TOPLEFT" relativeTo="SmartBuffOptionsFrame_cbARules">
						<Offset>
							<AbsDimension x="0" y="-40"/>
						</Offset>
					</Anchor>
				</Anchors>
				<Layers>
					<Layer level="OVERLAY">
						<FontString inherits="GameFontHighlightSmall" text="SMARTBUFF_OFT_GRP">
							<Anchors>
								<Anchor point="BOTTOMLEFT" relativePoint="TOPLEFT" relativeTo="$parent">
									<Offset>
										<AbsDimension x="0" y="0"/>
									</Offset>
								</Anchor>
							</Anchors>
						</FontString>
					</Layer>
				</Layers>				
				<Scripts>
					<OnLoad>
						getglobal(this:GetName().."Text"):SetText("1");
					</OnLoad>				
					<OnClick>
						SMARTBUFF_OToggleGrp(1);
					</OnClick>
				</Scripts>
			</CheckButton>
			
			<CheckButton name="SmartBuffOptionsFrame_cbGrp2" inherits="OptionsCheckButtonTemplate">
				<HitRectInsets>
					<AbsInset left="0" right="0" top="0" bottom="0"/>
				</HitRectInsets>
				<Size>
					<AbsDimension x="24" y="24"/>
				</Size>			
				<Anchors>
					<Anchor point="TOPLEFT" relativePoint="TOPRIGHT" relativeTo="SmartBuffOptionsFrame_cbGrp1">
						<Offset>
							<AbsDimension x="15" y="0"/>
						</Offset>
					</Anchor>
				</Anchors>
				<Scripts>
					<OnLoad>
						getglobal(this:GetName().."Text"):SetText("2");
					</OnLoad>				
					<OnClick>
						SMARTBUFF_OToggleGrp(2);
					</OnClick>
				</Scripts>
			</CheckButton>
			
			<CheckButton name="SmartBuffOptionsFrame_cbGrp3" inherits="OptionsCheckButtonTemplate">
				<HitRectInsets>
					<AbsInset left="0" right="0" top="0" bottom="0"/>
				</HitRectInsets>
				<Size>
					<AbsDimension x="24" y="24"/>
				</Size>			
				<Anchors>
					<Anchor point="TOPLEFT" relativePoint="TOPRIGHT" relativeTo="SmartBuffOptionsFrame_cbGrp2">
						<Offset>
							<AbsDimension x="15" y="0"/>
						</Offset>
					</Anchor>
				</Anchors>
				<Scripts>
					<OnLoad>
						getglobal(this:GetName().."Text"):SetText("3");
					</OnLoad>				
					<OnClick>
						SMARTBUFF_OToggleGrp(3);
					</OnClick>
				</Scripts>
			</CheckButton>
			
			<CheckButton name="SmartBuffOptionsFrame_cbGrp4" inherits="OptionsCheckButtonTemplate">
				<HitRectInsets>
					<AbsInset left="0" right="0" top="0" bottom="0"/>
				</HitRectInsets>
				<Size>
					<AbsDimension x="24" y="24"/>
				</Size>			
				<Anchors>
					<Anchor point="TOPLEFT" relativePoint="TOPRIGHT" relativeTo="SmartBuffOptionsFrame_cbGrp3">
						<Offset>
							<AbsDimension x="15" y="0"/>
						</Offset>
					</Anchor>
				</Anchors>
				<Scripts>
					<OnLoad>
						getglobal(this:GetName().."Text"):SetText("4");
					</OnLoad>				
					<OnClick>
						SMARTBUFF_OToggleGrp(4);
					</OnClick>
				</Scripts>
			</CheckButton>
			
			<CheckButton name="SmartBuffOptionsFrame_cbGrp5" inherits="OptionsCheckButtonTemplate">
				<HitRectInsets>
					<AbsInset left="0" right="0" top="0" bottom="0"/>
				</HitRectInsets>
				<Size>
					<AbsDimension x="24" y="24"/>
				</Size>			
				<Anchors>
					<Anchor point="TOPLEFT" relativePoint="TOPLEFT" relativeTo="SmartBuffOptionsFrame_cbGrp1">
						<Offset>
							<AbsDimension x="0" y="-20"/>
						</Offset>
					</Anchor>
				</Anchors>
				<Scripts>
					<OnLoad>
						getglobal(this:GetName().."Text"):SetText("5");
					</OnLoad>				
					<OnClick>
						SMARTBUFF_OToggleGrp(5);
					</OnClick>
				</Scripts>
			</CheckButton>
			
			<CheckButton name="SmartBuffOptionsFrame_cbGrp6" inherits="OptionsCheckButtonTemplate">
				<HitRectInsets>
					<AbsInset left="0" right="0" top="0" bottom="0"/>
				</HitRectInsets>
				<Size>
					<AbsDimension x="24" y="24"/>
				</Size>			
				<Anchors>
					<Anchor point="TOPLEFT" relativePoint="TOPRIGHT" relativeTo="SmartBuffOptionsFrame_cbGrp5">
						<Offset>
							<AbsDimension x="15" y="0"/>
						</Offset>
					</Anchor>
				</Anchors>
				<Scripts>
					<OnLoad>
						getglobal(this:GetName().."Text"):SetText("6");
					</OnLoad>				
					<OnClick>
						SMARTBUFF_OToggleGrp(6);
					</OnClick>
				</Scripts>
			</CheckButton>
			
			<CheckButton name="SmartBuffOptionsFrame_cbGrp7" inherits="OptionsCheckButtonTemplate">
				<HitRectInsets>
					<AbsInset left="0" right="0" top="0" bottom="0"/>
				</HitRectInsets>
				<Size>
					<AbsDimension x="24" y="24"/>
				</Size>			
				<Anchors>
					<Anchor point="TOPLEFT" relativePoint="TOPRIGHT" relativeTo="SmartBuffOptionsFrame_cbGrp6">
						<Offset>
							<AbsDimension x="15" y="0"/>
						</Offset>
					</Anchor>
				</Anchors>
				<Scripts>
					<OnLoad>
						getglobal(this:GetName().."Text"):SetText("7");
					</OnLoad>				
					<OnClick>
						SMARTBUFF_OToggleGrp(7);
					</OnClick>
				</Scripts>
			</CheckButton>
			
			<CheckButton name="SmartBuffOptionsFrame_cbGrp8" inherits="OptionsCheckButtonTemplate">
				<HitRectInsets>
					<AbsInset left="0" right="0" top="0" bottom="0"/>
				</HitRectInsets>
				<Size>
					<AbsDimension x="24" y="24"/>
				</Size>			
				<Anchors>
					<Anchor point="TOPLEFT" relativePoint="TOPRIGHT" relativeTo="SmartBuffOptionsFrame_cbGrp7">
						<Offset>
							<AbsDimension x="15" y="0"/>
						</Offset>
					</Anchor>
				</Anchors>
				<Scripts>
					<OnLoad>
						getglobal(this:GetName().."Text"):SetText("8");
					</OnLoad>				
					<OnClick>
						SMARTBUFF_OToggleGrp(8);
					</OnClick>
				</Scripts>
			</CheckButton>
			
			<CheckButton name="SmartBuffOptionsFrame_cbSubGrpChanged" inherits="OptionsCheckButtonTemplate">
				<HitRectInsets>
					<AbsInset left="0" right="0" top="0" bottom="0"/>
				</HitRectInsets>
				<Size>
					<AbsDimension x="24" y="24"/>
				</Size>			
				<Anchors>
					<Anchor point="TOPLEFT" relativePoint="TOPLEFT" relativeTo="SmartBuffOptionsFrame_cbGrp5">
						<Offset>
							<AbsDimension x="0" y="-25"/>
						</Offset>
					</Anchor>
				</Anchors>
				<Layers>
					<Layer level="OVERLAY">
						<FontString inherits="GameFontNormalSmall" justifyH="LEFT" text="SMARTBUFF_OFT_SUBGRPCHANGED">
							<Anchors>
								<Anchor point="TOPLEFT" relativePoint="TOPRIGHT" relativeTo="$parent">
									<Offset>
										<AbsDimension x="0" y="0"/>
									</Offset>
								</Anchor>
							</Anchors>
						</FontString>
					</Layer>
				</Layers>				
				<Scripts>
					<OnLoad>
						getglobal(this:GetName().."Text"):SetText("");
					</OnLoad>				
					<OnClick>
						SMARTBUFF_OToggleSubGrpChanged();
					</OnClick>
					<OnEnter>
						GameTooltip:SetOwner(this, "ANCHOR_RIGHT");
						GameTooltip:SetText(SMARTBUFF_OFTT_SUBGRPCHANGED, SMARTBUFF_TTC_R, SMARTBUFF_TTC_G, SMARTBUFF_TTC_B, SMARTBUFF_TTC_A);
					</OnEnter>
					<OnLeave>
						GameTooltip:Hide();
					</OnLeave>					
				</Scripts>
			</CheckButton>
			
			<CheckButton name="SmartBuffOptionsFrame_cbMsgNormal" inherits="OptionsCheckButtonTemplate">
				<HitRectInsets>
					<AbsInset left="0" right="0" top="0" bottom="0"/>
				</HitRectInsets>
				<Size>
					<AbsDimension x="20" y="20"/>
				</Size>			
				<Anchors>
					<Anchor point="TOPLEFT" relativePoint="TOPLEFT" relativeTo="SmartBuffOptionsFrame_cbSubGrpChanged">
						<Offset>
							<AbsDimension x="0" y="-45"/>
						</Offset>
					</Anchor>
				</Anchors>
				<Layers>
					<Layer level="OVERLAY">
						<FontString inherits="GameFontHighlightSmall" text="SMARTBUFF_OFT_MESSAGES">
							<Anchors>
								<Anchor point="BOTTOMLEFT" relativePoint="TOPLEFT" relativeTo="$parent">
									<Offset>
										<AbsDimension x="0" y="0"/>
									</Offset>
								</Anchor>
							</Anchors>
						</FontString>
					</Layer>
				</Layers>				
				<Scripts>
					<OnLoad>
						getglobal(this:GetName().."Text"):SetText(SMARTBUFF_OFT_MSGNORMAL);
					</OnLoad>				
					<OnClick>
						SMARTBUFF_OToggleMsgNormal();
					</OnClick>
				</Scripts>
			</CheckButton>
      
			<CheckButton name="SmartBuffOptionsFrame_cbMsgError" inherits="OptionsCheckButtonTemplate">
				<HitRectInsets>
					<AbsInset left="0" right="0" top="0" bottom="0"/>
				</HitRectInsets>
				<Size>
					<AbsDimension x="20" y="20"/>
				</Size>			
				<Anchors>
					<Anchor point="TOPLEFT" relativePoint="TOPRIGHT" relativeTo="SmartBuffOptionsFrame_cbMsgNormal">
						<Offset>
							<AbsDimension x="45" y="0"/>
						</Offset>
					</Anchor>
				</Anchors>
				<Scripts>
					<OnLoad>
						getglobal(this:GetName().."Text"):SetText(SMARTBUFF_OFT_MSGERROR);
					</OnLoad>				
					<OnClick>
						SMARTBUFF_OToggleMsgError();
					</OnClick>
				</Scripts>
			</CheckButton>      
			
			<CheckButton name="SmartBuffOptionsFrame_cbMsgWarning" inherits="OptionsCheckButtonTemplate">
				<HitRectInsets>
					<AbsInset left="0" right="0" top="0" bottom="0"/>
				</HitRectInsets>
				<Size>
					<AbsDimension x="20" y="20"/>
				</Size>			
				<Anchors>
					<Anchor point="TOPLEFT" relativePoint="TOPRIGHT" relativeTo="SmartBuffOptionsFrame_cbMsgError">
						<Offset>
							<AbsDimension x="40" y="0"/>
						</Offset>
					</Anchor>
				</Anchors>
				<Scripts>
					<OnLoad>
						getglobal(this:GetName().."Text"):SetText(SMARTBUFF_OFT_MSGWARNING);
					</OnLoad>				
					<OnClick>
						SMARTBUFF_OToggleMsgWarning();
					</OnClick>
				</Scripts>
			</CheckButton>
			
			<CheckButton name="SmartBuffOptionsFrame_cbHideMmButton" inherits="OptionsCheckButtonTemplate">
				<HitRectInsets>
					<AbsInset left="0" right="0" top="0" bottom="0"/>
				</HitRectInsets>
				<Size>
					<AbsDimension x="20" y="20"/>
				</Size>			
				<Anchors>
					<Anchor point="TOPLEFT" relativePoint="TOPLEFT" relativeTo="SmartBuffOptionsFrame_cbMsgNormal">
						<Offset>
							<AbsDimension x="0" y="-20"/>
						</Offset>
					</Anchor>
				</Anchors>
				<Scripts>
					<OnLoad>
						getglobal(this:GetName().."Text"):SetText(SMARTBUFF_OFT_HIDEMMBUTTON);
					</OnLoad>				
					<OnClick>
						SMARTBUFF_OHideMmButton();
					</OnClick>
					<OnEnter>
						GameTooltip:SetOwner(this, "ANCHOR_RIGHT");
						GameTooltip:SetText(SMARTBUFF_OFTT_HIDEMMBUTTON, SMARTBUFF_TTC_R, SMARTBUFF_TTC_G, SMARTBUFF_TTC_B, SMARTBUFF_TTC_A);
					</OnEnter>
					<OnLeave>
						GameTooltip:Hide();
					</OnLeave>					
				</Scripts>
			</CheckButton>
			
						
			
			<CheckButton name="SmartBuffOptionsFrame_cbBuffS1" inherits="OptionsCheckButtonTemplate">
				<HitRectInsets>
					<AbsInset left="0" right="0" top="0" bottom="0"/>
				</HitRectInsets>
				<Size>
					<AbsDimension x="20" y="20"/>
				</Size>			
				<Anchors>
					<Anchor point="TOPLEFT">
						<Offset>
							<AbsDimension x="280" y="-50"/>
						</Offset>
					</Anchor>
				</Anchors>
				<Layers>
					<Layer level="OVERLAY">
						<FontString inherits="GameFontHighlightSmall" text="SMARTBUFF_OFT_BUFFS">
							<Anchors>
								<Anchor point="BOTTOMLEFT" relativePoint="TOPLEFT" relativeTo="$parent">
									<Offset>
										<AbsDimension x="0" y="0"/>
									</Offset>
								</Anchor>
							</Anchors>
						</FontString>
					</Layer>
				</Layers>				
				<Scripts>
					<OnClick>
 						SMARTBUFF_OToggleBuff("S1");						
					</OnClick>
    			<OnMouseUp>
    				if (arg1 == "RightButton") then
    					SmartBuff_BuffSetup_Show(1);
    				end
    			</OnMouseUp>          
				</Scripts>
			</CheckButton>
			
			<CheckButton name="SmartBuffOptionsFrame_cbSelfOnly" inherits="OptionsCheckButtonTemplate">
				<HitRectInsets>
					<AbsInset left="0" right="0" top="0" bottom="0"/>
				</HitRectInsets>
				<Size>
					<AbsDimension x="20" y="20"/>
				</Size>			
				<Anchors>
					<Anchor point="BOTTOMLEFT" relativePoint="TOPLEFT" relativeTo="SmartBuffOptionsFrame_cbBuffS1">
						<Offset>
							<AbsDimension x="80" y="-6"/>
						</Offset>
					</Anchor>
				</Anchors>				
				<Scripts>
					<OnLoad>
						getglobal(this:GetName().."Text"):SetText(SMARTBUFF_OFT_SELFONLY);
					</OnLoad>				
					<OnClick>
						SMARTBUFF_OSelfOnly();
					</OnClick>
					<OnEnter>
						GameTooltip:SetOwner(this, "ANCHOR_RIGHT");
						GameTooltip:SetText(SMARTBUFF_OFTT_SELFONLY, SMARTBUFF_TTC_R, SMARTBUFF_TTC_G, SMARTBUFF_TTC_B, SMARTBUFF_TTC_A);
					</OnEnter>
					<OnLeave>
						GameTooltip:Hide();
					</OnLeave>					
				</Scripts>
			</CheckButton>
			
			<CheckButton name="SmartBuffOptionsFrame_cbBuffG1" inherits="OptionsCheckButtonTemplate">
				<HitRectInsets>
					<AbsInset left="0" right="0" top="0" bottom="0"/>
				</HitRectInsets>
				<Size>
					<AbsDimension x="20" y="20"/>
				</Size>			
				<Anchors>
					<Anchor point="TOPLEFT" relativePoint="TOPLEFT" relativeTo="SmartBuffOptionsFrame_cbBuffS1">
						<Offset>
							<AbsDimension x="20" y="0"/>
						</Offset>
					</Anchor>
				</Anchors>				
				<Scripts>
					<OnClick>
						SMARTBUFF_OToggleBuff("G1");
					</OnClick>
				</Scripts>
			</CheckButton>			
			
			<CheckButton name="SmartBuffOptionsFrame_cbBuffS2" inherits="OptionsCheckButtonTemplate">
				<HitRectInsets>
					<AbsInset left="0" right="0" top="0" bottom="0"/>
				</HitRectInsets>
				<Size>
					<AbsDimension x="20" y="20"/>
				</Size>			
				<Anchors>
					<Anchor point="TOPLEFT" relativePoint="TOPLEFT" relativeTo="SmartBuffOptionsFrame_cbBuffS1">
						<Offset>
							<AbsDimension x="0" y="-16"/>
						</Offset>
					</Anchor>
				</Anchors>       
				<Scripts>
					<OnClick>
 						SMARTBUFF_OToggleBuff("S2");			    
					</OnClick>
    			<OnMouseUp>
    				if (arg1 == "RightButton") then
    					SmartBuff_BuffSetup_Show(2);
    				end
    			</OnMouseUp>           
				</Scripts>
			</CheckButton>
      
			<CheckButton name="SmartBuffOptionsFrame_cbBuffG2" inherits="OptionsCheckButtonTemplate">
				<HitRectInsets>
					<AbsInset left="0" right="0" top="0" bottom="0"/>
				</HitRectInsets>
				<Size>
					<AbsDimension x="20" y="20"/>
				</Size>			
				<Anchors>
					<Anchor point="TOPLEFT" relativePoint="TOPLEFT" relativeTo="SmartBuffOptionsFrame_cbBuffS2">
						<Offset>
							<AbsDimension x="20" y="0"/>
						</Offset>
					</Anchor>
				</Anchors>				
				<Scripts>
					<OnClick>
						SMARTBUFF_OToggleBuff("G2");
					</OnClick>
				</Scripts>
			</CheckButton>      
			
			<CheckButton name="SmartBuffOptionsFrame_cbBuffS3" inherits="OptionsCheckButtonTemplate">
				<HitRectInsets>
					<AbsInset left="0" right="0" top="0" bottom="0"/>
				</HitRectInsets>
				<Size>
					<AbsDimension x="20" y="20"/>
				</Size>			
				<Anchors>
					<Anchor point="TOPLEFT" relativePoint="TOPLEFT" relativeTo="SmartBuffOptionsFrame_cbBuffS2">
						<Offset>
							<AbsDimension x="0" y="-16"/>
						</Offset>
					</Anchor>
				</Anchors>
				<Scripts>
					<OnClick>
						SMARTBUFF_OToggleBuff("S3");
					</OnClick>
    			<OnMouseUp>
    				if (arg1 == "RightButton") then
    					SmartBuff_BuffSetup_Show(3);
    				end
    			</OnMouseUp>           
				</Scripts>
			</CheckButton>
      
			<CheckButton name="SmartBuffOptionsFrame_cbBuffG3" inherits="OptionsCheckButtonTemplate">
				<HitRectInsets>
					<AbsInset left="0" right="0" top="0" bottom="0"/>
				</HitRectInsets>
				<Size>
					<AbsDimension x="20" y="20"/>
				</Size>			
				<Anchors>
					<Anchor point="TOPLEFT" relativePoint="TOPLEFT" relativeTo="SmartBuffOptionsFrame_cbBuffS3">
						<Offset>
							<AbsDimension x="20" y="0"/>
						</Offset>
					</Anchor>
				</Anchors>				
				<Scripts>
					<OnClick>
						SMARTBUFF_OToggleBuff("G3");
					</OnClick>
				</Scripts>
			</CheckButton>      
			
			<CheckButton name="SmartBuffOptionsFrame_cbBuffS4" inherits="OptionsCheckButtonTemplate">
				<HitRectInsets>
					<AbsInset left="0" right="0" top="0" bottom="0"/>
				</HitRectInsets>
				<Size>
					<AbsDimension x="20" y="20"/>
				</Size>			
				<Anchors>
					<Anchor point="TOPLEFT" relativePoint="TOPLEFT" relativeTo="SmartBuffOptionsFrame_cbBuffS3">
						<Offset>
							<AbsDimension x="0" y="-16"/>
						</Offset>
					</Anchor>
				</Anchors>
				<Scripts>
					<OnClick>
						SMARTBUFF_OToggleBuff("S4");
					</OnClick>
    			<OnMouseUp>
    				if (arg1 == "RightButton") then
    					SmartBuff_BuffSetup_Show(4);
    				end
    			</OnMouseUp>           
				</Scripts>
			</CheckButton>
      
			<CheckButton name="SmartBuffOptionsFrame_cbBuffG4" inherits="OptionsCheckButtonTemplate">
				<HitRectInsets>
					<AbsInset left="0" right="0" top="0" bottom="0"/>
				</HitRectInsets>
				<Size>
					<AbsDimension x="20" y="20"/>
				</Size>			
				<Anchors>
					<Anchor point="TOPLEFT" relativePoint="TOPLEFT" relativeTo="SmartBuffOptionsFrame_cbBuffS4">
						<Offset>
							<AbsDimension x="20" y="0"/>
						</Offset>
					</Anchor>
				</Anchors>				
				<Scripts>
					<OnClick>
						SMARTBUFF_OToggleBuff("G4");
					</OnClick>          
				</Scripts>
			</CheckButton>      

			<CheckButton name="SmartBuffOptionsFrame_cbBuffS5" inherits="OptionsCheckButtonTemplate">
				<HitRectInsets>
					<AbsInset left="0" right="0" top="0" bottom="0"/>
				</HitRectInsets>
				<Size>
					<AbsDimension x="20" y="20"/>
				</Size>			
				<Anchors>
					<Anchor point="TOPLEFT" relativePoint="TOPLEFT" relativeTo="SmartBuffOptionsFrame_cbBuffS4">
						<Offset>
							<AbsDimension x="0" y="-16"/>
						</Offset>
					</Anchor>
				</Anchors>
				<Scripts>
					<OnClick>
						SMARTBUFF_OToggleBuff("S5");
					</OnClick>
    			<OnMouseUp>
    				if (arg1 == "RightButton") then
    					SmartBuff_BuffSetup_Show(5);
    				end
    			</OnMouseUp>           
				</Scripts>
			</CheckButton>
      
			<CheckButton name="SmartBuffOptionsFrame_cbBuffG5" inherits="OptionsCheckButtonTemplate">
				<HitRectInsets>
					<AbsInset left="0" right="0" top="0" bottom="0"/>
				</HitRectInsets>
				<Size>
					<AbsDimension x="20" y="20"/>
				</Size>			
				<Anchors>
					<Anchor point="TOPLEFT" relativePoint="TOPLEFT" relativeTo="SmartBuffOptionsFrame_cbBuffS5">
						<Offset>
							<AbsDimension x="20" y="0"/>
						</Offset>
					</Anchor>
				</Anchors>				
				<Scripts>
					<OnClick>
						SMARTBUFF_OToggleBuff("G5");
					</OnClick>
				</Scripts>
			</CheckButton>      
			
			<CheckButton name="SmartBuffOptionsFrame_cbBuffS6" inherits="OptionsCheckButtonTemplate">
				<HitRectInsets>
					<AbsInset left="0" right="0" top="0" bottom="0"/>
				</HitRectInsets>
				<Size>
					<AbsDimension x="20" y="20"/>
				</Size>			
				<Anchors>
					<Anchor point="TOPLEFT" relativePoint="TOPLEFT" relativeTo="SmartBuffOptionsFrame_cbBuffS5">
						<Offset>
							<AbsDimension x="0" y="-16"/>
						</Offset>
					</Anchor>
				</Anchors>
				<Scripts>
					<OnClick>
						SMARTBUFF_OToggleBuff("S6");
					</OnClick>
    			<OnMouseUp>
    				if (arg1 == "RightButton") then
    					SmartBuff_BuffSetup_Show(6);
    				end
    			</OnMouseUp>           
				</Scripts>
			</CheckButton>
      
			<CheckButton name="SmartBuffOptionsFrame_cbBuffG6" inherits="OptionsCheckButtonTemplate">
				<HitRectInsets>
					<AbsInset left="0" right="0" top="0" bottom="0"/>
				</HitRectInsets>
				<Size>
					<AbsDimension x="20" y="20"/>
				</Size>			
				<Anchors>
					<Anchor point="TOPLEFT" relativePoint="TOPLEFT" relativeTo="SmartBuffOptionsFrame_cbBuffS6">
						<Offset>
							<AbsDimension x="20" y="0"/>
						</Offset>
					</Anchor>
				</Anchors>				
				<Scripts>
					<OnClick>
						SMARTBUFF_OToggleBuff("G6");
					</OnClick>
				</Scripts>
			</CheckButton>      
			
			<CheckButton name="SmartBuffOptionsFrame_cbBuffS7" inherits="OptionsCheckButtonTemplate">
				<HitRectInsets>
					<AbsInset left="0" right="0" top="0" bottom="0"/>
				</HitRectInsets>
				<Size>
					<AbsDimension x="20" y="20"/>
				</Size>			
				<Anchors>
					<Anchor point="TOPLEFT" relativePoint="TOPLEFT" relativeTo="SmartBuffOptionsFrame_cbBuffS6">
						<Offset>
							<AbsDimension x="0" y="-16"/>
						</Offset>
					</Anchor>
				</Anchors>
				<Scripts>
					<OnClick>
						SMARTBUFF_OToggleBuff("S7");
					</OnClick>
    			<OnMouseUp>
    				if (arg1 == "RightButton") then
    					SmartBuff_BuffSetup_Show(7);
    				end
    			</OnMouseUp>           
				</Scripts>
			</CheckButton>
      
			<CheckButton name="SmartBuffOptionsFrame_cbBuffG7" inherits="OptionsCheckButtonTemplate">
				<HitRectInsets>
					<AbsInset left="0" right="0" top="0" bottom="0"/>
				</HitRectInsets>
				<Size>
					<AbsDimension x="20" y="20"/>
				</Size>			
				<Anchors>
					<Anchor point="TOPLEFT" relativePoint="TOPLEFT" relativeTo="SmartBuffOptionsFrame_cbBuffS7">
						<Offset>
							<AbsDimension x="20" y="0"/>
						</Offset>
					</Anchor>
				</Anchors>				
				<Scripts>
					<OnClick>
						SMARTBUFF_OToggleBuff("G7");
					</OnClick>
				</Scripts>
			</CheckButton>
			
			<CheckButton name="SmartBuffOptionsFrame_cbBuffS8" inherits="OptionsCheckButtonTemplate">
				<HitRectInsets>
					<AbsInset left="0" right="0" top="0" bottom="0"/>
				</HitRectInsets>
				<Size>
					<AbsDimension x="20" y="20"/>
				</Size>			
				<Anchors>
					<Anchor point="TOPLEFT" relativePoint="TOPLEFT" relativeTo="SmartBuffOptionsFrame_cbBuffS7">
						<Offset>
							<AbsDimension x="0" y="-16"/>
						</Offset>
					</Anchor>
				</Anchors>
				<Scripts>
					<OnClick>
						SMARTBUFF_OToggleBuff("S8");
					</OnClick>
    			<OnMouseUp>
    				if (arg1 == "RightButton") then
    					SmartBuff_BuffSetup_Show(8);
    				end
    			</OnMouseUp>           
				</Scripts>
			</CheckButton>
      
			<CheckButton name="SmartBuffOptionsFrame_cbBuffG8" inherits="OptionsCheckButtonTemplate">
				<HitRectInsets>
					<AbsInset left="0" right="0" top="0" bottom="0"/>
				</HitRectInsets>
				<Size>
					<AbsDimension x="20" y="20"/>
				</Size>			
				<Anchors>
					<Anchor point="TOPLEFT" relativePoint="TOPLEFT" relativeTo="SmartBuffOptionsFrame_cbBuffS8">
						<Offset>
							<AbsDimension x="20" y="0"/>
						</Offset>
					</Anchor>
				</Anchors>				
				<Scripts>
					<OnClick>
						SMARTBUFF_OToggleBuff("G8");
					</OnClick>
				</Scripts>
			</CheckButton>
			
			<CheckButton name="SmartBuffOptionsFrame_cbBuffS9" inherits="OptionsCheckButtonTemplate">
				<HitRectInsets>
					<AbsInset left="0" right="0" top="0" bottom="0"/>
				</HitRectInsets>
				<Size>
					<AbsDimension x="20" y="20"/>
				</Size>			
				<Anchors>
					<Anchor point="TOPLEFT" relativePoint="TOPLEFT" relativeTo="SmartBuffOptionsFrame_cbBuffS8">
						<Offset>
							<AbsDimension x="0" y="-16"/>
						</Offset>
					</Anchor>
				</Anchors>
				<Scripts>
					<OnClick>
						SMARTBUFF_OToggleBuff("S9");
					</OnClick>
    			<OnMouseUp>
    				if (arg1 == "RightButton") then
    					SmartBuff_BuffSetup_Show(9);
    				end
    			</OnMouseUp>           
				</Scripts>
			</CheckButton>
      
			<CheckButton name="SmartBuffOptionsFrame_cbBuffG9" inherits="OptionsCheckButtonTemplate">
				<HitRectInsets>
					<AbsInset left="0" right="0" top="0" bottom="0"/>
				</HitRectInsets>
				<Size>
					<AbsDimension x="20" y="20"/>
				</Size>			
				<Anchors>
					<Anchor point="TOPLEFT" relativePoint="TOPLEFT" relativeTo="SmartBuffOptionsFrame_cbBuffS9">
						<Offset>
							<AbsDimension x="20" y="0"/>
						</Offset>
					</Anchor>
				</Anchors>				
				<Scripts>
					<OnClick>
						SMARTBUFF_OToggleBuff("G9");
					</OnClick>
				</Scripts>
			</CheckButton>
			
			<CheckButton name="SmartBuffOptionsFrame_cbBuffS10" inherits="OptionsCheckButtonTemplate">
				<HitRectInsets>
					<AbsInset left="0" right="0" top="0" bottom="0"/>
				</HitRectInsets>
				<Size>
					<AbsDimension x="20" y="20"/>
				</Size>			
				<Anchors>
					<Anchor point="TOPLEFT" relativePoint="TOPLEFT" relativeTo="SmartBuffOptionsFrame_cbBuffS9">
						<Offset>
							<AbsDimension x="0" y="-16"/>
						</Offset>
					</Anchor>
				</Anchors>
				<Scripts>
					<OnClick>
						SMARTBUFF_OToggleBuff("S10");
					</OnClick>
    			<OnMouseUp>
    				if (arg1 == "RightButton") then
    					SmartBuff_BuffSetup_Show(10);
    				end
    			</OnMouseUp>           
				</Scripts>
			</CheckButton>
      
			<CheckButton name="SmartBuffOptionsFrame_cbBuffG10" inherits="OptionsCheckButtonTemplate">
				<HitRectInsets>
					<AbsInset left="0" right="0" top="0" bottom="0"/>
				</HitRectInsets>
				<Size>
					<AbsDimension x="20" y="20"/>
				</Size>			
				<Anchors>
					<Anchor point="TOPLEFT" relativePoint="TOPLEFT" relativeTo="SmartBuffOptionsFrame_cbBuffS10">
						<Offset>
							<AbsDimension x="20" y="0"/>
						</Offset>
					</Anchor>
				</Anchors>				
				<Scripts>
					<OnClick>
						SMARTBUFF_OToggleBuff("G10");
					</OnClick>
				</Scripts>
			</CheckButton>									
      
			<CheckButton name="SmartBuffOptionsFrame_cbBuffS11" inherits="OptionsCheckButtonTemplate">
				<HitRectInsets>
					<AbsInset left="0" right="0" top="0" bottom="0"/>
				</HitRectInsets>
				<Size>
					<AbsDimension x="20" y="20"/>
				</Size>			
				<Anchors>
					<Anchor point="TOPLEFT" relativePoint="TOPLEFT" relativeTo="SmartBuffOptionsFrame_cbBuffS10">
						<Offset>
							<AbsDimension x="0" y="-16"/>
						</Offset>
					</Anchor>
				</Anchors>
				<Scripts>
					<OnClick>
						SMARTBUFF_OToggleBuff("S11");
					</OnClick>
    			<OnMouseUp>
    				if (arg1 == "RightButton") then
    					SmartBuff_BuffSetup_Show(11);
    				end
    			</OnMouseUp>           
				</Scripts>
			</CheckButton>
      
			<CheckButton name="SmartBuffOptionsFrame_cbBuffG11" inherits="OptionsCheckButtonTemplate">
				<HitRectInsets>
					<AbsInset left="0" right="0" top="0" bottom="0"/>
				</HitRectInsets>
				<Size>
					<AbsDimension x="20" y="20"/>
				</Size>			
				<Anchors>
					<Anchor point="TOPLEFT" relativePoint="TOPLEFT" relativeTo="SmartBuffOptionsFrame_cbBuffS11">
						<Offset>
							<AbsDimension x="20" y="0"/>
						</Offset>
					</Anchor>
				</Anchors>				
				<Scripts>
					<OnClick>
						SMARTBUFF_OToggleBuff("G11");
					</OnClick>
				</Scripts>
			</CheckButton>	

			<CheckButton name="SmartBuffOptionsFrame_cbBuffS12" inherits="OptionsCheckButtonTemplate">
				<HitRectInsets>
					<AbsInset left="0" right="0" top="0" bottom="0"/>
				</HitRectInsets>
				<Size>
					<AbsDimension x="20" y="20"/>
				</Size>			
				<Anchors>
					<Anchor point="TOPLEFT" relativePoint="TOPLEFT" relativeTo="SmartBuffOptionsFrame_cbBuffS11">
						<Offset>
							<AbsDimension x="0" y="-16"/>
						</Offset>
					</Anchor>
				</Anchors>
				<Scripts>
					<OnClick>
						SMARTBUFF_OToggleBuff("S12");
					</OnClick>
    			<OnMouseUp>
    				if (arg1 == "RightButton") then
    					SmartBuff_BuffSetup_Show(12);
    				end
    			</OnMouseUp>           
				</Scripts>
			</CheckButton>
      
			<CheckButton name="SmartBuffOptionsFrame_cbBuffG12" inherits="OptionsCheckButtonTemplate">
				<HitRectInsets>
					<AbsInset left="0" right="0" top="0" bottom="0"/>
				</HitRectInsets>
				<Size>
					<AbsDimension x="20" y="20"/>
				</Size>			
				<Anchors>
					<Anchor point="TOPLEFT" relativePoint="TOPLEFT" relativeTo="SmartBuffOptionsFrame_cbBuffS12">
						<Offset>
							<AbsDimension x="20" y="0"/>
						</Offset>
					</Anchor>
				</Anchors>				
				<Scripts>
					<OnClick>
						SMARTBUFF_OToggleBuff("G12");
					</OnClick>
				</Scripts>
			</CheckButton>	

			<CheckButton name="SmartBuffOptionsFrame_cbBuffS13" inherits="OptionsCheckButtonTemplate">
				<HitRectInsets>
					<AbsInset left="0" right="0" top="0" bottom="0"/>
				</HitRectInsets>
				<Size>
					<AbsDimension x="20" y="20"/>
				</Size>			
				<Anchors>
					<Anchor point="TOPLEFT" relativePoint="TOPLEFT" relativeTo="SmartBuffOptionsFrame_cbBuffS12">
						<Offset>
							<AbsDimension x="0" y="-16"/>
						</Offset>
					</Anchor>
				</Anchors>
				<Scripts>
					<OnClick>
						SMARTBUFF_OToggleBuff("S13");
					</OnClick>
    			<OnMouseUp>
    				if (arg1 == "RightButton") then
    					SmartBuff_BuffSetup_Show(13);
    				end
    			</OnMouseUp>           
				</Scripts>
			</CheckButton>
      
			<CheckButton name="SmartBuffOptionsFrame_cbBuffG13" inherits="OptionsCheckButtonTemplate">
				<HitRectInsets>
					<AbsInset left="0" right="0" top="0" bottom="0"/>
				</HitRectInsets>
				<Size>
					<AbsDimension x="20" y="20"/>
				</Size>			
				<Anchors>
					<Anchor point="TOPLEFT" relativePoint="TOPLEFT" relativeTo="SmartBuffOptionsFrame_cbBuffS13">
						<Offset>
							<AbsDimension x="20" y="0"/>
						</Offset>
					</Anchor>
				</Anchors>				
				<Scripts>
					<OnClick>
						SMARTBUFF_OToggleBuff("G13");
					</OnClick>
				</Scripts>
			</CheckButton>	

			<CheckButton name="SmartBuffOptionsFrame_cbBuffS14" inherits="OptionsCheckButtonTemplate">
				<HitRectInsets>
					<AbsInset left="0" right="0" top="0" bottom="0"/>
				</HitRectInsets>
				<Size>
					<AbsDimension x="20" y="20"/>
				</Size>			
				<Anchors>
					<Anchor point="TOPLEFT" relativePoint="TOPLEFT" relativeTo="SmartBuffOptionsFrame_cbBuffS13">
						<Offset>
							<AbsDimension x="0" y="-16"/>
						</Offset>
					</Anchor>
				</Anchors>
				<Scripts>
					<OnClick>
						SMARTBUFF_OToggleBuff("S14");
					</OnClick>
    			<OnMouseUp>
    				if (arg1 == "RightButton") then
    					SmartBuff_BuffSetup_Show(14);
    				end
    			</OnMouseUp>           
				</Scripts>
			</CheckButton>
      
			<CheckButton name="SmartBuffOptionsFrame_cbBuffG14" inherits="OptionsCheckButtonTemplate">
				<HitRectInsets>
					<AbsInset left="0" right="0" top="0" bottom="0"/>
				</HitRectInsets>
				<Size>
					<AbsDimension x="20" y="20"/>
				</Size>			
				<Anchors>
					<Anchor point="TOPLEFT" relativePoint="TOPLEFT" relativeTo="SmartBuffOptionsFrame_cbBuffS14">
						<Offset>
							<AbsDimension x="20" y="0"/>
						</Offset>
					</Anchor>
				</Anchors>				
				<Scripts>
					<OnClick>
						SMARTBUFF_OToggleBuff("G14");
					</OnClick>          
				</Scripts>
			</CheckButton>

			<CheckButton name="SmartBuffOptionsFrame_cbBuffS15" inherits="OptionsCheckButtonTemplate">
				<HitRectInsets>
					<AbsInset left="0" right="0" top="0" bottom="0"/>
				</HitRectInsets>
				<Size>
					<AbsDimension x="20" y="20"/>
				</Size>			
				<Anchors>
					<Anchor point="TOPLEFT" relativePoint="TOPLEFT" relativeTo="SmartBuffOptionsFrame_cbBuffS14">
						<Offset>
							<AbsDimension x="0" y="-16"/>
						</Offset>
					</Anchor>
				</Anchors>
				<Scripts>
					<OnClick>
						SMARTBUFF_OToggleBuff("S15");
					</OnClick>
    			<OnMouseUp>
    				if (arg1 == "RightButton") then
    					SmartBuff_BuffSetup_Show(15);
    				end
    			</OnMouseUp>           
				</Scripts>
			</CheckButton>
      
			<CheckButton name="SmartBuffOptionsFrame_cbBuffG15" inherits="OptionsCheckButtonTemplate">
				<HitRectInsets>
					<AbsInset left="0" right="0" top="0" bottom="0"/>
				</HitRectInsets>
				<Size>
					<AbsDimension x="20" y="20"/>
				</Size>			
				<Anchors>
					<Anchor point="TOPLEFT" relativePoint="TOPLEFT" relativeTo="SmartBuffOptionsFrame_cbBuffS15">
						<Offset>
							<AbsDimension x="20" y="0"/>
						</Offset>
					</Anchor>
				</Anchors>				
				<Scripts>
					<OnClick>
						SMARTBUFF_OToggleBuff("G15");
					</OnClick>
				</Scripts>
			</CheckButton>
						
			<Button name="SmartBuffOptionsFrameDone" inherits="OptionsButtonTemplate" text="SMARTBUFF_OFT_DONE">
				<Anchors>
					<Anchor point="BOTTOMLEFT" relativePoint="BOTTOM">
						<Offset>
							<AbsDimension x="20" y="20"/>
						</Offset>
					</Anchor>
				</Anchors>
				<Scripts>
					<OnClick>
						SMARTBUFF_OptionsFrame_Toggle();
					</OnClick>
				</Scripts>
			</Button>
			
			<Button name="SmartBuffOptionsFrameApply" inherits="OptionsButtonTemplate" text="SMARTBUFF_OFT_APPLY">
				<Anchors>
					<Anchor point="BOTTOMRIGHT" relativePoint="BOTTOM">
						<Offset>
							<AbsDimension x="-20" y="20"/>
						</Offset>
					</Anchor>
				</Anchors>
				<Scripts>
					<OnClick>
						SMARTBUFF_OptionsFrame_Apply();
					</OnClick>
				</Scripts>
			</Button>			
			
		</Frames>
		
		<Scripts>
			<OnLoad>
				SMARTBUFF_Options_OnLoad();
			</OnLoad>
			<OnShow>
				SMARTBUFF_Options_OnShow();
			</OnShow>
			<OnHide>
				this:StopMovingOrSizing();
				SMARTBUFF_Options_OnHide();
			</OnHide>
			<OnMouseDown>
				if (arg1 == "LeftButton") then
					this:StartMoving();
				end
			</OnMouseDown>
			<OnMouseUp>
				if (arg1 == "LeftButton") then
					this:StopMovingOrSizing();
				end
			</OnMouseUp>		
		</Scripts>
		
	</Frame>
	
	
	
	
	<Frame name="SmartBuff_BuffSetup" toplevel="false" parent="SmartBuffOptionsFrame" hidden="true">
		<Size>
			<AbsDimension x="500" y="130"/>
		</Size>
		<Anchors>
 			<Anchor point="TOPLEFT" relativeTo="SmartBuffOptionsFrame" relativePoint="BOTTOMLEFT">
 				<Offset>
 					<AbsDimension x="0" y="4"/>
 				</Offset>
 			</Anchor>
 		</Anchors>
 		
		<Backdrop name="SmartBuffBackdrop" bgFile="Interface\DialogFrame\UI-DialogBox-Background" edgeFile="Interface\Tooltips\UI-Tooltip-Border" tile="true">
			<BackgroundInsets>
				<AbsInset left="4" right="4" top="4" bottom="4"/>
			</BackgroundInsets>
			<TileSize>
				<AbsValue val="16"/>
			</TileSize>
			<EdgeSize>
				<AbsValue val="16"/>
			</EdgeSize>
		</Backdrop>
			
	  <Frames>

	    <Button name="SmartBuff_BuffSetup_BuffIcon">
		    <NormalTexture file=""/>
		    <Size>
			    <AbsDimension x="32" y="32"/>
		    </Size>
		    <Anchors>
			    <Anchor point="TOPLEFT">
				    <Offset>
					    <AbsDimension x="10" y="-10"/>
				    </Offset>
			    </Anchor>
		    </Anchors>
	    </Button>
	    
	    <CheckButton name="SmartBuff_BuffSetup_BuffText" justifyH="LEFT" inherits="OptionsCheckButtonTemplate">
				<HitRectInsets>
					<AbsInset left="0" right="0" top="0" bottom="0"/>
				</HitRectInsets>      
			  <Size>
				  <AbsDimension x="1" y="1"/>
			  </Size>     
		    <Anchors>
			    <Anchor point="TOPLEFT" relativePoint="TOPRIGHT" relativeTo="SmartBuff_BuffSetup_BuffIcon">
				    <Offset>
					    <AbsDimension x="10" y="-10"/>
				    </Offset>
			    </Anchor>
		    </Anchors>       
	    </CheckButton>	    
	  
	    <Button name="SmartBuff_BuffSetup_ClassIcon1">
		    <NormalTexture file="Interface\AddOns\SmartBuff\Icons\Druid"/>
		    <Size>
			    <AbsDimension x="24" y="24"/>
		    </Size>
		    <Anchors>
			    <Anchor point="TOPLEFT">
				    <Offset>
					    <AbsDimension x="60" y="-50"/>
				    </Offset>
			    </Anchor>
		    </Anchors>
				<Scripts>
					<OnEnter>
						GameTooltip:SetOwner(this, "ANCHOR_RIGHT");
						GameTooltip:SetText("Druid", SMARTBUFF_TTC_R, SMARTBUFF_TTC_G, SMARTBUFF_TTC_B, SMARTBUFF_TTC_A);
					</OnEnter>
					<OnLeave>
						GameTooltip:Hide();
					</OnLeave>					
				</Scripts>		    
	    </Button>	    
	    <Button name="SmartBuff_BuffSetup_ClassIcon2">
		    <NormalTexture file="Interface\AddOns\SmartBuff\Icons\Hunter"/>
		    <Size>
			    <AbsDimension x="24" y="24"/>
		    </Size>
		    <Anchors>
			    <Anchor point="TOPLEFT" relativePoint="TOPLEFT" relativeTo="SmartBuff_BuffSetup_ClassIcon1">
				    <Offset>
					    <AbsDimension x="30" y="0"/>
				    </Offset>
			    </Anchor>
		    </Anchors>
				<Scripts>
					<OnEnter>
						GameTooltip:SetOwner(this, "ANCHOR_RIGHT");
						GameTooltip:SetText("Hunter", SMARTBUFF_TTC_R, SMARTBUFF_TTC_G, SMARTBUFF_TTC_B, SMARTBUFF_TTC_A);
					</OnEnter>
					<OnLeave>
						GameTooltip:Hide();
					</OnLeave>					
				</Scripts>		    
	    </Button>
	    <Button name="SmartBuff_BuffSetup_ClassIcon3">
		    <NormalTexture file="Interface\AddOns\SmartBuff\Icons\Mage"/>
		    <Size>
			    <AbsDimension x="24" y="24"/>
		    </Size>
		    <Anchors>
			    <Anchor point="TOPLEFT" relativePoint="TOPLEFT" relativeTo="SmartBuff_BuffSetup_ClassIcon2">
				    <Offset>
					    <AbsDimension x="30" y="0"/>
				    </Offset>
			    </Anchor>
		    </Anchors>
				<Scripts>
					<OnEnter>
						GameTooltip:SetOwner(this, "ANCHOR_RIGHT");
						GameTooltip:SetText("Mage", SMARTBUFF_TTC_R, SMARTBUFF_TTC_G, SMARTBUFF_TTC_B, SMARTBUFF_TTC_A);
					</OnEnter>
					<OnLeave>
						GameTooltip:Hide();
					</OnLeave>					
				</Scripts>		    
	    </Button>
	    <Button name="SmartBuff_BuffSetup_ClassIcon4">
		    <NormalTexture file="Interface\AddOns\SmartBuff\Icons\Priest"/>
		    <Size>
			    <AbsDimension x="24" y="24"/>
		    </Size>
		    <Anchors>
			    <Anchor point="TOPLEFT" relativePoint="TOPLEFT" relativeTo="SmartBuff_BuffSetup_ClassIcon3">
				    <Offset>
					    <AbsDimension x="30" y="0"/>
				    </Offset>
			    </Anchor>
		    </Anchors>
				<Scripts>
					<OnEnter>
						GameTooltip:SetOwner(this, "ANCHOR_RIGHT");
						GameTooltip:SetText("Priest", SMARTBUFF_TTC_R, SMARTBUFF_TTC_G, SMARTBUFF_TTC_B, SMARTBUFF_TTC_A);
					</OnEnter>
					<OnLeave>
						GameTooltip:Hide();
					</OnLeave>					
				</Scripts>		    
	    </Button>
      <Button name="SmartBuff_BuffSetup_ClassIcon5">
		    <NormalTexture file="Interface\AddOns\SmartBuff\Icons\Rogue"/>
		    <Size>
			    <AbsDimension x="24" y="24"/>
		    </Size>
		    <Anchors>
			    <Anchor point="TOPLEFT" relativePoint="TOPLEFT" relativeTo="SmartBuff_BuffSetup_ClassIcon4">
				    <Offset>
					    <AbsDimension x="30" y="0"/>
				    </Offset>
			    </Anchor>
		    </Anchors>
				<Scripts>
					<OnEnter>
						GameTooltip:SetOwner(this, "ANCHOR_RIGHT");
						GameTooltip:SetText("Rouge", SMARTBUFF_TTC_R, SMARTBUFF_TTC_G, SMARTBUFF_TTC_B, SMARTBUFF_TTC_A);
					</OnEnter>
					<OnLeave>
						GameTooltip:Hide();
					</OnLeave>					
				</Scripts>		    
	    </Button>
      <Button name="SmartBuff_BuffSetup_ClassIcon6">
		    <NormalTexture file="Interface\AddOns\SmartBuff\Icons\Warlock"/>
		    <Size>
			    <AbsDimension x="24" y="24"/>
		    </Size>
		    <Anchors>
			    <Anchor point="TOPLEFT" relativePoint="TOPLEFT" relativeTo="SmartBuff_BuffSetup_ClassIcon5">
				    <Offset>
					    <AbsDimension x="30" y="0"/>
				    </Offset>
			    </Anchor>
		    </Anchors>
				<Scripts>
					<OnEnter>
						GameTooltip:SetOwner(this, "ANCHOR_RIGHT");
						GameTooltip:SetText("Warlock", SMARTBUFF_TTC_R, SMARTBUFF_TTC_G, SMARTBUFF_TTC_B, SMARTBUFF_TTC_A);
					</OnEnter>
					<OnLeave>
						GameTooltip:Hide();
					</OnLeave>					
				</Scripts>		    
	    </Button>
      <Button name="SmartBuff_BuffSetup_ClassIcon7">
		    <NormalTexture file="Interface\AddOns\SmartBuff\Icons\Warrior"/>
		    <Size>
			    <AbsDimension x="24" y="24"/>
		    </Size>
		    <Anchors>
			    <Anchor point="TOPLEFT" relativePoint="TOPLEFT" relativeTo="SmartBuff_BuffSetup_ClassIcon6">
				    <Offset>
					    <AbsDimension x="30" y="0"/>
				    </Offset>
			    </Anchor>
		    </Anchors>
				<Scripts>
					<OnEnter>
						GameTooltip:SetOwner(this, "ANCHOR_RIGHT");
						GameTooltip:SetText("Warrior", SMARTBUFF_TTC_R, SMARTBUFF_TTC_G, SMARTBUFF_TTC_B, SMARTBUFF_TTC_A);
					</OnEnter>
					<OnLeave>
						GameTooltip:Hide();
					</OnLeave>					
				</Scripts>		    
	    </Button>
      <Button name="SmartBuff_BuffSetup_ClassIcon8">
		    <NormalTexture file="Interface\AddOns\SmartBuff\Icons\Paladin"/>
		    <Size>
			    <AbsDimension x="24" y="24"/>
		    </Size>
		    <Anchors>
			    <Anchor point="TOPLEFT" relativePoint="TOPLEFT" relativeTo="SmartBuff_BuffSetup_ClassIcon7">
				    <Offset>
					    <AbsDimension x="30" y="0"/>
				    </Offset>
			    </Anchor>
		    </Anchors>
				<Scripts>
					<OnEnter>
						GameTooltip:SetOwner(this, "ANCHOR_RIGHT");
						GameTooltip:SetText("Paladin", SMARTBUFF_TTC_R, SMARTBUFF_TTC_G, SMARTBUFF_TTC_B, SMARTBUFF_TTC_A);
					</OnEnter>
					<OnLeave>
						GameTooltip:Hide();
					</OnLeave>					
				</Scripts>		    
	    </Button>
      <Button name="SmartBuff_BuffSetup_ClassIcon9">
		    <NormalTexture file="Interface\AddOns\SmartBuff\Icons\Shaman"/>
		    <Size>
			    <AbsDimension x="24" y="24"/>
		    </Size>
		    <Anchors>
			    <Anchor point="TOPLEFT" relativePoint="TOPLEFT" relativeTo="SmartBuff_BuffSetup_ClassIcon8">
				    <Offset>
					    <AbsDimension x="30" y="0"/>
				    </Offset>
			    </Anchor>
		    </Anchors>
				<Scripts>
					<OnEnter>
						GameTooltip:SetOwner(this, "ANCHOR_RIGHT");
						GameTooltip:SetText("Schaman", SMARTBUFF_TTC_R, SMARTBUFF_TTC_G, SMARTBUFF_TTC_B, SMARTBUFF_TTC_A);
					</OnEnter>
					<OnLeave>
						GameTooltip:Hide();
					</OnLeave>					
				</Scripts>		    
	    </Button>
      <Button name="SmartBuff_BuffSetup_ClassIcon10">
		    <NormalTexture file="Interface\AddOns\SmartBuff\Icons\HunterPet"/>
		    <Size>
			    <AbsDimension x="24" y="24"/>
		    </Size>
		    <Anchors>
			    <Anchor point="TOPLEFT" relativePoint="TOPLEFT" relativeTo="SmartBuff_BuffSetup_ClassIcon9">
				    <Offset>
					    <AbsDimension x="40" y="0"/>
				    </Offset>
			    </Anchor>
		    </Anchors>
				<Scripts>
					<OnEnter>
						GameTooltip:SetOwner(this, "ANCHOR_RIGHT");
						GameTooltip:SetText("Hunter Pet", SMARTBUFF_TTC_R, SMARTBUFF_TTC_G, SMARTBUFF_TTC_B, SMARTBUFF_TTC_A);
					</OnEnter>
					<OnLeave>
						GameTooltip:Hide();
					</OnLeave>					
				</Scripts>		    
	    </Button>
      <Button name="SmartBuff_BuffSetup_ClassIcon11">
		    <NormalTexture file="Interface\AddOns\SmartBuff\Icons\WarlockPet"/>
		    <Size>
			    <AbsDimension x="24" y="24"/>
		    </Size>
		    <Anchors>
			    <Anchor point="TOPLEFT" relativePoint="TOPLEFT" relativeTo="SmartBuff_BuffSetup_ClassIcon10">
				    <Offset>
					    <AbsDimension x="30" y="0"/>
				    </Offset>
			    </Anchor>
		    </Anchors>
				<Scripts>
					<OnEnter>
						GameTooltip:SetOwner(this, "ANCHOR_RIGHT");
						GameTooltip:SetText("Warlock Pet", SMARTBUFF_TTC_R, SMARTBUFF_TTC_G, SMARTBUFF_TTC_B, SMARTBUFF_TTC_A);
					</OnEnter>
					<OnLeave>
						GameTooltip:Hide();
					</OnLeave>					
				</Scripts>		    
	    </Button>
    	
    	
    	
		  <CheckButton name="SmartBuff_BuffSetup_cbPClass1" inherits="OptionsCheckButtonTemplate">
			  <HitRectInsets>
				  <AbsInset left="0" right="0" top="0" bottom="0"/>
			  </HitRectInsets>
			  <Size>
				  <AbsDimension x="20" y="20"/>
			  </Size>			
			  <Anchors>
				  <Anchor point="TOPLEFT" relativePoint="TOPLEFT" relativeTo="SmartBuff_BuffSetup_ClassIcon1">
					  <Offset>
						  <AbsDimension x="2" y="-30"/>
					  </Offset>
				  </Anchor>
			  </Anchors>				
		  </CheckButton>
		  <CheckButton name="SmartBuff_BuffSetup_cbPClass2" inherits="OptionsCheckButtonTemplate">
			  <HitRectInsets>
				  <AbsInset left="0" right="0" top="0" bottom="0"/>
			  </HitRectInsets>
			  <Size>
				  <AbsDimension x="20" y="20"/>
			  </Size>			
			  <Anchors>
				  <Anchor point="TOPLEFT" relativePoint="TOPLEFT" relativeTo="SmartBuff_BuffSetup_ClassIcon2">
					  <Offset>
						  <AbsDimension x="2" y="-30"/>
					  </Offset>
				  </Anchor>
			  </Anchors>				
		  </CheckButton>
		  <CheckButton name="SmartBuff_BuffSetup_cbPClass3" inherits="OptionsCheckButtonTemplate">
			  <HitRectInsets>
				  <AbsInset left="0" right="0" top="0" bottom="0"/>
			  </HitRectInsets>
			  <Size>
				  <AbsDimension x="20" y="20"/>
			  </Size>			
			  <Anchors>
				  <Anchor point="TOPLEFT" relativePoint="TOPLEFT" relativeTo="SmartBuff_BuffSetup_ClassIcon3">
					  <Offset>
						  <AbsDimension x="2" y="-30"/>
					  </Offset>
				  </Anchor>
			  </Anchors>				
		  </CheckButton>
		  <CheckButton name="SmartBuff_BuffSetup_cbPClass4" inherits="OptionsCheckButtonTemplate">
			  <HitRectInsets>
				  <AbsInset left="0" right="0" top="0" bottom="0"/>
			  </HitRectInsets>
			  <Size>
				  <AbsDimension x="20" y="20"/>
			  </Size>			
			  <Anchors>
				  <Anchor point="TOPLEFT" relativePoint="TOPLEFT" relativeTo="SmartBuff_BuffSetup_ClassIcon4">
					  <Offset>
						  <AbsDimension x="2" y="-30"/>
					  </Offset>
				  </Anchor>
			  </Anchors>				
		  </CheckButton>
		  <CheckButton name="SmartBuff_BuffSetup_cbPClass5" inherits="OptionsCheckButtonTemplate">
			  <HitRectInsets>
				  <AbsInset left="0" right="0" top="0" bottom="0"/>
			  </HitRectInsets>
			  <Size>
				  <AbsDimension x="20" y="20"/>
			  </Size>			
			  <Anchors>
				  <Anchor point="TOPLEFT" relativePoint="TOPLEFT" relativeTo="SmartBuff_BuffSetup_ClassIcon5">
					  <Offset>
						  <AbsDimension x="2" y="-30"/>
					  </Offset>
				  </Anchor>
			  </Anchors>				
		  </CheckButton>
      <CheckButton name="SmartBuff_BuffSetup_cbPClass6" inherits="OptionsCheckButtonTemplate">
			  <HitRectInsets>
				  <AbsInset left="0" right="0" top="0" bottom="0"/>
			  </HitRectInsets>
			  <Size>
				  <AbsDimension x="20" y="20"/>
			  </Size>			
			  <Anchors>
				  <Anchor point="TOPLEFT" relativePoint="TOPLEFT" relativeTo="SmartBuff_BuffSetup_ClassIcon6">
					  <Offset>
						  <AbsDimension x="2" y="-30"/>
					  </Offset>
				  </Anchor>
			  </Anchors>				
		  </CheckButton>
      <CheckButton name="SmartBuff_BuffSetup_cbPClass7" inherits="OptionsCheckButtonTemplate">
			  <HitRectInsets>
				  <AbsInset left="0" right="0" top="0" bottom="0"/>
			  </HitRectInsets>
			  <Size>
				  <AbsDimension x="20" y="20"/>
			  </Size>			
			  <Anchors>
				  <Anchor point="TOPLEFT" relativePoint="TOPLEFT" relativeTo="SmartBuff_BuffSetup_ClassIcon7">
					  <Offset>
						  <AbsDimension x="2" y="-30"/>
					  </Offset>
				  </Anchor>
			  </Anchors>				
		  </CheckButton>
      <CheckButton name="SmartBuff_BuffSetup_cbPClass8" inherits="OptionsCheckButtonTemplate">
			  <HitRectInsets>
				  <AbsInset left="0" right="0" top="0" bottom="0"/>
			  </HitRectInsets>
			  <Size>
				  <AbsDimension x="20" y="20"/>
			  </Size>			
			  <Anchors>
				  <Anchor point="TOPLEFT" relativePoint="TOPLEFT" relativeTo="SmartBuff_BuffSetup_ClassIcon8">
					  <Offset>
						  <AbsDimension x="2" y="-30"/>
					  </Offset>
				  </Anchor>
			  </Anchors>				
		  </CheckButton>
      <CheckButton name="SmartBuff_BuffSetup_cbPClass9" inherits="OptionsCheckButtonTemplate">
			  <HitRectInsets>
				  <AbsInset left="0" right="0" top="0" bottom="0"/>
			  </HitRectInsets>
			  <Size>
				  <AbsDimension x="20" y="20"/>
			  </Size>			
			  <Anchors>
				  <Anchor point="TOPLEFT" relativePoint="TOPLEFT" relativeTo="SmartBuff_BuffSetup_ClassIcon9">
					  <Offset>
						  <AbsDimension x="2" y="-30"/>
					  </Offset>
				  </Anchor>
			  </Anchors>				
		  </CheckButton>
      <CheckButton name="SmartBuff_BuffSetup_cbPClass10" inherits="OptionsCheckButtonTemplate">
			  <HitRectInsets>
				  <AbsInset left="0" right="0" top="0" bottom="0"/>
			  </HitRectInsets>
			  <Size>
				  <AbsDimension x="20" y="20"/>
			  </Size>			
			  <Anchors>
				  <Anchor point="TOPLEFT" relativePoint="TOPLEFT" relativeTo="SmartBuff_BuffSetup_ClassIcon10">
					  <Offset>
						  <AbsDimension x="2" y="-30"/>
					  </Offset>
				  </Anchor>
			  </Anchors>				
		  </CheckButton>
      <CheckButton name="SmartBuff_BuffSetup_cbPClass11" inherits="OptionsCheckButtonTemplate">
			  <HitRectInsets>
				  <AbsInset left="0" right="0" top="0" bottom="0"/>
			  </HitRectInsets>
			  <Size>
				  <AbsDimension x="20" y="20"/>
			  </Size>			
			  <Anchors>
				  <Anchor point="TOPLEFT" relativePoint="TOPLEFT" relativeTo="SmartBuff_BuffSetup_ClassIcon11">
					  <Offset>
						  <AbsDimension x="2" y="-30"/>
					  </Offset>
				  </Anchor>
			  </Anchors>				
		  </CheckButton>      
		  
		  <CheckButton name="SmartBuff_BuffSetup_cbParty" inherits="OptionsCheckButtonTemplate">
			  <HitRectInsets>
				  <AbsInset left="0" right="0" top="0" bottom="0"/>
			  </HitRectInsets>
			  <Size>
				  <AbsDimension x="20" y="20"/>
			  </Size>			
			  <Anchors>
				  <Anchor point="TOPLEFT" relativePoint="TOPLEFT" relativeTo="SmartBuff_BuffSetup_cbPClass1">
					  <Offset>
						  <AbsDimension x="-50" y="0"/>
					  </Offset>
				  </Anchor>
			  </Anchors>				
			  <Scripts>
					<OnLoad>
						getglobal(this:GetName().."Text"):SetText("Party");
					</OnLoad>				  
			  </Scripts>
		  </CheckButton>		  
		  
		  
		  
		  <CheckButton name="SmartBuff_BuffSetup_cbRClass1" inherits="OptionsCheckButtonTemplate">
			  <HitRectInsets>
				  <AbsInset left="0" right="0" top="0" bottom="0"/>
			  </HitRectInsets>
			  <Size>
				  <AbsDimension x="20" y="20"/>
			  </Size>			
			  <Anchors>
				  <Anchor point="TOPLEFT" relativePoint="TOPLEFT" relativeTo="SmartBuff_BuffSetup_cbPClass1">
					  <Offset>
						  <AbsDimension x="0" y="-20"/>
					  </Offset>
				  </Anchor>
			  </Anchors>				
		  </CheckButton>
		  <CheckButton name="SmartBuff_BuffSetup_cbRClass2" inherits="OptionsCheckButtonTemplate">
			  <HitRectInsets>
				  <AbsInset left="0" right="0" top="0" bottom="0"/>
			  </HitRectInsets>
			  <Size>
				  <AbsDimension x="20" y="20"/>
			  </Size>			
			  <Anchors>
				  <Anchor point="TOPLEFT" relativePoint="TOPLEFT" relativeTo="SmartBuff_BuffSetup_cbPClass2">
					  <Offset>
						  <AbsDimension x="0" y="-20"/>
					  </Offset>
				  </Anchor>
			  </Anchors>				
		  </CheckButton>
		  <CheckButton name="SmartBuff_BuffSetup_cbRClass3" inherits="OptionsCheckButtonTemplate">
			  <HitRectInsets>
				  <AbsInset left="0" right="0" top="0" bottom="0"/>
			  </HitRectInsets>
			  <Size>
				  <AbsDimension x="20" y="20"/>
			  </Size>			
			  <Anchors>
				  <Anchor point="TOPLEFT" relativePoint="TOPLEFT" relativeTo="SmartBuff_BuffSetup_cbPClass3">
					  <Offset>
						  <AbsDimension x="0" y="-20"/>
					  </Offset>
				  </Anchor>
			  </Anchors>				
		  </CheckButton>
		  <CheckButton name="SmartBuff_BuffSetup_cbRClass4" inherits="OptionsCheckButtonTemplate">
			  <HitRectInsets>
				  <AbsInset left="0" right="0" top="0" bottom="0"/>
			  </HitRectInsets>
			  <Size>
				  <AbsDimension x="20" y="20"/>
			  </Size>			
			  <Anchors>
				  <Anchor point="TOPLEFT" relativePoint="TOPLEFT" relativeTo="SmartBuff_BuffSetup_cbPClass4">
					  <Offset>
						  <AbsDimension x="0" y="-20"/>
					  </Offset>
				  </Anchor>
			  </Anchors>				
		  </CheckButton>
		  <CheckButton name="SmartBuff_BuffSetup_cbRClass5" inherits="OptionsCheckButtonTemplate">
			  <HitRectInsets>
				  <AbsInset left="0" right="0" top="0" bottom="0"/>
			  </HitRectInsets>
			  <Size>
				  <AbsDimension x="20" y="20"/>
			  </Size>			
			  <Anchors>
				  <Anchor point="TOPLEFT" relativePoint="TOPLEFT" relativeTo="SmartBuff_BuffSetup_cbPClass5">
					  <Offset>
						  <AbsDimension x="0" y="-20"/>
					  </Offset>
				  </Anchor>
			  </Anchors>				
		  </CheckButton>
		  <CheckButton name="SmartBuff_BuffSetup_cbRClass6" inherits="OptionsCheckButtonTemplate">
			  <HitRectInsets>
				  <AbsInset left="0" right="0" top="0" bottom="0"/>
			  </HitRectInsets>
			  <Size>
				  <AbsDimension x="20" y="20"/>
			  </Size>			
			  <Anchors>
				  <Anchor point="TOPLEFT" relativePoint="TOPLEFT" relativeTo="SmartBuff_BuffSetup_cbPClass6">
					  <Offset>
						  <AbsDimension x="0" y="-20"/>
					  </Offset>
				  </Anchor>
			  </Anchors>				
		  </CheckButton>
		  <CheckButton name="SmartBuff_BuffSetup_cbRClass7" inherits="OptionsCheckButtonTemplate">
			  <HitRectInsets>
				  <AbsInset left="0" right="0" top="0" bottom="0"/>
			  </HitRectInsets>
			  <Size>
				  <AbsDimension x="20" y="20"/>
			  </Size>			
			  <Anchors>
				  <Anchor point="TOPLEFT" relativePoint="TOPLEFT" relativeTo="SmartBuff_BuffSetup_cbPClass7">
					  <Offset>
						  <AbsDimension x="0" y="-20"/>
					  </Offset>
				  </Anchor>
			  </Anchors>				
		  </CheckButton>
		  <CheckButton name="SmartBuff_BuffSetup_cbRClass8" inherits="OptionsCheckButtonTemplate">
			  <HitRectInsets>
				  <AbsInset left="0" right="0" top="0" bottom="0"/>
			  </HitRectInsets>
			  <Size>
				  <AbsDimension x="20" y="20"/>
			  </Size>			
			  <Anchors>
				  <Anchor point="TOPLEFT" relativePoint="TOPLEFT" relativeTo="SmartBuff_BuffSetup_cbPClass8">
					  <Offset>
						  <AbsDimension x="0" y="-20"/>
					  </Offset>
				  </Anchor>
			  </Anchors>				
		  </CheckButton>
		  <CheckButton name="SmartBuff_BuffSetup_cbRClass9" inherits="OptionsCheckButtonTemplate">
			  <HitRectInsets>
				  <AbsInset left="0" right="0" top="0" bottom="0"/>
			  </HitRectInsets>
			  <Size>
				  <AbsDimension x="20" y="20"/>
			  </Size>			
			  <Anchors>
				  <Anchor point="TOPLEFT" relativePoint="TOPLEFT" relativeTo="SmartBuff_BuffSetup_cbPClass9">
					  <Offset>
						  <AbsDimension x="0" y="-20"/>
					  </Offset>
				  </Anchor>
			  </Anchors>				
		  </CheckButton>
		  <CheckButton name="SmartBuff_BuffSetup_cbRClass10" inherits="OptionsCheckButtonTemplate">
			  <HitRectInsets>
				  <AbsInset left="0" right="0" top="0" bottom="0"/>
			  </HitRectInsets>
			  <Size>
				  <AbsDimension x="20" y="20"/>
			  </Size>			
			  <Anchors>
				  <Anchor point="TOPLEFT" relativePoint="TOPLEFT" relativeTo="SmartBuff_BuffSetup_cbPClass10">
					  <Offset>
						  <AbsDimension x="0" y="-20"/>
					  </Offset>
				  </Anchor>
			  </Anchors>				
		  </CheckButton>
		  <CheckButton name="SmartBuff_BuffSetup_cbRClass11" inherits="OptionsCheckButtonTemplate">
			  <HitRectInsets>
				  <AbsInset left="0" right="0" top="0" bottom="0"/>
			  </HitRectInsets>
			  <Size>
				  <AbsDimension x="20" y="20"/>
			  </Size>			
			  <Anchors>
				  <Anchor point="TOPLEFT" relativePoint="TOPLEFT" relativeTo="SmartBuff_BuffSetup_cbPClass11">
					  <Offset>
						  <AbsDimension x="0" y="-20"/>
					  </Offset>
				  </Anchor>
			  </Anchors>				
		  </CheckButton>      
		  
		  <CheckButton name="SmartBuff_BuffSetup_cbRaid" inherits="OptionsCheckButtonTemplate">
			  <HitRectInsets>
				  <AbsInset left="0" right="0" top="0" bottom="0"/>
			  </HitRectInsets>
			  <Size>
				  <AbsDimension x="20" y="20"/>
			  </Size>			
			  <Anchors>
				  <Anchor point="TOPLEFT" relativePoint="TOPLEFT" relativeTo="SmartBuff_BuffSetup_cbRClass1">
					  <Offset>
						  <AbsDimension x="-50" y="0"/>
					  </Offset>
				  </Anchor>
			  </Anchors>				
			  <Scripts>
					<OnLoad>
						getglobal(this:GetName().."Text"):SetText("Raid");
					</OnLoad>				  
			  </Scripts>
		  </CheckButton>
		  
		</Frames>
	</Frame>
	
</Ui>
