<Ui xmlns="http://www.blizzard.com/wow/ui/" xmlns:xsi="http://www.w3.org/2001/XMLSchema-instance" xsi:schemaLocation="http://www.blizzard.com/wow/ui/
..\FrameXML\UI.xsd">
	<Script file="NoteIt.lua"/>

  <Frame name="PlayerNotesTooltip" parent="GameTooltip" hidden="false">
  	<Scripts>
		<OnLoad>
			this:RegisterEvent("VARIABLES_LOADED");
		</OnLoad>
 		<OnEvent>
			if event == "VARIABLES_LOADED" then
				NoteIt_Init();
			end
		</OnEvent>
 		<OnShow>
			NoteIt_OnShow();
  		</OnShow>
    </Scripts>
	</Frame>

</Ui>
