<Ui xmlns="http://www.blizzard.com/wow/ui/" xmlns:xsi="http://www.w3.org/2001/XMLSchema-instance" xsi:schemaLocation="http://www.blizzard.com/wow/ui/
..\FrameXML\UI.xsd">
    <Script file="TargetFC.lua"/>
    <Script file="Localization.lua"/>

    <Frame name="TargetFCFrame">
    <Scripts>
        <OnLoad>
            TargetFC_OnLoad();
        </OnLoad>
        <OnEvent>
            TargetFC_OnEvent(event);
        </OnEvent>
    </Scripts>
    </Frame>

    <Button name="TargetFCAllianceButton" inherits="AlwaysUpFrame1">
        <Size>
            <AbsDimension x="90" y="20"/>
        </Size>
        <Anchors>
            <Anchor point="LEFT" relativeTo="AlwaysUpFrame1">
                <Offset>
                    <AbsDimension x="65" y="5"/>
                </Offset>
            </Anchor>
        </Anchors>
        <Layers>
            <Layer level="BACKGROUND">
                <FontString name="TargetFCAlliance" inherits="GameFontNormal" nonspacewrap="false" justifyH="LEFT">
                    <Size>
                        <AbsDimension x="90" y="25" />
                    </Size>
                    <Anchors>
                        <Anchor point="TOPLEFT">
                            <Offset>
                                <AbsDimension x="0" y="5" />
                            </Offset>
                        </Anchor>
                    </Anchors>
                </FontString>
            </Layer>
        </Layers>
        <Scripts>
            <OnMouseDown>
                TargetFC_SlashCommandHandler("alliance");
            </OnMouseDown>
            <OnEnter></OnEnter>
        </Scripts>
    </Button>

    <Button name="TargetFCHordeButton" inherits="AlwaysUpFrame2">
        <Size>
            <AbsDimension x="90" y="20"/>
        </Size>
        <Anchors>
            <Anchor point="LEFT" relativeTo="AlwaysUpFrame2">
                <Offset>
                    <AbsDimension x="65" y="5"/>
                </Offset>
            </Anchor>
        </Anchors>
        <Layers>
            <Layer level="BACKGROUND">
                <FontString name="TargetFCHorde" inherits="GameFontNormal" nonspacewrap="false" justifyH="LEFT">
                    <Size>
                        <AbsDimension x="90" y="25" />
                    </Size>
                    <Anchors>
                        <Anchor point="TOPLEFT">
                            <Offset>
                                <AbsDimension x="0" y="5" />
                            </Offset>
                        </Anchor>
                    </Anchors>
                </FontString>
            </Layer>
        </Layers>
        <Scripts>
            <OnMouseDown>
                TargetFC_SlashCommandHandler("horde");
            </OnMouseDown>
            <OnEnter></OnEnter>
        </Scripts>
    </Button>


</Ui>