<Ui xmlns="http://www.blizzard.com/wow/ui/" xmlns:xsi="http://www.w3.org/2001/XMLSchema-instance" xsi:schemaLocation="http://www.blizzard.com/wow/ui/
C:\Projects\WoW\Bin\Interface\FrameXML\UI.xsd">

	<Script file="MovableBags.lua"/>	
	<frame name="Bag0Mover" frameStrata="HIGH" toplevel="true" enableMouse="true" movable="true" parent="UIParent">
		<TitleRegion setallpoints="true"/>
		<Size>
			<AbsDimension x="115" y="30"/>
		</Size>
		<Anchors>
			<Anchor point="BOTTOMRIGHT" relativeTo="UIParent" relativePoint="BOTTOMRIGHT">
				<Offset>
					<AbsDimension x="-50" y="300"/>
				</Offset>
			</Anchor>
		</Anchors>
		<Scripts>
			<OnLoad>
				MovableBags_OnLoad();
			</OnLoad>
			<OnEvent>
				MovableBags_OnEvent();
			</OnEvent>
		</Scripts>
	</frame>
	<frame name="Bag1Mover" frameStrata="HIGH" toplevel="true" enableMouse="true" movable="true" parent="UIParent">
		<TitleRegion setallpoints="true"/>
		<Size>
			<AbsDimension x="130" y="30"/>
		</Size>
		<Anchors>
			<Anchor point="BOTTOMRIGHT" relativeTo="UIParent" relativePoint="BOTTOMRIGHT">
				<Offset>
					<AbsDimension x="-250" y="300"/>
				</Offset>
			</Anchor>
		</Anchors>
	</frame>
	<frame name="Bag2Mover" frameStrata="HIGH" toplevel="true" enableMouse="true" movable="true" parent="UIParent">
		<TitleRegion setallpoints="true"/>
		<Size>
			<AbsDimension x="130" y="30"/>
		</Size>
		<Anchors>
			<Anchor point="BOTTOMRIGHT" relativeTo="UIParent" relativePoint="BOTTOMRIGHT">
				<Offset>
					<AbsDimension x="-450" y="300"/>
				</Offset>
			</Anchor>
		</Anchors>
	</frame>
	<frame name="Bag3Mover" frameStrata="HIGH" toplevel="true" enableMouse="true" movable="true" parent="UIParent">
		<TitleRegion setallpoints="true"/>
		<Size>
			<AbsDimension x="130" y="30"/>
		</Size>
		<Anchors>
			<Anchor point="BOTTOMRIGHT" relativeTo="UIParent" relativePoint="BOTTOMRIGHT">
				<Offset>
					<AbsDimension x="-50" y="500"/>
				</Offset>
			</Anchor>
		</Anchors>
	</frame>
	<frame name="Bag4Mover" frameStrata="HIGH" toplevel="true" enableMouse="true" movable="true" parent="UIParent">
		<TitleRegion setallpoints="true"/>
		<Size>
			<AbsDimension x="130" y="30"/>
		</Size>
		<Anchors>
			<Anchor point="BOTTOMRIGHT" relativeTo="UIParent" relativePoint="BOTTOMRIGHT">
				<Offset>
					<AbsDimension x="-250" y="500"/>
				</Offset>
			</Anchor>
		</Anchors>
	</frame>
	
	<frame name="Bag5Mover" frameStrata="HIGH" toplevel="true" enableMouse="true" movable="true" parent="UIParent">
		<TitleRegion setallpoints="true"/>
		<Size>
			<AbsDimension x="130" y="30"/>
		</Size>
		<Anchors>
			<Anchor point="BOTTOMLEFT" relativeTo="UIParent" relativePoint="BOTTOMLEFT">
				<Offset>
					<AbsDimension x="50" y="300"/>
				</Offset>
			</Anchor>
		</Anchors>
	</frame>
	<frame name="Bag6Mover" frameStrata="HIGH" toplevel="true" enableMouse="true" movable="true" parent="UIParent">
		<TitleRegion setallpoints="true"/>
		<Size>
			<AbsDimension x="130" y="30"/>
		</Size>
		<Anchors>
			<Anchor point="BOTTOMLEFT" relativeTo="UIParent" relativePoint="BOTTOMLEFT">
				<Offset>
					<AbsDimension x="250" y="300"/>
				</Offset>
			</Anchor>
		</Anchors>
	</frame>
	<frame name="Bag7Mover" frameStrata="HIGH" toplevel="true" enableMouse="true" movable="true" parent="UIParent">
		<TitleRegion setallpoints="true"/>
		<Size>
			<AbsDimension x="130" y="30"/>
		</Size>
		<Anchors>
			<Anchor point="BOTTOMLEFT" relativeTo="UIParent" relativePoint="BOTTOMLEFT">
				<Offset>
					<AbsDimension x="450" y="300"/>
				</Offset>
			</Anchor>
		</Anchors>
	</frame>
	<frame name="Bag8Mover" frameStrata="HIGH" toplevel="true" enableMouse="true" movable="true" parent="UIParent">
		<TitleRegion setallpoints="true"/>
		<Size>
			<AbsDimension x="130" y="30"/>
		</Size>
		<Anchors>
			<Anchor point="BOTTOMLEFT" relativeTo="UIParent" relativePoint="BOTTOMLEFT">
				<Offset>
					<AbsDimension x="80" y="270"/>
				</Offset>
			</Anchor>
		</Anchors>
	</frame>
	<frame name="Bag9Mover" frameStrata="HIGH" toplevel="true" enableMouse="true" movable="true" parent="UIParent">
		<TitleRegion setallpoints="true"/>
		<Size>
			<AbsDimension x="130" y="30"/>
		</Size>
		<Anchors>
			<Anchor point="BOTTOMLEFT" relativeTo="UIParent" relativePoint="BOTTOMLEFT">
				<Offset>
					<AbsDimension x="280" y="270"/>
				</Offset>
			</Anchor>
		</Anchors>
	</frame>
	<frame name="Bag10Mover" frameStrata="HIGH" toplevel="true" enableMouse="true" movable="true" parent="UIParent">
		<TitleRegion setallpoints="true"/>
		<Size>
			<AbsDimension x="130" y="30"/>
		</Size>
		<Anchors>
			<Anchor point="BOTTOMLEFT" relativeTo="UIParent" relativePoint="BOTTOMLEFT">
				<Offset>
					<AbsDimension x="480" y="270"/>
				</Offset>
			</Anchor>
		</Anchors>
	</frame>
	<frame name="Bag-2Mover" frameStrata="HIGH" toplevel="true" enableMouse="true" movable="true" parent="UIParent">
		<TitleRegion setallpoints="true"/>
		<Size>
			<AbsDimension x="130" y="30"/>
		</Size>
		<Anchors>
			<Anchor point="BOTTOMLEFT" relativeTo="UIParent" relativePoint="BOTTOMLEFT">
				<Offset>
					<AbsDimension x="480" y="270"/>
				</Offset>
			</Anchor>
		</Anchors>
	</frame>
</Ui>