<Ui xmlns="http://www.blizzard.com/wow/ui/">
	<Script file="Core.lua"/>
	<Script file="Math.lua"/>
	<Script file="API.lua"/>
	<Script file="AprilFools.lua"/>
	<Script file="Fonts.lua"/>
	<Script file="Install.lua"/>
	<Script file="PluginInstaller.lua"/>
	<Script file="PixelPerfect.lua"/>
	<Script file="Toolkit.lua"/>
	<Script file="StatusReport.lua"/>
	<Script file="Commands.lua"/>
	<Script file="StaticPopups.lua"/>
	<Script file="Animation.lua"/>
	<Script file="Smoothie.lua"/>
	<Script file="Movers.lua"/>
	<Script file="Config.lua"/>
	<Script file="Tutorials.lua"/>
	<Script file="Distributor.lua"/>
	<Script file="Dropdown.lua"/>
	<Script file="Cooldowns.lua"/>
	<Script file="ModuleCopy.lua"/>
	<Script file="Tags.lua"/>
</Ui>