<Ui xmlns="http://www.blizzard.com/wow/ui/">
	<Script file="oUF_AuraBars\oUF_AuraBars.lua"/>
	<Script file="oUF_AuraWatch\oUF_AuraWatch.lua"/>
	<Script file="oUF_RaidDebuffs\oUF_RaidDebuffs.lua"/>
	<Script file="oUF_DebuffHighlight\oUF_DebuffHighlight.lua"/>
	<Script file="oUF_Trinkets\oUF_Trinkets.lua"/>
	<Include file="oUF_HealComm4\oUF_HealComm4.xml"/>
	<Include file="oUF_ResComm\oUF_ResComm.xml"/>
	<Script file="oUF_GPS\oUF_GPS.lua"/>
	<Script file="oUF_Fader\oUF_Fader.lua"/>
	<Script file="oUF_Cutaway\oUF_Cutaway.lua"/>
</Ui>