<Ui xmlns="http://www.blizzard.com/wow/ui/"   xmlns:xsi="http://www.w3.org/2001/XMLSchema-instance"   xsi:schemaLocation="http://www.blizzard.com/wow/ui/">  	
<Script file="MSLocalization.lua"/>
<Script file="ManaSaver.lua"/>
		<!-- Frame to handle all core events -->
		<Frame name="ManaSaver_core">
	<Scripts>
	<OnLoad>
		this:RegisterEvent("VARIABLES_LOADED");
	</OnLoad>
	<OnEvent>
		if (event == "VARIABLES_LOADED") then
		MSaver_initialize();            
		else
		MSaver_OnEvent(event);
		end
	</OnEvent>
	</Scripts>
	</Frame>
</Ui>
