<Ui xmlns="http://www.blizzard.com/wow/ui/" xmlns:xsi="http://www.w3.org/2001/XMLSchema-instance" xsi:schemaLocation="http://www.blizzard.com/wow/ui/
..\FrameXML\UI.xsd">
<Script file="ManaSaverOptions.lua"/>

<Frame name="ManaSaverOptionsFrame" toplevel="true" parent="UIParent" frameStrata="DIALOG" hidden="true" enableMouse="true">
	<Size><AbsDimension x="400" y="450"/></Size>
	<Anchors>
		<Anchor point="TOP"><Offset><AbsDimension x="0" y="-50"/></Offset></Anchor>
	</Anchors>
	<Backdrop bgFile="Interface\DialogFrame\UI-DialogBox-Background" 
		edgeFile="Interface\DialogFrame\UI-DialogBox-Border" tile="true">
		<BackgroundInsets>
			<AbsInset left="11" right="12" top="12" bottom="11"/>
		</BackgroundInsets>
		<TileSize><AbsValue val="32"/></TileSize>
		<EdgeSize><AbsValue val="32"/></EdgeSize>
	</Backdrop>
	<Layers>
		<Layer level="ARTWORK">
			<Texture file="Interface\DialogFrame\UI-DialogBox-Header">
				<Size><AbsDimension x="300" y="70"/></Size>
				<Anchors>
					<Anchor point="TOP">
					<Offset><AbsDimension x="0" y="12"/></Offset>
					</Anchor>
				</Anchors>
			</Texture>
		</Layer>
		<Layer level="ARTWORK">
			<Texture file="Interface\AddOns\ManaSaver\Icons\ManaSaverIcon">
				<Size><AbsDimension x="70" y="70"/></Size>
				<Anchors>
					<Anchor point="TOPLEFT">
					<Offset><AbsDimension x="10" y="-10"/></Offset>
					</Anchor>
				</Anchors>
			</Texture>
		</Layer>
		<Layer level="OVERLAY">
			<FontString name = "MSaverOptions_TitleText" inherits="GameFontNormal" text="ManaSaver Options">
				<Anchors>
					<Anchor point="TOP" relativeTo="$parent"></Anchor>
				</Anchors>
			</FontString>
		</Layer>
		<Layer level="BACKGROUND">
			<FontString name = "MSaverOptions_VersionNumber" inherits="GameFontNormal" text="Version: ">
				<Anchors>
					<Anchor point="TOPLEFT">
						<Offset><AbsDimension x="100" y="-45"/></Offset>
					</Anchor>
				</Anchors>
			</FontString>
			<FontString name = "MSaverOptions_SelectChatModeText" inherits="GameFontNormal" text="Select spell data chat mode:">
				<Anchors>
					<Anchor point="TOPLEFT">
						<Offset><AbsDimension x="20" y="-75"/></Offset>
					</Anchor>
				</Anchors>
			</FontString>
			<FontString name = "MSaverOptions_IncludeDataText" inherits="GameFontNormal" text="Include the following data in ManaSaver calculations:">
				<Anchors>
					<Anchor point="TOPLEFT">
						<Offset><AbsDimension x="20" y="-190"/></Offset>
					</Anchor>
				</Anchors>
			</FontString>
			<FontString name = "MSaverOptions_AdditionalOptions" inherits="GameFontNormal" text="Additional ManaSaver options:">
				<Anchors>
					<Anchor point="TOPLEFT">
						<Offset><AbsDimension x="20" y="-265"/></Offset>
					</Anchor>
				</Anchors>
			</FontString>
		</Layer>
	</Layers>
	<Frames>
		<Button name="ManaSaverOptionsFrameTabbedWindowFrameTab1" inherits="CharacterFrameTabButtonTemplate" id="1" text="Options">
			<Size><AbsDimension x="100" y="20"/></Size>
			<Anchors>
				<Anchor point="BOTTOMLEFT" relativeTo="$parent">
				<Offset><AbsDimension x="0" y="-5"/></Offset>
				</Anchor>
			</Anchors>
			<Scripts>
				<OnLoad> getglobal(this:GetName()):SetText(MANASAVE_OPTIONS_TABOPTIONS); </OnLoad>
				<OnClick>MSaver_OptionsTabs(1);</OnClick>
			</Scripts>
		</Button>
		<Button name="ManaSaverOptionsFrameTabbedWindowFrameTab2" inherits="CharacterFrameTabButtonTemplate" id="2" text="Macros">
			<Size><AbsDimension x="100" y="20"/></Size>
			<Anchors>
				<Anchor point="BOTTOMLEFT" relativeTo="$parent">
				<Offset><AbsDimension x="70" y="-5"/></Offset>
				</Anchor>
			</Anchors>
			<Scripts>
				<OnLoad> getglobal(this:GetName()):SetText(MANASAVE_OPTIONS_TABMACRO); </OnLoad>
				<OnClick>MSaver_OptionsTabs(2);</OnClick>
			</Scripts>
		</Button>
		<Button name="MSaverOptions_CloseX" inherits="OptionsButtonTemplate" text="X">
			<Size><AbsDimension x="20" y="20"/></Size>
			<Anchors>
				<Anchor point="TOPRIGHT">
				<Offset><AbsDimension x="-10" y="-10"/></Offset>
				</Anchor>
			</Anchors>
			<Scripts>
				<OnClick> ManaSaverOptionsFrame:Hide(); ManaSaverOptionsFrame2:Hide(); </OnClick>
			</Scripts>
		</Button>
		
		<Button name="MSaverOptions_CloseButton" inherits="OptionsButtonTemplate">
			<Size><AbsDimension x="100" y="20"/></Size>
			<Anchors>
				<Anchor point="BOTTOM" relativeTo="$parent">
				<Offset><AbsDimension x="0" y="5"/></Offset>
				</Anchor>
			</Anchors>
			<Scripts>
				<OnLoad> getglobal(this:GetName()):SetText(MANASAVE_OPTIONS_CLOSE); </OnLoad>
				<OnClick> ManaSaverOptionsFrame:Hide(); ManaSaverOptionsFrame2:Hide(); </OnClick>
			</Scripts>
		</Button>

		<CheckButton name="MSaverOptions_QuietDefault" inherits="OptionsCheckButtonTemplate">
			<Anchors>
				<Anchor point="TOPLEFT" relativeTo="MSaverOptions_SelectChatModeText">
				<Offset><AbsDimension x="15" y="-15"/></Offset>
				</Anchor>
			</Anchors>
			<Scripts>
				<OnLoad> getglobal(this:GetName().."Text"):SetText(MANASAVE_OPTIONS_CHAT_BASICPARTY); </OnLoad>
				<OnClick> MSaver_OptionsQuietOnClick("Default"); </OnClick>
			</Scripts>
		</CheckButton>
		
		<CheckButton name="MSaverOptions_QuietSelf" inherits="OptionsCheckButtonTemplate">
			<Anchors>
				<Anchor point="TOPLEFT" relativeTo="MSaverOptions_QuietDefault">
				<Offset><AbsDimension x="0" y="-20"/></Offset>
				</Anchor>
			</Anchors>
			<Scripts>
				<OnLoad> getglobal(this:GetName().."Text"):SetText(MANASAVE_OPTIONS_CHAT_BASICSELF); </OnLoad>
				<OnClick> MSaver_OptionsQuietOnClick("Self"); </OnClick>
			</Scripts>
		</CheckButton>

		<CheckButton name="MSaverOptions_QuietOff" inherits="OptionsCheckButtonTemplate">
			<Anchors>
				<Anchor point="TOPLEFT" relativeTo="MSaverOptions_QuietSelf">
				<Offset><AbsDimension x="0" y="-20"/></Offset>
				</Anchor>
			</Anchors>
			<Scripts>
				<OnLoad> getglobal(this:GetName().."Text"):SetText(MANASAVE_OPTIONS_CHAT_JOKEPARTY); </OnLoad>
				<OnClick> MSaver_OptionsQuietOnClick("Off"); </OnClick>
			</Scripts>
		</CheckButton>

		<CheckButton name="MSaverOptions_QuietOn" inherits="OptionsCheckButtonTemplate">
			<Anchors>
				<Anchor point="TOPLEFT" relativeTo="MSaverOptions_QuietOff">
				<Offset><AbsDimension x="0" y="-20"/></Offset>
				</Anchor>
			</Anchors>
			<Scripts>
				<OnLoad> getglobal(this:GetName().."Text"):SetText(MANASAVE_OPTIONS_CHAT_QUIET); </OnLoad>
				<OnClick> MSaver_OptionsQuietOnClick("On"); </OnClick>
			</Scripts>
		</CheckButton>

		<CheckButton name="MSaverOptions_IncludeTalents" inherits="OptionsCheckButtonTemplate">
			<Anchors>
				<Anchor point="TOPLEFT" relativeTo="MSaverOptions_IncludeDataText">
				<Offset><AbsDimension x="15" y="-15"/></Offset>
				</Anchor>
			</Anchors>
			<Scripts>
				<OnLoad> getglobal(this:GetName().."Text"):SetText(MANASAVE_OPTIONS_INCLUDE_TALENTS); </OnLoad>
				<OnClick> MSaver_OptionsOtherOnClick("MSaverOptions_IncludeTalents",this:GetChecked()); </OnClick>
			</Scripts>
		</CheckButton>

		<CheckButton name="MSaverOptions_IncludeHealItems" inherits="OptionsCheckButtonTemplate">
			<Anchors>
				<Anchor point="TOPLEFT" relativeTo="MSaverOptions_IncludeTalents">
				<Offset><AbsDimension x="0" y="-20"/></Offset>
				</Anchor>
			</Anchors>
			<Scripts>
				<OnLoad> getglobal(this:GetName().."Text"):SetText(MANASAVE_OPTIONS_INCLUDE_ITEMS); </OnLoad>
				<OnClick> MSaver_OptionsOtherOnClick("MSaverOptions_IncludeHealItems",this:GetChecked()); </OnClick>
			</Scripts>
		</CheckButton>

		<CheckButton name="MSaverOptions_CustomSpellErrors" inherits="OptionsCheckButtonTemplate">
			<Anchors>
				<Anchor point="TOPLEFT" relativeTo="MSaverOptions_AdditionalOptions">
				<Offset><AbsDimension x="15" y="-15"/></Offset>
				</Anchor>
			</Anchors>
			<Scripts>
				<OnLoad> getglobal(this:GetName().."Text"):SetText(MANASAVE_OPTIONS_ADOPTIONS_CUSTOMERROR); </OnLoad>
				<OnClick> MSaver_OptionsOtherOnClick("MSaverOptions_CustomSpellErrors",this:GetChecked()); </OnClick>
			</Scripts>
		</CheckButton>

		<CheckButton name="MSaverOptions_ShowMiniMap" inherits="OptionsCheckButtonTemplate">
			<Anchors>
				<Anchor point="TOPLEFT" relativeTo="MSaverOptions_CustomSpellErrors">
				<Offset><AbsDimension x="0" y="-20"/></Offset>
				</Anchor>
			</Anchors>
			<Scripts>
				<OnLoad> getglobal(this:GetName().."Text"):SetText(MANASAVE_OPTIONS_ADOPTIONS_SHOWMINIMAP); </OnLoad>
				<OnClick> MSaver_OptionsOtherOnClick("MSaverOptions_ShowMiniMap",this:GetChecked()); </OnClick>
			</Scripts>
		</CheckButton>

		<Slider name="MSaverOptions_SliderButtonPos" inherits="OptionsSliderTemplate">
			<Size>
				<AbsDimension x="200" y="16"/>
			</Size>
			<Anchors>
				<Anchor point="TOP">
					<Offset>
						<AbsDimension x="0" y="-350" />
					</Offset>
				</Anchor>
			</Anchors>
			<Scripts>
				<OnLoad>
					getglobal(this:GetName().."Text"):SetText(MANASAVE_OPTIONS_ADOPTIONS_MINIMAPLOC);
					getglobal(this:GetName().."High"):SetText();
					getglobal(this:GetName().."Low"):SetText();
					MSaverOptions_SliderButtonPos:SetMinMaxValues(0,360);
					MSaverOptions_SliderButtonPos:SetValueStep(1);
				</OnLoad>
				<OnValueChanged>
					ManaSaverSV.MiniMapButtonPos = MSaverOptions_SliderButtonPos:GetValue();
					ManaSaverButton_UpdatePosition();
				</OnValueChanged>
			</Scripts>
		</Slider>
	</Frames>
</Frame>

<Frame name="ManaSaverOptionsFrame2" toplevel="true" parent="UIParent" frameStrata="DIALOG" hidden="true" enableMouse="true">
	<Size><AbsDimension x="400" y="450"/></Size>
	<Anchors>
		<Anchor point="TOP"><Offset><AbsDimension x="0" y="-50"/></Offset></Anchor>
	</Anchors>
	<Backdrop bgFile="Interface\DialogFrame\UI-DialogBox-Background" 
		edgeFile="Interface\DialogFrame\UI-DialogBox-Border" tile="true">
		<BackgroundInsets>
			<AbsInset left="11" right="12" top="12" bottom="11"/>
		</BackgroundInsets>
		<TileSize><AbsValue val="32"/></TileSize>
		<EdgeSize><AbsValue val="32"/></EdgeSize>
	</Backdrop>
	<Layers>
		<Layer level="ARTWORK">
			<Texture file="Interface\DialogFrame\UI-DialogBox-Header">
				<Size><AbsDimension x="300" y="70"/></Size>
				<Anchors>
					<Anchor point="TOP">
					<Offset><AbsDimension x="0" y="12"/></Offset>
					</Anchor>
				</Anchors>
			</Texture>
		</Layer>
		<Layer level="ARTWORK">
			<Texture file="Interface\AddOns\ManaSaver\Icons\ManaSaverIcon">
				<Size><AbsDimension x="70" y="70"/></Size>
				<Anchors>
					<Anchor point="TOPLEFT">
					<Offset><AbsDimension x="10" y="-10"/></Offset>
					</Anchor>
				</Anchors>
			</Texture>
		</Layer>
		<Layer level="OVERLAY">
			<FontString name = "MSaverOptions_TitleText2" inherits="GameFontNormal" text="ManaSaver Options">
				<Anchors>
					<Anchor point="TOP" relativeTo="$parent"></Anchor>
				</Anchors>
			</FontString>
		</Layer>
		<Layer level="BACKGROUND">
			<FontString name = "MSaverOptions_VersionNumber2" inherits="GameFontNormal" text="Version: ">
				<Anchors>
					<Anchor point="TOPLEFT">
						<Offset><AbsDimension x="100" y="-45"/></Offset>
					</Anchor>
				</Anchors>
			</FontString>
			<FontString name = "MSaverOptions_MacroText" inherits="GameFontNormal" text="Use the buttons below to create ManaSaver macros:">
				<Anchors>
					<Anchor point="TOPLEFT">
						<Offset><AbsDimension x="20" y="-75"/></Offset>
					</Anchor>
				</Anchors>
			</FontString>
			<FontString name = "MSaverOptions_MacroHead" inherits="GameFontNormal" text="----------Spell------------------Rank----Overheal-----">
				<Anchors>
					<Anchor point="TOPLEFT">
						<Offset><AbsDimension x="20" y="-95"/></Offset>
					</Anchor>
				</Anchors>
			</FontString>
		</Layer>		
	</Layers>
	<Frames>
		<Button name="ManaSaverOptionsFrame2TabbedWindowFrameTab1" inherits="CharacterFrameTabButtonTemplate" id="1" text="Options">
			<Size><AbsDimension x="100" y="20"/></Size>
			<Anchors>
				<Anchor point="BOTTOMLEFT" relativeTo="$parent">
				<Offset><AbsDimension x="0" y="-5"/></Offset>
				</Anchor>
			</Anchors>
			<Scripts>
				<OnLoad> getglobal(this:GetName()):SetText(MANASAVE_OPTIONS_TABOPTIONS); </OnLoad>
				<OnClick>MSaver_OptionsTabs(1);</OnClick>
			</Scripts>
		</Button>
		<Button name="ManaSaverOptionsFrame2TabbedWindowFrameTab2" inherits="CharacterFrameTabButtonTemplate" id="2" text="Macros">
			<Size><AbsDimension x="100" y="20"/></Size>
			<Anchors>
				<Anchor point="BOTTOMLEFT" relativeTo="$parent">
				<Offset><AbsDimension x="70" y="-5"/></Offset>
				</Anchor>
			</Anchors>
			<Scripts>
				<OnLoad> getglobal(this:GetName()):SetText(MANASAVE_OPTIONS_TABMACRO); </OnLoad>
				<OnClick>MSaver_OptionsTabs(2);</OnClick>
			</Scripts>
		</Button>
		<Button name="MSaverOptions_CloseX2" inherits="OptionsButtonTemplate" text="X">
			<Size><AbsDimension x="20" y="20"/></Size>
			<Anchors>
				<Anchor point="TOPRIGHT">
				<Offset><AbsDimension x="-10" y="-10"/></Offset>
				</Anchor>
			</Anchors>
			<Scripts>
				<OnClick> ManaSaverOptionsFrame:Hide(); ManaSaverOptionsFrame2:Hide(); </OnClick>
			</Scripts>
		</Button>
		
		<Button name="MSaverOptions_CloseButton2" inherits="OptionsButtonTemplate">
			<Size><AbsDimension x="100" y="20"/></Size>
			<Anchors>
				<Anchor point="BOTTOM" relativeTo="$parent">
				<Offset><AbsDimension x="0" y="5"/></Offset>
				</Anchor>
			</Anchors>
			<Scripts>
				<OnLoad> getglobal(this:GetName()):SetText(MANASAVE_OPTIONS_CLOSE); </OnLoad>
				<OnClick> ManaSaverOptionsFrame:Hide(); ManaSaverOptionsFrame2:Hide(); </OnClick>
			</Scripts>
		</Button>
		<Button name="MSaverOptions_MacroReset" inherits="OptionsButtonTemplate">
			<Size><AbsDimension x="80" y="20"/></Size>
			<Anchors>
				<Anchor point="TOPRIGHT" relativeTo="$parent">
				<Offset><AbsDimension x="-35" y="-10"/></Offset>
				</Anchor>
			</Anchors>
			<Scripts>
				<OnLoad> getglobal(this:GetName()):SetText(MANASAVE_OPTIONS_MACRO_RESET); </OnLoad>
				<OnClick> MSaver_OptionsFrame2Reset(); </OnClick>
			</Scripts>
		</Button>

		<EditBox name="MSaverOptions_Macro1Name" letters="125" autoFocus="false">
			<Size>
				<AbsDimension x="125" y="32"></AbsDimension>
			</Size>
			<Anchors>
				<Anchor point="TOPLEFT" relativeTo="MSaverOptions_MacroText">
				<Offset><AbsDimension x="15" y="-50"/></Offset>
				</Anchor>
			</Anchors>
			<Layers>
			<Layer level="BACKGROUND">
				<Texture file="Interface\ChatFrame\UI-ChatInputBorder-Left">
						<Size>
							<AbsDimension x="75" y="32"></AbsDimension>
						</Size>
						<Anchors>
							<Anchor point="LEFT">
								<Offset>
									<AbsDimension x="-10" y="0"></AbsDimension>
								</Offset>
							</Anchor>
						</Anchors>
						<TexCoords left="0" right="0.2" top="0" bottom="1.0"></TexCoords>
					</Texture>
					<Texture file="Interface\ChatFrame\UI-ChatInputBorder-Right">
						<Size>
							<AbsDimension x="75" y="32"></AbsDimension>
						</Size>
						<Anchors>
							<Anchor point="RIGHT">
								<Offset>
									<AbsDimension x="10" y="0"></AbsDimension>
								</Offset>
							</Anchor>
						</Anchors>
						<TexCoords left="0.7" right="1.0" top="0" bottom="1.0"></TexCoords>
					</Texture>
				</Layer>
			</Layers>
			<FontString inherits="ChatFontNormal"></FontString>
			<Scripts>
				<OnEditFocusGained> getglobal(this:GetName()):ClearFocus(); </OnEditFocusGained>
			</Scripts>
		</EditBox>
		<EditBox name="MSaverOptions_Macro1RankText" letters="5" autoFocus="false">
			<Size>
				<AbsDimension x="30" y="30"></AbsDimension>
			</Size>
			<Anchors>
				<Anchor point="TOPRIGHT" relativeTo="MSaverOptions_Macro1Name">
				<Offset><AbsDimension x="50" y="0"/></Offset>
				</Anchor>
			</Anchors>
			<FontString inherits="ChatFontNormal"></FontString>
			<Scripts>
				<OnEditFocusGained> getglobal(this:GetName()):ClearFocus(); </OnEditFocusGained>
			</Scripts>
		</EditBox>
		<Button name="MSaverOptions_Macro1RankPlus" inherits="OptionsButtonTemplate" text="+">
			<Size><AbsDimension x="20" y="20"/></Size>
			<Anchors>
				<Anchor point="TOPRIGHT" relativeTo="MSaverOptions_Macro1RankText">
				<Offset><AbsDimension x="10" y="7"/></Offset>
				</Anchor>
			</Anchors>
			<Scripts>
				<OnClick> MSaver_OptionsPlusMinus("1Rank",1); </OnClick>
			</Scripts>
		</Button>
		<Button name="MSaverOptions_Macro1RankMinus" inherits="OptionsButtonTemplate" text="-">
			<Size><AbsDimension x="20" y="20"/></Size>
			<Anchors>
				<Anchor point="TOPRIGHT" relativeTo="MSaverOptions_Macro1RankText">
				<Offset><AbsDimension x="10" y="-13"/></Offset>
				</Anchor>
			</Anchors>
			<Scripts>
				<OnClick> MSaver_OptionsPlusMinus("1Rank",-1); </OnClick>
			</Scripts>
		</Button>
		<EditBox name="MSaverOptions_Macro1OHText" letters="5" autoFocus="false">
			<Size>
				<AbsDimension x="30" y="30"></AbsDimension>
			</Size>
			<Anchors>
				<Anchor point="TOPRIGHT" relativeTo="MSaverOptions_Macro1Name">
				<Offset><AbsDimension x="115" y="0"/></Offset>
				</Anchor>
			</Anchors>
			<FontString inherits="ChatFontNormal"></FontString>
			<Scripts>
				<OnEditFocusGained> getglobal(this:GetName()):ClearFocus(); </OnEditFocusGained>
			</Scripts>
		</EditBox>
		<Button name="MSaverOptions_Macro1OHPlus" inherits="OptionsButtonTemplate" text="+">
			<Size><AbsDimension x="20" y="20"/></Size>
			<Anchors>
				<Anchor point="TOPRIGHT" relativeTo="MSaverOptions_Macro1OHText">
				<Offset><AbsDimension x="10" y="7"/></Offset>
				</Anchor>
			</Anchors>
			<Scripts>
				<OnClick> MSaver_OptionsPlusMinus("1OH",1); </OnClick>
			</Scripts>
		</Button>
		<Button name="MSaverOptions_Macro1OHMinus" inherits="OptionsButtonTemplate" text="-">
			<Size><AbsDimension x="20" y="20"/></Size>
			<Anchors>
				<Anchor point="TOPRIGHT" relativeTo="MSaverOptions_Macro1OHText">
				<Offset><AbsDimension x="10" y="-13"/></Offset>
				</Anchor>
			</Anchors>
			<Scripts>
				<OnClick> MSaver_OptionsPlusMinus("1OH",-1); </OnClick>
			</Scripts>
		</Button>
		<Button name="MSaverOptions_Macro1Add" inherits="OptionsButtonTemplate">
			<Size><AbsDimension x="75" y="20"/></Size>
			<Anchors>
				<Anchor point="TOPRIGHT" relativeTo="MSaverOptions_Macro1Name">
				<Offset><AbsDimension x="210" y="0"/></Offset>
				</Anchor>
			</Anchors>
			<Scripts>
				<OnLoad> getglobal(this:GetName()):SetText(MANASAVE_OPTIONS_TABMACRO); </OnLoad>
				<OnClick> MSaver_OptionsCreateMacro(1); </OnClick>
			</Scripts>
		</Button>
		<EditBox name="MSaverOptions_Macro2Name" letters="125" autoFocus="false">
			<Size>
				<AbsDimension x="125" y="32"></AbsDimension>
			</Size>
			<Anchors>
				<Anchor point="TOPLEFT" relativeTo="MSaverOptions_Macro1Name">
				<Offset><AbsDimension x="0" y="-50"/></Offset>
				</Anchor>
			</Anchors>
			<Layers>
			<Layer level="BACKGROUND">
				<Texture file="Interface\ChatFrame\UI-ChatInputBorder-Left">
						<Size>
							<AbsDimension x="75" y="32"></AbsDimension>
						</Size>
						<Anchors>
							<Anchor point="LEFT">
								<Offset>
									<AbsDimension x="-10" y="0"></AbsDimension>
								</Offset>
							</Anchor>
						</Anchors>
						<TexCoords left="0" right="0.2" top="0" bottom="1.0"></TexCoords>
					</Texture>
					<Texture file="Interface\ChatFrame\UI-ChatInputBorder-Right">
						<Size>
							<AbsDimension x="75" y="32"></AbsDimension>
						</Size>
						<Anchors>
							<Anchor point="RIGHT">
								<Offset>
									<AbsDimension x="10" y="0"></AbsDimension>
								</Offset>
							</Anchor>
						</Anchors>
						<TexCoords left="0.7" right="1.0" top="0" bottom="1.0"></TexCoords>
					</Texture>
				</Layer>
			</Layers>
			<FontString inherits="ChatFontNormal"></FontString>
			<Scripts>
				<OnEditFocusGained> getglobal(this:GetName()):ClearFocus(); </OnEditFocusGained>
			</Scripts>
		</EditBox>
		<EditBox name="MSaverOptions_Macro2RankText" letters="5" autoFocus="false">
			<Size>
				<AbsDimension x="30" y="30"></AbsDimension>
			</Size>
			<Anchors>
				<Anchor point="TOPRIGHT" relativeTo="MSaverOptions_Macro2Name">
				<Offset><AbsDimension x="50" y="0"/></Offset>
				</Anchor>
			</Anchors>
			<FontString inherits="ChatFontNormal"></FontString>
			<Scripts>
				<OnEditFocusGained> getglobal(this:GetName()):ClearFocus(); </OnEditFocusGained>
			</Scripts>
		</EditBox>
		<Button name="MSaverOptions_Macro2RankPlus" inherits="OptionsButtonTemplate" text="+">
			<Size><AbsDimension x="20" y="20"/></Size>
			<Anchors>
				<Anchor point="TOPRIGHT" relativeTo="MSaverOptions_Macro2RankText">
				<Offset><AbsDimension x="10" y="7"/></Offset>
				</Anchor>
			</Anchors>
			<Scripts>
				<OnClick> MSaver_OptionsPlusMinus("2Rank",1); </OnClick>
			</Scripts>
		</Button>
		<Button name="MSaverOptions_Macro2RankMinus" inherits="OptionsButtonTemplate" text="-">
			<Size><AbsDimension x="20" y="20"/></Size>
			<Anchors>
				<Anchor point="TOPRIGHT" relativeTo="MSaverOptions_Macro2RankText">
				<Offset><AbsDimension x="10" y="-13"/></Offset>
				</Anchor>
			</Anchors>
			<Scripts>
				<OnClick> MSaver_OptionsPlusMinus("2Rank",-1); </OnClick>
			</Scripts>
		</Button>
		<EditBox name="MSaverOptions_Macro2OHText" letters="5" autoFocus="false">
			<Size>
				<AbsDimension x="30" y="30"></AbsDimension>
			</Size>
			<Anchors>
				<Anchor point="TOPRIGHT" relativeTo="MSaverOptions_Macro2Name">
				<Offset><AbsDimension x="115" y="0"/></Offset>
				</Anchor>
			</Anchors>
			<FontString inherits="ChatFontNormal"></FontString>
			<Scripts>
				<OnEditFocusGained> getglobal(this:GetName()):ClearFocus(); </OnEditFocusGained>
			</Scripts>
		</EditBox>
		<Button name="MSaverOptions_Macro2OHPlus" inherits="OptionsButtonTemplate" text="+">
			<Size><AbsDimension x="20" y="20"/></Size>
			<Anchors>
				<Anchor point="TOPRIGHT" relativeTo="MSaverOptions_Macro2OHText">
				<Offset><AbsDimension x="10" y="7"/></Offset>
				</Anchor>
			</Anchors>
			<Scripts>
				<OnClick> MSaver_OptionsPlusMinus("2OH",1); </OnClick>
			</Scripts>
		</Button>
		<Button name="MSaverOptions_Macro2OHMinus" inherits="OptionsButtonTemplate" text="-">
			<Size><AbsDimension x="20" y="20"/></Size>
			<Anchors>
				<Anchor point="TOPRIGHT" relativeTo="MSaverOptions_Macro2OHText">
				<Offset><AbsDimension x="10" y="-13"/></Offset>
				</Anchor>
			</Anchors>
			<Scripts>
				<OnClick> MSaver_OptionsPlusMinus("2OH",-1); </OnClick>
			</Scripts>
		</Button>
		<Button name="MSaverOptions_Macro2Add" inherits="OptionsButtonTemplate">
			<Size><AbsDimension x="75" y="20"/></Size>
			<Anchors>
				<Anchor point="TOPRIGHT" relativeTo="MSaverOptions_Macro2Name">
				<Offset><AbsDimension x="210" y="0"/></Offset>
				</Anchor>
			</Anchors>
			<Scripts>
				<OnLoad> getglobal(this:GetName()):SetText(MANASAVE_OPTIONS_TABMACRO); </OnLoad>
				<OnClick> MSaver_OptionsCreateMacro(2); </OnClick>
			</Scripts>
		</Button>
		<EditBox name="MSaverOptions_Macro3Name" letters="125" autoFocus="false">
			<Size>
				<AbsDimension x="125" y="32"></AbsDimension>
			</Size>
			<Anchors>
				<Anchor point="TOPLEFT" relativeTo="MSaverOptions_Macro2Name">
				<Offset><AbsDimension x="0" y="-50"/></Offset>
				</Anchor>
			</Anchors>
			<Layers>
			<Layer level="BACKGROUND">
				<Texture file="Interface\ChatFrame\UI-ChatInputBorder-Left">
						<Size>
							<AbsDimension x="75" y="32"></AbsDimension>
						</Size>
						<Anchors>
							<Anchor point="LEFT">
								<Offset>
									<AbsDimension x="-10" y="0"></AbsDimension>
								</Offset>
							</Anchor>
						</Anchors>
						<TexCoords left="0" right="0.2" top="0" bottom="1.0"></TexCoords>
					</Texture>
					<Texture file="Interface\ChatFrame\UI-ChatInputBorder-Right">
						<Size>
							<AbsDimension x="75" y="32"></AbsDimension>
						</Size>
						<Anchors>
							<Anchor point="RIGHT">
								<Offset>
									<AbsDimension x="10" y="0"></AbsDimension>
								</Offset>
							</Anchor>
						</Anchors>
						<TexCoords left="0.7" right="1.0" top="0" bottom="1.0"></TexCoords>
					</Texture>
				</Layer>
			</Layers>
			<Scripts>
				<OnEditFocusGained> getglobal(this:GetName()):ClearFocus(); </OnEditFocusGained>
			</Scripts>
			<FontString inherits="ChatFontNormal"></FontString>
		</EditBox>
		<EditBox name="MSaverOptions_Macro3RankText" letters="5" autoFocus="false">
			<Size>
				<AbsDimension x="30" y="30"></AbsDimension>
			</Size>
			<Anchors>
				<Anchor point="TOPRIGHT" relativeTo="MSaverOptions_Macro3Name">
				<Offset><AbsDimension x="50" y="0"/></Offset>
				</Anchor>
			</Anchors>
			<FontString inherits="ChatFontNormal"></FontString>
			<Scripts>
				<OnEditFocusGained> getglobal(this:GetName()):ClearFocus(); </OnEditFocusGained>
			</Scripts>
		</EditBox>
		<Button name="MSaverOptions_Macro3RankPlus" inherits="OptionsButtonTemplate" text="+">
			<Size><AbsDimension x="20" y="20"/></Size>
			<Anchors>
				<Anchor point="TOPRIGHT" relativeTo="MSaverOptions_Macro3RankText">
				<Offset><AbsDimension x="10" y="7"/></Offset>
				</Anchor>
			</Anchors>
			<Scripts>
				<OnClick> MSaver_OptionsPlusMinus("3Rank",1); </OnClick>
			</Scripts>
		</Button>
		<Button name="MSaverOptions_Macro3RankMinus" inherits="OptionsButtonTemplate" text="-">
			<Size><AbsDimension x="20" y="20"/></Size>
			<Anchors>
				<Anchor point="TOPRIGHT" relativeTo="MSaverOptions_Macro3RankText">
				<Offset><AbsDimension x="10" y="-13"/></Offset>
				</Anchor>
			</Anchors>
			<Scripts>
				<OnClick> MSaver_OptionsPlusMinus("3Rank",-1); </OnClick>
			</Scripts>
		</Button>
		<EditBox name="MSaverOptions_Macro3OHText" letters="5" autoFocus="false">
			<Size>
				<AbsDimension x="30" y="30"></AbsDimension>
			</Size>
			<Anchors>
				<Anchor point="TOPRIGHT" relativeTo="MSaverOptions_Macro3Name">
				<Offset><AbsDimension x="115" y="0"/></Offset>
				</Anchor>
			</Anchors>
			<FontString inherits="ChatFontNormal"></FontString>
			<Scripts>
				<OnEditFocusGained> getglobal(this:GetName()):ClearFocus(); </OnEditFocusGained>
			</Scripts>
		</EditBox>
		<Button name="MSaverOptions_Macro3OHPlus" inherits="OptionsButtonTemplate" text="+">
			<Size><AbsDimension x="20" y="20"/></Size>
			<Anchors>
				<Anchor point="TOPRIGHT" relativeTo="MSaverOptions_Macro3OHText">
				<Offset><AbsDimension x="10" y="7"/></Offset>
				</Anchor>
			</Anchors>
			<Scripts>
				<OnClick> MSaver_OptionsPlusMinus("3OH",1); </OnClick>
			</Scripts>
		</Button>
		<Button name="MSaverOptions_Macro3OHMinus" inherits="OptionsButtonTemplate" text="-">
			<Size><AbsDimension x="20" y="20"/></Size>
			<Anchors>
				<Anchor point="TOPRIGHT" relativeTo="MSaverOptions_Macro3OHText">
				<Offset><AbsDimension x="10" y="-13"/></Offset>
				</Anchor>
			</Anchors>
			<Scripts>
				<OnClick> MSaver_OptionsPlusMinus("3OH",-1); </OnClick>
			</Scripts>
		</Button>
		<Button name="MSaverOptions_Macro3Add" inherits="OptionsButtonTemplate">
			<Size><AbsDimension x="75" y="20"/></Size>
			<Anchors>
				<Anchor point="TOPRIGHT" relativeTo="MSaverOptions_Macro3Name">
				<Offset><AbsDimension x="210" y="0"/></Offset>
				</Anchor>
			</Anchors>
			<Scripts>
				<OnLoad> getglobal(this:GetName()):SetText(MANASAVE_OPTIONS_TABMACRO); </OnLoad>
				<OnClick> MSaver_OptionsCreateMacro(3); </OnClick>
			</Scripts>
		</Button>
		<EditBox name="MSaverOptions_Macro4Name" letters="125" autoFocus="false">
			<Size>
				<AbsDimension x="125" y="32"></AbsDimension>
			</Size>
			<Anchors>
				<Anchor point="TOPLEFT" relativeTo="MSaverOptions_Macro3Name">
				<Offset><AbsDimension x="0" y="-50"/></Offset>
				</Anchor>
			</Anchors>
			<Layers>
			<Layer level="BACKGROUND">
				<Texture file="Interface\ChatFrame\UI-ChatInputBorder-Left">
						<Size>
							<AbsDimension x="75" y="32"></AbsDimension>
						</Size>
						<Anchors>
							<Anchor point="LEFT">
								<Offset>
									<AbsDimension x="-10" y="0"></AbsDimension>
								</Offset>
							</Anchor>
						</Anchors>
						<TexCoords left="0" right="0.2" top="0" bottom="1.0"></TexCoords>
					</Texture>
					<Texture file="Interface\ChatFrame\UI-ChatInputBorder-Right">
						<Size>
							<AbsDimension x="75" y="32"></AbsDimension>
						</Size>
						<Anchors>
							<Anchor point="RIGHT">
								<Offset>
									<AbsDimension x="10" y="0"></AbsDimension>
								</Offset>
							</Anchor>
						</Anchors>
						<TexCoords left="0.7" right="1.0" top="0" bottom="1.0"></TexCoords>
					</Texture>
				</Layer>
			</Layers>
			<FontString inherits="ChatFontNormal"></FontString>
			<Scripts>
				<OnEditFocusGained> getglobal(this:GetName()):ClearFocus(); </OnEditFocusGained>
			</Scripts>
		</EditBox>
		<EditBox name="MSaverOptions_Macro4RankText" letters="5" autoFocus="false">
			<Size>
				<AbsDimension x="30" y="30"></AbsDimension>
			</Size>
			<Anchors>
				<Anchor point="TOPRIGHT" relativeTo="MSaverOptions_Macro4Name">
				<Offset><AbsDimension x="50" y="0"/></Offset>
				</Anchor>
			</Anchors>
			<FontString inherits="ChatFontNormal"></FontString>
			<Scripts>
				<OnEditFocusGained> getglobal(this:GetName()):ClearFocus(); </OnEditFocusGained>
			</Scripts>
		</EditBox>
		<Button name="MSaverOptions_Macro4RankPlus" inherits="OptionsButtonTemplate" text="+">
			<Size><AbsDimension x="20" y="20"/></Size>
			<Anchors>
				<Anchor point="TOPRIGHT" relativeTo="MSaverOptions_Macro4RankText">
				<Offset><AbsDimension x="10" y="7"/></Offset>
				</Anchor>
			</Anchors>
			<Scripts>
				<OnClick> MSaver_OptionsPlusMinus("4Rank",1); </OnClick>
			</Scripts>
		</Button>
		<Button name="MSaverOptions_Macro4RankMinus" inherits="OptionsButtonTemplate" text="-">
			<Size><AbsDimension x="20" y="20"/></Size>
			<Anchors>
				<Anchor point="TOPRIGHT" relativeTo="MSaverOptions_Macro4RankText">
				<Offset><AbsDimension x="10" y="-13"/></Offset>
				</Anchor>
			</Anchors>
			<Scripts>
				<OnClick> MSaver_OptionsPlusMinus("4Rank",-1); </OnClick>
			</Scripts>
		</Button>
		<EditBox name="MSaverOptions_Macro4OHText" letters="5" autoFocus="false">
			<Size>
				<AbsDimension x="30" y="30"></AbsDimension>
			</Size>
			<Anchors>
				<Anchor point="TOPRIGHT" relativeTo="MSaverOptions_Macro4Name">
				<Offset><AbsDimension x="115" y="0"/></Offset>
				</Anchor>
			</Anchors>
			<FontString inherits="ChatFontNormal"></FontString>
			<Scripts>
				<OnEditFocusGained> getglobal(this:GetName()):ClearFocus(); </OnEditFocusGained>
			</Scripts>
		</EditBox>
		<Button name="MSaverOptions_Macro4OHPlus" inherits="OptionsButtonTemplate" text="+">
			<Size><AbsDimension x="20" y="20"/></Size>
			<Anchors>
				<Anchor point="TOPRIGHT" relativeTo="MSaverOptions_Macro4OHText">
				<Offset><AbsDimension x="10" y="7"/></Offset>
				</Anchor>
			</Anchors>
			<Scripts>
				<OnClick> MSaver_OptionsPlusMinus("4OH",1); </OnClick>
			</Scripts>
		</Button>
		<Button name="MSaverOptions_Macro4OHMinus" inherits="OptionsButtonTemplate" text="-">
			<Size><AbsDimension x="20" y="20"/></Size>
			<Anchors>
				<Anchor point="TOPRIGHT" relativeTo="MSaverOptions_Macro4OHText">
				<Offset><AbsDimension x="10" y="-13"/></Offset>
				</Anchor>
			</Anchors>
			<Scripts>
				<OnClick> MSaver_OptionsPlusMinus("4OH",-1); </OnClick>
			</Scripts>
		</Button>
		<Button name="MSaverOptions_Macro4Add" inherits="OptionsButtonTemplate">
			<Size><AbsDimension x="75" y="20"/></Size>
			<Anchors>
				<Anchor point="TOPRIGHT" relativeTo="MSaverOptions_Macro4Name">
				<Offset><AbsDimension x="210" y="0"/></Offset>
				</Anchor>
			</Anchors>
			<Scripts>
				<OnLoad> getglobal(this:GetName()):SetText(MANASAVE_OPTIONS_TABMACRO); </OnLoad>
				<OnClick> MSaver_OptionsCreateMacro(4); </OnClick>
			</Scripts>
		</Button>
		<EditBox name="MSaverOptions_Macro5Name" letters="125" autoFocus="false">
			<Size>
				<AbsDimension x="125" y="32"></AbsDimension>
			</Size>
			<Anchors>
				<Anchor point="TOPLEFT" relativeTo="MSaverOptions_Macro4Name">
				<Offset><AbsDimension x="0" y="-50"/></Offset>
				</Anchor>
			</Anchors>
			<Layers>
			<Layer level="BACKGROUND">
				<Texture file="Interface\ChatFrame\UI-ChatInputBorder-Left">
						<Size>
							<AbsDimension x="75" y="32"></AbsDimension>
						</Size>
						<Anchors>
							<Anchor point="LEFT">
								<Offset>
									<AbsDimension x="-10" y="0"></AbsDimension>
								</Offset>
							</Anchor>
						</Anchors>
						<TexCoords left="0" right="0.2" top="0" bottom="1.0"></TexCoords>
					</Texture>
					<Texture file="Interface\ChatFrame\UI-ChatInputBorder-Right">
						<Size>
							<AbsDimension x="75" y="32"></AbsDimension>
						</Size>
						<Anchors>
							<Anchor point="RIGHT">
								<Offset>
									<AbsDimension x="10" y="0"></AbsDimension>
								</Offset>
							</Anchor>
						</Anchors>
						<TexCoords left="0.7" right="1.0" top="0" bottom="1.0"></TexCoords>
					</Texture>
				</Layer>
			</Layers>
			<FontString inherits="ChatFontNormal"></FontString>
			<Scripts>
				<OnEditFocusGained> getglobal(this:GetName()):ClearFocus(); </OnEditFocusGained>
			</Scripts>
		</EditBox>
		<EditBox name="MSaverOptions_Macro5RankText" letters="5" autoFocus="false">
			<Size>
				<AbsDimension x="30" y="30"></AbsDimension>
			</Size>
			<Anchors>
				<Anchor point="TOPRIGHT" relativeTo="MSaverOptions_Macro5Name">
				<Offset><AbsDimension x="50" y="0"/></Offset>
				</Anchor>
			</Anchors>
			<FontString inherits="ChatFontNormal"></FontString>
			<Scripts>
				<OnEditFocusGained> getglobal(this:GetName()):ClearFocus(); </OnEditFocusGained>
			</Scripts>
		</EditBox>
		<Button name="MSaverOptions_Macro5RankPlus" inherits="OptionsButtonTemplate" text="+">
			<Size><AbsDimension x="20" y="20"/></Size>
			<Anchors>
				<Anchor point="TOPRIGHT" relativeTo="MSaverOptions_Macro5RankText">
				<Offset><AbsDimension x="10" y="7"/></Offset>
				</Anchor>
			</Anchors>
			<Scripts>
				<OnClick> MSaver_OptionsPlusMinus("5Rank",1); </OnClick>
			</Scripts>
		</Button>
		<Button name="MSaverOptions_Macro5RankMinus" inherits="OptionsButtonTemplate" text="-">
			<Size><AbsDimension x="20" y="20"/></Size>
			<Anchors>
				<Anchor point="TOPRIGHT" relativeTo="MSaverOptions_Macro5RankText">
				<Offset><AbsDimension x="10" y="-13"/></Offset>
				</Anchor>
			</Anchors>
			<Scripts>
				<OnClick> MSaver_OptionsPlusMinus("5Rank",-1); </OnClick>
			</Scripts>
		</Button>
		<EditBox name="MSaverOptions_Macro5OHText" letters="5" autoFocus="false">
			<Size>
				<AbsDimension x="30" y="30"></AbsDimension>
			</Size>
			<Anchors>
				<Anchor point="TOPRIGHT" relativeTo="MSaverOptions_Macro5Name">
				<Offset><AbsDimension x="115" y="0"/></Offset>
				</Anchor>
			</Anchors>
			<FontString inherits="ChatFontNormal"></FontString>
			<Scripts>
				<OnEditFocusGained> getglobal(this:GetName()):ClearFocus(); </OnEditFocusGained>
			</Scripts>
		</EditBox>
		<Button name="MSaverOptions_Macro5OHPlus" inherits="OptionsButtonTemplate" text="+">
			<Size><AbsDimension x="20" y="20"/></Size>
			<Anchors>
				<Anchor point="TOPRIGHT" relativeTo="MSaverOptions_Macro5OHText">
				<Offset><AbsDimension x="10" y="7"/></Offset>
				</Anchor>
			</Anchors>
			<Scripts>
				<OnClick> MSaver_OptionsPlusMinus("5OH",1); </OnClick>
			</Scripts>
		</Button>
		<Button name="MSaverOptions_Macro5OHMinus" inherits="OptionsButtonTemplate" text="-">
			<Size><AbsDimension x="20" y="20"/></Size>
			<Anchors>
				<Anchor point="TOPRIGHT" relativeTo="MSaverOptions_Macro5OHText">
				<Offset><AbsDimension x="10" y="-13"/></Offset>
				</Anchor>
			</Anchors>
			<Scripts>
				<OnClick> MSaver_OptionsPlusMinus("5OH",-1); </OnClick>
			</Scripts>
		</Button>
		<Button name="MSaverOptions_Macro5Add" inherits="OptionsButtonTemplate">
			<Size><AbsDimension x="75" y="20"/></Size>
			<Anchors>
				<Anchor point="TOPRIGHT" relativeTo="MSaverOptions_Macro5Name">
				<Offset><AbsDimension x="210" y="0"/></Offset>
				</Anchor>
			</Anchors>
			<Scripts>
				<OnLoad> getglobal(this:GetName()):SetText(MANASAVE_OPTIONS_TABMACRO); </OnLoad>
				<OnClick> MSaver_OptionsCreateMacro(5); </OnClick>
			</Scripts>
		</Button>
		<EditBox name="MSaverOptions_Macro6Name" letters="125" autoFocus="false">
			<Size>
				<AbsDimension x="125" y="32"></AbsDimension>
			</Size>
			<Anchors>
				<Anchor point="TOPLEFT" relativeTo="MSaverOptions_Macro5Name">
				<Offset><AbsDimension x="0" y="-50"/></Offset>
				</Anchor>
			</Anchors>
			<Layers>
			<Layer level="BACKGROUND">
				<Texture file="Interface\ChatFrame\UI-ChatInputBorder-Left">
						<Size>
							<AbsDimension x="75" y="32"></AbsDimension>
						</Size>
						<Anchors>
							<Anchor point="LEFT">
								<Offset>
									<AbsDimension x="-10" y="0"></AbsDimension>
								</Offset>
							</Anchor>
						</Anchors>
						<TexCoords left="0" right="0.2" top="0" bottom="1.0"></TexCoords>
					</Texture>
					<Texture file="Interface\ChatFrame\UI-ChatInputBorder-Right">
						<Size>
							<AbsDimension x="75" y="32"></AbsDimension>
						</Size>
						<Anchors>
							<Anchor point="RIGHT">
								<Offset>
									<AbsDimension x="10" y="0"></AbsDimension>
								</Offset>
							</Anchor>
						</Anchors>
						<TexCoords left="0.7" right="1.0" top="0" bottom="1.0"></TexCoords>
					</Texture>
				</Layer>
			</Layers>
			<FontString inherits="ChatFontNormal"></FontString>
			<Scripts>
				<OnEditFocusGained> getglobal(this:GetName()):ClearFocus(); </OnEditFocusGained>
			</Scripts>
		</EditBox>
		<EditBox name="MSaverOptions_Macro6RankText" letters="5" autoFocus="false">
			<Size>
				<AbsDimension x="30" y="30"></AbsDimension>
			</Size>
			<Anchors>
				<Anchor point="TOPRIGHT" relativeTo="MSaverOptions_Macro6Name">
				<Offset><AbsDimension x="50" y="0"/></Offset>
				</Anchor>
			</Anchors>
			<FontString inherits="ChatFontNormal"></FontString>
			<Scripts>
				<OnEditFocusGained> getglobal(this:GetName()):ClearFocus(); </OnEditFocusGained>
			</Scripts>
		</EditBox>
		<Button name="MSaverOptions_Macro6RankPlus" inherits="OptionsButtonTemplate" text="+">
			<Size><AbsDimension x="20" y="20"/></Size>
			<Anchors>
				<Anchor point="TOPRIGHT" relativeTo="MSaverOptions_Macro6RankText">
				<Offset><AbsDimension x="10" y="7"/></Offset>
				</Anchor>
			</Anchors>
			<Scripts>
				<OnClick> MSaver_OptionsPlusMinus("6Rank",1); </OnClick>
			</Scripts>
		</Button>
		<Button name="MSaverOptions_Macro6RankMinus" inherits="OptionsButtonTemplate" text="-">
			<Size><AbsDimension x="20" y="20"/></Size>
			<Anchors>
				<Anchor point="TOPRIGHT" relativeTo="MSaverOptions_Macro6RankText">
				<Offset><AbsDimension x="10" y="-13"/></Offset>
				</Anchor>
			</Anchors>
			<Scripts>
				<OnClick> MSaver_OptionsPlusMinus("6Rank",-1); </OnClick>
			</Scripts>
		</Button>
		<EditBox name="MSaverOptions_Macro6OHText" letters="5" autoFocus="false">
			<Size>
				<AbsDimension x="30" y="30"></AbsDimension>
			</Size>
			<Anchors>
				<Anchor point="TOPRIGHT" relativeTo="MSaverOptions_Macro6Name">
				<Offset><AbsDimension x="115" y="0"/></Offset>
				</Anchor>
			</Anchors>
			<FontString inherits="ChatFontNormal"></FontString>
			<Scripts>
				<OnEditFocusGained> getglobal(this:GetName()):ClearFocus(); </OnEditFocusGained>
			</Scripts>
		</EditBox>
		<Button name="MSaverOptions_Macro6OHPlus" inherits="OptionsButtonTemplate" text="+">
			<Size><AbsDimension x="20" y="20"/></Size>
			<Anchors>
				<Anchor point="TOPRIGHT" relativeTo="MSaverOptions_Macro6OHText">
				<Offset><AbsDimension x="10" y="7"/></Offset>
				</Anchor>
			</Anchors>
			<Scripts>
				<OnClick> MSaver_OptionsPlusMinus("6OH",1); </OnClick>
			</Scripts>
		</Button>
		<Button name="MSaverOptions_Macro6OHMinus" inherits="OptionsButtonTemplate" text="-">
			<Size><AbsDimension x="20" y="20"/></Size>
			<Anchors>
				<Anchor point="TOPRIGHT" relativeTo="MSaverOptions_Macro6OHText">
				<Offset><AbsDimension x="10" y="-13"/></Offset>
				</Anchor>
			</Anchors>
			<Scripts>
				<OnClick> MSaver_OptionsPlusMinus("6OH",-1); </OnClick>
			</Scripts>
		</Button>
		<Button name="MSaverOptions_Macro6Add" inherits="OptionsButtonTemplate">
			<Size><AbsDimension x="75" y="20"/></Size>
			<Anchors>
				<Anchor point="TOPRIGHT" relativeTo="MSaverOptions_Macro6Name">
				<Offset><AbsDimension x="210" y="0"/></Offset>
				</Anchor>
			</Anchors>
			<Scripts>
				<OnLoad> getglobal(this:GetName()):SetText(MANASAVE_OPTIONS_TABMACRO); </OnLoad>
				<OnClick> MSaver_OptionsCreateMacro(6); </OnClick>
			</Scripts>
		</Button>		
	</Frames>
	<Scripts>
		<OnShow>
			MSaver_OptionsFrame2OnShow();
		</OnShow>
	</Scripts>
</Frame>
</Ui>
