<Ui xmlns="http://www.blizzard.com/wow/ui/" xmlns:xsi="http://www.w3.org/2001/XMLSchema-instance" xsi:schemaLocation="http://www.blizzard.com/wow/ui/
	C:\Projects\WoW\Bin\Interface\FrameXML\UI.xsd">
	<Script file="TimbermawHoldGrinder_frFR.lua"/>
	<Script file="TimbermawHoldGrinder_deDE.lua"/>
	<Script file="TimbermawHoldGrinder_zhTW.lua"/>
	<Script file="TimbermawHoldGrinder.lua"/>

	<GameTooltip name="THGToolTip" inherits="GameTooltipTemplate" parent="UIParent" hidden="true"/>

	<Frame name="TimbermawHoldGrinderFrame">
		<Scripts>
			<OnLoad>
				TimbermawHoldGrinder_OnLoad();
			</OnLoad>
			<OnEvent>
				TimbermawHoldGrinder_OnEvent(event);
			</OnEvent>
			<OnUpdate>
				TimbermawHoldGrinder_UpdateGrindingStats();
			</OnUpdate>
		</Scripts>
	</Frame>

	<Button name="THG_ItemButton" virtual="true" hidden="false">
        	<Size><AbsDimension x="32" y="32"/></Size>

		<Layers>
		</Layers>

		<Scripts>
	            	<OnShow>
				this:SetFrameLevel( (this:GetParent()):GetFrameLevel() + 1 );
			</OnShow>
			<OnLeave>
				TimbermawHoldGrinder_HideToolTip();
			</OnLeave>
		</Scripts>
    	</Button>


	<!--This is the frame containing all the cool display info-->
        <Frame name="TimbermawHoldGrinderDisplayFrame" hidden="true" virtual="false" movable="true" parent="UIParent">
		<Size><AbsDimension x="182" y="132"/></Size>

		<Anchors>
			<Anchor point="TOPRIGHT">
				<Offset><AbsDimension x="-300" y="-140"/></Offset>
			</Anchor>
		</Anchors>

		<Backdrop bgFile="Interface\DialogFrame\UI-DialogBox-Background" edgeFile="Interface\DialogFrame\UI-DialogBox-Border" tile="true">
                	<TileSize><AbsValue val="32"/></TileSize>
                	<EdgeSize><AbsValue val="32"/></EdgeSize>
                	<BackgroundInsets>
                        	<AbsInset left="11" right="12" top="12" bottom="11"/>
                	</BackgroundInsets>
        	</Backdrop>


		<Layers>
			<Layer level="OVERLAY">
				<FontString name="THG_RepValue" inherits="NumberFontNormalSmall" text="Rep Value : 0">
					<Anchors>
						<Anchor point="TOP" relativePoint="TOP" >
							<Offset><AbsDimension x="0" y="-65"/></Offset>
						</Anchor>
					</Anchors>
					<Color r="255" g="255" b="0"/>
				</FontString>

				<FontString name="THG_RepPercent" inherits="NumberFontNormalSmall" text = "|cff00ff000% |caaaaaaaa+ |cffffff000% |caaaaaaaa= |cff88ff000%">
					<Anchors>
						<Anchor point="TOP" relativePoint="TOP" >
							<Offset><AbsDimension x="0" y="-101"/></Offset>
						</Anchor>
					</Anchors>
				</FontString>
			</Layer>
		</Layers>

		<Scripts>
            		<OnMouseDown> this:StartMoving();  </OnMouseDown>
                	<OnMouseUp>   this:StopMovingOrSizing(); </OnMouseUp>
                	<OnDragStop>  this:StopMovingOrSizing(); </OnDragStop>
		</Scripts> 

		<Frames>
			<Button name="THG_DeadwoodHeaddressFeatherButton" hidden="false" virtual="false" inherits="THG_ItemButton" parent="TimbermawHoldGrinderDisplayFrame">
				<Size><AbsDimension x="32" y="32"/></Size>
	                        <Anchors>
					<Anchor point="TOP" >
						<Offset><AbsDimension x="-30" y="-17"/></Offset>
					</Anchor>
				</Anchors>
				<Layers>
					<Layer level="ARTWORK">
						<Texture name="$parentTexture" file="Interface\Icons\INV_Feather_13">
							<Size><AbsDimension x="32" y="32"/></Size>
							<Anchors><Anchor point="TOPLEFT" relativePoint="TOPLEFT" /></Anchors>
							<TexCoords left="0" right="1" top="0" bottom="1"/>
						</Texture>
					</Layer>
					<Layer level="OVERLAY">
						<FontString name="THG_DeadwoodHeaddressFeatherCount" inherits="NumberFontNormalSmall" text="0">
							<Anchors>
								<Anchor point="BOTTOM" relativePoint="BOTTOM" >
									<Offset><AbsDimension x="0" y="-11"/></Offset>
								</Anchor>
							</Anchors>
						</FontString>
					</Layer>
				</Layers>
				<Scripts>
					<OnEnter>
						TimbermawHoldGrinder_ShowTurninToolTip("Deadwood Headdress Feather","white");
					</OnEnter>
					<OnClick>
						TimbermawHoldGrinder_ItemButtonClick("Deadwood Headdress Feather","white");
					</OnClick>
				</Scripts>
			</Button>

			<Button name="THG_WinterfallSpiritBeadsButton" hidden="false" virtual="false" inherits="THG_ItemButton" parent="TimbermawHoldGrinderDisplayFrame">
				<Size><AbsDimension x="32" y="32"/></Size>
	                        <Anchors>
					<Anchor point="TOP" >
						<Offset><AbsDimension x="30" y="-17"/></Offset>
					</Anchor>
				</Anchors>
				<Layers>
					<Layer level="ARTWORK">
						<Texture name="$parentTexture" file="Interface\Icons\INV_Jewelry_Amulet_05">
							<Size><AbsDimension x="32" y="32"/></Size>
							<Anchors><Anchor point="TOPLEFT" relativePoint="TOPLEFT" /></Anchors>
							<TexCoords left="0" right="1" top="0" bottom="1"/>
						</Texture>
					</Layer>
					<Layer level="OVERLAY">
						<FontString name="THG_WinterfallSpiritBeadsCount" inherits="NumberFontNormalSmall" text="0">
							<Anchors>
								<Anchor point="BOTTOM" relativePoint="BOTTOM" >
									<Offset><AbsDimension x="0" y="-11"/></Offset>
								</Anchor>
							</Anchors>
						</FontString>
					</Layer>
				</Layers>
				<Scripts>
					<OnEnter>
						TimbermawHoldGrinder_ShowTurninToolTip("Winterfall Spirit Beads","white");
					</OnEnter>
					<OnClick>
						TimbermawHoldGrinder_ItemButtonClick("Winterfall Spirit Beads","white");
					</OnClick>
				</Scripts>
			</Button>

			<Frame name="THGToRepUpFrame" hidden="false" virtual="false" moveable="false" parent="TimbermawHoldGrinderDisplayFrame">
				<Size><AbsDimension x="110" y="20"/></Size>

				<Anchors>
					<Anchor point="TOP">
						<Offset><AbsDimension x="20" y="-79"/></Offset>
					</Anchor>
				</Anchors>

				<Layers>
					<Layer level="ARTWORK">
						<FontString name="THG_THRep" inherits="NumberFontNormalSmall" text="TH Rep">
							<Anchors>
								<Anchor point="CENTER">
									<Offset><AbsDimension x="-75" y="0"/></Offset>
								</Anchor>
							</Anchors>
							<Color r="1" g="1" b="1"/>
						</FontString>
					</Layer>

				</Layers>

				<Backdrop edgeFile="Interface\DialogFrame\UI-DialogBox-Border" bgFile="Interface\CharacterFrame\BarHighlight" tile="true">
					<EdgeSize><AbsValue val="16"/></EdgeSize>
					<TileSize><AbsValue val="16"/></TileSize>
					<BackgroundInsets><AbsInset left="5" right="5" top="5" bottom="5"/></BackgroundInsets>
				</Backdrop>
				<Frames>
					<StatusBar name="THG_SB_ActualRep" drawLayer="OVERLAY" minValue="0" maxValue="100" defaultValue="0">
						<Size><AbsDimension x="100" y="10"/></Size>
						<Anchors>
							<Anchor point="CENTER">
								<Offset><AbsDimension x="0" y="0"/></Offset>
							</Anchor>
						</Anchors>
						<BarTexture file="Interface\TargetingFrame\UI-StatusBar"/>
						<BarColor r="0" g="0.7" b="0.13"/>
					</StatusBar>

					<StatusBar name="THG_SB_RepWithItems" drawLayer="ARTWORK" minValue="0" maxValue="100" defaultValue="0">
						<Size><AbsDimension x="100" y="10"/></Size>
						<Anchors>
							<Anchor point="CENTER">
								<Offset><AbsDimension x="0" y="0"/></Offset>
							</Anchor>
						</Anchors>
						<BarTexture file="Interface\TargetingFrame\UI-StatusBar"/>
						<BarColor r="1" g="1" b="0"/>
					</StatusBar>
				</Frames>
			</Frame>
		</Frames>

	</Frame>

	<!--This is the frame containing all the grinding statistics-->
        <Frame name="TimbermawHoldGrinderGrindFrame" hidden="true" virtual="false" movable="true" parent="UIParent">
		<Size><AbsDimension x="200" y="200"/></Size>

		<Anchors>
			<Anchor point="LEFT">
				<Offset><AbsDimension x="200" y="0"/></Offset>
			</Anchor>
		</Anchors>

		<Backdrop bgFile="Interface\DialogFrame\UI-DialogBox-Background" edgeFile="Interface\DialogFrame\UI-DialogBox-Border" tile="true">
                	<TileSize><AbsValue val="32"/></TileSize>
                	<EdgeSize><AbsValue val="32"/></EdgeSize>
                	<BackgroundInsets>
                        	<AbsInset left="11" right="12" top="12" bottom="11"/>
			</BackgroundInsets>
        	</Backdrop>


		<Layers>
			<Layer level="ARTWORK">
				<Texture name="$parentTexture" file="Interface\Icons\INV_Misc_Horn_01">
					<Size><AbsDimension x="16" y="16"/></Size>
					<Anchors>
						<Anchor point="TOPLEFT" relativePoint="TOPLEFT">
							<Offset><AbsDimension x="13" y="-13"/></Offset>
						</Anchor>
					</Anchors>
					<TexCoords left="0" right="1" top="0" bottom="1"/>
				</Texture>

				<FontString name="THG_CurrentlyGrinding" inherits="NumberFontNormalSmall" text = "|cffff0000Not Grinding">
					<Anchors>
						<Anchor point="TOP" relativePoint="TOP" >
							<Offset><AbsDimension x="0" y="-40"/></Offset>
						</Anchor>
					</Anchors>
				</FontString>

				<FontString name="THG_Today" inherits="NumberFontNormalSmall" text = "|cffffffffToday's Grinding">
					<Anchors>
						<Anchor point="TOPLEFT" relativePoint="TOPLEFT" >
							<Offset><AbsDimension x="15" y="-55"/></Offset>
						</Anchor>
					</Anchors>
				</FontString>

				<FontString name="THG_TimeToday" inherits="NumberFontNormalSmall" text = "|cffaaaaaaTime :">
					<Anchors>
						<Anchor point="TOPLEFT" relativePoint="TOPLEFT" >
							<Offset><AbsDimension x="23" y="-68"/></Offset>
						</Anchor>
					</Anchors>
				</FontString>

				<FontString name="THG_RepToday" inherits="NumberFontNormalSmall" text = "|cffaaaaaaRep :">
					<Anchors>
						<Anchor point="TOPLEFT" relativePoint="TOPLEFT" >
							<Offset><AbsDimension x="23" y="-79"/></Offset>
						</Anchor>
					</Anchors>
				</FontString>

				<FontString name="THG_RepPerHourToday" inherits="NumberFontNormalSmall" text = "|cffaaaaaaRep/Hour :">
					<Anchors>
						<Anchor point="TOPLEFT" relativePoint="TOPLEFT" >
							<Offset><AbsDimension x="23" y="-90"/></Offset>
						</Anchor>
					</Anchors>
				</FontString>

				<FontString name="THG_TimeToRepUpToday" inherits="NumberFontNormalSmall" text = "|cffaaaaaaRep-up In :">
					<Anchors>
						<Anchor point="TOPLEFT" relativePoint="TOPLEFT" >
							<Offset><AbsDimension x="23" y="-101"/></Offset>
						</Anchor>
					</Anchors>
				</FontString>

				<FontString name="THG_TimeTodayVal" inherits="NumberFontNormalSmall" text = "|cffaaaaaa-----">
					<Anchors>
						<Anchor point="TOPLEFT" relativePoint="TOPLEFT" >
							<Offset><AbsDimension x="93" y="-68"/></Offset>
						</Anchor>
					</Anchors>
				</FontString>

				<FontString name="THG_RepTodayVal" inherits="NumberFontNormalSmall" text = "|cffaaaaaa0">
					<Anchors>
						<Anchor point="TOPLEFT" relativePoint="TOPLEFT" >
							<Offset><AbsDimension x="93" y="-79"/></Offset>
						</Anchor>
					</Anchors>
				</FontString>

				<FontString name="THG_RepPerHourTodayVal" inherits="NumberFontNormalSmall" text = "|cffaaaaaa0">
					<Anchors>
						<Anchor point="TOPLEFT" relativePoint="TOPLEFT" >
							<Offset><AbsDimension x="93" y="-90"/></Offset>
						</Anchor>
					</Anchors>
				</FontString>

				<FontString name="THG_TimeToRepUpTodayVal" inherits="NumberFontNormalSmall" text = "|cffaaaaaa-----">
					<Anchors>
						<Anchor point="TOPLEFT" relativePoint="TOPLEFT" >
							<Offset><AbsDimension x="93" y="-101"/></Offset>
						</Anchor>
					</Anchors>
				</FontString>

				<FontString name="THG_Total" inherits="NumberFontNormalSmall" text = "|cffffffffTotal Grinding">
					<Anchors>
						<Anchor point="TOPLEFT" relativePoint="TOPLEFT" >
							<Offset><AbsDimension x="15" y="-120"/></Offset>
						</Anchor>
					</Anchors>
				</FontString>

				<FontString name="THG_TimeTotal" inherits="NumberFontNormalSmall" text = "|cffaaaaaaTime :">
					<Anchors>
						<Anchor point="TOPLEFT" relativePoint="TOPLEFT" >
							<Offset><AbsDimension x="23" y="-133"/></Offset>
						</Anchor>
					</Anchors>
				</FontString>

				<FontString name="THG_RepTotal" inherits="NumberFontNormalSmall" text = "|cffaaaaaaRep :">
					<Anchors>
						<Anchor point="TOPLEFT" relativePoint="TOPLEFT" >
							<Offset><AbsDimension x="23" y="-144"/></Offset>
						</Anchor>
					</Anchors>
				</FontString>

				<FontString name="THG_RepPerHourTotal" inherits="NumberFontNormalSmall" text = "|cffaaaaaaRep/Hour :">
					<Anchors>
						<Anchor point="TOPLEFT" relativePoint="TOPLEFT" >
							<Offset><AbsDimension x="23" y="-155"/></Offset>
						</Anchor>
					</Anchors>
				</FontString>

				<FontString name="THG_TimeToRepUpTotal" inherits="NumberFontNormalSmall" text = "|cffaaaaaaRep-up In :">
					<Anchors>
						<Anchor point="TOPLEFT" relativePoint="TOPLEFT" >
							<Offset><AbsDimension x="23" y="-166"/></Offset>
						</Anchor>
					</Anchors>
				</FontString>

				<FontString name="THG_TimeTotalVal" inherits="NumberFontNormalSmall" text = "|cffaaaaaa-----">
					<Anchors>
						<Anchor point="TOPLEFT" relativePoint="TOPLEFT" >
							<Offset><AbsDimension x="93" y="-133"/></Offset>
						</Anchor>
					</Anchors>
				</FontString>

				<FontString name="THG_RepTotalVal" inherits="NumberFontNormalSmall" text = "|cffaaaaaa0">
					<Anchors>
						<Anchor point="TOPLEFT" relativePoint="TOPLEFT" >
							<Offset><AbsDimension x="93" y="-144"/></Offset>
						</Anchor>
					</Anchors>
				</FontString>

				<FontString name="THG_RepPerHourTotalVal" inherits="NumberFontNormalSmall" text = "|cffaaaaaa0">
					<Anchors>
						<Anchor point="TOPLEFT" relativePoint="TOPLEFT" >
							<Offset><AbsDimension x="93" y="-155"/></Offset>
						</Anchor>
					</Anchors>
				</FontString>

				<FontString name="THG_TimeToRepUpTotalVal" inherits="NumberFontNormalSmall" text = "|cffaaaaaa-----">
					<Anchors>
						<Anchor point="TOPLEFT" relativePoint="TOPLEFT" >
							<Offset><AbsDimension x="93" y="-166"/></Offset>
						</Anchor>
					</Anchors>
				</FontString>
			</Layer>
		</Layers>

		<Frames>
			<Button name="THG_BU_ToggleGrinding" inherits="UIPanelButtonTemplate" text="Start Grinding">
		        	<Size><AbsDimension x="120" y="22"/></Size>
                 		<Anchors>
					<Anchor point="TOP">
						<Offset><AbsDimension x="0" y="-15"/></Offset>
					</Anchor>
                 		</Anchors>
                 		<Scripts>
					<OnClick>
						TimbermawHoldGrinder_ToggleGrinding();
					</OnClick>
                 		</Scripts>
			</Button>
		</Frames> 

		<Scripts>
            		<OnMouseDown> this:StartMoving();  </OnMouseDown>
                	<OnMouseUp>   this:StopMovingOrSizing(); </OnMouseUp>
                	<OnDragStop>  this:StopMovingOrSizing(); </OnDragStop>
		</Scripts> 
	</Frame>
</Ui>
