<Ui xmlns="http://www.blizzard.com/wow/ui/" xmlns:xsi="http://www.w3.org/2001/XMLSchema-instance" xsi:schemaLocation="http://www.blizzard.com/wow/ui/
..\FrameXML\UI.xsd">
		<Script file="tinyClock.lua" />
	<Frame name="TinyClockFrame"  frameStrata="HIGH" toplevel="false" parent="MinimapCluster" alpha="100">
		<Size>
			<AbsDimension x="50" y="50"/>
		</Size>
		<Anchors>
			<Anchor point="TOPRIGHT">
				<Offset>
					<AbsDimension x="4" y="-19"/>
				</Offset>
			</Anchor>
		</Anchors>
		<Layers>
			<Layer level="ARTWORK">
				<Texture name="TinyClockHourHand" file="Interface\AddOns\tinyClock\hourHand.tga">
					<Size><AbsDimension x="36" y="36"/></Size>
					<Anchors><Anchor point="CENTER"/></Anchors>
				</Texture>
				<Texture name="TinyClockMinuteHand" file="Interface\AddOns\tinyClock\minuteHand.tga">
					<Size><AbsDimension x="36" y="36"/></Size>
					<Anchors><Anchor point="CENTER"/></Anchors>
				</Texture>
				<Texture name="TinyClockSecondHand" file="Interface\AddOns\tinyClock\secondHand.tga">
					<Size><AbsDimension x="36" y="36"/></Size>
					<Anchors><Anchor point="CENTER"/></Anchors>
				</Texture>
			</Layer>
		</Layers>				
		<Scripts>
			<OnLoad>
				TinyClock_Load();
			</OnLoad>
			<OnUpdate>
				TinyClock_Update(arg1);
			</OnUpdate>
			<OnEvent>
				TinyClock_Event(event);
			</OnEvent>
		</Scripts>
	</Frame>
</Ui>
