<!--

	QuickLoot: easier, faster looting
		copyright 2004 by Telo

	- Automatically positions the most relevant part of the loot window under your cursor

-->

<Ui xmlns="http://www.blizzard.com/wow/ui/" xmlns:xsi="http://www.w3.org/2001/XMLSchema-instance" xsi:schemaLocation="http://www.blizzard.com/wow/ui/
..\FrameXML\UI.xsd">
	<Script file="localization.lua"/>
	<Script file="localization.de.lua"/>
	<Script file="localization.fr.lua"/>
	<Script file="QuickLoot.lua"/>
	<Frame name="QuickLootFrame" hidden="true">
		<Scripts>
			<OnLoad>
				QuickLoot_OnLoad();
			</OnLoad>
		</Scripts>
	</Frame>
</Ui>
