<!--

SKMap_DuelFrame.xml

-->
<Ui xmlns="http://www.blizzard.com/wow/ui/" xmlns:xsi="http://www.w3.org/2001/XMLSchema-instance" xsi:schemaLocation="http://www.blizzard.com/wow/ui/
	..\FrameXML\UI.xsd">

	<Button name="SKMap_OptionsButtonTemplate" inherits="UIPanelButtonTemplate" virtual="true">
		<Size>
			<AbsDimension x="80" y="22"/>
		</Size>
	</Button>



	<Button name="SKMap_DuelFrameDetailButtonTemplate" virtual="true">
		<Size>
			<AbsDimension x="500" y="10"/>
		</Size>
		<Layers>
			<Layer level="BORDER">
				<FontString name="$parentText" inherits="GameFontNormalSmall" justifyH="LEFT" wraponspaces="false">
					<Size>
						<AbsDimension x="500" y="10"/>
					</Size>
					<Anchors>
						<Anchor point="TOPLEFT">
							<Offset>
								<AbsDimension x="0" y="1"/>
							</Offset>
						</Anchor>
					</Anchors>
				</FontString>
			</Layer>
		</Layers>
	</Button>



<!-- SKMap_DuelFrameButtonTemplate
     Button Template for player list that includes the following sub strings :
       *Name, *Guild, *Level, *Race, *Class, *Win, *Lost, *Duels, *LastDuelled
-->
	<Button name="SKMap_DuelFrameButtonTemplate" virtual="true">
		<Size>
			<AbsDimension x="720" y="16" />
		</Size>

		<Layers>
			<Layer level="BORDER">
				<FontString inherits="GameFontNormalSmall" justifyH="LEFT"
				            name="$parentName">
					<Size>
						<AbsDimension x="100" y="14" />
					</Size>
					<Anchors>
						<Anchor point="TOPLEFT">
							<Offset>
								<AbsDimension x="10" y="-3" />
							</Offset>


						</Anchor>
					</Anchors>
				</FontString>

				<FontString inherits="GameFontHighlightSmall" justifyH="LEFT"
				            name="$parentGuild">
					<Size>
						<AbsDimension x="140" y="14" />
					</Size>
					<Anchors>
						<Anchor point="LEFT" relativePoint="RIGHT" relativeTo="$parentName">
							<Offset>
								<AbsDimension x="6" y="0" />
							</Offset>
						</Anchor>
					</Anchors>
				</FontString>

				<FontString inherits="GameFontHighlightSmall" justifyH="LEFT"
				            name="$parentLevel">
					<Size>
						<AbsDimension x="24" y="14" />
					</Size>
					<Anchors>
						<Anchor point="LEFT" relativePoint="RIGHT" relativeTo="$parentGuild">
							<Offset>
								<AbsDimension x="6" y="0" />
							</Offset>
						</Anchor>
					</Anchors>
				</FontString>


				<FontString inherits="GameFontHighlightSmall" justifyH="LEFT"
				            name="$parentRace">
					<Size>
						<AbsDimension x="53" y="14" />
					</Size>
					<Anchors>
						<Anchor point="LEFT" relativePoint="RIGHT" relativeTo="$parentLevel">
							<Offset>
								<AbsDimension x="4" y="0" />
							</Offset>
						</Anchor>
					</Anchors>
				</FontString>

				<FontString inherits="GameFontHighlightSmall" justifyH="LEFT"
				            name="$parentClass">
					<Size>
						<AbsDimension x="55" y="14" />
					</Size>
					<Anchors>
						<Anchor point="LEFT" relativePoint="RIGHT" relativeTo="$parentRace">
							<Offset>
								<AbsDimension x="6" y="0" />
							</Offset>
						</Anchor>
					</Anchors>
				</FontString>

				<FontString inherits="GameFontHighlightSmall" justifyH="LEFT"
				            name="$parentWin">
					<Size>
						<AbsDimension x="37" y="14" />
					</Size>
					<Anchors>
						<Anchor point="LEFT" relativePoint="RIGHT" relativeTo="$parentClass">
							<Offset>
								<AbsDimension x="6" y="0" />
							</Offset>
						</Anchor>
					</Anchors>
				</FontString>

				<FontString inherits="GameFontHighlightSmall" justifyH="LEFT"
				            name="$parentLoss">
					<Size>
						<AbsDimension x="35" y="14" />
					</Size>
					<Anchors>
						<Anchor point="LEFT" relativePoint="RIGHT" relativeTo="$parentWin">
							<Offset>
								<AbsDimension x="6" y="0" />
							</Offset>
						</Anchor>
					</Anchors>
				</FontString>

				<FontString inherits="GameFontHighlightSmall" justifyH="LEFT"
				            name="$parentDuel">
					<Size>
						<AbsDimension x="45" y="14" />
					</Size>
					<Anchors>
						<Anchor point="LEFT" relativePoint="RIGHT" relativeTo="$parentLoss">

							<Offset>
								<AbsDimension x="6" y="0" />

							</Offset>
						</Anchor>
					</Anchors>
				</FontString>

				<FontString inherits="GameFontHighlightSmall" justifyH="LEFT"
				            name="$parentLastDuel">
					<Size>
						<AbsDimension x="128" y="14" />
					</Size>
					<Anchors>
						<Anchor point="LEFT" relativePoint="RIGHT" relativeTo="$parentDuel">
							<Offset>
								<AbsDimension x="6" y="0" />
							</Offset>
						</Anchor>
					</Anchors>
				</FontString>

				<FontString inherits="GameFontHighlightSmall" justifyH="LEFT"
				            name="$parentScore">
					<Size>
						<AbsDimension x="73" y="14" />

					</Size>
					<Anchors>
						<Anchor point="LEFT" relativePoint="RIGHT" relativeTo="$parentLastDuel">
							<Offset>
								<AbsDimension x="6" y="0" />
							</Offset>
						</Anchor>
					</Anchors>
				</FontString>				

			</Layer>
		</Layers>

		<HighlightTexture alphaMode="ADD" file="Interface\QuestFrame\UI-QuestTitleHighlight">
			<Size>
				<AbsDimension x="720" y="16" />
			</Size>
			<Anchors>
				<Anchor point="TOP">
					<Offset>
						<AbsDimension x="5" y="-2" />
					</Offset>
				</Anchor>
			</Anchors>
		</HighlightTexture>

		<Scripts>
			<OnClick>
				SKMap_DuelFrame_SelectElement();
			</OnClick>
		</Scripts>
	</Button>


<!-- SKMap_DuelFrameColumnHeaderTemplate
     Button Template for list column headers
-->
	<Button name="SKMap_DuelFrameColumnHeaderTemplate" virtual="true">
		<Size>
			<AbsDimension x="10" y="24" />
		</Size>
		<Layers>
			<Layer level="BACKGROUND">
				<Texture file="Interface\FriendsFrame\WhoFrame-ColumnTabs"
				         name="$parentLeft">
					<Size>
						<AbsDimension x="5" y="24" />
					</Size>
					<Anchors>
						<Anchor point="TOPLEFT" />
					</Anchors>
					<TexCoords bottom="0.75" left="0" right="0.078125" top="0" />
				</Texture>

				<Texture file="Interface\FriendsFrame\WhoFrame-ColumnTabs"
				         name="$parentMiddle">
					<Size>
						<AbsDimension x="53" y="24" />
					</Size>
					<Anchors>
						<Anchor point="LEFT" relativePoint="RIGHT" relativeTo="$parentLeft" />
					</Anchors>
					<TexCoords bottom="0.75" left="0.078125" right="0.90625" top="0" />
				</Texture>

				<Texture file="Interface\FriendsFrame\WhoFrame-ColumnTabs"
				         name="$parentRight">
					<Size>
						<AbsDimension x="4" y="24" />
					</Size>
					<Anchors>
						<Anchor point="LEFT" relativePoint="RIGHT" relativeTo="$parentMiddle" />
					</Anchors>
					<TexCoords bottom="0.75" left="0.90625" right="0.96875" top="0" />
				</Texture>
			</Layer>
		</Layers>

		<Scripts>
			<OnClick>
				PlaySound("igMainMenuOptionCheckBoxOn");
			</OnClick>
		</Scripts>

		<NormalText inherits="GameFontHighlightSmall">
			<Anchors>
				<Anchor point="LEFT">
					<Offset>
						<AbsDimension x="8" y="0" />
					</Offset>
				</Anchor>
			</Anchors>
		</NormalText>
	</Button>



<!-- SKMap_DuelFrame
     Tab List Frame
-->
	<Frame name="SKMap_DuelFrame" setAllPoints="true" enableMouse="true" parent="SKMapFrame" hidden="true" id="2">
		<HitRectInsets>
			<AbsInset left="0" right="30" top="0" bottom="75"/>
		</HitRectInsets>
		<Layers>
			<Layer level="BACKGROUND">
				<Texture file="Interface\AddOns\SKMap\Icons\SKMap-HLeft-Separ">
					<Size>
						<AbsDimension x="256" y="16"/>
					</Size>
					<Anchors>
						<Anchor point="TOPLEFT" relativeTo="SKMap_DuelFrame" relativePoint="TOPLEFT">
							<Offset>
								<AbsDimension x="2" y="-320"/>
							</Offset>
						</Anchor>
					</Anchors>
				</Texture>

				<Texture file="Interface\AddOns\SKMap\Icons\SKMap-HRight-Separ">
					<Size>
						<AbsDimension x="512" y="16"/>
					</Size>
					<Anchors>
						<Anchor point="TOPRIGHT" relativeTo="SKMap_DuelFrame" relativePoint="TOPRIGHT">
							<Offset>
								<AbsDimension x="2" y="-320"/>
							</Offset>
						</Anchor>
					</Anchors>
				</Texture>

			</Layer>

		</Layers>



		<Frames>

<!-- SKMap_DuelFrameMainList
     Player List Frame
-->
			<Frame name="SKMap_DuelFrameMainList">
				<Size>
					<AbsDimension x="768" y="107"/>
				</Size>
				<Anchors>
					<Anchor point="TOPLEFT" relativeTo="SKMap_DuelFrame" relativePoint="TOPLEFT">
						<Offset>
							<AbsDimension x="-34" y="-34"/>
						</Offset>
					</Anchor>
				</Anchors>
				<Frames>

					<Button inherits="SKMap_DuelFrameColumnHeaderTemplate"
					        name="SKMap_DuelFrameColumnHeader1" text="SKMAP_COLUMN_NAME">
						<Anchors>
							<Anchor point="TOPLEFT" relativeTo="SKMap_DuelFrameMainList" relativePoint="TOPLEFT">
								<Offset>
									<AbsDimension x="55" y="-38" />
								</Offset>
							</Anchor>
						</Anchors>
						<Scripts>
							<OnLoad>
								SKMap_Column_SetWidth(112);
							</OnLoad>
							<OnClick>
								SKMap_DuelFrame_SortList("Name");
							</OnClick>
						</Scripts>
					</Button>

					<Button inherits="SKMap_DuelFrameColumnHeaderTemplate"
					        name="SKMap_DuelFrameColumnHeader2" text="SKMAP_COLUMN_GUILD">
						<Anchors>
							<Anchor point="LEFT" relativeTo="SKMap_DuelFrameColumnHeader1" relativePoint="RIGHT">
								<Offset>
									<AbsDimension x="-2" y="0" />
								</Offset>
							</Anchor>
						</Anchors>
						<Scripts>
							<OnLoad>
								SKMap_Column_SetWidth(148);
							</OnLoad>
							<OnClick>
								SKMap_DuelFrame_SortList("Guild");
							</OnClick>
						</Scripts>
					</Button>

					<Button inherits="SKMap_DuelFrameColumnHeaderTemplate"
					        name="SKMap_DuelFrameColumnHeader3" text="SKMAP_COLUMN_LEVEL">
						<Anchors>
							<Anchor point="LEFT" relativeTo="SKMap_DuelFrameColumnHeader2" relativePoint="RIGHT">
								<Offset>
									<AbsDimension x="-2" y="0" />
								</Offset>
							</Anchor>
						</Anchors>
						<Scripts>
							<OnLoad>
								SKMap_Column_SetWidth(31);
							</OnLoad>
							<OnClick>
								SKMap_DuelFrame_SortList("Level");
							</OnClick>
						</Scripts>
					</Button>

					<Button inherits="SKMap_DuelFrameColumnHeaderTemplate"
					        name="SKMap_DuelFrameColumnHeader4" text="SKMAP_COLUMN_RACE">
						<Anchors>
							<Anchor point="LEFT" relativeTo="SKMap_DuelFrameColumnHeader3" relativePoint="RIGHT">
								<Offset>
									<AbsDimension x="-2" y="0" />
								</Offset>
							</Anchor>
						</Anchors>
						<Scripts>
							<OnLoad>
								SKMap_Column_SetWidth(62);
							</OnLoad>
							<OnClick>
								SKMap_DuelFrame_SortList("Race");
							</OnClick>
						</Scripts>
					</Button>

					<Button inherits="SKMap_DuelFrameColumnHeaderTemplate"
					        name="SKMap_DuelFrameColumnHeader5" text="SKMAP_COLUMN_CLASS">
						<Anchors>
							<Anchor point="LEFT" relativeTo="SKMap_DuelFrameColumnHeader4" relativePoint="RIGHT">
								<Offset>
									<AbsDimension x="-2" y="0" />
								</Offset>
							</Anchor>
						</Anchors>
						<Scripts>
							<OnLoad>
								SKMap_Column_SetWidth(62);
							</OnLoad>
							<OnClick>
								SKMap_DuelFrame_SortList("Class");
							</OnClick>
						</Scripts>
					</Button>

					<Button inherits="SKMap_DuelFrameColumnHeaderTemplate"
					        name="SKMap_DuelFrameColumnHeader6" text="SKMAP_COLUMN_WIN">
						<Anchors>
							<Anchor point="LEFT" relativeTo="SKMap_DuelFrameColumnHeader5" relativePoint="RIGHT">
								<Offset>
									<AbsDimension x="-2" y="0" />
								</Offset>
							</Anchor>
						</Anchors>
						<Scripts>
							<OnLoad>
								SKMap_Column_SetWidth(42);
							</OnLoad>
							<OnClick>
								SKMap_DuelFrame_SortList("Win");
							</OnClick>
						</Scripts>
					</Button>

					<Button inherits="SKMap_DuelFrameColumnHeaderTemplate"
					        name="SKMap_DuelFrameColumnHeader7" text="SKMAP_COLUMN_LOSS">
						<Anchors>
							<Anchor point="LEFT" relativeTo="SKMap_DuelFrameColumnHeader6" relativePoint="RIGHT">
								<Offset>
									<AbsDimension x="-2" y="0" />
								</Offset>
							</Anchor>
						</Anchors>
						<Scripts>
							<OnLoad>
								SKMap_Column_SetWidth(45);
							</OnLoad>
							<OnClick>
								SKMap_DuelFrame_SortList("Loss");
							</OnClick>
						</Scripts>
					</Button>

					<Button inherits="SKMap_DuelFrameColumnHeaderTemplate"
					        name="SKMap_DuelFrameColumnHeader8" text="SKMAP_COLUMN_DUELS">
						<Anchors>
							<Anchor point="LEFT" relativeTo="SKMap_DuelFrameColumnHeader7" relativePoint="RIGHT">
								<Offset>
									<AbsDimension x="-2" y="0" />
								</Offset>
							</Anchor>
						</Anchors>
						<Scripts>
							<OnLoad>
								SKMap_Column_SetWidth(52);
							</OnLoad>
							<OnClick>
								SKMap_DuelFrame_SortList("Duel");
							</OnClick>
						</Scripts>
					</Button>

					<Button inherits="SKMap_DuelFrameColumnHeaderTemplate"
					        name="SKMap_DuelFrameColumnHeader9" text="SKMAP_COLUMN_LASTDUEL">
						<Anchors>
							<Anchor point="LEFT" relativeTo="SKMap_DuelFrameColumnHeader8" relativePoint="RIGHT">
								<Offset>
									<AbsDimension x="-2" y="0" />
								</Offset>
							</Anchor>
						</Anchors>
						<Scripts>
							<OnLoad>
								SKMap_Column_SetWidth(130);
							</OnLoad>

							<OnClick>
								SKMap_DuelFrame_SortList("LastDuel");
							</OnClick>
						</Scripts>
					</Button>

					<Button inherits="SKMap_DuelFrameColumnHeaderTemplate"
					        name="SKMap_DuelFrameColumnHeader10" text="SKMAP_COLUMN_SCORE">
						<Anchors>
							<Anchor point="LEFT" relativeTo="SKMap_DuelFrameColumnHeader9" relativePoint="RIGHT">
								<Offset>
									<AbsDimension x="-2" y="0" />
								</Offset>
							</Anchor>
						</Anchors>
						<Scripts>
							<OnLoad>
								SKMap_Column_SetWidth(75);
							</OnLoad>
							<OnClick>
								SKMap_DuelFrame_SortList("Score");
							</OnClick>
						</Scripts>
					</Button>
					
					
					<Button id="1" inherits="SKMap_DuelFrameButtonTemplate" name="SKMap_DuelFrameButton1">
						<Anchors>
							<Anchor point="TOPLEFT" relativeTo="SKMap_DuelFrameColumnHeader1">
								<Offset>
									<AbsDimension x="0" y="-32" />
								</Offset>
							</Anchor>
						</Anchors>
					</Button>

					<Button id="2" inherits="SKMap_DuelFrameButtonTemplate" name="SKMap_DuelFrameButton2">
						<Anchors>
							<Anchor point="TOPLEFT" relativePoint="BOTTOMLEFT" relativeTo="SKMap_DuelFrameButton1">
								<Offset>
									<AbsDimension x="0" y="0" />
								</Offset>
							</Anchor>
						</Anchors>
					</Button>

					<Button id="3" inherits="SKMap_DuelFrameButtonTemplate" name="SKMap_DuelFrameButton3">
						<Anchors>
							<Anchor point="TOPLEFT" relativePoint="BOTTOMLEFT" relativeTo="SKMap_DuelFrameButton2">
								<Offset>
									<AbsDimension x="0" y="0" />
								</Offset>
							</Anchor>
						</Anchors>
					</Button>

					<Button id="4" inherits="SKMap_DuelFrameButtonTemplate" name="SKMap_DuelFrameButton4">
						<Anchors>
							<Anchor point="TOPLEFT" relativePoint="BOTTOMLEFT" relativeTo="SKMap_DuelFrameButton3">
								<Offset>
									<AbsDimension x="0" y="0" />
								</Offset>
							</Anchor>
						</Anchors>
					</Button>

					<Button id="5" inherits="SKMap_DuelFrameButtonTemplate" name="SKMap_DuelFrameButton5">
						<Anchors>
							<Anchor point="TOPLEFT" relativePoint="BOTTOMLEFT" relativeTo="SKMap_DuelFrameButton4">
								<Offset>
									<AbsDimension x="0" y="0" />
								</Offset>
							</Anchor>
						</Anchors>
					</Button>

					<Button id="6" inherits="SKMap_DuelFrameButtonTemplate" name="SKMap_DuelFrameButton6">
						<Anchors>
							<Anchor point="TOPLEFT" relativePoint="BOTTOMLEFT" relativeTo="SKMap_DuelFrameButton5">
								<Offset>
									<AbsDimension x="0" y="0" />

								</Offset>
							</Anchor>
						</Anchors>
					</Button>

					<Button id="7" inherits="SKMap_DuelFrameButtonTemplate" name="SKMap_DuelFrameButton7">
						<Anchors>
							<Anchor point="TOPLEFT" relativePoint="BOTTOMLEFT" relativeTo="SKMap_DuelFrameButton6">
								<Offset>
									<AbsDimension x="0" y="0" />
								</Offset>
							</Anchor>
						</Anchors>
					</Button>

					<Button id="8" inherits="SKMap_DuelFrameButtonTemplate" name="SKMap_DuelFrameButton8">
						<Anchors>
							<Anchor point="TOPLEFT" relativePoint="BOTTOMLEFT" relativeTo="SKMap_DuelFrameButton7">
								<Offset>
									<AbsDimension x="0" y="0" />
								</Offset>
							</Anchor>
						</Anchors>
					</Button>

					<Button id="9" inherits="SKMap_DuelFrameButtonTemplate" name="SKMap_DuelFrameButton9">
						<Anchors>
							<Anchor point="TOPLEFT" relativePoint="BOTTOMLEFT" relativeTo="SKMap_DuelFrameButton8">
								<Offset>
									<AbsDimension x="0" y="0" />
								</Offset>
							</Anchor>
						</Anchors>
					</Button>

					<Button id="10" inherits="SKMap_DuelFrameButtonTemplate" name="SKMap_DuelFrameButton10">
						<Anchors>
							<Anchor point="TOPLEFT" relativePoint="BOTTOMLEFT" relativeTo="SKMap_DuelFrameButton9">
								<Offset>
									<AbsDimension x="0" y="0" />
								</Offset>
							</Anchor>
						</Anchors>
					</Button>

					<Button id="11" inherits="SKMap_DuelFrameButtonTemplate" name="SKMap_DuelFrameButton11">
						<Anchors>
							<Anchor point="TOPLEFT" relativePoint="BOTTOMLEFT" relativeTo="SKMap_DuelFrameButton10">
								<Offset>
									<AbsDimension x="0" y="0" />
								</Offset>
							</Anchor>
						</Anchors>
					</Button>

					<Button id="12" inherits="SKMap_DuelFrameButtonTemplate" name="SKMap_DuelFrameButton12">
						<Anchors>
							<Anchor point="TOPLEFT" relativePoint="BOTTOMLEFT" relativeTo="SKMap_DuelFrameButton11">
								<Offset>
									<AbsDimension x="0" y="0" />
								</Offset>
							</Anchor>
						</Anchors>
					</Button>

					<Button id="13" inherits="SKMap_DuelFrameButtonTemplate" name="SKMap_DuelFrameButton13">
						<Anchors>
							<Anchor point="TOPLEFT" relativePoint="BOTTOMLEFT" relativeTo="SKMap_DuelFrameButton12">
								<Offset>
									<AbsDimension x="0" y="0" />
								</Offset>
							</Anchor>
						</Anchors>
					</Button>

					<ScrollFrame inherits="FauxScrollFrameTemplate" name="SKMap_DuelScrollFrame">
						<Size>
							<AbsDimension x="10" y="225"  />
						</Size>
						<Anchors>
							<Anchor point="TOPRIGHT" relativePoint="BOTTOMRIGHT" relativeTo="SKMap_DuelFrameColumnHeader10">
								<Offset>
									<AbsDimension x="-24" y="-3" />
								</Offset>
							</Anchor>
						</Anchors>
						<Scripts>
							<OnVerticalScroll>

								FauxScrollFrame_OnVerticalScroll(SKM_DUELFRAME_ROWHEIGHT, SKMap_DuelFrame_UpdateList);
							</OnVerticalScroll>
						</Scripts>
					</ScrollFrame>

				</Frames>
			</Frame>


<!-- "Reset sort" button -->
			<Button name="SKMap_DuelFrame_ResetSort" inherits="SKMap_OptionsButtonTemplate" text="SKMAP_RESETSORT">
				<Anchors>
					<Anchor point="TOPRIGHT" relativeTo="SKMap_DuelFrame" relativePoint="TOPRIGHT">					
						<Offset>
							<AbsDimension x="-10" y="-45"/>
						</Offset>
					</Anchor>
				</Anchors>
				<Scripts>
					<OnClick>
						PlaySound("igMainMenuOptionCheckBoxOn");
						SKMap_DuelList_ResetSort();
					</OnClick>
				</Scripts>
			</Button>


<!-- SKMap_DuelFrameDetailElement
     Detail frame
-->
			<Frame name="SKMap_DuelFrameDetailElement">
				<Size>
					<AbsDimension x="768" y="200"/>
				</Size>
				<Anchors>
					<Anchor point="TOPLEFT" relativeTo="SKMap_DuelFrame" relativePoint="TOPLEFT"> -->
						<Offset>
							<AbsDimension x="20" y="-342"/>
						</Offset>
					</Anchor>
				</Anchors>
				<Frames>

					<Button name="SKMap_DuelFrame_EditNote" inherits="SKMap_OptionsButtonTemplate" text="SKMAP_EDITNOTE" hidden="true">
						<Size>
							<AbsDimension x="100" y="22"/>
						</Size>
						<Anchors>
							<Anchor point="TOPLEFT" relativeTo="SKMap_ListFrameDetailElement" relativePoint="TOPLEFT">
								<Offset>
									<AbsDimension x="640" y="5"/>
								</Offset>
							</Anchor>
						</Anchors>
						<Scripts>
							<OnClick>
								PlaySound("igMainMenuOptionCheckBoxOn");
								SKMap_EditNote();
							</OnClick>
						</Scripts>
					</Button>

					<Button name="SKMap_DuelFrame_ReportButton" inherits="SKMap_OptionsButtonTemplate" text="SKMAP_REPORT" hidden="true">

						<Size>
							<AbsDimension x="100" y="22"/>
						</Size>
						<Anchors>
							<Anchor point="TOPLEFT" relativeTo="SKMap_DuelFrame_EditNote" relativePoint="BOTTOMLEFT">
								<Offset>
									<AbsDimension x="0" y="-2"/>
								</Offset>
							</Anchor>
						</Anchors>
						<Scripts>
							<OnClick>
								PlaySound("igMainMenuOptionCheckBoxOn");
								SKMap_ReportButton_OnClick();
							</OnClick>
						</Scripts>
					</Button>

					<Button name="SKMap_DuelFrame_DeleteButton" inherits="SKMap_OptionsButtonTemplate" text="SKMAP_DELETE" hidden="true">
						<Size>
							<AbsDimension x="100" y="22"/>
						</Size>
						<Anchors>
							<Anchor point="TOPLEFT" relativeTo="SKMap_DuelFrame_ReportButton" relativePoint="BOTTOMLEFT">
								<Offset>
									<AbsDimension x="0" y="-20"/>
								</Offset>
							</Anchor>
						</Anchors>
						<Scripts>
							<OnClick>
								PlaySound("igMainMenuOptionCheckBoxOn");
								SKMap_DeleteDuel_OnClick();
							</OnClick>
						</Scripts>
					</Button>

					<Button id="1" inherits="SKMap_DuelFrameDetailButtonTemplate" name="SKMap_DuelFrameDetailButton1">
						<Anchors>
							<Anchor point="TOPLEFT" relativeTo="SKMap_DuelFrameDetailElement">
								<Offset>
									<AbsDimension x="30" y="0" />
								</Offset>
							</Anchor>
						</Anchors>
					</Button>

					<Button id="2" inherits="SKMap_DuelFrameDetailButtonTemplate" name="SKMap_DuelFrameDetailButton2">
						<Anchors>
							<Anchor point="TOPLEFT" relativePoint="BOTTOMLEFT" relativeTo="SKMap_DuelFrameDetailButton1">

								<Offset>
									<AbsDimension x="0" y="0" />
								</Offset>
							</Anchor>
						</Anchors>
					</Button>

					<Button id="3" inherits="SKMap_DuelFrameDetailButtonTemplate" name="SKMap_DuelFrameDetailButton3">
						<Anchors>
							<Anchor point="TOPLEFT" relativePoint="BOTTOMLEFT" relativeTo="SKMap_DuelFrameDetailButton2">
								<Offset>
									<AbsDimension x="0" y="0" />
								</Offset>
							</Anchor>
						</Anchors>
					</Button>

					<Button id="4" inherits="SKMap_DuelFrameDetailButtonTemplate" name="SKMap_DuelFrameDetailButton4">
						<Anchors>
							<Anchor point="TOPLEFT" relativePoint="BOTTOMLEFT" relativeTo="SKMap_DuelFrameDetailButton3">
								<Offset>
									<AbsDimension x="0" y="0" />
								</Offset>
							</Anchor>
						</Anchors>
					</Button>

					<Button id="5" inherits="SKMap_DuelFrameDetailButtonTemplate" name="SKMap_DuelFrameDetailButton5">
						<Anchors>
							<Anchor point="TOPLEFT" relativePoint="BOTTOMLEFT" relativeTo="SKMap_DuelFrameDetailButton4">
								<Offset>
									<AbsDimension x="0" y="0" />
								</Offset>
							</Anchor>
						</Anchors>
					</Button>

					<Button id="6" inherits="SKMap_DuelFrameDetailButtonTemplate" name="SKMap_DuelFrameDetailButton6">
						<Anchors>
							<Anchor point="TOPLEFT" relativePoint="BOTTOMLEFT" relativeTo="SKMap_DuelFrameDetailButton5">
								<Offset>
									<AbsDimension x="0" y="0" />
								</Offset>
							</Anchor>
						</Anchors>
					</Button>

					<Button id="7" inherits="SKMap_DuelFrameDetailButtonTemplate" name="SKMap_DuelFrameDetailButton7">
						<Anchors>
							<Anchor point="TOPLEFT" relativePoint="BOTTOMLEFT" relativeTo="SKMap_DuelFrameDetailButton6">
								<Offset>
									<AbsDimension x="0" y="0" />
								</Offset>
							</Anchor>
						</Anchors>
					</Button>

					<Button id="8" inherits="SKMap_DuelFrameDetailButtonTemplate" name="SKMap_DuelFrameDetailButton8">
						<Anchors>
							<Anchor point="TOPLEFT" relativePoint="BOTTOMLEFT" relativeTo="SKMap_DuelFrameDetailButton7">
								<Offset>
									<AbsDimension x="0" y="0" />
								</Offset>
							</Anchor>
						</Anchors>
					</Button>
				</Frames>

				<Scripts>
					<OnEscapePressed>
					</OnEscapePressed>
				</Scripts>
			</Frame>

		</Frames>
		<Scripts>
			<OnShow>
				SKMap_DuelFrame_Load();
			</OnShow>
			<OnEvent>
			</OnEvent>
			<OnLoad>
			</OnLoad>
		</Scripts>
	</Frame>


</Ui>
