<!--

SKMap_ListFrame.xml

-->
<Ui xmlns="http://www.blizzard.com/wow/ui/" xmlns:xsi="http://www.w3.org/2001/XMLSchema-instance" xsi:schemaLocation="http://www.blizzard.com/wow/ui/
	..\FrameXML\UI.xsd">

	<Button name="SKMap_OptionsButtonTemplate" inherits="UIPanelButtonTemplate" virtual="true">
		<Size>
			<AbsDimension x="80" y="22"/>
		</Size>
	</Button>



	<Button name="SKMap_ListFrameDetailButtonTemplate" virtual="true">
		<Size>
			<AbsDimension x="500" y="10"/>
		</Size>
		<Layers>
			<Layer level="BORDER">
				<FontString name="$parentText" inherits="GameFontNormalSmall" justifyH="LEFT" wraponspaces="false">
					<Size>
						<AbsDimension x="500" y="10"/>
					</Size>
					<Anchors>
						<Anchor point="TOPLEFT">
							<Offset>
								<AbsDimension x="0" y="1"/>
							</Offset>
						</Anchor>
					</Anchors>
				</FontString>
			</Layer>
		</Layers>
	</Button>



<!-- SKMap_ListFrameButtonTemplate
     Button Template for player list that includes the following sub strings :
       *Name, *Guild, *Level, *Race, *Class, *Kill, *Death, *Met, *LastSeen, *AtWar
-->
	<Button name="SKMap_ListFrameButtonTemplate" virtual="true">
		<Size>
			<AbsDimension x="720" y="16" />
		</Size>

		<Layers>
			<Layer level="BORDER">
				<FontString inherits="GameFontNormalSmall" justifyH="LEFT"
				            name="$parentName">
					<Size>
						<AbsDimension x="100" y="14" />
					</Size>
					<Anchors>
						<Anchor point="TOPLEFT">
							<Offset>
								<AbsDimension x="10" y="-3" />
							</Offset>
						</Anchor>
					</Anchors>
				</FontString>

				<FontString inherits="GameFontHighlightSmall" justifyH="LEFT"
				            name="$parentGuild">
					<Size>
						<AbsDimension x="140" y="14" />
					</Size>
					<Anchors>
						<Anchor point="LEFT" relativePoint="RIGHT" relativeTo="$parentName">
							<Offset>
								<AbsDimension x="6" y="0" />
							</Offset>
						</Anchor>
					</Anchors>
				</FontString>

				<FontString inherits="GameFontHighlightSmall" justifyH="LEFT"
				            name="$parentLevel">
					<Size>
						<AbsDimension x="24" y="14" />
					</Size>
					<Anchors>
						<Anchor point="LEFT" relativePoint="RIGHT" relativeTo="$parentGuild">
							<Offset>
								<AbsDimension x="6" y="0" />
							</Offset>
						</Anchor>
					</Anchors>
				</FontString>

				<FontString inherits="GameFontHighlightSmall" justifyH="LEFT"
				            name="$parentRace">
					<Size>
						<AbsDimension x="53" y="14" />
					</Size>
					<Anchors>
						<Anchor point="LEFT" relativePoint="RIGHT" relativeTo="$parentLevel">
							<Offset>
								<AbsDimension x="4" y="0" />
							</Offset>
						</Anchor>
					</Anchors>
				</FontString>

				<FontString inherits="GameFontHighlightSmall" justifyH="LEFT"
				            name="$parentClass">
					<Size>
						<AbsDimension x="55" y="14" />
					</Size>
					<Anchors>
						<Anchor point="LEFT" relativePoint="RIGHT" relativeTo="$parentRace">
							<Offset>
								<AbsDimension x="6" y="0" />
							</Offset>
						</Anchor>
					</Anchors>
				</FontString>

				<FontString inherits="GameFontHighlightSmall" justifyH="LEFT"
				            name="$parentKill">
					<Size>
						<AbsDimension x="37" y="14" />
					</Size>
					<Anchors>
						<Anchor point="LEFT" relativePoint="RIGHT" relativeTo="$parentClass">
							<Offset>
								<AbsDimension x="6" y="0" />
							</Offset>
						</Anchor>
					</Anchors>
				</FontString>

				<FontString inherits="GameFontHighlightSmall" justifyH="LEFT"
				            name="$parentDeath">
					<Size>
						<AbsDimension x="35" y="14" />
					</Size>
					<Anchors>
						<Anchor point="LEFT" relativePoint="RIGHT" relativeTo="$parentKill">
							<Offset>
								<AbsDimension x="6" y="0" />
							</Offset>
						</Anchor>
					</Anchors>
				</FontString>

				<FontString inherits="GameFontHighlightSmall" justifyH="LEFT"
				            name="$parentMet">
					<Size>
						<AbsDimension x="35" y="14" />
					</Size>
					<Anchors>
						<Anchor point="LEFT" relativePoint="RIGHT" relativeTo="$parentDeath">
							<Offset>
								<AbsDimension x="6" y="0" />
							</Offset>
						</Anchor>
					</Anchors>
				</FontString>

				<FontString inherits="GameFontHighlightSmall" justifyH="LEFT"
				            name="$parentLastSeen">
					<Size>
						<AbsDimension x="128" y="14" />
					</Size>
					<Anchors>
						<Anchor point="LEFT" relativePoint="RIGHT" relativeTo="$parentMet">
							<Offset>
								<AbsDimension x="6" y="0" />
							</Offset>
						</Anchor>
					</Anchors>
				</FontString>

				<FontString inherits="GameFontHighlightSmall" justifyH="LEFT"
				            name="$parentAtWar">
					<Size>
						<AbsDimension x="40" y="14" />
					</Size>
					<Anchors>
						<Anchor point="LEFT" relativePoint="RIGHT" relativeTo="$parentLastSeen">
							<Offset>
								<AbsDimension x="6" y="0" />
							</Offset>
						</Anchor>
					</Anchors>
				</FontString>

			</Layer>
		</Layers>

		<HighlightTexture alphaMode="ADD" file="Interface\QuestFrame\UI-QuestTitleHighlight">
			<Size>
				<AbsDimension x="720" y="16" />
			</Size>
			<Anchors>
				<Anchor point="TOP">
					<Offset>
						<AbsDimension x="5" y="-2" />
					</Offset>
				</Anchor>
			</Anchors>
		</HighlightTexture>

		<Scripts>
			<OnClick>
				SKMap_ListFrame_SelectElement();
			</OnClick>
		</Scripts>
	</Button>



<!-- SKMap_ListFrameGuildButtonTemplate
     Button Template for guild list that includes the following sub strings :
       *Name, *Members, *Kill, *Death, *Met, *LastSeen, *AtWar
-->
	<Button name="SKMap_ListFrameGuildButtonTemplate" virtual="true">
		<Size>
			<AbsDimension x="720" y="16" />
		</Size>
		<Layers>
			<Layer level="BORDER">
				<FontString inherits="GameFontNormalSmall" justifyH="LEFT"
				            name="$parentName">
					<Size>
						<AbsDimension x="160" y="14" />
					</Size>
					<Anchors>
						<Anchor point="TOPLEFT">
							<Offset>

								<AbsDimension x="10" y="-3" />
							</Offset>
						</Anchor>
					</Anchors>
				</FontString>

				<FontString inherits="GameFontHighlightSmall" justifyH="LEFT"
				            name="$parentMembers">
					<Size>
						<AbsDimension x="63" y="14" />
					</Size>
					<Anchors>
						<Anchor point="LEFT" relativePoint="RIGHT" relativeTo="$parentName">
							<Offset>
								<AbsDimension x="4" y="0" />
							</Offset>
						</Anchor>
					</Anchors>
				</FontString>

				<FontString inherits="GameFontHighlightSmall" justifyH="LEFT"
				            name="$parentKill">
					<Size>
						<AbsDimension x="67" y="14" />
					</Size>
					<Anchors>
						<Anchor point="LEFT" relativePoint="RIGHT" relativeTo="$parentMembers">
							<Offset>
								<AbsDimension x="6" y="0" />
							</Offset>
						</Anchor>
					</Anchors>
				</FontString>

				<FontString inherits="GameFontHighlightSmall" justifyH="LEFT"
				            name="$parentDeath">
					<Size>
						<AbsDimension x="62" y="14" />
					</Size>
					<Anchors>
						<Anchor point="LEFT" relativePoint="RIGHT" relativeTo="$parentKill">
							<Offset>
								<AbsDimension x="6" y="0" />
							</Offset>
						</Anchor>
					</Anchors>
				</FontString>

				<FontString inherits="GameFontHighlightSmall" justifyH="LEFT"
				            name="$parentMet">
					<Size>
						<AbsDimension x="62" y="14" />
					</Size>
					<Anchors>
						<Anchor point="LEFT" relativePoint="RIGHT" relativeTo="$parentDeath">
							<Offset>
								<AbsDimension x="6" y="0" />
							</Offset>
						</Anchor>
					</Anchors>
				</FontString>

				<FontString inherits="GameFontHighlightSmall" justifyH="LEFT"
				            name="$parentLastSeen">
					<Size>
						<AbsDimension x="128" y="14" />
					</Size>
					<Anchors>
						<Anchor point="LEFT" relativePoint="RIGHT" relativeTo="$parentMet">
							<Offset>
								<AbsDimension x="6" y="0" />
							</Offset>
						</Anchor>
					</Anchors>
				</FontString>

				<FontString inherits="GameFontHighlightSmall" justifyH="LEFT"
				            name="$parentAtWar">
					<Size>
						<AbsDimension x="40" y="14" />
					</Size>
					<Anchors>
						<Anchor point="LEFT" relativePoint="RIGHT" relativeTo="$parentLastSeen">
							<Offset>
								<AbsDimension x="6" y="0" />
							</Offset>
						</Anchor>
					</Anchors>
				</FontString>

			</Layer>
		</Layers>

		<HighlightTexture alphaMode="ADD" file="Interface\QuestFrame\UI-QuestTitleHighlight">
			<Size>
				<AbsDimension x="720" y="16" />
			</Size>
			<Anchors>
				<Anchor point="TOP">
					<Offset>
						<AbsDimension x="5" y="-2" />
					</Offset>
				</Anchor>
			</Anchors>
		</HighlightTexture>
		<Scripts>
			<OnClick>
				SKMap_ListFrame_SelectGuild();
			</OnClick>
		</Scripts>
	</Button>



<!-- SKMap_ListFrameColumnHeaderTemplate
     Button Template for list column headers
-->
	<Button name="SKMap_ListFrameColumnHeaderTemplate" virtual="true">
		<Size>
			<AbsDimension x="10" y="24" />
		</Size>
		<Layers>
			<Layer level="BACKGROUND">
				<Texture file="Interface\FriendsFrame\WhoFrame-ColumnTabs"
				         name="$parentLeft">
					<Size>
						<AbsDimension x="5" y="24" />
					</Size>
					<Anchors>
						<Anchor point="TOPLEFT" />
					</Anchors>
					<TexCoords bottom="0.75" left="0" right="0.078125" top="0" />
				</Texture>

				<Texture file="Interface\FriendsFrame\WhoFrame-ColumnTabs"
				         name="$parentMiddle">
					<Size>
						<AbsDimension x="53" y="24" />
					</Size>
					<Anchors>
						<Anchor point="LEFT" relativePoint="RIGHT" relativeTo="$parentLeft" />
					</Anchors>
					<TexCoords bottom="0.75" left="0.078125" right="0.90625" top="0" />
				</Texture>

				<Texture file="Interface\FriendsFrame\WhoFrame-ColumnTabs"
				         name="$parentRight">
					<Size>
						<AbsDimension x="4" y="24" />
					</Size>
					<Anchors>
						<Anchor point="LEFT" relativePoint="RIGHT" relativeTo="$parentMiddle" />
					</Anchors>
					<TexCoords bottom="0.75" left="0.90625" right="0.96875" top="0" />
				</Texture>
			</Layer>
		</Layers>

		<Scripts>
			<OnClick>
				PlaySound("igMainMenuOptionCheckBoxOn");
			</OnClick>
		</Scripts>

		<NormalText inherits="GameFontHighlightSmall">
			<Anchors>
				<Anchor point="LEFT">
					<Offset>
						<AbsDimension x="8" y="0" />
					</Offset>
				</Anchor>
			</Anchors>
		</NormalText>
	</Button>



<!-- SKMap_ListFrame
     Tab List Frame
-->
	<Frame name="SKMap_ListFrame" setAllPoints="true" enableMouse="true" parent="SKMapFrame" hidden="true" id="1">
		<HitRectInsets>
			<AbsInset left="0" right="30" top="0" bottom="75"/>
		</HitRectInsets>
		<Layers>
			<Layer level="BACKGROUND">
				<Texture file="Interface\AddOns\SKMap\Icons\SKMap-HLeft-Separ">
					<Size>
						<AbsDimension x="256" y="16"/>
					</Size>
					<Anchors>
						<Anchor point="TOPLEFT" relativeTo="SKMap_ListFrame" relativePoint="TOPLEFT">
							<Offset>
								<AbsDimension x="2" y="-320"/>
							</Offset>
						</Anchor>
					</Anchors>
				</Texture>

				<Texture file="Interface\AddOns\SKMap\Icons\SKMap-HRight-Separ">
					<Size>
						<AbsDimension x="512" y="16"/>
					</Size>
					<Anchors>
						<Anchor point="TOPRIGHT" relativeTo="SKMap_ListFrame" relativePoint="TOPRIGHT">
							<Offset>
								<AbsDimension x="2" y="-320"/>
							</Offset>
						</Anchor>
					</Anchors>
				</Texture>

			</Layer>

		</Layers>


		<Frames>

<!-- SKMap_ListFrameMainList
     Player List Frame
-->
			<Frame name="SKMap_ListFrameMainList">
				<Size>
					<AbsDimension x="768" y="107"/>
				</Size>
				<Anchors>
					<Anchor point="TOPLEFT" relativeTo="SKMap_ListFrame" relativePoint="TOPLEFT">
						<Offset>
							<AbsDimension x="-34" y="-34"/>
						</Offset>
					</Anchor>
				</Anchors>
				<Frames>

					<Button inherits="SKMap_ListFrameColumnHeaderTemplate"
					        name="SKMap_ListFrameColumnHeader1" text="SKMAP_COLUMN_NAME">
						<Anchors>
							<Anchor point="TOPLEFT" relativeTo="SKMap_ListFrameMainList" relativePoint="TOPLEFT">
								<Offset>
									<AbsDimension x="55" y="-38" />
								</Offset>
							</Anchor>
						</Anchors>
						<Scripts>
							<OnLoad>
								SKMap_Column_SetWidth(112);
							</OnLoad>
							<OnClick>
								SKMap_ListFrame_SortList("Name");
							</OnClick>
						</Scripts>
					</Button>

					<Button inherits="SKMap_ListFrameColumnHeaderTemplate"
					        name="SKMap_ListFrameColumnHeader2" text="SKMAP_COLUMN_GUILD">
						<Anchors>
							<Anchor point="LEFT" relativeTo="SKMap_ListFrameColumnHeader1" relativePoint="RIGHT">
								<Offset>
									<AbsDimension x="-2" y="0" />
								</Offset>
							</Anchor>
						</Anchors>
						<Scripts>
							<OnLoad>
								SKMap_Column_SetWidth(148);
							</OnLoad>
							<OnClick>
								SKMap_ListFrame_SortList("Guild");
							</OnClick>
						</Scripts>
					</Button>

					<Button inherits="SKMap_ListFrameColumnHeaderTemplate"
					        name="SKMap_ListFrameColumnHeader3" text="SKMAP_COLUMN_LEVEL">
						<Anchors>
							<Anchor point="LEFT" relativeTo="SKMap_ListFrameColumnHeader2" relativePoint="RIGHT">
								<Offset>
									<AbsDimension x="-2" y="0" />
								</Offset>
							</Anchor>
						</Anchors>
						<Scripts>
							<OnLoad>
								SKMap_Column_SetWidth(31);
							</OnLoad>
							<OnClick>
								SKMap_ListFrame_SortList("Level");
							</OnClick>
						</Scripts>
					</Button>

					<Button inherits="SKMap_ListFrameColumnHeaderTemplate"
					        name="SKMap_ListFrameColumnHeader4" text="SKMAP_COLUMN_RACE">
						<Anchors>
							<Anchor point="LEFT" relativeTo="SKMap_ListFrameColumnHeader3" relativePoint="RIGHT">
								<Offset>
									<AbsDimension x="-2" y="0" />
								</Offset>
							</Anchor>
						</Anchors>
						<Scripts>
							<OnLoad>
								SKMap_Column_SetWidth(62);
							</OnLoad>
							<OnClick>
								SKMap_ListFrame_SortList("Race");
							</OnClick>
						</Scripts>
					</Button>

					<Button inherits="SKMap_ListFrameColumnHeaderTemplate"
					        name="SKMap_ListFrameColumnHeader5" text="SKMAP_COLUMN_CLASS">
						<Anchors>
							<Anchor point="LEFT" relativeTo="SKMap_ListFrameColumnHeader4" relativePoint="RIGHT">
								<Offset>
									<AbsDimension x="-2" y="0" />
								</Offset>
							</Anchor>
						</Anchors>
						<Scripts>
							<OnLoad>
								SKMap_Column_SetWidth(62);
							</OnLoad>
							<OnClick>
								SKMap_ListFrame_SortList("Class");
							</OnClick>
						</Scripts>
					</Button>

					<Button inherits="SKMap_ListFrameColumnHeaderTemplate"
					        name="SKMap_ListFrameColumnHeader6" text="SKMAP_COLUMN_KILL">
						<Anchors>
							<Anchor point="LEFT" relativeTo="SKMap_ListFrameColumnHeader5" relativePoint="RIGHT">
								<Offset>
									<AbsDimension x="-2" y="0" />
								</Offset>
							</Anchor>
						</Anchors>
						<Scripts>
							<OnLoad>
								SKMap_Column_SetWidth(42);
							</OnLoad>
							<OnClick>
								SKMap_ListFrame_SortList("Kill");
							</OnClick>
						</Scripts>
					</Button>

					<Button inherits="SKMap_ListFrameColumnHeaderTemplate"
					        name="SKMap_ListFrameColumnHeader7" text="SKMAP_COLUMN_DEATH">
						<Anchors>
							<Anchor point="LEFT" relativeTo="SKMap_ListFrameColumnHeader6" relativePoint="RIGHT">
								<Offset>
									<AbsDimension x="-2" y="0" />
								</Offset>
							</Anchor>
						</Anchors>
						<Scripts>
							<OnLoad>
								SKMap_Column_SetWidth(45);
							</OnLoad>
							<OnClick>
								SKMap_ListFrame_SortList("Death");
							</OnClick>
						</Scripts>
					</Button>

					<Button inherits="SKMap_ListFrameColumnHeaderTemplate"
					        name="SKMap_ListFrameColumnHeader8" text="SKMAP_COLUMN_MET">
						<Anchors>
							<Anchor point="LEFT" relativeTo="SKMap_ListFrameColumnHeader7" relativePoint="RIGHT">
								<Offset>
									<AbsDimension x="-2" y="0" />
								</Offset>
							</Anchor>
						</Anchors>
						<Scripts>
							<OnLoad>
								SKMap_Column_SetWidth(42);
							</OnLoad>
							<OnClick>
								SKMap_ListFrame_SortList("Met");
							</OnClick>
						</Scripts>
					</Button>

					<Button inherits="SKMap_ListFrameColumnHeaderTemplate"
					        name="SKMap_ListFrameColumnHeader9" text="SKMAP_COLUMN_LASTSEEN">
						<Anchors>
							<Anchor point="LEFT" relativeTo="SKMap_ListFrameColumnHeader8" relativePoint="RIGHT">
								<Offset>
									<AbsDimension x="-2" y="0" />
								</Offset>
							</Anchor>
						</Anchors>
						<Scripts>
							<OnLoad>
								SKMap_Column_SetWidth(130);
							</OnLoad>
							<OnClick>
								SKMap_ListFrame_SortList("LastSeen");
							</OnClick>
						</Scripts>
					</Button>

					<Button inherits="SKMap_ListFrameColumnHeaderTemplate"
					        name="SKMap_ListFrameColumnHeader10" text="SKMAP_COLUMN_ATWAR">
						<Anchors>
							<Anchor point="LEFT" relativeTo="SKMap_ListFrameColumnHeader9" relativePoint="RIGHT">
								<Offset>
									<AbsDimension x="-2" y="0" />
								</Offset>
							</Anchor>
						</Anchors>
						<Scripts>
							<OnLoad>
								SKMap_Column_SetWidth(85);
							</OnLoad>
							<OnClick>
								SKMap_ListFrame_SortList("AtWar");
							</OnClick>
						</Scripts>
					</Button>

					<Button id="1" inherits="SKMap_ListFrameButtonTemplate" name="SKMap_ListFrameButton1">
						<Anchors>
							<Anchor point="TOPLEFT" relativeTo="SKMap_ListFrameColumnHeader1">
								<Offset>
									<AbsDimension x="0" y="-32" />
								</Offset>
							</Anchor>
						</Anchors>
					</Button>

					<Button id="2" inherits="SKMap_ListFrameButtonTemplate" name="SKMap_ListFrameButton2">
						<Anchors>
							<Anchor point="TOPLEFT" relativePoint="BOTTOMLEFT" relativeTo="SKMap_ListFrameButton1">
								<Offset>
									<AbsDimension x="0" y="0" />
								</Offset>
							</Anchor>
						</Anchors>
					</Button>

					<Button id="3" inherits="SKMap_ListFrameButtonTemplate" name="SKMap_ListFrameButton3">
						<Anchors>
							<Anchor point="TOPLEFT" relativePoint="BOTTOMLEFT" relativeTo="SKMap_ListFrameButton2">
								<Offset>
									<AbsDimension x="0" y="0" />
								</Offset>
							</Anchor>
						</Anchors>
					</Button>

					<Button id="4" inherits="SKMap_ListFrameButtonTemplate" name="SKMap_ListFrameButton4">
						<Anchors>
							<Anchor point="TOPLEFT" relativePoint="BOTTOMLEFT" relativeTo="SKMap_ListFrameButton3">
								<Offset>
									<AbsDimension x="0" y="0" />
								</Offset>
							</Anchor>
						</Anchors>
					</Button>

					<Button id="5" inherits="SKMap_ListFrameButtonTemplate" name="SKMap_ListFrameButton5">
						<Anchors>
							<Anchor point="TOPLEFT" relativePoint="BOTTOMLEFT" relativeTo="SKMap_ListFrameButton4">
								<Offset>
									<AbsDimension x="0" y="0" />
								</Offset>
							</Anchor>
						</Anchors>
					</Button>

					<Button id="6" inherits="SKMap_ListFrameButtonTemplate" name="SKMap_ListFrameButton6">
						<Anchors>
							<Anchor point="TOPLEFT" relativePoint="BOTTOMLEFT" relativeTo="SKMap_ListFrameButton5">
								<Offset>
									<AbsDimension x="0" y="0" />
								</Offset>
							</Anchor>
						</Anchors>
					</Button>

					<Button id="7" inherits="SKMap_ListFrameButtonTemplate" name="SKMap_ListFrameButton7">
						<Anchors>
							<Anchor point="TOPLEFT" relativePoint="BOTTOMLEFT" relativeTo="SKMap_ListFrameButton6">
								<Offset>
									<AbsDimension x="0" y="0" />
								</Offset>
							</Anchor>
						</Anchors>
					</Button>

					<Button id="8" inherits="SKMap_ListFrameButtonTemplate" name="SKMap_ListFrameButton8">
						<Anchors>
							<Anchor point="TOPLEFT" relativePoint="BOTTOMLEFT" relativeTo="SKMap_ListFrameButton7">
								<Offset>
									<AbsDimension x="0" y="0" />
								</Offset>
							</Anchor>
						</Anchors>
					</Button>

					<Button id="9" inherits="SKMap_ListFrameButtonTemplate" name="SKMap_ListFrameButton9">
						<Anchors>
							<Anchor point="TOPLEFT" relativePoint="BOTTOMLEFT" relativeTo="SKMap_ListFrameButton8">
								<Offset>
									<AbsDimension x="0" y="0" />
								</Offset>
							</Anchor>
						</Anchors>
					</Button>

					<Button id="10" inherits="SKMap_ListFrameButtonTemplate" name="SKMap_ListFrameButton10">
						<Anchors>
							<Anchor point="TOPLEFT" relativePoint="BOTTOMLEFT" relativeTo="SKMap_ListFrameButton9">
								<Offset>
									<AbsDimension x="0" y="0" />
								</Offset>
							</Anchor>
						</Anchors>
					</Button>

					<Button id="11" inherits="SKMap_ListFrameButtonTemplate" name="SKMap_ListFrameButton11">
						<Anchors>
							<Anchor point="TOPLEFT" relativePoint="BOTTOMLEFT" relativeTo="SKMap_ListFrameButton10">
								<Offset>
									<AbsDimension x="0" y="0" />
								</Offset>
							</Anchor>
						</Anchors>
					</Button>

					<Button id="12" inherits="SKMap_ListFrameButtonTemplate" name="SKMap_ListFrameButton12">
						<Anchors>
							<Anchor point="TOPLEFT" relativePoint="BOTTOMLEFT" relativeTo="SKMap_ListFrameButton11">
								<Offset>
									<AbsDimension x="0" y="0" />
								</Offset>
							</Anchor>
						</Anchors>
					</Button>

					<Button id="13" inherits="SKMap_ListFrameButtonTemplate" name="SKMap_ListFrameButton13">
						<Anchors>
							<Anchor point="TOPLEFT" relativePoint="BOTTOMLEFT" relativeTo="SKMap_ListFrameButton12">
								<Offset>
									<AbsDimension x="0" y="0" />
								</Offset>
							</Anchor>
						</Anchors>
					</Button>

					<ScrollFrame inherits="FauxScrollFrameTemplate" name="SKMap_ListScrollFrame">
						<Size>
							<AbsDimension x="10" y="225"  />
						</Size>
						<Anchors>
							<Anchor point="TOPRIGHT" relativePoint="BOTTOMRIGHT" relativeTo="SKMap_ListFrameColumnHeader10">
								<Offset>
									<AbsDimension x="-24" y="-3" />
								</Offset>
							</Anchor>
						</Anchors>
						<Scripts>
							<OnVerticalScroll>
								FauxScrollFrame_OnVerticalScroll(SKM_LISTFRAME_ROWHEIGHT, SKMap_ListFrame_UpdateList);
							</OnVerticalScroll>
						</Scripts>
					</ScrollFrame>

				</Frames>
			</Frame>


<!-- SKMap_ListFrameGuildList
     Guild List Frame
-->
			<Frame name="SKMap_ListFrameGuildList" hidden="true">
				<Size>
					<AbsDimension x="768" y="107"/>
				</Size>
				<Anchors>
					<Anchor point="TOPLEFT" relativeTo="SKMap_ListFrame" relativePoint="TOPLEFT"> -->
						<Offset>
							<AbsDimension x="-34" y="-34"/>
						</Offset>
					</Anchor>
				</Anchors>
				<Frames>

					<Button inherits="SKMap_ListFrameColumnHeaderTemplate"
					        name="SKMap_ListFrameGuildColumnHeader1" text="SKMAP_COLUMN_NAME">
						<Anchors>
							<Anchor point="TOPLEFT" relativeTo="SKMap_ListFrameGuildList" relativePoint="TOPLEFT">
								<Offset>
									<AbsDimension x="55" y="-38" />
								</Offset>
							</Anchor>
						</Anchors>
						<Scripts>
							<OnLoad>
								SKMap_Column_SetWidth(168);
							</OnLoad>
							<OnClick>
								SKMap_ListFrame_SortGuildList("Name");
							</OnClick>
						</Scripts>
					</Button>

					<Button inherits="SKMap_ListFrameColumnHeaderTemplate"
					        name="SKMap_ListFrameGuildColumnHeader2" text="SKMAP_COLUMN_MEMBERS">
						<Anchors>
							<Anchor point="LEFT" relativeTo="SKMap_ListFrameGuildColumnHeader1" relativePoint="RIGHT">
								<Offset>
									<AbsDimension x="-2" y="0" />
								</Offset>
							</Anchor>
						</Anchors>
						<Scripts>
							<OnLoad>
								SKMap_Column_SetWidth(72);
							</OnLoad>
							<OnClick>
								SKMap_ListFrame_SortGuildList("Members");
							</OnClick>
						</Scripts>
					</Button>

					<Button inherits="SKMap_ListFrameColumnHeaderTemplate"
					        name="SKMap_ListFrameGuildColumnHeader3" text="SKMAP_COLUMN_KILL">
						<Anchors>
							<Anchor point="LEFT" relativeTo="SKMap_ListFrameGuildColumnHeader2" relativePoint="RIGHT">
								<Offset>
									<AbsDimension x="-2" y="0" />
								</Offset>
							</Anchor>
						</Anchors>
						<Scripts>
							<OnLoad>
								SKMap_Column_SetWidth(72);
							</OnLoad>
							<OnClick>
								SKMap_ListFrame_SortGuildList("Kill");
							</OnClick>
						</Scripts>
					</Button>

					<Button inherits="SKMap_ListFrameColumnHeaderTemplate"
					        name="SKMap_ListFrameGuildColumnHeader4" text="SKMAP_COLUMN_DEATH">
						<Anchors>
							<Anchor point="LEFT" relativeTo="SKMap_ListFrameGuildColumnHeader3" relativePoint="RIGHT">
								<Offset>
									<AbsDimension x="-2" y="0" />
								</Offset>
							</Anchor>
						</Anchors>
						<Scripts>
							<OnLoad>
								SKMap_Column_SetWidth(72);
							</OnLoad>
							<OnClick>
								SKMap_ListFrame_SortGuildList("Death");
							</OnClick>
						</Scripts>
					</Button>

					<Button inherits="SKMap_ListFrameColumnHeaderTemplate"
					        name="SKMap_ListFrameGuildColumnHeader5" text="SKMAP_COLUMN_MET">
						<Anchors>
							<Anchor point="LEFT" relativeTo="SKMap_ListFrameGuildColumnHeader4" relativePoint="RIGHT">
								<Offset>
									<AbsDimension x="-2" y="0" />
								</Offset>
							</Anchor>
						</Anchors>
						<Scripts>
							<OnLoad>
								SKMap_Column_SetWidth(72);
							</OnLoad>
							<OnClick>
								SKMap_ListFrame_SortGuildList("Met");
							</OnClick>
						</Scripts>
					</Button>

					<Button inherits="SKMap_ListFrameColumnHeaderTemplate"
					        name="SKMap_ListFrameGuildColumnHeader6" text="SKMAP_COLUMN_LASTSEEN">
						<Anchors>
							<Anchor point="LEFT" relativeTo="SKMap_ListFrameGuildColumnHeader5" relativePoint="RIGHT">
								<Offset>
									<AbsDimension x="-2" y="0" />
								</Offset>
							</Anchor>
						</Anchors>
						<Scripts>
							<OnLoad>
								SKMap_Column_SetWidth(130);
							</OnLoad>
							<OnClick>
								SKMap_ListFrame_SortGuildList("LastSeen");
							</OnClick>
						</Scripts>
					</Button>

					<Button inherits="SKMap_ListFrameColumnHeaderTemplate"
					        name="SKMap_ListFrameGuildColumnHeader7" text="SKMAP_COLUMN_ATWAR">
						<Anchors>
							<Anchor point="LEFT" relativeTo="SKMap_ListFrameGuildColumnHeader6" relativePoint="RIGHT">
								<Offset>
									<AbsDimension x="-2" y="0" />
								</Offset>
							</Anchor>
						</Anchors>
						<Scripts>
							<OnLoad>
								SKMap_Column_SetWidth(167);
							</OnLoad>
							<OnClick>
								SKMap_ListFrame_SortGuildList("AtWar");
							</OnClick>
						</Scripts>
					</Button>

					<Button id="1" inherits="SKMap_ListFrameGuildButtonTemplate" name="SKMap_ListFrameGuildButton1">
						<Anchors>
							<Anchor point="TOPLEFT" relativeTo="SKMap_ListFrameGuildColumnHeader1">
								<Offset>
									<AbsDimension x="0" y="-32" />
								</Offset>
							</Anchor>
						</Anchors>
					</Button>

					<Button id="2" inherits="SKMap_ListFrameGuildButtonTemplate" name="SKMap_ListFrameGuildButton2">
						<Anchors>
							<Anchor point="TOPLEFT" relativePoint="BOTTOMLEFT" relativeTo="SKMap_ListFrameGuildButton1">
								<Offset>
									<AbsDimension x="0" y="0" />
								</Offset>
							</Anchor>
						</Anchors>
					</Button>

					<Button id="3" inherits="SKMap_ListFrameGuildButtonTemplate" name="SKMap_ListFrameGuildButton3">
						<Anchors>
							<Anchor point="TOPLEFT" relativePoint="BOTTOMLEFT" relativeTo="SKMap_ListFrameGuildButton2">
								<Offset>
									<AbsDimension x="0" y="0" />
								</Offset>
							</Anchor>
						</Anchors>
					</Button>

					<Button id="4" inherits="SKMap_ListFrameGuildButtonTemplate" name="SKMap_ListFrameGuildButton4">
						<Anchors>
							<Anchor point="TOPLEFT" relativePoint="BOTTOMLEFT" relativeTo="SKMap_ListFrameGuildButton3">
								<Offset>
									<AbsDimension x="0" y="0" />
								</Offset>
							</Anchor>
						</Anchors>
					</Button>

					<Button id="5" inherits="SKMap_ListFrameGuildButtonTemplate" name="SKMap_ListFrameGuildButton5">
						<Anchors>
							<Anchor point="TOPLEFT" relativePoint="BOTTOMLEFT" relativeTo="SKMap_ListFrameGuildButton4">
								<Offset>
									<AbsDimension x="0" y="0" />
								</Offset>
							</Anchor>
						</Anchors>
					</Button>

					<Button id="6" inherits="SKMap_ListFrameGuildButtonTemplate" name="SKMap_ListFrameGuildButton6">
						<Anchors>
							<Anchor point="TOPLEFT" relativePoint="BOTTOMLEFT" relativeTo="SKMap_ListFrameGuildButton5">
								<Offset>
									<AbsDimension x="0" y="0" />
								</Offset>
							</Anchor>
						</Anchors>
					</Button>

					<Button id="7" inherits="SKMap_ListFrameGuildButtonTemplate" name="SKMap_ListFrameGuildButton7">
						<Anchors>
							<Anchor point="TOPLEFT" relativePoint="BOTTOMLEFT" relativeTo="SKMap_ListFrameGuildButton6">
								<Offset>
									<AbsDimension x="0" y="0" />
								</Offset>
							</Anchor>
						</Anchors>
					</Button>

					<Button id="8" inherits="SKMap_ListFrameGuildButtonTemplate" name="SKMap_ListFrameGuildButton8">
						<Anchors>
							<Anchor point="TOPLEFT" relativePoint="BOTTOMLEFT" relativeTo="SKMap_ListFrameGuildButton7">
								<Offset>
									<AbsDimension x="0" y="0" />
								</Offset>
							</Anchor>
						</Anchors>
					</Button>

					<Button id="9" inherits="SKMap_ListFrameGuildButtonTemplate" name="SKMap_ListFrameGuildButton9">
						<Anchors>
							<Anchor point="TOPLEFT" relativePoint="BOTTOMLEFT" relativeTo="SKMap_ListFrameGuildButton8">
								<Offset>

									<AbsDimension x="0" y="0" />
								</Offset>
							</Anchor>
						</Anchors>
					</Button>

					<Button id="10" inherits="SKMap_ListFrameGuildButtonTemplate" name="SKMap_ListFrameGuildButton10">
						<Anchors>
							<Anchor point="TOPLEFT" relativePoint="BOTTOMLEFT" relativeTo="SKMap_ListFrameGuildButton9">
								<Offset>
									<AbsDimension x="0" y="0" />
								</Offset>
							</Anchor>
						</Anchors>
					</Button>

					<Button id="11" inherits="SKMap_ListFrameGuildButtonTemplate" name="SKMap_ListFrameGuildButton11">

						<Anchors>
							<Anchor point="TOPLEFT" relativePoint="BOTTOMLEFT" relativeTo="SKMap_ListFrameGuildButton10">
								<Offset>
									<AbsDimension x="0" y="0" />
								</Offset>
							</Anchor>
						</Anchors>
					</Button>

					<Button id="12" inherits="SKMap_ListFrameGuildButtonTemplate" name="SKMap_ListFrameGuildButton12">
						<Anchors>
							<Anchor point="TOPLEFT" relativePoint="BOTTOMLEFT" relativeTo="SKMap_ListFrameGuildButton11">
								<Offset>
									<AbsDimension x="0" y="0" />
								</Offset>
							</Anchor>
						</Anchors>
					</Button>

					<Button id="13" inherits="SKMap_ListFrameGuildButtonTemplate" name="SKMap_ListFrameGuildButton13">
						<Anchors>
							<Anchor point="TOPLEFT" relativePoint="BOTTOMLEFT" relativeTo="SKMap_ListFrameGuildButton12">
								<Offset>
									<AbsDimension x="0" y="0" />
								</Offset>
							</Anchor>
						</Anchors>
					</Button>

					<ScrollFrame inherits="FauxScrollFrameTemplate" name="SKMap_ListGuildScrollFrame">
						<Size>
							<AbsDimension x="10" y="225"  />
						</Size>
						<Anchors>
							<Anchor point="TOPRIGHT" relativePoint="BOTTOMRIGHT" relativeTo="SKMap_ListFrameGuildColumnHeader7">
								<Offset>
									<AbsDimension x="-24" y="-3" />
								</Offset>
							</Anchor>
						</Anchors>
						<Scripts>
							<OnVerticalScroll>
								FauxScrollFrame_OnVerticalScroll(SKM_LISTFRAME_ROWHEIGHT, SKMap_ListFrame_UpdateGuildList);
							</OnVerticalScroll>
						</Scripts>
					</ScrollFrame>

				</Frames>
			</Frame>

<!-- SKMap_ListFrame_ToggleButton
     Toggle player/guild list
-->
			<Button name="SKMap_ListFrame_ToggleButton" inherits="SKMap_OptionsButtonTemplate" text="SKMAP_GUILDS">
				<Anchors>
					<Anchor point="TOPLEFT" relativeTo="SKMap_ListFrame" relativePoint="TOPLEFT">
						<Offset>
							<AbsDimension x="80" y="-45"/>
						</Offset>
					</Anchor>
				</Anchors>
				<Scripts>
					<OnClick>
						PlaySound("igMainMenuOptionCheckBoxOn");
						SKMap_ListFrame_ToggleLists();
					</OnClick>
				</Scripts>
			</Button>

			<CheckButton name="SKMap_ListFrameCheckButton1" inherits="OptionsCheckButtonTemplate" text="SKMAP_FILTER_NOWAR">
				<Size>
					<AbsDimension x="20" y="20"/>
				</Size>
				<Anchors>
					<Anchor point="TOPLEFT" relativeTo="SKMap_ListFrame" relativePoint="TOPLEFT">
						<Offset>
							<AbsDimension x="200" y="-45"/>
						</Offset>
					</Anchor>
				</Anchors>
				<Scripts>
					<OnClick>
						PlaySound("igMainMenuOptionCheckBoxOn");
						SKMap_ListFrame_Filter();
					</OnClick>
				</Scripts>
			</CheckButton>

<!-- "Reset sort" button -->
			<Button name="SKMap_ListFrame_ResetSort" inherits="SKMap_OptionsButtonTemplate" text="SKMAP_RESETSORT">
				<Anchors>
					<Anchor point="TOPRIGHT" relativeTo="SKMap_ListFrame" relativePoint="TOPRIGHT">
						<Offset>
							<AbsDimension x="-10" y="-45"/>
						</Offset>
					</Anchor>
				</Anchors>
				<Scripts>
					<OnClick>
						PlaySound("igMainMenuOptionCheckBoxOn");
						SKMap_EnemyList_ResetSort();
					</OnClick>
				</Scripts>
			</Button>

<!-- "Update" button -->
			<Button name="SKMap_ListFrame_UpdateListButton" inherits="SKMap_OptionsButtonTemplate" text="SKMAP_UPDATELIST">
				<Anchors>
					<Anchor point="TOPRIGHT" relativeTo="SKMap_ListFrame_ResetSort" relativePoint="TOPLEFT">
						<Offset>
							<AbsDimension x="-20" y="0"/>
						</Offset>
					</Anchor>
				</Anchors>
				<Scripts>
					<OnClick>
						PlaySound("igMainMenuOptionCheckBoxOn");
						SKMap_ListFrame_UpdateListButtonClick();

					</OnClick>
				</Scripts>
			</Button>


<!-- SKMap_ListFrameDetailElement
     Detail frame
-->
			<Frame name="SKMap_ListFrameDetailElement">
				<Size>
					<AbsDimension x="768" y="200"/>

				</Size>
				<Anchors>
					<Anchor point="TOPLEFT" relativeTo="SKMap_ListFrame" relativePoint="TOPLEFT"> -->
						<Offset>
							<AbsDimension x="20" y="-342"/>
						</Offset>
					</Anchor>

				</Anchors>

				<Frames>

					<Button name="SKMap_ListFrameWarButton" toplevel="true" frameStata="HIGH" hidden="true">
						<Size>
							<AbsDimension x="24" y="24"/>
						</Size>
						<Anchors>
							<Anchor point="TOPLEFT" relativeTo="SKMap_ListFrameDetailElement" relativePoint="TOPLEFT">
								<Offset>
									<AbsDimension x="5" y="5"/>
								</Offset>
							</Anchor>
						</Anchors>
						<Scripts>
							<OnLoad>
								this:SetFrameLevel(this:GetFrameLevel() + 1);
							</OnLoad>
							<OnClick>
								SKMap_ListDetail_SetWar();
							</OnClick>
						</Scripts>
						<NormalTexture   file="Interface\AddOns\SKMap\Icons\SKMapPvPWarButtonUp"/>
						<PushedTexture   file="Interface\AddOns\SKMap\Icons\SKMapPvPWarButtonDown"/>
						<DisabledTexture file="Interface\AddOns\SKMap\Icons\SKMapPvPWarButtonDisabled"/>
					</Button>

					<Button name="SKMap_ListFrameTruceButton" toplevel="true" frameStata="HIGH"  hidden="true">
						<Size>
							<AbsDimension x="24" y="24"/>
						</Size>
						<Anchors>
							<Anchor point="TOPLEFT" relativeTo="SKMap_ListFrameDetailElement" relativePoint="TOPLEFT">
								<Offset>
									<AbsDimension x="5" y="5"/>
								</Offset>
							</Anchor>
						</Anchors>
						<Scripts>
							<OnLoad>
								this:SetFrameLevel(this:GetFrameLevel() + 1);
							</OnLoad>
							<OnClick>
								SKMap_ListDetail_SetWar();
							</OnClick>
						</Scripts>
						<NormalTexture   file="Interface\AddOns\SKMap\Icons\SKMapPvPTruceButtonUp"/>
						<PushedTexture   file="Interface\AddOns\SKMap\Icons\SKMapPvPTruceButtonDown"/>
						<DisabledTexture file="Interface\AddOns\SKMap\Icons\SKMapPvPTruceButtonDisabled"/>
					</Button>

					<Button name="SKMap_ListFrame_ShowPlayerGuildButton" inherits="SKMap_OptionsButtonTemplate" text="SKMAP_SHOWGUILD" hidden="true">
						<Size>
							<AbsDimension x="100" y="22"/>
						</Size>
						<Anchors>
							<Anchor point="TOPLEFT" relativeTo="SKMap_ListFrameDetailElement" relativePoint="TOPLEFT">
								<Offset>
									<AbsDimension x="540" y="5"/>
								</Offset>
							</Anchor>
						</Anchors>
						<Scripts>
							<OnClick>
								PlaySound("igMainMenuOptionCheckBoxOn");
								SKMap_List_ShowPlayerGuild();
							</OnClick>
						</Scripts>
					</Button>

					<Button name="SKMap_ListFrame_BackToPlayersButton" inherits="SKMap_OptionsButtonTemplate" text="SKMAP_BACK" hidden="true">
						<Size>
							<AbsDimension x="100" y="22"/>
						</Size>
						<Anchors>
							<Anchor point="TOPLEFT" relativeTo="SKMap_ListFrameDetailElement" relativePoint="TOPLEFT">
								<Offset>
									<AbsDimension x="540" y="5"/>
								</Offset>
							</Anchor>
						</Anchors>
						<Scripts>
							<OnClick>
								PlaySound("igMainMenuOptionCheckBoxOn");
								SKMap_List_BackToPlayers();
							</OnClick>
						</Scripts>
					</Button>

					<Button name="SKMap_ListFrame_EditNote" inherits="SKMap_OptionsButtonTemplate" text="SKMAP_EDITNOTE" hidden="true">
						<Size>
							<AbsDimension x="100" y="22"/>
						</Size>
						<Anchors>
							<Anchor point="TOPLEFT" relativeTo="SKMap_ListFrame_ShowPlayerGuildButton" relativePoint="TOPRIGHT">
								<Offset>
									<AbsDimension x="0" y="0"/>
								</Offset>
							</Anchor>
						</Anchors>
						<Scripts>
							<OnClick>
								PlaySound("igMainMenuOptionCheckBoxOn");
								SKMap_EditNote();
							</OnClick>
						</Scripts>
					</Button>

					<Button name="SKMap_ListFrame_ReportButton" inherits="SKMap_OptionsButtonTemplate" text="SKMAP_REPORT" hidden="true">
						<Size>
							<AbsDimension x="100" y="22"/>
						</Size>
						<Anchors>
							<Anchor point="TOPLEFT" relativeTo="SKMap_ListFrame_EditNote" relativePoint="BOTTOMLEFT">
								<Offset>
									<AbsDimension x="0" y="-2"/>
								</Offset>
							</Anchor>
						</Anchors>
						<Scripts>
							<OnClick>
								PlaySound("igMainMenuOptionCheckBoxOn");
								SKMap_ReportButton_OnClick();
							</OnClick>
						</Scripts>
					</Button>

					<Button name="SKMap_ListFrame_DeleteButton" inherits="SKMap_OptionsButtonTemplate" text="SKMAP_DELETE" hidden="true">
						<Size>
							<AbsDimension x="100" y="22"/>
						</Size>
						<Anchors>
							<Anchor point="TOPLEFT" relativeTo="SKMap_ListFrame_ReportButton" relativePoint="BOTTOMLEFT">
								<Offset>
									<AbsDimension x="0" y="-20"/>
								</Offset>
							</Anchor>
						</Anchors>
						<Scripts>
							<OnClick>
								PlaySound("igMainMenuOptionCheckBoxOn");
								SKMap_DeleteButton_OnClick()
							</OnClick>
						</Scripts>
					</Button>

					<Button id="1" inherits="SKMap_ListFrameDetailButtonTemplate" name="SKMap_ListFrameDetailButton1">
						<Anchors>
							<Anchor point="TOPLEFT" relativeTo="SKMap_ListFrameDetailElement">
								<Offset>
									<AbsDimension x="30" y="0" />
								</Offset>
							</Anchor>
						</Anchors>
					</Button>

					<Button id="2" inherits="SKMap_ListFrameDetailButtonTemplate" name="SKMap_ListFrameDetailButton2">
						<Anchors>
							<Anchor point="TOPLEFT" relativePoint="BOTTOMLEFT" relativeTo="SKMap_ListFrameDetailButton1">
								<Offset>
									<AbsDimension x="0" y="0" />
								</Offset>
							</Anchor>
						</Anchors>
					</Button>

					<Button id="3" inherits="SKMap_ListFrameDetailButtonTemplate" name="SKMap_ListFrameDetailButton3">
						<Anchors>
							<Anchor point="TOPLEFT" relativePoint="BOTTOMLEFT" relativeTo="SKMap_ListFrameDetailButton2">
								<Offset>
									<AbsDimension x="0" y="0" />
								</Offset>
							</Anchor>
						</Anchors>
					</Button>

					<Button id="4" inherits="SKMap_ListFrameDetailButtonTemplate" name="SKMap_ListFrameDetailButton4">
						<Anchors>
							<Anchor point="TOPLEFT" relativePoint="BOTTOMLEFT" relativeTo="SKMap_ListFrameDetailButton3">
								<Offset>
									<AbsDimension x="0" y="0" />
								</Offset>
							</Anchor>
						</Anchors>
					</Button>

					<Button id="5" inherits="SKMap_ListFrameDetailButtonTemplate" name="SKMap_ListFrameDetailButton5">
						<Anchors>
							<Anchor point="TOPLEFT" relativePoint="BOTTOMLEFT" relativeTo="SKMap_ListFrameDetailButton4">
								<Offset>
									<AbsDimension x="0" y="0" />
								</Offset>
							</Anchor>
						</Anchors>
					</Button>

					<Button id="6" inherits="SKMap_ListFrameDetailButtonTemplate" name="SKMap_ListFrameDetailButton6">
						<Anchors>
							<Anchor point="TOPLEFT" relativePoint="BOTTOMLEFT" relativeTo="SKMap_ListFrameDetailButton5">
								<Offset>
									<AbsDimension x="0" y="0" />
								</Offset>
							</Anchor>
						</Anchors>
					</Button>

					<Button id="7" inherits="SKMap_ListFrameDetailButtonTemplate" name="SKMap_ListFrameDetailButton7">
						<Anchors>
							<Anchor point="TOPLEFT" relativePoint="BOTTOMLEFT" relativeTo="SKMap_ListFrameDetailButton6">
								<Offset>
									<AbsDimension x="0" y="0" />
								</Offset>
							</Anchor>
						</Anchors>
					</Button>

					<Button id="8" inherits="SKMap_ListFrameDetailButtonTemplate" name="SKMap_ListFrameDetailButton8">
						<Anchors>
							<Anchor point="TOPLEFT" relativePoint="BOTTOMLEFT" relativeTo="SKMap_ListFrameDetailButton7">
								<Offset>
									<AbsDimension x="0" y="0" />
								</Offset>
							</Anchor>
						</Anchors>
					</Button>
				</Frames>

				<Scripts>
				</Scripts>
			</Frame>

		</Frames>
		<Scripts>
			<OnShow>
				SKMap_ListFrame_Load();
			</OnShow>
			<OnEvent>
			</OnEvent>
			<OnLoad>
			</OnLoad>

		</Scripts>
	</Frame>


</Ui>
