<!--

SKMap_ReportFrame.xml

-->
<Ui xmlns="http://www.blizzard.com/wow/ui/" xmlns:xsi="http://www.w3.org/2001/XMLSchema-instance" xsi:schemaLocation="http://www.blizzard.com/wow/ui/
	..\FrameXML\UI.xsd">

<!-- SKMap_ReportFrameBookButtonTemplate
     Button Template for a book line. There are two available formats :
     - a single line for raw text (*Text)
     - a set of columns for table output (*Col1, *Col2, *Col3, *Col4)
-->
	<Button name="SKMap_ReportFrameBookButtonTemplate" virtual="true">
		<Size>
			<AbsDimension x="470" y="14"/>
		</Size>
		<Layers>
			<Layer level="BORDER">
				<FontString name="$parentText" inherits="QuestFont" justifyH="LEFT" wraponspaces="false">
					<Size>
						<AbsDimension x="470" y="14"/>
					</Size>
					<Anchors>
						<Anchor point="TOPLEFT">
							<Offset>
								<AbsDimension x="0" y="1"/>
							</Offset>
						</Anchor>
					</Anchors>
				</FontString>

				<FontString name="$parentCol1" inherits="QuestFont" justifyH="RIGHT" wraponspaces="false">
					<Size>
						<AbsDimension x="200" y="14"/>
					</Size>
					<Anchors>
						<Anchor point="TOPLEFT">
							<Offset>
								<AbsDimension x="0" y="1"/>
							</Offset>
						</Anchor>
					</Anchors>
				</FontString>

				<FontString name="$parentCol2" inherits="QuestFont" justifyH="LEFT" wraponspaces="false">
					<Size>
						<AbsDimension x="70" y="14"/>
					</Size>
					<Anchors>
						<Anchor point="LEFT" relativeTo="$parentCol1" relativePoint="RIGHT">
							<Offset>
								<AbsDimension x="30" y="0"/>
							</Offset>
						</Anchor>
					</Anchors>
				</FontString>

				<FontString name="$parentCol3" inherits="QuestFont" justifyH="LEFT" wraponspaces="false">
					<Size>
						<AbsDimension x="70" y="14"/>
					</Size>
					<Anchors>
						<Anchor point="LEFT" relativeTo="$parentCol2" relativePoint="RIGHT">
							<Offset>
								<AbsDimension x="0" y="0"/>
							</Offset>
						</Anchor>
					</Anchors>
				</FontString>

				<FontString name="$parentCol4" inherits="QuestFont" justifyH="LEFT" wraponspaces="false">
					<Size>
						<AbsDimension x="70" y="14"/>
					</Size>
					<Anchors>
						<Anchor point="LEFT" relativeTo="$parentCol3" relativePoint="RIGHT">
							<Offset>
								<AbsDimension x="0" y="0"/>
							</Offset>
						</Anchor>
					</Anchors>
				</FontString>

			</Layer>
		</Layers>
	</Button>



<!-- SKMap_ReportFrame
     The report frame.
-->
	<Frame name="SKMap_ReportFrame" setAllPoints="true" enableMouse="true" parent="SKMapFrame" hidden="true" id="3">
		<HitRectInsets>
			<AbsInset left="0" right="30" top="0" bottom="75"/>
		</HitRectInsets>
		<Layers>
			<Layer level="BACKGROUND">
			</Layer>
		</Layers>
		<Frames>

			<Frame name="SKMap_ReportFrame_Book">
				<Size>
					<AbsDimension x="512" y="107"/>
				</Size>
				<Anchors>
					<Anchor point="TOPLEFT" relativeTo="SKMap_ReportFrame" relativePoint="TOPLEFT">
						<Offset>
							<AbsDimension x="22" y="-100"/>
						</Offset>
					</Anchor>
				</Anchors>
				<Layers>
					<Layer level="BACKGROUND">

						<Texture file="Interface\AddOns\SKMap\Icons\SKMap-Book-Left">
							<Size>
								<AbsDimension x="256" y="330"/>
							</Size>
							<Anchors>
								<Anchor point="TOPLEFT">
									<Offset>
										<AbsDimension x="0" y="0"/>
									</Offset>
								</Anchor>
							</Anchors>
						</Texture>

						<Texture file="Interface\AddOns\SKMap\Icons\SKMap-Book-Right">
							<Size>
								<AbsDimension x="256" y="330"/>
							</Size>
							<Anchors>
								<Anchor point="TOPLEFT">
									<Offset>
										<AbsDimension x="256" y="0"/>
									</Offset>
								</Anchor>
							</Anchors>
						</Texture>

					</Layer>
				</Layers>

				<Frames>


					<Button id="1" inherits="SKMap_ReportFrameBookButtonTemplate" name="SKMap_ReportFrameBookButton1">
						<Anchors>
							<Anchor point="TOPLEFT" relativeTo="SKMap_ReportFrame_Book">
								<Offset>
									<AbsDimension x="25" y="-25" />
								</Offset>
							</Anchor>
						</Anchors>
					</Button>

					<Button id="2" inherits="SKMap_ReportFrameBookButtonTemplate" name="SKMap_ReportFrameBookButton2">
						<Anchors>
							<Anchor point="TOPLEFT" relativePoint="BOTTOMLEFT" relativeTo="SKMap_ReportFrameBookButton1">
								<Offset>
									<AbsDimension x="0" y="0" />
								</Offset>
							</Anchor>
						</Anchors>
					</Button>

					<Button id="3" inherits="SKMap_ReportFrameBookButtonTemplate" name="SKMap_ReportFrameBookButton3">
						<Anchors>
							<Anchor point="TOPLEFT" relativePoint="BOTTOMLEFT" relativeTo="SKMap_ReportFrameBookButton2">
								<Offset>
									<AbsDimension x="0" y="0" />
								</Offset>
							</Anchor>
						</Anchors>
					</Button>

					<Button id="4" inherits="SKMap_ReportFrameBookButtonTemplate" name="SKMap_ReportFrameBookButton4">
						<Anchors>
							<Anchor point="TOPLEFT" relativePoint="BOTTOMLEFT" relativeTo="SKMap_ReportFrameBookButton3">
								<Offset>
									<AbsDimension x="0" y="0" />
								</Offset>
							</Anchor>
						</Anchors>
					</Button>

					<Button id="5" inherits="SKMap_ReportFrameBookButtonTemplate" name="SKMap_ReportFrameBookButton5">
						<Anchors>
							<Anchor point="TOPLEFT" relativePoint="BOTTOMLEFT" relativeTo="SKMap_ReportFrameBookButton4">
								<Offset>
									<AbsDimension x="0" y="0" />
								</Offset>
							</Anchor>
						</Anchors>
					</Button>

					<Button id="6" inherits="SKMap_ReportFrameBookButtonTemplate" name="SKMap_ReportFrameBookButton6">
						<Anchors>
							<Anchor point="TOPLEFT" relativePoint="BOTTOMLEFT" relativeTo="SKMap_ReportFrameBookButton5">
								<Offset>
									<AbsDimension x="0" y="0" />
								</Offset>
							</Anchor>
						</Anchors>
					</Button>

					<Button id="7" inherits="SKMap_ReportFrameBookButtonTemplate" name="SKMap_ReportFrameBookButton7">
						<Anchors>
							<Anchor point="TOPLEFT" relativePoint="BOTTOMLEFT" relativeTo="SKMap_ReportFrameBookButton6">
								<Offset>
									<AbsDimension x="0" y="0" />
								</Offset>
							</Anchor>
						</Anchors>
					</Button>

					<Button id="8" inherits="SKMap_ReportFrameBookButtonTemplate" name="SKMap_ReportFrameBookButton8">
						<Anchors>
							<Anchor point="TOPLEFT" relativePoint="BOTTOMLEFT" relativeTo="SKMap_ReportFrameBookButton7">
								<Offset>
									<AbsDimension x="0" y="0" />
								</Offset>
							</Anchor>
						</Anchors>
					</Button>

					<Button id="9" inherits="SKMap_ReportFrameBookButtonTemplate" name="SKMap_ReportFrameBookButton9">
						<Anchors>
							<Anchor point="TOPLEFT" relativePoint="BOTTOMLEFT" relativeTo="SKMap_ReportFrameBookButton8">
								<Offset>
									<AbsDimension x="0" y="0" />
								</Offset>
							</Anchor>
						</Anchors>
					</Button>

					<Button id="10" inherits="SKMap_ReportFrameBookButtonTemplate" name="SKMap_ReportFrameBookButton10">
						<Anchors>
							<Anchor point="TOPLEFT" relativePoint="BOTTOMLEFT" relativeTo="SKMap_ReportFrameBookButton9">
								<Offset>
									<AbsDimension x="0" y="0" />
								</Offset>
							</Anchor>
						</Anchors>
					</Button>

					<Button id="11" inherits="SKMap_ReportFrameBookButtonTemplate" name="SKMap_ReportFrameBookButton11">
						<Anchors>
							<Anchor point="TOPLEFT" relativePoint="BOTTOMLEFT" relativeTo="SKMap_ReportFrameBookButton10">
								<Offset>
									<AbsDimension x="0" y="0" />
								</Offset>
							</Anchor>
						</Anchors>
					</Button>

					<Button id="12" inherits="SKMap_ReportFrameBookButtonTemplate" name="SKMap_ReportFrameBookButton12">
						<Anchors>
							<Anchor point="TOPLEFT" relativePoint="BOTTOMLEFT" relativeTo="SKMap_ReportFrameBookButton11">
								<Offset>
									<AbsDimension x="0" y="0" />
								</Offset>
							</Anchor>
						</Anchors>
					</Button>

					<Button id="13" inherits="SKMap_ReportFrameBookButtonTemplate" name="SKMap_ReportFrameBookButton13">
						<Anchors>
							<Anchor point="TOPLEFT" relativePoint="BOTTOMLEFT" relativeTo="SKMap_ReportFrameBookButton12">
								<Offset>
									<AbsDimension x="0" y="0" />
								</Offset>
							</Anchor>
						</Anchors>
					</Button>

					<Button id="14" inherits="SKMap_ReportFrameBookButtonTemplate" name="SKMap_ReportFrameBookButton14">
						<Anchors>
							<Anchor point="TOPLEFT" relativePoint="BOTTOMLEFT" relativeTo="SKMap_ReportFrameBookButton13">
								<Offset>
									<AbsDimension x="0" y="0" />
								</Offset>
							</Anchor>
						</Anchors>
					</Button>

					<Button id="15" inherits="SKMap_ReportFrameBookButtonTemplate" name="SKMap_ReportFrameBookButton15">
						<Anchors>
							<Anchor point="TOPLEFT" relativePoint="BOTTOMLEFT" relativeTo="SKMap_ReportFrameBookButton14">
								<Offset>
									<AbsDimension x="0" y="0" />
								</Offset>
							</Anchor>
						</Anchors>
					</Button>

					<Button id="16" inherits="SKMap_ReportFrameBookButtonTemplate" name="SKMap_ReportFrameBookButton16">
						<Anchors>
							<Anchor point="TOPLEFT" relativePoint="BOTTOMLEFT" relativeTo="SKMap_ReportFrameBookButton15">
								<Offset>
									<AbsDimension x="0" y="0" />
								</Offset>
							</Anchor>
						</Anchors>
					</Button>

					<Button id="17" inherits="SKMap_ReportFrameBookButtonTemplate" name="SKMap_ReportFrameBookButton17">
						<Anchors>
							<Anchor point="TOPLEFT" relativePoint="BOTTOMLEFT" relativeTo="SKMap_ReportFrameBookButton16">
								<Offset>
									<AbsDimension x="0" y="0" />
								</Offset>
							</Anchor>
						</Anchors>
					</Button>

					<Button id="18" inherits="SKMap_ReportFrameBookButtonTemplate" name="SKMap_ReportFrameBookButton18">
						<Anchors>
							<Anchor point="TOPLEFT" relativePoint="BOTTOMLEFT" relativeTo="SKMap_ReportFrameBookButton17">
								<Offset>
									<AbsDimension x="0" y="0" />
								</Offset>
							</Anchor>
						</Anchors>
					</Button>

					<Button id="19" inherits="SKMap_ReportFrameBookButtonTemplate" name="SKMap_ReportFrameBookButton19">
						<Anchors>
							<Anchor point="TOPLEFT" relativePoint="BOTTOMLEFT" relativeTo="SKMap_ReportFrameBookButton18">
								<Offset>
									<AbsDimension x="0" y="0" />
								</Offset>
							</Anchor>
						</Anchors>
					</Button>

					<Button id="20" inherits="SKMap_ReportFrameBookButtonTemplate" name="SKMap_ReportFrameBookButton20">
						<Anchors>
							<Anchor point="TOPLEFT" relativePoint="BOTTOMLEFT" relativeTo="SKMap_ReportFrameBookButton19">
								<Offset>
									<AbsDimension x="0" y="0" />
								</Offset>
							</Anchor>
						</Anchors>
					</Button>

				</Frames>
			</Frame>

			<Frame name="SKMap_ReportFrame_Control">
				<Size>
					<AbsDimension x="290" y="107"/>
				</Size>
				<Anchors>
					<Anchor point="TOPLEFT" relativeTo="SKMap_ReportFrame_Book" relativePoint="TOPRIGHT">
						<Offset>
							<AbsDimension x="5" y="0"/>
						</Offset>
					</Anchor>
				</Anchors>
				<Frames>

					<Button name="SKMap_ReportFrame_GeneralStatButton" inherits="SKMap_OptionsButtonTemplate" text="SKMAP_BTN_STATS_GENERAL">
						<Size>
							<AbsDimension x="100" y="22"/>
						</Size>
						<Anchors>
							<Anchor point="TOPLEFT" relativeTo="SKMap_ReportFrame_Control" relativePoint="TOPLEFT">
								<Offset>
									<AbsDimension x="5" y="-40"/>
								</Offset>
							</Anchor>
						</Anchors>
						<Scripts>
							<OnClick>
								PlaySound("igMainMenuOptionCheckBoxOn");
								SKMap_Report_LoadBook(_SKM._bookGeneralStat);
							</OnClick>
						</Scripts>
					</Button>

					<Button name="SKMap_ReportFrame_ClassStatButton" inherits="SKMap_OptionsButtonTemplate" text="SKMAP_BTN_STATS_CLASS">
						<Size>
							<AbsDimension x="100" y="22"/>
						</Size>
						<Anchors>
							<Anchor point="TOPLEFT" relativeTo="SKMap_ReportFrame_GeneralStatButton" relativePoint="BOTTOMLEFT">
								<Offset>
									<AbsDimension x="0" y="-2"/>
								</Offset>
							</Anchor>
						</Anchors>
						<Scripts>
							<OnClick>
								PlaySound("igMainMenuOptionCheckBoxOn");
								SKMap_Report_LoadBook(_SKM._bookClassStat);
							</OnClick>
						</Scripts>
					</Button>

					<Button name="SKMap_ReportFrame_RaceStatButton" inherits="SKMap_OptionsButtonTemplate" text="SKMAP_BTN_STATS_RACE">
						<Size>
							<AbsDimension x="100" y="22"/>
						</Size>
						<Anchors>
							<Anchor point="TOPLEFT" relativeTo="SKMap_ReportFrame_ClassStatButton" relativePoint="BOTTOMLEFT">
								<Offset>
									<AbsDimension x="0" y="-2"/>
								</Offset>
							</Anchor>
						</Anchors>
						<Scripts>
							<OnClick>
								PlaySound("igMainMenuOptionCheckBoxOn");
								SKMap_Report_LoadBook(_SKM._bookRaceStat);
							</OnClick>
						</Scripts>
					</Button>

					<Button name="SKMap_ReportFrame_PlayerStatButton" inherits="SKMap_OptionsButtonTemplate" text="SKMAP_BTN_STATS_ENEMIES">
						<Size>
							<AbsDimension x="100" y="22"/>
						</Size>
						<Anchors>
							<Anchor point="TOPLEFT" relativeTo="SKMap_ReportFrame_RaceStatButton" relativePoint="BOTTOMLEFT">
								<Offset>
									<AbsDimension x="0" y="-2"/>
								</Offset>
							</Anchor>
						</Anchors>
						<Scripts>
							<OnClick>
								PlaySound("igMainMenuOptionCheckBoxOn");
								SKMap_Report_LoadBook(_SKM._bookPlayerStat);
							</OnClick>
						</Scripts>
					</Button>

					<Button name="SKMap_ReportFrame_GuildStatButton" inherits="SKMap_OptionsButtonTemplate" text="SKMAP_BTN_STATS_GUILDS">
						<Size>
							<AbsDimension x="100" y="22"/>
						</Size>
						<Anchors>
							<Anchor point="TOPLEFT" relativeTo="SKMap_ReportFrame_PlayerStatButton" relativePoint="BOTTOMLEFT">
								<Offset>
									<AbsDimension x="0" y="-2"/>
								</Offset>
							</Anchor>
						</Anchors>
						<Scripts>
							<OnClick>
								PlaySound("igMainMenuOptionCheckBoxOn");
								SKMap_Report_LoadBook(_SKM._bookGuildStat);
							</OnClick>
						</Scripts>
					</Button>

					<Button name="SKMap_ReportFrame_ZoneStatButton" inherits="SKMap_OptionsButtonTemplate" text="SKMAP_BTN_STATS_ZONE">
						<Size>
							<AbsDimension x="100" y="22"/>
						</Size>
						<Anchors>
							<Anchor point="TOPLEFT" relativeTo="SKMap_ReportFrame_GuildStatButton" relativePoint="BOTTOMLEFT">
								<Offset>
									<AbsDimension x="0" y="-2"/>
								</Offset>
							</Anchor>
						</Anchors>
						<Scripts>
							<OnClick>
								PlaySound("igMainMenuOptionCheckBoxOn");
								SKMap_Report_LoadBook(_SKM._bookMapStat);
							</OnClick>
						</Scripts>
					</Button>

					<Button name="SKMap_ReportFrame_DateStatButton" inherits="SKMap_OptionsButtonTemplate" text="SKMAP_BTN_STATS_DATE">
						<Size>
							<AbsDimension x="100" y="22"/>
						</Size>
						<Anchors>
							<Anchor point="TOPLEFT" relativeTo="SKMap_ReportFrame_ZoneStatButton" relativePoint="BOTTOMLEFT">
								<Offset>
									<AbsDimension x="0" y="-2"/>
								</Offset>
							</Anchor>
						</Anchors>
						<Scripts>
							<OnClick>
								PlaySound("igMainMenuOptionCheckBoxOn");
								SKMap_Report_LoadBook(_SKM._bookDateStat);
							</OnClick>
						</Scripts>
					</Button>

					<Button name="SKMap_ReportFrame_CreditsButton" inherits="SKMap_OptionsButtonTemplate" text="SKMAP_BTN_CREDITS">
						<Size>
							<AbsDimension x="100" y="22"/>
						</Size>
						<Anchors>
							<Anchor point="TOPLEFT" relativeTo="SKMap_ReportFrame_DateStatButton" relativePoint="BOTTOMLEFT">
								<Offset>
									<AbsDimension x="0" y="-40"/>
								</Offset>
							</Anchor>
						</Anchors>
						<Scripts>
							<OnClick>
								PlaySound("igMainMenuOptionCheckBoxOn");
								SKMap_Report_LoadBook(_SKM._bookCredits);
							</OnClick>
						</Scripts>
					</Button>

					<Button name="SKMap_ReportFrame_BGDateZoneStatButton" inherits="SKMap_OptionsButtonTemplate" text="SKMAP_BTN_STATS_BG_DATE_ZONE">
						<Size>
							<AbsDimension x="110" y="22"/>
						</Size>
						<Anchors>
							<Anchor point="TOPLEFT" relativeTo="SKMap_ReportFrame_GeneralStatButton" relativePoint="TOPRIGHT">
								<Offset>
									<AbsDimension x="5" y="-2"/>
								</Offset>
							</Anchor>
						</Anchors>
						<Scripts>
							<OnClick>
								PlaySound("igMainMenuOptionCheckBoxOn");
								SKMap_Report_LoadBook(_SKM._bookBGDateMapStat);
							</OnClick>
						</Scripts>
					</Button>

					<Button name="SKMap_ReportFrame_BGZoneStatButton" inherits="SKMap_OptionsButtonTemplate" text="SKMAP_BTN_STATS_BG_ZONE">
						<Size>
							<AbsDimension x="110" y="22"/>
						</Size>
						<Anchors>
							<Anchor point="TOPLEFT" relativeTo="SKMap_ReportFrame_BGDateZoneStatButton" relativePoint="BOTTOMLEFT">
								<Offset>
									<AbsDimension x="0" y="-2"/>
								</Offset>
							</Anchor>
						</Anchors>
						<Scripts>
							<OnClick>
								PlaySound("igMainMenuOptionCheckBoxOn");
								SKMap_Report_LoadBook(_SKM._bookBGMapStat);
							</OnClick>
						</Scripts>
					</Button>

					<Button name="SKMap_ReportFrame_BGDateStatButton" inherits="SKMap_OptionsButtonTemplate" text="SKMAP_BTN_STATS_BG_DATE">
						<Size>
							<AbsDimension x="110" y="22"/>
						</Size>
						<Anchors>
							<Anchor point="TOPLEFT" relativeTo="SKMap_ReportFrame_BGZoneStatButton" relativePoint="BOTTOMLEFT">
								<Offset>
									<AbsDimension x="0" y="-2"/>
								</Offset>
							</Anchor>
						</Anchors>
						<Scripts>
							<OnClick>
								PlaySound("igMainMenuOptionCheckBoxOn");
								SKMap_Report_LoadBook(_SKM._bookBGDateStat);
							</OnClick>
						</Scripts>
					</Button>

				</Frames>
			</Frame>

			<Frame name="SKMap_ReportFrame_Browse">

				<Size>
					<AbsDimension x="460" y="107"/>
				</Size>
				<Anchors>
					<Anchor point="TOPLEFT" relativeTo="SKMap_ReportFrame" relativePoint="TOPLEFT">
						<Offset>
							<AbsDimension x="70" y="-50"/>
						</Offset>
					</Anchor>
				</Anchors>
				<Layers>
					<Layer level="ARTWORK">
						<FontString name="SKMap_ReportFrame_PageText" inherits="GameFontNormal" text="Page 1 / 1">
							<Size>
								<AbsDimension x="105" y="0"/>
							</Size>
							<Anchors>
								<Anchor point="CENTER" relativeTo="SKMap_ReportFrame_Browse" relativePoint="TOP">
									<Offset>
										<AbsDimension x="0" y="-15"/>
									</Offset>
								</Anchor>
							</Anchors>
						</FontString>
					</Layer>
				</Layers>
				<Frames>

					<Button name="SKMap_ReportFrame_PrevPageButton">
						<Size>
							<AbsDimension x="32" y="32"/>
						</Size>
						<Anchors>
							<Anchor point="TOPLEFT" relativeTo="SKMap_ReportFrame_Browse" relativePoint="TOPLEFT">
								<Offset>
									<AbsDimension x="30" y="0"/>
								</Offset>
							</Anchor>
						</Anchors>
						<Layers>
							<Layer level="BACKGROUND">
								<FontString inherits="GameFontNormal" justifyH="LEFT" text="SKMAP_PREV">
									<Anchors>
										<Anchor point="LEFT" relativeTo="SKMap_ReportFrame_PrevPageButton" relativePoint="RIGHT"/>
									</Anchors>
								</FontString>
							</Layer>
						</Layers>
						<Scripts>
							<OnClick>
								SKMap_Book_PrevPage();
							</OnClick>
						</Scripts>
						<NormalTexture    file="Interface\Buttons\UI-SpellbookIcon-PrevPage-Up"/>
						<PushedTexture    file="Interface\Buttons\UI-SpellbookIcon-PrevPage-Down"/>
						<DisabledTexture  file="Interface\Buttons\UI-SpellbookIcon-PrevPage-Disabled"/>
						<HighlightTexture file="Interface\Buttons\UI-Common-MouseHilight" alphaMode="ADD"/>
					</Button>

					<Button name="SKMap_ReportFrame_NextPageButton">
						<Size>
							<AbsDimension x="32" y="32"/>
						</Size>
						<Anchors>
							<Anchor point="TOPRIGHT" relativeTo="SKMap_ReportFrame_Browse" relativePoint="TOPRIGHT">
								<Offset>
									<AbsDimension x="-30" y="0"/>
								</Offset>
							</Anchor>
						</Anchors>
						<Layers>
							<Layer level="BACKGROUND">
								<FontString inherits="GameFontNormal" justifyH="RIGHT" text="SKMAP_NEXT">
									<Anchors>
										<Anchor point="RIGHT" relativeTo="SKMap_ReportFrame_NextPageButton" relativePoint="LEFT"/>
									</Anchors>
								</FontString>
							</Layer>
						</Layers>
						<Scripts>
							<OnClick>
								SKMap_Book_NextPage();
							</OnClick>
						</Scripts>
						<NormalTexture    file="Interface\Buttons\UI-SpellbookIcon-NextPage-Up"/>
						<PushedTexture    file="Interface\Buttons\UI-SpellbookIcon-NextPage-Down"/>
						<DisabledTexture  file="Interface\Buttons\UI-SpellbookIcon-NextPage-Disabled"/>
						<HighlightTexture file="Interface\Buttons\UI-Common-MouseHilight" alphaMode="ADD"/>
					</Button>

				</Frames>
			</Frame>

			<CheckButton name="SKMap_ReportFrameCheckButton1" inherits="OptionsCheckButtonTemplate" text="SKMAP_USE_ASSIST">
				<Size>
					<AbsDimension x="20" y="20"/>
				</Size>
				<Anchors>
					<Anchor point="TOPLEFT" relativeTo="SKMap_ReportFrame" relativePoint="TOPLEFT">
						<Offset>
							<AbsDimension x="600" y="-45"/>
						</Offset>
					</Anchor>
				</Anchors>
				<Scripts>
					<OnClick>
						PlaySound("igMainMenuOptionCheckBoxOn");
						SKMap_ReportFrame_UseAssist();
					</OnClick>
				</Scripts>
			</CheckButton>


		</Frames>
		<Scripts>
		<OnLoad>
			SKMap_Report_LoadBook(_SKM._bookCredits);
		</OnLoad>
		<OnShow>
			SKMap_ReportFrame_Load();
		</OnShow>
		<OnHide>
		</OnHide>
	</Scripts>

  </Frame>

</Ui>
