<!--

SKMap.xml

-->
<!-- The following tells the xml parser what schema to use - don't change it -->
<Ui xmlns="http://www.blizzard.com/wow/ui/" xmlns:xsi="http://www.w3.org/2001/XMLSchema-instance" xsi:schemaLocation="http://www.blizzard.com/wow/ui/
C:\Projects\WoW\Bin\Interface\FrameXML\UI.xsd">

	<!--  script files to load -->
	<Script file="SKMap_localization.lua"/>
	<Script file="SKMap_lib.lua"/>
	<Script file="SKMap_config.lua"/>
	<Script file="SKMap.lua"/>



<!-- SKMapFrame
     loading frame for SKMap (non visible)
-->
	<Frame name="SKMapLoadingFrame" parent="UIParent">
		<Size>
			<AbsDimension x="0" y="0"/>
		</Size>
		<Scripts>
			<OnLoad>
				SKMap_OnLoad();
			</OnLoad>
			<OnEvent>
				SKMap_OnEvent(event);
			</OnEvent>
			<OnUpdate>
<!--	-->
			</OnUpdate>
		</Scripts>
	</Frame>



	<Button name="SKMap_OptionsButtonTemplate" inherits="UIPanelButtonTemplate" virtual="true">
		<Size>
			<AbsDimension x="80" y="22"/>
		</Size>
	</Button>



<!-- SKMapTargetInfoButtonTemplate
     Button Template for text button that includes three sub strings :
       *Label (width = 40, right aligned)
       *Value (width = 40, left aligned)
       *Detail (width = 130, left aligned)
     to be used 3x inside SKMapTargetInfoFrame
-->
	<Button name="SKMapTargetInfoButtonTemplate" virtual="true" enableMouse="false">
		<Size>
			<AbsDimension x="216" y="10"/>
		</Size>
		<Layers>
			<Layer level="BORDER">
				<FontString name="$parentLabel" inherits="GameFontNormalSmall" justifyH="RIGHT" wraponspaces="false">
					<Size>
						<AbsDimension x="40" y="10"/>
					</Size>
					<Anchors>
						<Anchor point="TOPLEFT">
							<Offset>
								<AbsDimension x="0" y="1"/>
							</Offset>
						</Anchor>
					</Anchors>
				</FontString>
				<FontString name="$parentValue" inherits="GameFontNormalSmall" justifyH="LEFT" wraponspaces="false">
					<Size>
						<AbsDimension x="40" y="10"/>
					</Size>
					<Anchors>
						<Anchor point="LEFT" relativeTo="$parentLabel" relativePoint="RIGHT">
							<Offset>
								<AbsDimension x="0" y="0"/>
							</Offset>
						</Anchor>
					</Anchors>
				</FontString>
				<FontString name="$parentDetail" inherits="GameFontNormalSmall" justifyH="LEFT" wraponspaces="false">
					<Size>
						<AbsDimension x="130" y="10"/>
					</Size>
					<Anchors>
						<Anchor point="LEFT" relativeTo="$parentValue" relativePoint="RIGHT">
							<Offset>
								<AbsDimension x="0" y="0"/>
							</Offset>
						</Anchor>
					</Anchors>
				</FontString>
			</Layer>
		</Layers>
		<Scripts>
			<OnClick>
<!--	-->
			</OnClick>
		</Scripts>
<!--
		<HighlightTexture name="$parentHighlight" file="Interface\QuestFrame\UI-QuestLogTitleHighlight" alphaMode="ADD">
			<Size>
				<AbsDimension x="216" y="10"/>
			</Size>
			<Anchors>
				<Anchor point="TOPLEFT">
					<Offset>
						<AbsDimension x="0" y="0"/>
					</Offset>
				</Anchor>
			</Anchors>
		</HighlightTexture>
-->
	</Button>



<!-- SKMapTargetInfoButtonTemplate2
     Button Template for text button that includes three sub strings :

       *Label (width = 40, right aligned)
       *Value (width = 0, left aligned)
       *Detail (width = 170, left aligned)
     to be used inside SKMapTargetInfoFrame
-->
	<Button name="SKMapTargetInfoButtonTemplate2" virtual="true" enableMouse="false">
		<Size>
			<AbsDimension x="216" y="10"/>
		</Size>
		<Layers>
			<Layer level="BORDER">
				<FontString name="$parentLabel" inherits="GameFontNormalSmall" justifyH="RIGHT" wraponspaces="false">
					<Size>
						<AbsDimension x="40" y="10"/>
					</Size>
					<Anchors>
						<Anchor point="TOPLEFT">
							<Offset>
								<AbsDimension x="0" y="1"/>
							</Offset>
						</Anchor>
					</Anchors>
				</FontString>
				<FontString name="$parentValue" inherits="GameFontNormalSmall" justifyH="LEFT" wraponspaces="false">
					<Size>
						<AbsDimension x="0" y="10"/>
					</Size>
					<Anchors>
						<Anchor point="LEFT" relativeTo="$parentLabel" relativePoint="RIGHT">
							<Offset>
								<AbsDimension x="0" y="0"/>
							</Offset>
						</Anchor>
					</Anchors>
				</FontString>
				<FontString name="$parentDetail" inherits="GameFontNormalSmall" justifyH="LEFT" wraponspaces="false">
					<Size>
						<AbsDimension x="170" y="10"/>
					</Size>
					<Anchors>
						<Anchor point="LEFT" relativeTo="$parentValue" relativePoint="RIGHT">
							<Offset>
								<AbsDimension x="0" y="0"/>
							</Offset>
						</Anchor>
					</Anchors>
				</FontString>
			</Layer>
		</Layers>
		<Scripts>
			<OnClick>
<!--	-->
			</OnClick>
		</Scripts>
<!--
		<HighlightTexture name="$parentHighlight" file="Interface\QuestFrame\UI-QuestLogTitleHighlight" alphaMode="ADD">
			<Size>
				<AbsDimension x="216" y="10"/>
			</Size>
			<Anchors>
				<Anchor point="TOPLEFT">
					<Offset>
						<AbsDimension x="0" y="0"/>
					</Offset>
				</Anchor>
			</Anchors>
		</HighlightTexture>
-->
	</Button>



<!-- SKMapSmallTargetInfoButtonTemplate
     Button Template for text button that includes two sub strings :
       *Label (width = 40, right aligned)
       *Value (width = 40, left aligned)
     to be used 3x inside SKMapSmallTargetInfoFrame
-->
	<Button name="SKMapSmallTargetInfoButtonTemplate" virtual="true" enableMouse="false">
		<Size>
			<AbsDimension x="86" y="10"/>
		</Size>
		<Layers>
			<Layer level="BORDER">
				<FontString name="$parentLabel" inherits="GameFontNormalSmall" justifyH="RIGHT" wraponspaces="false">
					<Size>
						<AbsDimension x="40" y="10"/>
					</Size>
					<Anchors>
						<Anchor point="TOPLEFT">
							<Offset>
								<AbsDimension x="0" y="1"/>
							</Offset>
						</Anchor>
					</Anchors>
				</FontString>
				<FontString name="$parentValue" inherits="GameFontNormalSmall" justifyH="LEFT" wraponspaces="false">
					<Size>
						<AbsDimension x="40" y="10"/>
					</Size>
					<Anchors>
						<Anchor point="LEFT" relativeTo="$parentLabel" relativePoint="RIGHT">
							<Offset>
								<AbsDimension x="0" y="0"/>
							</Offset>
						</Anchor>
					</Anchors>
				</FontString>
			</Layer>
		</Layers>
		<Scripts>
			<OnClick>
<!--	-->
			</OnClick>
		</Scripts>
<!--
		<HighlightTexture name="$parentHighlight" file="Interface\QuestFrame\UI-QuestLogTitleHighlight" alphaMode="ADD">
			<Size>
				<AbsDimension x="86" y="10"/>
			</Size>
			<Anchors>
				<Anchor point="TOPLEFT">
					<Offset>
						<AbsDimension x="0" y="0"/>
					</Offset>
				</Anchor>
			</Anchors>
		</HighlightTexture>
-->
	</Button>



<!-- SKMapSmallTargetInfoButtonTemplate2
     Button Template for text button that includes two sub strings :
       *Label (width = 40, right aligned)
       *Value (width = 0, left aligned)
     to be used inside SKMapSmallTargetInfoFrame
-->
	<Button name="SKMapSmallTargetInfoButtonTemplate2" virtual="true" enableMouse="false">
		<Size>
			<AbsDimension x="86" y="10"/>
		</Size>
		<Layers>
			<Layer level="BORDER">
				<FontString name="$parentLabel" inherits="GameFontNormalSmall" justifyH="RIGHT" wraponspaces="false">
					<Size>
						<AbsDimension x="40" y="10"/>
					</Size>
					<Anchors>
						<Anchor point="TOPLEFT">
							<Offset>
								<AbsDimension x="0" y="1"/>
							</Offset>
						</Anchor>
					</Anchors>
				</FontString>
				<FontString name="$parentValue" inherits="GameFontNormalSmall" justifyH="LEFT" wraponspaces="false">
					<Size>
						<AbsDimension x="0" y="10"/>
					</Size>
					<Anchors>
						<Anchor point="LEFT" relativeTo="$parentLabel" relativePoint="RIGHT">
							<Offset>
								<AbsDimension x="0" y="0"/>
							</Offset>
						</Anchor>
					</Anchors>
				</FontString>
				<FontString name="$parentDetail" inherits="GameFontNormalSmall" justifyH="LEFT" wraponspaces="false">
					<Size>
						<AbsDimension x="0" y="10"/>
					</Size>
					<Anchors>
						<Anchor point="LEFT" relativeTo="$parentValue" relativePoint="RIGHT">
							<Offset>
								<AbsDimension x="0" y="0"/>
							</Offset>
						</Anchor>
					</Anchors>
				</FontString>
			</Layer>
		</Layers>
		<Scripts>
			<OnClick>
<!--	-->
			</OnClick>
		</Scripts>
<!--
		<HighlightTexture name="$parentHighlight" file="Interface\QuestFrame\UI-QuestLogTitleHighlight" alphaMode="ADD">
			<Size>
				<AbsDimension x="86" y="10"/>
			</Size>
			<Anchors>
				<Anchor point="TOPLEFT">
					<Offset>
						<AbsDimension x="0" y="0"/>
					</Offset>
				</Anchor>
			</Anchors>
		</HighlightTexture>
-->
	</Button>



<!-- SKMapTargetInfoFrame
     Frame displayed close to the TargetFrame
     Displays PvP information about the enemy player currently targeted.
-->
	<Frame name="SKMapTargetInfoFrame"
	       frameStrata="LOW"
	       toplevel="true" enableMouse="true" movable="true" hidden="true"
	       parent="UIParent" id="1">
		<Size>
			<AbsDimension x="210" y="56"/>
		</Size>
		<Anchors>
			<Anchor point="TOPLEFT" relativeTo="TargetFrame" relativePoint="TOPRIGHT">
				<Offset>
					<AbsDimension x="-32" y="-52"/>
				</Offset>
			</Anchor>
		</Anchors>
		<Frames>
			<Frame name="$parentBackdropFrame">
				<Size>
					<AbsDimension x="230" y="56"/>

				</Size>
				<Anchors>
					<Anchor point="TOPLEFT" relativeTo="$parent" relativePoint="TOPLEFT">
						<Offset>
							<AbsDimension x="0" y="0"/>
						</Offset>
					</Anchor>
				</Anchors>
				<Backdrop name="SKMapTargetInfoFrameBackground"
				          bgFile="Interface\DialogFrame\UI-DialogBox-Background"
				          edgeFile="Interface\Tooltips\UI-Tooltip-Border" tile="true">
					  <TileSize>
			  			<AbsValue val="12"/>
					  </TileSize>
					  <EdgeSize>
					  	<AbsValue val="12"/>
					  </EdgeSize>
					  <BackgroundInsets>
					  	<AbsInset left="2" right="2" top="2" bottom="2"/>
					  </BackgroundInsets>
				</Backdrop>
			</Frame>
			<Frame name="$parentHeaderFrame">
				<Size>
					<AbsDimension x="230" y="1"/>
				</Size>
				<Anchors>
					<Anchor point="TOPLEFT" relativeTo="$parent" relativePoint="TOPLEFT">
						<Offset>
							<AbsDimension x="0" y="-6"/>
						</Offset>
					</Anchor>
				</Anchors>
<!--
				<Layers>
					<Layer level="OVERLAY">
						<FontString name="SKMapTargetInfoHeader"
							    inherits="GameFontNormalSmall"
							    justifyH="LEFT"
							    justifyV="TOP"
							    text="">
							<Size>
								<AbsDimension x="240" y="16"/>
							</Size>
							<Anchors>
								<Anchor point="TOPLEFT">
									<Offset>
										<AbsDimension x="8" y="-6"/>
									</Offset>
								</Anchor>
							</Anchors>
						</FontString>
					</Layer>
				</Layers>
-->
			</Frame>
			<!-- Text Buttons -->
			<Button name="SKMapTargetInfoButton1" inherits="SKMapTargetInfoButtonTemplate" id="1">
				<Anchors>
					<Anchor point="TOPLEFT" relativeTo="SKMapTargetInfoFrameHeaderFrame" relativePoint="BOTTOMLEFT">
						<Offset>
							<AbsDimension x="10" y="0"/>
						</Offset>

					</Anchor>
				</Anchors>
			</Button>
			<Button name="SKMapTargetInfoButton2" inherits="SKMapTargetInfoButtonTemplate" id="2">
				<Anchors>
					<Anchor point="TOPLEFT" relativeTo="SKMapTargetInfoButton1" relativePoint="BOTTOMLEFT">
						<Offset>
							<AbsDimension x="0" y="0"/>
						</Offset>
					</Anchor>
				</Anchors>
			</Button>
			<Button name="SKMapTargetInfoButton3" inherits="SKMapTargetInfoButtonTemplate" id="3">
				<Anchors>
					<Anchor point="TOPLEFT" relativeTo="SKMapTargetInfoButton2" relativePoint="BOTTOMLEFT">
						<Offset>
							<AbsDimension x="0" y="0"/>
						</Offset>
					</Anchor>
				</Anchors>
			</Button>
			<Button name="SKMapTargetInfoButton4" inherits="SKMapTargetInfoButtonTemplate2" id="4">
				<Anchors>
					<Anchor point="TOPLEFT" relativeTo="SKMapTargetInfoButton3" relativePoint="BOTTOMLEFT">
						<Offset>
							<AbsDimension x="10" y="0"/>
						</Offset>
					</Anchor>
				</Anchors>
			</Button>

			<Button name="SKMapPvPWarButton" toplevel="true" frameStata="HIGH">
				<Size>
					<AbsDimension x="24" y="24"/>
				</Size>
				<Anchors>
					<Anchor point="TOPRIGHT" relativeTo="SKMapTargetInfoButton2" relativePoint="BOTTOMRIGHT">
						<Offset>
							<AbsDimension x="-5" y="5"/>
						</Offset>
					</Anchor>
				</Anchors>
				<Scripts>
					<OnLoad>
						this:SetFrameLevel(this:GetFrameLevel() + 1);
					</OnLoad>
					<OnClick>
						SkM_EnemyWar(true);
					</OnClick>
				</Scripts>
				<NormalTexture   file="Interface\AddOns\SKMap\Icons\SKMapPvPWarButtonUp"/>
				<PushedTexture   file="Interface\AddOns\SKMap\Icons\SKMapPvPWarButtonDown"/>
				<DisabledTexture file="Interface\AddOns\SKMap\Icons\SKMapPvPWarButtonDisabled"/>
<!--		<HighlightTexture alphaMode="ADD" file="Interface\Minimap\UI-Minimap-ZoomButton-Highlight"/> -->
			</Button>

			<Button name="SKMapPvPTruceButton" toplevel="true" frameStata="HIGH">
				<Size>
					<AbsDimension x="24" y="24"/>
				</Size>
				<Anchors>
					<Anchor point="TOPRIGHT" relativeTo="SKMapTargetInfoButton2" relativePoint="BOTTOMRIGHT">
						<Offset>
							<AbsDimension x="-5" y="5"/>
						</Offset>
					</Anchor>
				</Anchors>
				<Scripts>
					<OnLoad>
						this:SetFrameLevel(this:GetFrameLevel() + 1);
					</OnLoad>
					<OnClick>
						SkM_EnemyWar(false);
					</OnClick>
				</Scripts>
				<NormalTexture   file="Interface\AddOns\SKMap\Icons\SKMapPvPTruceButtonUp"/>
				<PushedTexture   file="Interface\AddOns\SKMap\Icons\SKMapPvPTruceButtonDown"/>
				<DisabledTexture file="Interface\AddOns\SKMap\Icons\SKMapPvPTruceButtonDisabled"/>
<!--		<HighlightTexture alphaMode="ADD" file="Interface\Minimap\UI-Minimap-ZoomButton-Highlight"/> -->
			</Button>

			<Button name="SKMapTargetInfoMinButton" toplevel="true" frameStata="HIGH">
				<Size>
					<AbsDimension x="12" y="12"/>
				</Size>
				<Anchors>
					<Anchor point="BOTTOMLEFT" relativeTo="SKMapTargetInfoButton4" relativePoint="BOTTOMLEFT">
						<Offset>
							<AbsDimension x="-16" y="-3"/>
						</Offset>
					</Anchor>
				</Anchors>
				<Scripts>
					<OnLoad>
						this:SetFrameLevel(this:GetFrameLevel() + 1);
					</OnLoad>
					<OnClick>
						SkM_TargetInfoResize();
					</OnClick>
				</Scripts>
				<NormalTexture   file="Interface\AddOns\SKMap\Icons\SKMapTargetInfoMinButton"/>
				<PushedTexture   file="Interface\AddOns\SKMap\Icons\SKMapTargetInfoMinButton"/>
				<DisabledTexture file="Interface\AddOns\SKMap\Icons\SKMapTargetInfoMinButton"/>
<!--		<HighlightTexture alphaMode="ADD" file="Interface\Minimap\UI-Minimap-ZoomButton-Highlight"/> -->
			</Button>

		</Frames>
		<Scripts>
<!--		
			<OnLoad>
			</OnLoad>
			<OnEvent>
			</OnEvent>
-->	
<!--		
			<OnDragStart>

				SKMap_TargetFrame_OnDragStart();
			</OnDragStart>
			<OnDragStop>
				SKMap_TargetFrame_OnDragStop();
			</OnDragStop>
			<OnMouseUp>
				SKMap_TargetFrame_OnDragStop();
			</OnMouseUp>
		-->	
			<OnMouseUp>			
				SKMap_Frame_MouseUp(); 
			</OnMouseUp>
			<OnMouseDown>
				SKMap_Frame_MouseDown( SkM_GetOption("LockedTargetInfo") );
			</OnMouseDown>
			<OnHide>
				SKMap_Frame_MouseUp();
			</OnHide>
	
		</Scripts>
	</Frame>



<!-- SKMapSmallTargetInfoFrame
     Frame displayed close to the TargetFrame - compact size version
     Displays PvP information about the enemy player currently targeted.
-->
	<Frame name="SKMapSmallTargetInfoFrame"
	       frameStrata="LOW"
	       toplevel="true" enableMouse="true" movable="true" hidden="true"
	       parent="UIParent" id="2">
		<Size>
			<AbsDimension x="100" y="56"/>
		</Size>
		<Anchors>
			<Anchor point="TOPLEFT" relativeTo="TargetFrame" relativePoint="TOPRIGHT">
				<Offset>
					<AbsDimension x="-32" y="-52"/>
				</Offset>
			</Anchor>
		</Anchors>
		<Frames>
			<Frame name="$parentBackdropFrame">
				<Size>
					<AbsDimension x="100" y="56"/>
				</Size>
				<Anchors>
					<Anchor point="TOPLEFT" relativeTo="$parent" relativePoint="TOPLEFT">
						<Offset>
							<AbsDimension x="0" y="0"/>
						</Offset>
					</Anchor>
				</Anchors>
				<Backdrop name="SKMapSmallTargetInfoFrameBackground"
				          bgFile="Interface\DialogFrame\UI-DialogBox-Background"
				          edgeFile="Interface\Tooltips\UI-Tooltip-Border" tile="true">
					  <TileSize>
			  			<AbsValue val="12"/>
					  </TileSize>
					  <EdgeSize>
					  	<AbsValue val="12"/>
					  </EdgeSize>
					  <BackgroundInsets>
					  	<AbsInset left="2" right="2" top="2" bottom="2"/>
					  </BackgroundInsets>
				</Backdrop>
			</Frame>
			<Frame name="$parentHeaderFrame">
				<Size>
					<AbsDimension x="230" y="1"/>
				</Size>
				<Anchors>
					<Anchor point="TOPLEFT" relativeTo="$parent" relativePoint="TOPLEFT">
						<Offset>
							<AbsDimension x="0" y="-6"/>
						</Offset>
					</Anchor>
				</Anchors>
			</Frame>
			<!-- Text Buttons -->
			<Button name="SKMapSmallTargetInfoButton1" inherits="SKMapSmallTargetInfoButtonTemplate" id="1">
				<Anchors>
					<Anchor point="TOPLEFT" relativeTo="SKMapSmallTargetInfoFrameHeaderFrame" relativePoint="BOTTOMLEFT">
						<Offset>
							<AbsDimension x="10" y="0"/>
						</Offset>
					</Anchor>
				</Anchors>
			</Button>
			<Button name="SKMapSmallTargetInfoButton2" inherits="SKMapSmallTargetInfoButtonTemplate" id="2">
				<Anchors>
					<Anchor point="TOPLEFT" relativeTo="SKMapSmallTargetInfoButton1" relativePoint="BOTTOMLEFT">
						<Offset>
							<AbsDimension x="0" y="0"/>
						</Offset>
					</Anchor>
				</Anchors>
			</Button>
			<Button name="SKMapSmallTargetInfoButton3" inherits="SKMapSmallTargetInfoButtonTemplate" id="3">
				<Anchors>
					<Anchor point="TOPLEFT" relativeTo="SKMapSmallTargetInfoButton2" relativePoint="BOTTOMLEFT">
						<Offset>
							<AbsDimension x="0" y="0"/>
						</Offset>
					</Anchor>
				</Anchors>
			</Button>
			<Button name="SKMapSmallTargetInfoButton4" inherits="SKMapSmallTargetInfoButtonTemplate2" id="4">
				<Anchors>
					<Anchor point="TOPLEFT" relativeTo="SKMapSmallTargetInfoButton3" relativePoint="BOTTOMLEFT">
						<Offset>
							<AbsDimension x="10" y="0"/>
						</Offset>
					</Anchor>
				</Anchors>
			</Button>

			<Button name="SKMapSmallPvPWarButton" toplevel="true" frameStata="HIGH">
				<Size>
					<AbsDimension x="16" y="16"/>
				</Size>
				<Anchors>
					<Anchor point="TOPRIGHT" relativeTo="SKMapSmallTargetInfoButton2" relativePoint="BOTTOMRIGHT">
						<Offset>
							<AbsDimension x="0" y="-10"/>
						</Offset>
					</Anchor>
				</Anchors>
				<Scripts>
					<OnLoad>
						this:SetFrameLevel(this:GetFrameLevel() + 1);
					</OnLoad>
					<OnClick>
						SkM_EnemyWar(true);
					</OnClick>
				</Scripts>
				<NormalTexture   file="Interface\AddOns\SKMap\Icons\SKMapPvPWarButtonUp"/>
				<PushedTexture   file="Interface\AddOns\SKMap\Icons\SKMapPvPWarButtonDown"/>
				<DisabledTexture file="Interface\AddOns\SKMap\Icons\SKMapPvPWarButtonDisabled"/>
<!--		<HighlightTexture alphaMode="ADD" file="Interface\Minimap\UI-Minimap-ZoomButton-Highlight"/> -->
			</Button>

			<Button name="SKMapSmallPvPTruceButton" toplevel="true" frameStata="HIGH">
				<Size>
					<AbsDimension x="16" y="16"/>
				</Size>
				<Anchors>
					<Anchor point="TOPRIGHT" relativeTo="SKMapSmallTargetInfoButton2" relativePoint="BOTTOMRIGHT">
						<Offset>
							<AbsDimension x="0" y="-10"/>
						</Offset>
					</Anchor>
				</Anchors>
				<Scripts>
					<OnLoad>
						this:SetFrameLevel(this:GetFrameLevel() + 1);
					</OnLoad>

					<OnClick>
						SkM_EnemyWar(false);
					</OnClick>
				</Scripts>
				<NormalTexture   file="Interface\AddOns\SKMap\Icons\SKMapPvPTruceButtonUp"/>

				<PushedTexture   file="Interface\AddOns\SKMap\Icons\SKMapPvPTruceButtonDown"/>
				<DisabledTexture file="Interface\AddOns\SKMap\Icons\SKMapPvPTruceButtonDisabled"/>
<!--		<HighlightTexture alphaMode="ADD" file="Interface\Minimap\UI-Minimap-ZoomButton-Highlight"/> -->
			</Button>

			<Button name="SKMapTargetInfoMaxButton" toplevel="true" frameStata="HIGH">
				<Size>
					<AbsDimension x="12" y="12"/>
				</Size>
				<Anchors>
					<Anchor point="BOTTOMLEFT" relativeTo="SKMapSmallTargetInfoButton4" relativePoint="BOTTOMLEFT">
						<Offset>
							<AbsDimension x="-16" y="-3"/>
						</Offset>
					</Anchor>
				</Anchors>
				<Scripts>
					<OnLoad>
						this:SetFrameLevel(this:GetFrameLevel() + 1);
					</OnLoad>
					<OnClick>
						SkM_TargetInfoResize();
					</OnClick>
				</Scripts>
				<NormalTexture   file="Interface\AddOns\SKMap\Icons\SKMapTargetInfoMaxButton"/>
				<PushedTexture   file="Interface\AddOns\SKMap\Icons\SKMapTargetInfoMaxButton"/>
				<DisabledTexture file="Interface\AddOns\SKMap\Icons\SKMapTargetInfoMaxButton"/>
<!--		<HighlightTexture alphaMode="ADD" file="Interface\Minimap\UI-Minimap-ZoomButton-Highlight"/> -->
			</Button>


		</Frames>
		<Scripts>
<!--		
			<OnLoad>
			</OnLoad>
			<OnEvent>
			</OnEvent>
-->			
<!--
			<OnDragStart>
				SKMap_TargetFrame_OnDragStart();
			</OnDragStart>
			<OnDragStop>
				SKMap_TargetFrame_OnDragStop();
			</OnDragStop>
			<OnMouseUp>

				SKMap_TargetFrame_OnDragStop();
			</OnMouseUp>
			-->
			
			<OnMouseUp>
				SKMap_Frame_MouseUp(); 
			</OnMouseUp>
			<OnMouseDown>
				SKMap_Frame_MouseDown( SkM_GetOption("LockedTargetInfo") );
			</OnMouseDown>
			<OnHide>
				SKMap_Frame_MouseUp();
			</OnHide>
						
		</Scripts>
	</Frame>



<!-- SKMapTargetGuildFrame
     Small frame to display target enemy guild
-->

  <Frame name="SKMapTargetGuildInfo" frameStrata="LOW" toplevel="true"
   enableMouse="true" movable="true" hidden="true" parent="UIParent">
    <Size>
      <AbsDimension x="135" y="10"/>
    </Size>
    <Anchors>
      <Anchor point="TOPLEFT" relativeTo="TargetFrame" relativePoint="TOPLEFT">
        <Offset>
          <AbsDimension x="-8" y="2"/>
        </Offset>
      </Anchor>
    </Anchors>
    <Frames>

      <Button name="SKMapTargetGuildInfoButton1" id="1">
        <Anchors>
          <Anchor point="TOPLEFT" relativeTo="$parent" relativePoint="BOTTOMLEFT">
            <Offset>
              <AbsDimension x="10" y="0"/>
            </Offset>
          </Anchor>
        </Anchors>
        <Size>
          <AbsDimension x="135" y="10"/>
        </Size>

        <Layers>
          <Layer level="BORDER">
            <FontString name="$parentValue" inherits="GameFontNormalSmall" justifyH="LEFT" wraponspaces="false">
              <Size>
                <AbsDimension x="135" y="10"/>
              </Size>
              <Anchors>
                <Anchor point="TOPLEFT">
                  <Offset>
                    <AbsDimension x="0" y="1"/>
                  </Offset>
                </Anchor>
              </Anchors>
            </FontString>
          </Layer>
        </Layers>
      </Button>

    </Frames>
  </Frame>



<!-- SKMapTargetClassFrame
     Small frame to display target enemy class
-->
  <Frame name="SKMapTargetClassInfo" frameStrata="LOW" toplevel="true"
   enableMouse="true" movable="true" hidden="true" parent="UIParent">
    <Size>
      <AbsDimension x="100" y="10"/>
    </Size>
    <Anchors>
      <Anchor point="TOPLEFT" relativeTo="TargetFrame" relativePoint="BOTTOMLEFT">
        <Offset>
          <AbsDimension x="100" y="30"/>
        </Offset>
      </Anchor>
    </Anchors>
    <Frames>

      <Button name="SKMapTargetClassInfoButton1" id="1">
        <Anchors>
          <Anchor point="TOPLEFT" relativeTo="$parent" relativePoint="BOTTOMLEFT">
            <Offset>
              <AbsDimension x="10" y="0"/>
            </Offset>
          </Anchor>
        </Anchors>
        <Size>
          <AbsDimension x="100" y="10"/>
        </Size>
        <Layers>
          <Layer level="BORDER">
            <FontString name="$parentValue" inherits="GameFontNormalSmall" justifyH="CENTER" wraponspaces="false">
              <Size>
                <AbsDimension x="100" y="10"/>
              </Size>
              <Anchors>
                <Anchor point="TOPLEFT">
                  <Offset>
                    <AbsDimension x="0" y="1"/>
                  </Offset>
                </Anchor>
              </Anchors>
            </FontString>

          </Layer>
        </Layers>
      </Button>

    </Frames>
  </Frame>



<!-- SKMapMinimapButton
     Button located on the minimap frame that toggles GUI on/off
-->
	<Button name="SKMapMinimapButton" parent="Minimap" toplevel="true" frameStata="HIGH">
		<Size>
			<AbsDimension x="34" y="34"/>
		</Size>
		<Anchors>
			<Anchor point="CENTER" relativeTo="MinimapBackdrop" relativePoint="BOTTOM">
				<Offset>
<!--					<AbsDimension x="-51" y="60"/> --> <!-- (Cosmos) -->
<!--					<AbsDimension x="-21" y="39"/> --> <!-- (kosList) -->
<!--					<AbsDimension x="-21" y="5"/> -->
					<AbsDimension x="-71" y="146"/> <!-- (SKMap) -->
				</Offset>
			</Anchor>
		</Anchors>
		<Scripts>
			<OnClick>
				SKMap_ToggleUI();
			</OnClick>
			<OnLoad>
				this.tooltip = SKM_UI_STRINGS.MinimapButton_Tooltip;
			</OnLoad>
			<OnEnter>
				GameTooltip:SetOwner(this, "ANCHOR_LEFT");
				GameTooltip:SetText(this.tooltip);
			</OnEnter>
			<OnLeave>
				GameTooltip:Hide();
			</OnLeave>
		</Scripts>
		<NormalTexture   file="Interface\AddOns\SKMap\Icons\SKMapMMButtonUp"/>
		<PushedTexture   file="Interface\AddOns\SKMap\Icons\SKMapMMButtonUp"/>
		<DisabledTexture file="Interface\AddOns\SKMap\Icons\SKMapMMButtonUp"/>
		<HighlightTexture alphaMode="ADD" file="Interface\Minimap\UI-Minimap-ZoomButton-Highlight"/>
	</Button>



<!-- SKMapPOIButtonTemplate
     Template for the POI buttons to be displayed on the world map
-->
	<Button name="SKMapPOIButtonTemplate" virtual="true">
		<Size>
			<AbsDimension x="16" y="16"/>
		</Size>
		<Anchors>
			<Anchor point="CENTER"/>
		</Anchors>
		<Layers>
			<Layer level="BACKGROUND">
				<Texture name="$parentTexture" file="Interface\AddOns\SKMap\Icons\Default">
					<Size>
						<AbsDimension x="16" y="16"/>
					</Size>
					<Anchors>
						<Anchor point="CENTER"/>
					</Anchors>
				</Texture>
			</Layer>
		</Layers>
		<Scripts>
			<OnLoad>
				this:SetFrameLevel(this:GetFrameLevel() + 1);
				this:RegisterForClicks("LeftButtonUp", "RightButtonUp");
			</OnLoad>
			<OnEnter>
				SKMap_WorldMapPOI_OnEnter(this:GetID());
			</OnEnter>
			<OnLeave>
				SKMap_WorldMapPOI_OnLeave(this:GetID());
			</OnLeave>
			<OnClick>
				<!-- SKMap_OnClick(arg1, this:GetID()); -->
			</OnClick>
		</Scripts>
	</Button>



<!-- SKMapPOI*
     200 Buttons to manage the POI on the World Map
-->
	<Button name="SKMapPOI1" inherits="SKMapPOIButtonTemplate" id="1" hidden="true" parent="WorldMapButton"/>
	<Button name="SKMapPOI2" inherits="SKMapPOIButtonTemplate" id="2" hidden="true" parent="WorldMapButton"/>
	<Button name="SKMapPOI3" inherits="SKMapPOIButtonTemplate" id="3" hidden="true" parent="WorldMapButton"/>
	<Button name="SKMapPOI4" inherits="SKMapPOIButtonTemplate" id="4" hidden="true" parent="WorldMapButton"/>
	<Button name="SKMapPOI5" inherits="SKMapPOIButtonTemplate" id="5" hidden="true" parent="WorldMapButton"/>
	<Button name="SKMapPOI6" inherits="SKMapPOIButtonTemplate" id="6" hidden="true" parent="WorldMapButton"/>
	<Button name="SKMapPOI7" inherits="SKMapPOIButtonTemplate" id="7" hidden="true" parent="WorldMapButton"/>
	<Button name="SKMapPOI8" inherits="SKMapPOIButtonTemplate" id="8" hidden="true" parent="WorldMapButton"/>
	<Button name="SKMapPOI9" inherits="SKMapPOIButtonTemplate" id="9" hidden="true" parent="WorldMapButton"/>
	<Button name="SKMapPOI10" inherits="SKMapPOIButtonTemplate" id="10" hidden="true" parent="WorldMapButton"/>
	<Button name="SKMapPOI11" inherits="SKMapPOIButtonTemplate" id="11" hidden="true" parent="WorldMapButton"/>
	<Button name="SKMapPOI12" inherits="SKMapPOIButtonTemplate" id="12" hidden="true" parent="WorldMapButton"/>
	<Button name="SKMapPOI13" inherits="SKMapPOIButtonTemplate" id="13" hidden="true" parent="WorldMapButton"/>
	<Button name="SKMapPOI14" inherits="SKMapPOIButtonTemplate" id="14" hidden="true" parent="WorldMapButton"/>
	<Button name="SKMapPOI15" inherits="SKMapPOIButtonTemplate" id="15" hidden="true" parent="WorldMapButton"/>
	<Button name="SKMapPOI16" inherits="SKMapPOIButtonTemplate" id="16" hidden="true" parent="WorldMapButton"/>
	<Button name="SKMapPOI17" inherits="SKMapPOIButtonTemplate" id="17" hidden="true" parent="WorldMapButton"/>
	<Button name="SKMapPOI18" inherits="SKMapPOIButtonTemplate" id="18" hidden="true" parent="WorldMapButton"/>
	<Button name="SKMapPOI19" inherits="SKMapPOIButtonTemplate" id="19" hidden="true" parent="WorldMapButton"/>
	<Button name="SKMapPOI20" inherits="SKMapPOIButtonTemplate" id="20" hidden="true" parent="WorldMapButton"/>
	<Button name="SKMapPOI21" inherits="SKMapPOIButtonTemplate" id="21" hidden="true" parent="WorldMapButton"/>
	<Button name="SKMapPOI22" inherits="SKMapPOIButtonTemplate" id="22" hidden="true" parent="WorldMapButton"/>
	<Button name="SKMapPOI23" inherits="SKMapPOIButtonTemplate" id="23" hidden="true" parent="WorldMapButton"/>
	<Button name="SKMapPOI24" inherits="SKMapPOIButtonTemplate" id="24" hidden="true" parent="WorldMapButton"/>
	<Button name="SKMapPOI25" inherits="SKMapPOIButtonTemplate" id="25" hidden="true" parent="WorldMapButton"/>
	<Button name="SKMapPOI26" inherits="SKMapPOIButtonTemplate" id="26" hidden="true" parent="WorldMapButton"/>
	<Button name="SKMapPOI27" inherits="SKMapPOIButtonTemplate" id="27" hidden="true" parent="WorldMapButton"/>
	<Button name="SKMapPOI28" inherits="SKMapPOIButtonTemplate" id="28" hidden="true" parent="WorldMapButton"/>
	<Button name="SKMapPOI29" inherits="SKMapPOIButtonTemplate" id="29" hidden="true" parent="WorldMapButton"/>
	<Button name="SKMapPOI30" inherits="SKMapPOIButtonTemplate" id="30" hidden="true" parent="WorldMapButton"/>
	<Button name="SKMapPOI31" inherits="SKMapPOIButtonTemplate" id="31" hidden="true" parent="WorldMapButton"/>
	<Button name="SKMapPOI32" inherits="SKMapPOIButtonTemplate" id="32" hidden="true" parent="WorldMapButton"/>
	<Button name="SKMapPOI33" inherits="SKMapPOIButtonTemplate" id="33" hidden="true" parent="WorldMapButton"/>
	<Button name="SKMapPOI34" inherits="SKMapPOIButtonTemplate" id="34" hidden="true" parent="WorldMapButton"/>
	<Button name="SKMapPOI35" inherits="SKMapPOIButtonTemplate" id="35" hidden="true" parent="WorldMapButton"/>
	<Button name="SKMapPOI36" inherits="SKMapPOIButtonTemplate" id="36" hidden="true" parent="WorldMapButton"/>
	<Button name="SKMapPOI37" inherits="SKMapPOIButtonTemplate" id="37" hidden="true" parent="WorldMapButton"/>
	<Button name="SKMapPOI38" inherits="SKMapPOIButtonTemplate" id="38" hidden="true" parent="WorldMapButton"/>
	<Button name="SKMapPOI39" inherits="SKMapPOIButtonTemplate" id="39" hidden="true" parent="WorldMapButton"/>
	<Button name="SKMapPOI40" inherits="SKMapPOIButtonTemplate" id="40" hidden="true" parent="WorldMapButton"/>
	<Button name="SKMapPOI41" inherits="SKMapPOIButtonTemplate" id="41" hidden="true" parent="WorldMapButton"/>
	<Button name="SKMapPOI42" inherits="SKMapPOIButtonTemplate" id="42" hidden="true" parent="WorldMapButton"/>
	<Button name="SKMapPOI43" inherits="SKMapPOIButtonTemplate" id="43" hidden="true" parent="WorldMapButton"/>
	<Button name="SKMapPOI44" inherits="SKMapPOIButtonTemplate" id="44" hidden="true" parent="WorldMapButton"/>
	<Button name="SKMapPOI45" inherits="SKMapPOIButtonTemplate" id="45" hidden="true" parent="WorldMapButton"/>
	<Button name="SKMapPOI46" inherits="SKMapPOIButtonTemplate" id="46" hidden="true" parent="WorldMapButton"/>
	<Button name="SKMapPOI47" inherits="SKMapPOIButtonTemplate" id="47" hidden="true" parent="WorldMapButton"/>
	<Button name="SKMapPOI48" inherits="SKMapPOIButtonTemplate" id="48" hidden="true" parent="WorldMapButton"/>
	<Button name="SKMapPOI49" inherits="SKMapPOIButtonTemplate" id="49" hidden="true" parent="WorldMapButton"/>
	<Button name="SKMapPOI50" inherits="SKMapPOIButtonTemplate" id="50" hidden="true" parent="WorldMapButton"/>
	<Button name="SKMapPOI51" inherits="SKMapPOIButtonTemplate" id="51" hidden="true" parent="WorldMapButton"/>
	<Button name="SKMapPOI52" inherits="SKMapPOIButtonTemplate" id="52" hidden="true" parent="WorldMapButton"/>
	<Button name="SKMapPOI53" inherits="SKMapPOIButtonTemplate" id="53" hidden="true" parent="WorldMapButton"/>
	<Button name="SKMapPOI54" inherits="SKMapPOIButtonTemplate" id="54" hidden="true" parent="WorldMapButton"/>
	<Button name="SKMapPOI55" inherits="SKMapPOIButtonTemplate" id="55" hidden="true" parent="WorldMapButton"/>
	<Button name="SKMapPOI56" inherits="SKMapPOIButtonTemplate" id="56" hidden="true" parent="WorldMapButton"/>
	<Button name="SKMapPOI57" inherits="SKMapPOIButtonTemplate" id="57" hidden="true" parent="WorldMapButton"/>
	<Button name="SKMapPOI58" inherits="SKMapPOIButtonTemplate" id="58" hidden="true" parent="WorldMapButton"/>
	<Button name="SKMapPOI59" inherits="SKMapPOIButtonTemplate" id="59" hidden="true" parent="WorldMapButton"/>
	<Button name="SKMapPOI60" inherits="SKMapPOIButtonTemplate" id="60" hidden="true" parent="WorldMapButton"/>
	<Button name="SKMapPOI61" inherits="SKMapPOIButtonTemplate" id="61" hidden="true" parent="WorldMapButton"/>
	<Button name="SKMapPOI62" inherits="SKMapPOIButtonTemplate" id="62" hidden="true" parent="WorldMapButton"/>

	<Button name="SKMapPOI63" inherits="SKMapPOIButtonTemplate" id="63" hidden="true" parent="WorldMapButton"/>
	<Button name="SKMapPOI64" inherits="SKMapPOIButtonTemplate" id="64" hidden="true" parent="WorldMapButton"/>
	<Button name="SKMapPOI65" inherits="SKMapPOIButtonTemplate" id="65" hidden="true" parent="WorldMapButton"/>
	<Button name="SKMapPOI66" inherits="SKMapPOIButtonTemplate" id="66" hidden="true" parent="WorldMapButton"/>
	<Button name="SKMapPOI67" inherits="SKMapPOIButtonTemplate" id="67" hidden="true" parent="WorldMapButton"/>
	<Button name="SKMapPOI68" inherits="SKMapPOIButtonTemplate" id="68" hidden="true" parent="WorldMapButton"/>
	<Button name="SKMapPOI69" inherits="SKMapPOIButtonTemplate" id="69" hidden="true" parent="WorldMapButton"/>
	<Button name="SKMapPOI70" inherits="SKMapPOIButtonTemplate" id="70" hidden="true" parent="WorldMapButton"/>
	<Button name="SKMapPOI71" inherits="SKMapPOIButtonTemplate" id="71" hidden="true" parent="WorldMapButton"/>
	<Button name="SKMapPOI72" inherits="SKMapPOIButtonTemplate" id="72" hidden="true" parent="WorldMapButton"/>
	<Button name="SKMapPOI73" inherits="SKMapPOIButtonTemplate" id="73" hidden="true" parent="WorldMapButton"/>
	<Button name="SKMapPOI74" inherits="SKMapPOIButtonTemplate" id="74" hidden="true" parent="WorldMapButton"/>
	<Button name="SKMapPOI75" inherits="SKMapPOIButtonTemplate" id="75" hidden="true" parent="WorldMapButton"/>
	<Button name="SKMapPOI76" inherits="SKMapPOIButtonTemplate" id="76" hidden="true" parent="WorldMapButton"/>
	<Button name="SKMapPOI77" inherits="SKMapPOIButtonTemplate" id="77" hidden="true" parent="WorldMapButton"/>
	<Button name="SKMapPOI78" inherits="SKMapPOIButtonTemplate" id="78" hidden="true" parent="WorldMapButton"/>
	<Button name="SKMapPOI79" inherits="SKMapPOIButtonTemplate" id="79" hidden="true" parent="WorldMapButton"/>
	<Button name="SKMapPOI80" inherits="SKMapPOIButtonTemplate" id="80" hidden="true" parent="WorldMapButton"/>
	<Button name="SKMapPOI81" inherits="SKMapPOIButtonTemplate" id="81" hidden="true" parent="WorldMapButton"/>
	<Button name="SKMapPOI82" inherits="SKMapPOIButtonTemplate" id="82" hidden="true" parent="WorldMapButton"/>
	<Button name="SKMapPOI83" inherits="SKMapPOIButtonTemplate" id="83" hidden="true" parent="WorldMapButton"/>
	<Button name="SKMapPOI84" inherits="SKMapPOIButtonTemplate" id="84" hidden="true" parent="WorldMapButton"/>
	<Button name="SKMapPOI85" inherits="SKMapPOIButtonTemplate" id="85" hidden="true" parent="WorldMapButton"/>
	<Button name="SKMapPOI86" inherits="SKMapPOIButtonTemplate" id="86" hidden="true" parent="WorldMapButton"/>
	<Button name="SKMapPOI87" inherits="SKMapPOIButtonTemplate" id="87" hidden="true" parent="WorldMapButton"/>
	<Button name="SKMapPOI88" inherits="SKMapPOIButtonTemplate" id="88" hidden="true" parent="WorldMapButton"/>
	<Button name="SKMapPOI89" inherits="SKMapPOIButtonTemplate" id="89" hidden="true" parent="WorldMapButton"/>
	<Button name="SKMapPOI90" inherits="SKMapPOIButtonTemplate" id="90" hidden="true" parent="WorldMapButton"/>
	<Button name="SKMapPOI91" inherits="SKMapPOIButtonTemplate" id="91" hidden="true" parent="WorldMapButton"/>
	<Button name="SKMapPOI92" inherits="SKMapPOIButtonTemplate" id="92" hidden="true" parent="WorldMapButton"/>
	<Button name="SKMapPOI93" inherits="SKMapPOIButtonTemplate" id="93" hidden="true" parent="WorldMapButton"/>
	<Button name="SKMapPOI94" inherits="SKMapPOIButtonTemplate" id="94" hidden="true" parent="WorldMapButton"/>
	<Button name="SKMapPOI95" inherits="SKMapPOIButtonTemplate" id="95" hidden="true" parent="WorldMapButton"/>
	<Button name="SKMapPOI96" inherits="SKMapPOIButtonTemplate" id="96" hidden="true" parent="WorldMapButton"/>
	<Button name="SKMapPOI97" inherits="SKMapPOIButtonTemplate" id="97" hidden="true" parent="WorldMapButton"/>
	<Button name="SKMapPOI98" inherits="SKMapPOIButtonTemplate" id="98" hidden="true" parent="WorldMapButton"/>
	<Button name="SKMapPOI99" inherits="SKMapPOIButtonTemplate" id="99" hidden="true" parent="WorldMapButton"/>
	<Button name="SKMapPOI100" inherits="SKMapPOIButtonTemplate" id="100" hidden="true" parent="WorldMapButton"/>
	<Button name="SKMapPOI101" inherits="SKMapPOIButtonTemplate" id="101" hidden="true" parent="WorldMapButton"/>
	<Button name="SKMapPOI102" inherits="SKMapPOIButtonTemplate" id="102" hidden="true" parent="WorldMapButton"/>
	<Button name="SKMapPOI103" inherits="SKMapPOIButtonTemplate" id="103" hidden="true" parent="WorldMapButton"/>
	<Button name="SKMapPOI104" inherits="SKMapPOIButtonTemplate" id="104" hidden="true" parent="WorldMapButton"/>
	<Button name="SKMapPOI105" inherits="SKMapPOIButtonTemplate" id="105" hidden="true" parent="WorldMapButton"/>
	<Button name="SKMapPOI106" inherits="SKMapPOIButtonTemplate" id="106" hidden="true" parent="WorldMapButton"/>
	<Button name="SKMapPOI107" inherits="SKMapPOIButtonTemplate" id="107" hidden="true" parent="WorldMapButton"/>
	<Button name="SKMapPOI108" inherits="SKMapPOIButtonTemplate" id="108" hidden="true" parent="WorldMapButton"/>
	<Button name="SKMapPOI109" inherits="SKMapPOIButtonTemplate" id="109" hidden="true" parent="WorldMapButton"/>
	<Button name="SKMapPOI110" inherits="SKMapPOIButtonTemplate" id="110" hidden="true" parent="WorldMapButton"/>
	<Button name="SKMapPOI111" inherits="SKMapPOIButtonTemplate" id="111" hidden="true" parent="WorldMapButton"/>
	<Button name="SKMapPOI112" inherits="SKMapPOIButtonTemplate" id="112" hidden="true" parent="WorldMapButton"/>
	<Button name="SKMapPOI113" inherits="SKMapPOIButtonTemplate" id="113" hidden="true" parent="WorldMapButton"/>
	<Button name="SKMapPOI114" inherits="SKMapPOIButtonTemplate" id="114" hidden="true" parent="WorldMapButton"/>
	<Button name="SKMapPOI115" inherits="SKMapPOIButtonTemplate" id="115" hidden="true" parent="WorldMapButton"/>
	<Button name="SKMapPOI116" inherits="SKMapPOIButtonTemplate" id="116" hidden="true" parent="WorldMapButton"/>
	<Button name="SKMapPOI117" inherits="SKMapPOIButtonTemplate" id="117" hidden="true" parent="WorldMapButton"/>
	<Button name="SKMapPOI118" inherits="SKMapPOIButtonTemplate" id="118" hidden="true" parent="WorldMapButton"/>
	<Button name="SKMapPOI119" inherits="SKMapPOIButtonTemplate" id="119" hidden="true" parent="WorldMapButton"/>
	<Button name="SKMapPOI120" inherits="SKMapPOIButtonTemplate" id="120" hidden="true" parent="WorldMapButton"/>
	<Button name="SKMapPOI121" inherits="SKMapPOIButtonTemplate" id="121" hidden="true" parent="WorldMapButton"/>
	<Button name="SKMapPOI122" inherits="SKMapPOIButtonTemplate" id="122" hidden="true" parent="WorldMapButton"/>
	<Button name="SKMapPOI123" inherits="SKMapPOIButtonTemplate" id="123" hidden="true" parent="WorldMapButton"/>
	<Button name="SKMapPOI124" inherits="SKMapPOIButtonTemplate" id="124" hidden="true" parent="WorldMapButton"/>
	<Button name="SKMapPOI125" inherits="SKMapPOIButtonTemplate" id="125" hidden="true" parent="WorldMapButton"/>
	<Button name="SKMapPOI126" inherits="SKMapPOIButtonTemplate" id="126" hidden="true" parent="WorldMapButton"/>
	<Button name="SKMapPOI127" inherits="SKMapPOIButtonTemplate" id="127" hidden="true" parent="WorldMapButton"/>
	<Button name="SKMapPOI128" inherits="SKMapPOIButtonTemplate" id="128" hidden="true" parent="WorldMapButton"/>
	<Button name="SKMapPOI129" inherits="SKMapPOIButtonTemplate" id="129" hidden="true" parent="WorldMapButton"/>
	<Button name="SKMapPOI130" inherits="SKMapPOIButtonTemplate" id="130" hidden="true" parent="WorldMapButton"/>
	<Button name="SKMapPOI131" inherits="SKMapPOIButtonTemplate" id="131" hidden="true" parent="WorldMapButton"/>
	<Button name="SKMapPOI132" inherits="SKMapPOIButtonTemplate" id="132" hidden="true" parent="WorldMapButton"/>
	<Button name="SKMapPOI133" inherits="SKMapPOIButtonTemplate" id="133" hidden="true" parent="WorldMapButton"/>
	<Button name="SKMapPOI134" inherits="SKMapPOIButtonTemplate" id="134" hidden="true" parent="WorldMapButton"/>
	<Button name="SKMapPOI135" inherits="SKMapPOIButtonTemplate" id="135" hidden="true" parent="WorldMapButton"/>
	<Button name="SKMapPOI136" inherits="SKMapPOIButtonTemplate" id="136" hidden="true" parent="WorldMapButton"/>
	<Button name="SKMapPOI137" inherits="SKMapPOIButtonTemplate" id="137" hidden="true" parent="WorldMapButton"/>
	<Button name="SKMapPOI138" inherits="SKMapPOIButtonTemplate" id="138" hidden="true" parent="WorldMapButton"/>
	<Button name="SKMapPOI139" inherits="SKMapPOIButtonTemplate" id="139" hidden="true" parent="WorldMapButton"/>
	<Button name="SKMapPOI140" inherits="SKMapPOIButtonTemplate" id="140" hidden="true" parent="WorldMapButton"/>
	<Button name="SKMapPOI141" inherits="SKMapPOIButtonTemplate" id="141" hidden="true" parent="WorldMapButton"/>
	<Button name="SKMapPOI142" inherits="SKMapPOIButtonTemplate" id="142" hidden="true" parent="WorldMapButton"/>
	<Button name="SKMapPOI143" inherits="SKMapPOIButtonTemplate" id="143" hidden="true" parent="WorldMapButton"/>
	<Button name="SKMapPOI144" inherits="SKMapPOIButtonTemplate" id="144" hidden="true" parent="WorldMapButton"/>
	<Button name="SKMapPOI145" inherits="SKMapPOIButtonTemplate" id="145" hidden="true" parent="WorldMapButton"/>
	<Button name="SKMapPOI146" inherits="SKMapPOIButtonTemplate" id="146" hidden="true" parent="WorldMapButton"/>
	<Button name="SKMapPOI147" inherits="SKMapPOIButtonTemplate" id="147" hidden="true" parent="WorldMapButton"/>
	<Button name="SKMapPOI148" inherits="SKMapPOIButtonTemplate" id="148" hidden="true" parent="WorldMapButton"/>
	<Button name="SKMapPOI149" inherits="SKMapPOIButtonTemplate" id="149" hidden="true" parent="WorldMapButton"/>
	<Button name="SKMapPOI150" inherits="SKMapPOIButtonTemplate" id="150" hidden="true" parent="WorldMapButton"/>
	<Button name="SKMapPOI151" inherits="SKMapPOIButtonTemplate" id="151" hidden="true" parent="WorldMapButton"/>
	<Button name="SKMapPOI152" inherits="SKMapPOIButtonTemplate" id="152" hidden="true" parent="WorldMapButton"/>
	<Button name="SKMapPOI153" inherits="SKMapPOIButtonTemplate" id="153" hidden="true" parent="WorldMapButton"/>
	<Button name="SKMapPOI154" inherits="SKMapPOIButtonTemplate" id="154" hidden="true" parent="WorldMapButton"/>
	<Button name="SKMapPOI155" inherits="SKMapPOIButtonTemplate" id="155" hidden="true" parent="WorldMapButton"/>
	<Button name="SKMapPOI156" inherits="SKMapPOIButtonTemplate" id="156" hidden="true" parent="WorldMapButton"/>
	<Button name="SKMapPOI157" inherits="SKMapPOIButtonTemplate" id="157" hidden="true" parent="WorldMapButton"/>
	<Button name="SKMapPOI158" inherits="SKMapPOIButtonTemplate" id="158" hidden="true" parent="WorldMapButton"/>
	<Button name="SKMapPOI159" inherits="SKMapPOIButtonTemplate" id="159" hidden="true" parent="WorldMapButton"/>
	<Button name="SKMapPOI160" inherits="SKMapPOIButtonTemplate" id="160" hidden="true" parent="WorldMapButton"/>
	<Button name="SKMapPOI161" inherits="SKMapPOIButtonTemplate" id="161" hidden="true" parent="WorldMapButton"/>
	<Button name="SKMapPOI162" inherits="SKMapPOIButtonTemplate" id="162" hidden="true" parent="WorldMapButton"/>
	<Button name="SKMapPOI163" inherits="SKMapPOIButtonTemplate" id="163" hidden="true" parent="WorldMapButton"/>
	<Button name="SKMapPOI164" inherits="SKMapPOIButtonTemplate" id="164" hidden="true" parent="WorldMapButton"/>
	<Button name="SKMapPOI165" inherits="SKMapPOIButtonTemplate" id="165" hidden="true" parent="WorldMapButton"/>
	<Button name="SKMapPOI166" inherits="SKMapPOIButtonTemplate" id="166" hidden="true" parent="WorldMapButton"/>
	<Button name="SKMapPOI167" inherits="SKMapPOIButtonTemplate" id="167" hidden="true" parent="WorldMapButton"/>
	<Button name="SKMapPOI168" inherits="SKMapPOIButtonTemplate" id="168" hidden="true" parent="WorldMapButton"/>
	<Button name="SKMapPOI169" inherits="SKMapPOIButtonTemplate" id="169" hidden="true" parent="WorldMapButton"/>
	<Button name="SKMapPOI170" inherits="SKMapPOIButtonTemplate" id="170" hidden="true" parent="WorldMapButton"/>
	<Button name="SKMapPOI171" inherits="SKMapPOIButtonTemplate" id="171" hidden="true" parent="WorldMapButton"/>
	<Button name="SKMapPOI172" inherits="SKMapPOIButtonTemplate" id="172" hidden="true" parent="WorldMapButton"/>
	<Button name="SKMapPOI173" inherits="SKMapPOIButtonTemplate" id="173" hidden="true" parent="WorldMapButton"/>
	<Button name="SKMapPOI174" inherits="SKMapPOIButtonTemplate" id="174" hidden="true" parent="WorldMapButton"/>
	<Button name="SKMapPOI175" inherits="SKMapPOIButtonTemplate" id="175" hidden="true" parent="WorldMapButton"/>
	<Button name="SKMapPOI176" inherits="SKMapPOIButtonTemplate" id="176" hidden="true" parent="WorldMapButton"/>
	<Button name="SKMapPOI177" inherits="SKMapPOIButtonTemplate" id="177" hidden="true" parent="WorldMapButton"/>
	<Button name="SKMapPOI178" inherits="SKMapPOIButtonTemplate" id="178" hidden="true" parent="WorldMapButton"/>
	<Button name="SKMapPOI179" inherits="SKMapPOIButtonTemplate" id="179" hidden="true" parent="WorldMapButton"/>
	<Button name="SKMapPOI180" inherits="SKMapPOIButtonTemplate" id="180" hidden="true" parent="WorldMapButton"/>
	<Button name="SKMapPOI181" inherits="SKMapPOIButtonTemplate" id="181" hidden="true" parent="WorldMapButton"/>
	<Button name="SKMapPOI182" inherits="SKMapPOIButtonTemplate" id="182" hidden="true" parent="WorldMapButton"/>
	<Button name="SKMapPOI183" inherits="SKMapPOIButtonTemplate" id="183" hidden="true" parent="WorldMapButton"/>
	<Button name="SKMapPOI184" inherits="SKMapPOIButtonTemplate" id="184" hidden="true" parent="WorldMapButton"/>
	<Button name="SKMapPOI185" inherits="SKMapPOIButtonTemplate" id="185" hidden="true" parent="WorldMapButton"/>
	<Button name="SKMapPOI186" inherits="SKMapPOIButtonTemplate" id="186" hidden="true" parent="WorldMapButton"/>
	<Button name="SKMapPOI187" inherits="SKMapPOIButtonTemplate" id="187" hidden="true" parent="WorldMapButton"/>
	<Button name="SKMapPOI188" inherits="SKMapPOIButtonTemplate" id="188" hidden="true" parent="WorldMapButton"/>
	<Button name="SKMapPOI189" inherits="SKMapPOIButtonTemplate" id="189" hidden="true" parent="WorldMapButton"/>
	<Button name="SKMapPOI190" inherits="SKMapPOIButtonTemplate" id="190" hidden="true" parent="WorldMapButton"/>
	<Button name="SKMapPOI191" inherits="SKMapPOIButtonTemplate" id="191" hidden="true" parent="WorldMapButton"/>
	<Button name="SKMapPOI192" inherits="SKMapPOIButtonTemplate" id="192" hidden="true" parent="WorldMapButton"/>
	<Button name="SKMapPOI193" inherits="SKMapPOIButtonTemplate" id="193" hidden="true" parent="WorldMapButton"/>
	<Button name="SKMapPOI194" inherits="SKMapPOIButtonTemplate" id="194" hidden="true" parent="WorldMapButton"/>
	<Button name="SKMapPOI195" inherits="SKMapPOIButtonTemplate" id="195" hidden="true" parent="WorldMapButton"/>
	<Button name="SKMapPOI196" inherits="SKMapPOIButtonTemplate" id="196" hidden="true" parent="WorldMapButton"/>
	<Button name="SKMapPOI197" inherits="SKMapPOIButtonTemplate" id="197" hidden="true" parent="WorldMapButton"/>
	<Button name="SKMapPOI198" inherits="SKMapPOIButtonTemplate" id="198" hidden="true" parent="WorldMapButton"/>
	<Button name="SKMapPOI199" inherits="SKMapPOIButtonTemplate" id="199" hidden="true" parent="WorldMapButton"/>
	<Button name="SKMapPOI200" inherits="SKMapPOIButtonTemplate" id="200" hidden="true" parent="WorldMapButton"/>



<!-- SKMapWorldMapControl
-->
	<Frame name="SKMapWorldMapControl"
	       toplevel="true" enableMouse="true" movable="true" hidden="true"
	       parent="WorldMapButton">
		<Size>
			<AbsDimension x="110" y="67"/>
		</Size>
		<Anchors>
			<Anchor point="BOTTOMRIGHT" relativeTo="WorldMapDetailFrame" relativePoint="BOTTOMRIGHT">
				<Offset>
					<AbsDimension x="7" y="-5"/>
				</Offset>
			</Anchor>
		</Anchors>
		<Frames>
			<Frame name="$parentBackdropFrame">
				<Size>
					<AbsDimension x="110" y="67"/>
				</Size>
				<Anchors>
					<Anchor point="TOPLEFT" relativeTo="$parent" relativePoint="TOPLEFT">
						<Offset>
							<AbsDimension x="0" y="0"/>
						</Offset>
					</Anchor>
				</Anchors>
				<Layers>
					<Layer level="ARTWORK">
						<Texture file="Interface\AddOns\SKMap\Icons\SKMap-UI-Icon">
							<Size>
								<AbsDimension x="50" y="50"/>
							</Size>
							<Anchors>
								<Anchor point="TOPLEFT">
									<Offset>
										<AbsDimension x="-3" y="33"/>
									</Offset>
								</Anchor>
							</Anchors>
						</Texture>
						<FontString name="$parentTitle" inherits="GameFontHighlightSmall" justifyH="LEFT" wraponspaces="false" text="SKMAP_WORLDMAP_TITLE">
							<Size>
								<AbsDimension x="110" y="10"/>
							</Size>
							<Anchors>
								<Anchor point="TOPLEFT">
									<Offset>
										<AbsDimension x="40" y="-5"/>
									</Offset>
								</Anchor>
							</Anchors>
						</FontString>
					</Layer>
				</Layers>
				<Backdrop name="SKMapWorldMapControlBackground"
				          bgFile="Interface\DialogFrame\UI-DialogBox-Background"
				          edgeFile="Interface\Tooltips\UI-Tooltip-Border" tile="true">
					<TileSize>
						<AbsValue val="12"/>
					</TileSize>
					<EdgeSize>
						<AbsValue val="12"/>
					</EdgeSize>
					<BackgroundInsets>
						<AbsInset left="2" right="2" top="2" bottom="2"/>
					</BackgroundInsets>
				</Backdrop>
			</Frame>

			<Button name="SKMapWorldMapControl_HideButton" inherits="SKMap_OptionsButtonTemplate" text="SKMAP_WORLDMAP_HIDE" hidden="false">
	    		<Size>
					<AbsDimension x="100" y="22"/>
				</Size>
				<Anchors>
					<Anchor point="BOTTOM" relativeTo="SKMapWorldMapControl" relativePoint="BOTTOM">
						<Offset>
							<AbsDimension x="0" y="5"/>
						</Offset>
					</Anchor>
				</Anchors>
				<Scripts>
					<OnClick>
						PlaySound("igMainMenuOptionCheckBoxOn");
						SKMap_WorldControlHide_OnClick();
					</OnClick>
				</Scripts>
			</Button>

			<CheckButton name="SKMapWorldMapControl_CheckButton1" inherits="OptionsCheckButtonTemplate">
				<Size>
					<AbsDimension x="20" y="20"/>
				</Size>
				<Anchors>
					<Anchor point="BOTTOMLEFT" relativeTo="SKMapWorldMapControl_HideButton" relativePoint="TOPLEFT">
						<Offset>
							<AbsDimension x="0" y="0"/>
						</Offset>
					</Anchor>
				</Anchors>
				<Scripts>
					<OnClick>
						PlaySound("igMainMenuOptionCheckBoxOn");
						SKMap_WorldControlShowRecords_OnClick();
					</OnClick>
				</Scripts>
			</CheckButton>
		</Frames>
		<Scripts>
			<OnLoad>
			</OnLoad>
		</Scripts>
	</Frame>

</Ui>
