<Ui xmlns="http://www.blizzard.com/wow/ui/" xmlns:xsi="http://www.w3.org/2001/XMLSchema-instance" xsi:schemaLocation="http://www.blizzard.com/wow/ui/
C:\Projects\WoW\Bin\Interface\FrameXML\UI.xsd">
	<Include file="SeaHooks\SeaHooks.xml"/>

	<Script file="DetachedMiniButtons.lua" />
	<Frame name="DetachedMiniButtonsFrame" hidden="false" parent="UIParent">
		<Size>
			<AbsDimension x="1" y="1"/>
		</Size>
		<Anchors>
			<Anchor point="TOP">
				<offset>
           			<AbsDimension x="-100" y="-100"/>
        </offset>
			</Anchor>
		</Anchors>		
		<Scripts>
			<OnLoad>
				DetachedMiniButtons_OnLoad();
			</OnLoad>	
			<OnEvent>
				DetachedMiniButtons_OnEvent(event);
			</OnEvent>
			<OnUpdate>
				DetachedMiniButtons_OnUpdate();
			</OnUpdate>
		</Scripts>
</Frame>
</Ui>

