<Ui xmlns="http://www.blizzard.com/wow/ui/" xmlns:xsi="http://www.w3.org/2001/XMLSchema-instance" xsi:schemaLocation="http://www.blizzard.com/wow/ui/"> 

<Frame name="DART_ScriptOptions" parent="DART_BaseOptions" frameStrata="HIGH" hidden="true">
	<Size><AbsDimension x="10" y="10"/></Size>
	<Anchors>
		<Anchor point="TOPLEFT">
			<Offset><AbsDimension x="0" y="-22"/></Offset>
		</Anchor>
		<Anchor point="BOTTOMRIGHT"/>
	</Anchors>
	<Frames>
		<Button name="$parent_KeybindingDown" inherits="DART_MainMenuButton2" text="KeybindingDown">
			<Anchors>
				<Anchor point="TOPLEFT">
					<Offset><AbsDimension x="10" y="-60"/></Offset>
				</Anchor>
			</Anchors>
			<Scripts>
				<OnClick>
					DART_Show_Script(10);
				</OnClick>
			</Scripts>
		</Button>
		<Button name="$parent_KeybindingUp" inherits="DART_MainMenuButton2" text="KeybindingUp">
			<Anchors>
				<Anchor point="TOP" relativeTo="$parent_KeybindingDown" relativePoint="BOTTOM"/>
			</Anchors>
			<Scripts>
				<OnClick>
					DART_Show_Script(11);
				</OnClick>
			</Scripts>
		</Button>
		<Button name="$parent_OnClick" inherits="DART_MainMenuButton2" text="OnClick">
			<Anchors>
				<Anchor point="TOP" relativeTo="$parent_KeybindingUp" relativePoint="BOTTOM"/>
			</Anchors>
			<Scripts>
				<OnClick>
					DART_Show_Script(7);
				</OnClick>
			</Scripts>
		</Button>
		<Button name="$parent_OnEnter" inherits="DART_MainMenuButton2" text="OnEnter">
			<Anchors>
				<Anchor point="TOP" relativeTo="$parent_OnClick" relativePoint="BOTTOM"/>
			</Anchors>
			<Scripts>
				<OnClick>
					DART_Show_Script(3);
				</OnClick>
			</Scripts>
		</Button>
		<Button name="$parent_OnEvent" inherits="DART_MainMenuButton2" text="OnEvent">
			<Anchors>
				<Anchor point="TOP" relativeTo="$parent_OnEnter" relativePoint="BOTTOM"/>
			</Anchors>
			<Scripts>
				<OnClick>
					DART_Show_Script(2);
				</OnClick>
			</Scripts>
		</Button>
		<Button name="$parent_OnHide" inherits="DART_MainMenuButton2" text="OnHide">
			<Anchors>
				<Anchor point="TOP" relativeTo="$parent_OnEvent" relativePoint="BOTTOM"/>
			</Anchors>
			<Scripts>
				<OnClick>
					DART_Show_Script(6);
				</OnClick>
			</Scripts>
		</Button>
		<Button name="$parent_OnLeave" inherits="DART_MainMenuButton2" text="OnLeave">
			<Anchors>
				<Anchor point="TOP" relativeTo="$parent_OnHide" relativePoint="BOTTOM"/>
			</Anchors>
			<Scripts>
				<OnClick>
					DART_Show_Script(4);
				</OnClick>
			</Scripts>
		</Button>
		<Button name="$parent_OnLoad" inherits="DART_MainMenuButton2" text="OnLoad">
			<Anchors>
				<Anchor point="TOP" relativeTo="$parent_OnLeave" relativePoint="BOTTOM"/>
			</Anchors>
			<Scripts>
				<OnClick>
					DART_Show_Script(14);
				</OnClick>
			</Scripts>
		</Button>
		<Button name="$parent_OnMouseDown" inherits="DART_MainMenuButton2" text="OnMouseDown">
			<Anchors>
				<Anchor point="TOP" relativeTo="$parent_OnLoad" relativePoint="BOTTOM"/>
			</Anchors>
			<Scripts>
				<OnClick>
					DART_Show_Script(9);
				</OnClick>
			</Scripts>
		</Button>
		<Button name="$parent_OnMouseUp" inherits="DART_MainMenuButton2" text="OnMouseUp">
			<Anchors>
				<Anchor point="TOP" relativeTo="$parent_OnMouseDown" relativePoint="BOTTOM"/>
			</Anchors>
			<Scripts>
				<OnClick>
					DART_Show_Script(8);
				</OnClick>
			</Scripts>
		</Button>
		<Button name="$parent_OnMouseWheel" inherits="DART_MainMenuButton2" text="OnMouseWheel">
			<Anchors>
				<Anchor point="TOP" relativeTo="$parent_OnMouseUp" relativePoint="BOTTOM"/>
			</Anchors>
			<Scripts>
				<OnClick>
					DART_Show_Script(12);
				</OnClick>
			</Scripts>
		</Button>
		<Button name="$parent_OnReceiveDrag" inherits="DART_MainMenuButton2" text="OnReceiveDrag">
			<Anchors>
				<Anchor point="TOP" relativeTo="$parent_OnMouseWheel" relativePoint="BOTTOM"/>
			</Anchors>
			<Scripts>
				<OnClick>
					DART_Show_Script(13);
				</OnClick>
			</Scripts>
		</Button>
		<Button name="$parent_OnShow" inherits="DART_MainMenuButton2" text="OnShow">
			<Anchors>
				<Anchor point="TOP" relativeTo="$parent_OnReceiveDrag" relativePoint="BOTTOM"/>
			</Anchors>
			<Scripts>
				<OnClick>
					DART_Show_Script(5);
				</OnClick>
			</Scripts>
		</Button>
		<Button name="$parent_OnUpdate" inherits="DART_MainMenuButton2" text="OnUpdate">
			<Anchors>
				<Anchor point="TOP" relativeTo="$parent_OnShow" relativePoint="BOTTOM"/>
			</Anchors>
			<Scripts>
				<OnClick>
					DART_Show_Script(1);
				</OnClick>
			</Scripts>
		</Button>

		<ScrollFrame name="$parent_ScrollFrame" inherits="UIPanelScrollFrameTemplate" frameStrata="HIGH">
				<Size><AbsDimension x="360" y="450"/></Size>
				<Anchors>
					<Anchor point="TOPLEFT">
						<Offset><AbsDimension x="160" y="-80"/></Offset>
					</Anchor>
				</Anchors>
				<ScrollChild>
					<EditBox name="$parent_Text" multiLine="true" letters="50000" autoFocus="false">
						<Size><AbsDimension x="360" y="440"/></Size>
						<Scripts>
							<OnTextChanged>
								DART_Update_Script();
							</OnTextChanged>
							<OnEscapePressed>
								this:ClearFocus();
							</OnEscapePressed>
							<OnHide>
								DART_Compile_Scripts();
							</OnHide>
						</Scripts>
						<FontString inherits="GameFontHighlightSmall"/>
					</EditBox>
				</ScrollChild>
			</ScrollFrame>
			<Button name="$parent_TextButton" frameStrata="HIGH">
				<Size><AbsDimension x="360" y="450"/></Size>
				<Anchors>
					<Anchor point="TOPLEFT" relativeTo="DART_ScriptOptions_ScrollFrame_Text"/>
				</Anchors>
				<Scripts>
					<OnClick>
						DART_ScriptOptions_ScrollFrame_Text:SetFocus();
					</OnClick>
				</Scripts>
			</Button>
		<Frame name="$parent_ScrollFrameBackground" inherits="DiscordLib_TooltipBackdropTemplate" frameStrata="MEDIUM">
			<Size><AbsDimension x="400" y="462"/></Size>
			<Anchors>
				<Anchor point="TOPLEFT" relativeTo="$parent_ScrollFrame">
					<Offset><AbsDimension x="-10" y="7"/></Offset>
				</Anchor>
			</Anchors>
			<Scripts>
				<OnLoad>
					this:SetBackdropColor(0,0,0,0);
				</OnLoad>
			</Scripts>
		</Frame>
	</Frames>
	<Layers>
		<Layer level="OVERLAY">
			<FontString name="$parent_Label" inherits="GameFontNormal" justifyH="CENTER" justifyV="CENTER">
				<Color r="1.0" g="1.0" b="1.0"/>
				<Anchors>
					<Anchor point="TOP">
						<Offset><AbsDimension x="60" y="-60"/></Offset>
					</Anchor>
				</Anchors>
			</FontString>
		</Layer>
	</Layers>
</Frame>

</Ui>