<Ui xmlns="http://www.blizzard.com/wow/ui/" xmlns:xsi="http://www.w3.org/2001/XMLSchema-instance" xsi:schemaLocation="http://www.blizzard.com/wow/ui/">
	<Script file="ClassViewerOptions.lua"/>
	<CheckButton name="ClassVCheckTemplate" inherits="UICheckButtonTemplate" virtual="true">
		<HitRectInsets>
			<AbsInset left="0" right="-100" top="0" bottom="0"/>
		</HitRectInsets>
		<Scripts>
			<OnClick>
				if ( this:GetChecked() ) then
					PlaySound("igMainMenuOptionCheckBoxOff");
				else
					PlaySound("igMainMenuOptionCheckBoxOn");
				end
				ClassVOptions_CheckButtonOnClick();
			</OnClick>
			<OnEnter>
				if ( this.tooltipText ) then
					GameTooltip:SetOwner(this, "ANCHOR_LEFT");
					GameTooltip:SetBackdropColor(0.0, 0.0, 0.0);
					GameTooltip:SetText(this.tooltipText, 1.0, 1.0, 1.0);
				end
			</OnEnter>
			<OnLeave>
				GameTooltip:Hide();
			</OnLeave>
		</Scripts>
	</CheckButton>

	<Frame name="ClassVOptionsFrame" toplevel="true" frameStrata="MEDIUM" movable="true" enableMouse="true" hidden="true" parent="UIParent">
			<Size>
				<AbsDimension x="200" y="310" />
			</Size>
			<Anchors>
				<Anchor point="CENTER" />
			</Anchors>
			<Backdrop bgFile="Interface\DialogFrame\UI-DialogBox-Background" edgeFile="Interface\DialogFrame\UI-DialogBox-Border" tile="true">
				<BackgroundInsets>
					<AbsInset left="11" right="12" top="12" bottom="11" />	
					<Size>
						<AbsDimension x="128" y="17" />
					</Size>
				</BackgroundInsets>
				<TileSize>
					<AbsValue val="32" />
				</TileSize>
				<EdgeSize>
					<AbsValue val="32" />
				</EdgeSize>
			</Backdrop>
			<Layers>
				<Layer level="ARTWORK">
					<Texture name="ClassVTitle" file="Interface\DialogFrame\UI-DialogBox-Header">
						<Size>
							<AbsDimension x="275" y="64" />
						</Size>
						<Anchors>
							<Anchor point="TOP">
								<Offset>
									<AbsDimension x="0" y="12" />
								</Offset>
							</Anchor>
						</Anchors>
					</Texture>
					<FontString inherits="GameFontNormal" text="Class View Options">
						<Anchors>
							<Anchor point="TOP" relativeTo="ClassVOptionsFrame">
								<Offset>
									<AbsDimension x="0" y="-3" />
								</Offset>
							</Anchor>
						</Anchors>
					</FontString>
				</Layer>
			</Layers>
			<Frames>
				<CheckButton name="ClassVOptionsFrame_CheckButton1" inherits="ClassVCheckTemplate">
					<Anchors>
						<Anchor point="LEFT" relativePoint="LEFT" relativeTo="ClassVTitle">
							<Offset>
								<AbsDimension x="100" y="-30" />
							</Offset>
						</Anchor>
					</Anchors>
				</CheckButton>
				<CheckButton name="ClassVOptionsFrame_CheckButton2" inherits="ClassVCheckTemplate">
					<Anchors>
						<Anchor point="LEFT" relativePoint="LEFT" relativeTo="ClassVOptionsFrame_CheckButton1">
							<Offset>
								<AbsDimension x="0" y="-30" />
							</Offset>
						</Anchor>
					</Anchors>
				</CheckButton>
				<CheckButton name="ClassVOptionsFrame_CheckButton3" inherits="ClassVCheckTemplate">
					<Anchors>
						<Anchor point="LEFT" relativePoint="LEFT" relativeTo="ClassVOptionsFrame_CheckButton2">
							<Offset>
								<AbsDimension x="0" y="-30" />
							</Offset>
						</Anchor>
					</Anchors>
				</CheckButton>
				<CheckButton name="ClassVOptionsFrame_CheckButton4" inherits="ClassVCheckTemplate">
					<Anchors>
						<Anchor point="LEFT" relativePoint="LEFT" relativeTo="ClassVOptionsFrame_CheckButton3">
							<Offset>
								<AbsDimension x="0" y="-30" />
							</Offset>
						</Anchor>
					</Anchors>
				</CheckButton>
				<CheckButton name="ClassVOptionsFrame_CheckButton5" inherits="ClassVCheckTemplate">
					<Anchors>
						<Anchor point="LEFT" relativePoint="LEFT" relativeTo="ClassVOptionsFrame_CheckButton4">
							<Offset>
								<AbsDimension x="0" y="-30" />
							</Offset>
						</Anchor>
					</Anchors>
				</CheckButton>
				<CheckButton name="ClassVOptionsFrame_CheckButton6" inherits="ClassVCheckTemplate">
					<Anchors>
						<Anchor point="LEFT" relativePoint="LEFT" relativeTo="ClassVOptionsFrame_CheckButton5">
							<Offset>
								<AbsDimension x="0" y="-30" />
							</Offset>
						</Anchor>
					</Anchors>
				</CheckButton>
				<CheckButton name="ClassVOptionsFrame_CheckButton7" inherits="ClassVCheckTemplate">
					<Anchors>
						<Anchor point="LEFT" relativePoint="LEFT" relativeTo="ClassVOptionsFrame_CheckButton6">
							<Offset>
								<AbsDimension x="0" y="-30" />
							</Offset>
						</Anchor>
					</Anchors>
				</CheckButton>
				<Button name="ClassVOptionsSave" inherits="OptionsButtonTemplate" text="Close">
					<Anchors>
						<Anchor point="CENTER" relativePoint="BOTTOM" relativeTo="ClassVOptionsFrame">
							<Offset>
								<AbsDimension x="0" y="30" />
							</Offset>
						</Anchor>
					</Anchors>
					<Scripts>
						<OnClick>
							PlaySound("gsTitleOptionOK");
							ClassV_HideOptions();
						</OnClick>
					</Scripts>
				</Button>
			</Frames>
			<Scripts>
				<OnLoad>
					ClassVOptions_OnLoad();
				</OnLoad>
				<OnShow>
					ClassVOptions_OnShow();
				</OnShow>
				<OnHide>
					ClassVOptions_OnHide();
				</OnHide>
			</Scripts>	
		</Frame>
</Ui>