<Ui xmlns="http://www.blizzard.com/wow/ui/" xmlns:xsi="http://www.w3.org/2001/XMLSchema-instance"
xsi:schemaLocation="http://www.blizzard.com/wow/ui/">
	<Script file="localization.lua"/>
	<Script file="ClassViewer.lua"/>
	<Frame name="ClassVFrame" frameStrata="MEDIUM" toplevel="true" enableMouse="true" movable="true"
		parent="UIParent">
		<Size>
			<AbsDimension x="36" y="36" />
		</Size>
		<Anchors>
			<Anchor point="TOP">
				<Offset>
 					<AbsDimension x="0" y="-10"/>
 				</Offset>
 			</Anchor>
		</Anchors>
		<Scripts>
			<OnLoad> 		
				ClassV_OnLoad(); 	
			</OnLoad>
			<OnEvent>
				ClassV_OnEvent();
			</OnEvent>
			<OnUpdate> 		
				ClassV_OnUpdate(arg1); 	
			</OnUpdate>
			<OnDragStart> 		
				ClassV_OnDragStart(); 	
			</OnDragStart>
			<OnDragStop> 		
				ClassV_OnDragStop(); 	
			</OnDragStop>
			<OnMouseUp> 		
				ClassV_OnDragStop(); 	
			</OnMouseUp>
			<OnEnter>
				ClassV_OnEnter();
			</OnEnter>
			<OnLeave>
				ClassV_OnLeave();
			</OnLeave>
			<OnEnter>
				ClassV_OnEnter();
			</OnEnter>
			<OnLeave>
				GameTooltip:Hide();
			</OnLeave>
		</Scripts>
		<Layers>
			<Layer level="BACKGROUND">			
				<Texture name="ClassName">
					<Size>
						<AbsDimension x="56" y="56" />
					</Size>
					<Anchors>
						<Anchor point="TOPLEFT">
							<Offset>
								<AbsDimension x="0" y="0" />
							</Offset>
						</Anchor>
					</Anchors>
				</Texture>	
			</Layer>
		</Layers>
	</Frame>
</Ui>
