<Ui xmlns="http://www.blizzard.com/wow/ui/" xmlns:xsi="http://www.w3.org/2001/XMLSchema-instance" xsi:schemaLocation="http://www.blizzard.com/wow/ui/"> 
    <Script file="FonTabulous.lua"/>
    
<!-- __________________________________ TEMPLATES ___________________________________ -->
<Button name="FTAB_ButtonTemplateLoad" virtual="true" inherits="UIPanelButtonTemplate">
    <Size>
        <AbsDimension x="60" y="20"/>
    </Size> 
    <Layers> 
       <Layer level="ARTWORK"> 
            <FontString inherits="GameFontHighlightSmall" name="$parent_Text" text="LOAD"> 
                 <Color r="1.0" g="1.0" b="1.0"/> 
            </FontString> 
       </Layer> 
    </Layers>
</Button>
<Button name="FTAB_ButtonTemplateYes" virtual="true" inherits="UIPanelButtonTemplate">
    <Size>
        <AbsDimension x="60" y="20"/>
    </Size> 
    <Layers> 
       <Layer level="ARTWORK"> 
            <FontString inherits="GameFontHighlightSmall" name="$parent_Text" text="Yes"> 
                 <Color r="1.0" g="1.0" b="1.0"/> 
            </FontString> 
       </Layer> 
    </Layers>
</Button>
<Button name="FTAB_ButtonTemplateNo" virtual="true" inherits="UIPanelButtonTemplate">
    <Size>
        <AbsDimension x="60" y="20"/>
    </Size> 
    <Layers> 
       <Layer level="ARTWORK"> 
            <FontString inherits="GameFontHighlightSmall" name="$parent_Text" text="No"> 
                 <Color r="1.0" g="1.0" b="1.0"/> 
            </FontString> 
       </Layer> 
    </Layers>
</Button>

<Button name="FTAB_MenuButtonTemplate" virtual="true">
    <Size>
        <AbsDimension x="120" y="20"/>
    </Size>
    <Scripts>
        <OnClick>
            this:GetParent():Hide()
            getglobal(this:GetParent():GetParent():GetName() .. "_Text"):SetText(this:GetText())
            this:GetParent():GetParent():SetID(this:GetID())
            FTAB_ButtonClick(this:GetID())
        </OnClick>
        <OnLoad>
            FTAB_LoadButton(this:GetID())
        </OnLoad>
    </Scripts>	
    <HighlightTexture name="$parentHighlight" alphaMode="ADD" file="Interface\QuestFrame\UI-QuestTitleHighlight"/> 
    <NormalText inherits="GameFontHighlightSmall">
        <Color r="1.0" g="1.0" b="1.0"/> 
        <Anchors>
            <Anchor point="LEFT" relativePoint="LEFT">
                <Offset>
                    <AbsDimension x="5" y="0"/>
                </Offset>
            </Anchor>
        </Anchors>
    </NormalText>
</Button>

<Button name="FTAB_MenuOptionTemplate" virtual="true">
    <Size>
        <AbsDimension x="130" y="22"/>
    </Size>
    <Layers> 
       <Layer level="ARTWORK"> 
            <FontString inherits="GameFontHighlightSmall" name="$parent_Text"> 
                 <Color r="1.0" g="1.0" b="1.0"/> 
            </FontString> 
       </Layer> 
    </Layers>
    <Backdrop edgeFile="Interface\Tooltips\UI-Tooltip-Border" tile="true">
        <EdgeSize>
            <AbsValue val="16"/>
        </EdgeSize>
        <TileSize>
            <AbsValue val="16"/>
        </TileSize>
        <BackgroundInsets>
            <AbsInset left="0" right="0" top="0" bottom="0"/>
        </BackgroundInsets>
    </Backdrop>
    <Frames>
        <Button name="$parent_Button">
            <Size><AbsDimension x="32" y="32"/></Size>
            <Anchors>
                <Anchor point="LEFT" relativePoint="RIGHT">
                    <Offset><AbsDimension x="-15" y="-1"/></Offset>
                </Anchor>
            </Anchors>
            <HitRectInsets>
                <AbsInset left="6" right="6" top="7" bottom="7"/>
            </HitRectInsets>
            <NormalTexture file="Interface\MainMenuBar\UI-MainMenu-ScrollDownButton-Up"/>
            <PushedTexture file="Interface\MainMenuBar\UI-MainMenu-ScrollDownButton-Down"/>
            <DisabledTexture file="Interface\Buttons\UI-ScrollBar-ScrollDownButton-Disabled"/>
            <HighlightTexture alphaMode="ADD" file="Interface\MainMenuBar\UI-MainMenu-ScrollDownButton-Highlight"/>
            <Scripts>
            <OnClick>
                if (getglobal(this:GetParent():GetName() .. "_Options"):IsShown()) then 
                    getglobal(this:GetParent():GetName() .. "_Options"):Hide()
                else
                    getglobal(this:GetParent():GetName() .. "_Options"):Show()
                end
            </OnClick>
            </Scripts>
        </Button>		
    </Frames>
    <Scripts>
        <OnClick>
            if (getglobal(this:GetName() .. "_Options"):IsShown()) then 
                getglobal(this:GetName() .. "_Options"):Hide()
            else
                getglobal(this:GetName() .. "_Options"):Show()
            end
        </OnClick>
    </Scripts>
</Button>

<Button name="FTAB_ButtonTemplate" virtual="true" inherits="UIPanelButtonTemplate">
    <Size>
        <AbsDimension x="135" y="25"/>
    </Size> 
    <NormalText inherits="GameFontNormal">
        <Color r="1.0" g="1.0" b="1.0"/> 
    </NormalText>
</Button>

<Frame name="FTAB_ConfirmTemplate" movable="false" virtual="true" enableMouse="true" hidden="true" frameStrata="HIGH" parent="UIParent">
    <Size> 
      <AbsDimension x="390" y="100"/> 
    </Size> 
    <Anchors>
        <Anchor point="CENTER"/>
    </Anchors>
    <Backdrop bgFile="\\Interface\\AddOns\\!!FonTabulous\\Black.tga" edgeFile="Interface\DialogFrame\UI-DialogBox-Border" tile="true">
        <EdgeSize>
            <AbsValue val="32"/>
        </EdgeSize>
        <TileSize>
            <AbsValue val="32"/>
        </TileSize>
        <BackgroundInsets>
            <AbsInset left="5" right="5" top="5" bottom="5"/>
        </BackgroundInsets>
    </Backdrop>
    <Layers> 
       <Layer level="ARTWORK"> 
            <FontString inherits="GameFontNormal" name="$parent_TextMessage"> 
            <Size><AbsDimension x="350" y="75"/></Size> 
            <Anchors><Anchor point="TOP">
                <Offset><AbsDimension x="0" y="0"/></Offset>
            </Anchor></Anchors>
            </FontString> 
       </Layer> 
	</Layers>
    <Frames>
        <Button name="$parent_yes" inherits="FTAB_ButtonTemplateYes">
            <Anchors><Anchor point="TOP"><Offset><AbsDimension x="-35" y="-60"/></Offset></Anchor></Anchors>
            <Scripts><OnClick>FTAB_Confirm(this,"yes")</OnClick></Scripts></Button>
        <Button name="$parent_no" inherits="FTAB_ButtonTemplateNo">
            <Anchors><Anchor point="LEFT" relativePoint="RIGHT" relativeTo="$parent_yes"><Offset><AbsDimension x="10" y="0"/></Offset></Anchor></Anchors>
            <Scripts><OnClick>FTAB_Confirm(this,"no")</OnClick></Scripts></Button>
    </Frames>
</Frame>

<Slider name="FTAB_SliderTemplate" inherits="OptionsSliderTemplate" virtual="true">
    <Frames>
        <EditBox name="$parent_value" inherits="InputBoxTemplate" numeric="true" letters="false" autoFocus="false">
            <Size><AbsDimension x="50" y="26"/></Size> 
            <Anchors>
                <Anchor point="LEFT" relativePoint="RIGHT">
                    <Offset>
                        <AbsDimension x="5" y="0"/>
                    </Offset>
                </Anchor>
            </Anchors>
            <Scripts>
                <OnEnterPressed>
                    getglobal(string.gsub(this:GetName(),"_value","")):SetValue(tonumber(getglobal(this:GetName()):GetText()))
                </OnEnterPressed>
                <OnEscapePressed>
                    this:ClearFocus()
                </OnEscapePressed>
            </Scripts>
        </EditBox>
    </Frames>
    <Scripts>
        <OnValueChanged>
            getglobal(this:GetName() .. "_value"):SetText(this:GetValue())
            FTAB_UpdatePreview()
        </OnValueChanged>
        <OnLoad>
            FTAB_min, FTAB_max = this:GetMinMaxValues();
            getglobal(this:GetName() .. "Low"):SetText(FTAB_min)
            getglobal(this:GetName() .. "High"):SetText(FTAB_max)
        </OnLoad>
    </Scripts>
</Slider>
<!-- __________________________________ TEMPLATES ___________________________________ -->
<Frame name="FTAB_Main" parent="UIParent">
    <Size>
        <AbsDimension x="0" y="0"/>
    </Size>
    <Anchors>
        <Anchor point="TOPLEFT" relativePoint="TOPLEFT"/>
    </Anchors>
    <Scripts>
        <OnLoad>
            FTAB_OnLoad()
        </OnLoad>
        <OnEvent>
            FTAB_OnEvent(event)
        </OnEvent>
        <OnUpdate>
            FTAB_CheckFont()
        </OnUpdate>
    </Scripts>
</Frame>

<Frame name="FTAB_Config" movable="true" enableMouse="true" hidden="true" frameStrata="MEDIUM" parent="UIParent">
    <Size> 
      <AbsDimension x="390" y="175"/> 
    </Size> 
    <Anchors>
        <Anchor point="CENTER"/>
    </Anchors>
    <Backdrop bgFile="\\Interface\\AddOns\\!!FonTabulous\\Black.tga" edgeFile="Interface\DialogFrame\UI-DialogBox-Border" tile="true">
        <EdgeSize>
            <AbsValue val="32"/>
        </EdgeSize>
        <TileSize>
            <AbsValue val="32"/>
        </TileSize>
        <BackgroundInsets>
            <AbsInset left="5" right="5" top="5" bottom="5"/>
        </BackgroundInsets>
    </Backdrop>
    <Scripts>
        <OnMouseDown> this:StartMoving()				</OnMouseDown>
        <OnMouseUp>  this:StopMovingOrSizing()		</OnMouseUp>
        <OnDragStop> this:StopMovingOrSizing()		</OnDragStop>
        <OnShow>FTAB_LoadConfig()</OnShow>
    </Scripts>
    <Layers> 
       <Layer level="ARTWORK"> 
            <FontString inherits="GameFontNormal" name="$parent_CurrentFont"> 
            <Anchors><Anchor point="TOP">
                <Offset><AbsDimension x="0" y="-40"/></Offset>
            </Anchor></Anchors>
            </FontString> 
       </Layer> 
	</Layers>
    <Frames>
        <Button name="$parent_Close" inherits="FTAB_ButtonTemplate">
            <Size><AbsDimension x="100" y="25"/></Size>
            <Anchors><Anchor point="BOTTOMRIGHT">
                <Offset><AbsDimension x="-15" y="15"/></Offset>
            </Anchor></Anchors>
            <Scripts>
                <OnLoad>this:SetText("Close")</OnLoad>
                <OnClick>this:GetParent():Hide()</OnClick>    
            </Scripts>
        </Button>     
        <Button name="$parent_Apply" inherits="FTAB_ButtonTemplate">
            <Size><AbsDimension x="100" y="25"/></Size>
            <Anchors><Anchor point="RIGHT" relativePoint="LEFT" relativeTo="FTAB_Config_Close">
                <Offset><AbsDimension x="-5" y="0"/></Offset>
            </Anchor></Anchors>
            <Scripts>
                <OnLoad>this:SetText("Apply")</OnLoad>
                <OnClick>
                FTAB_FontSelect(getglobal(this:GetParent():GetName() .. "_FontList"):GetID())
                --FTAB_FontSelect(this:GetParent():GetID())</OnClick>    
            </Scripts>
        </Button> 
        <Button name="$parent_Preview" inherits="FTAB_ButtonTemplate">
            <Size><AbsDimension x="100" y="25"/></Size>
            <Anchors><Anchor point="RIGHT" relativePoint="LEFT" relativeTo="FTAB_Config_Apply">
                <Offset><AbsDimension x="-5" y="0"/></Offset>
            </Anchor></Anchors>
            <Scripts>
                <OnLoad>this:SetText("Preview")</OnLoad>
                <OnClick>
                if (FTAB_Config_PreviewFrame:IsShown()) then
                    FTAB_Config_PreviewFrame:Hide()
                else
                    FTAB_Config_PreviewFrame:Show()
                end
                </OnClick>
            </Scripts>
        </Button> 
        
        
        <CheckButton name="$parent_AutoReload" inherits="OptionsCheckButtonTemplate" checked="false">
            <Anchors>
                <Anchor point="TOPLEFT">
                    <Offset>
                        <AbsDimension x="20" y="-100"></AbsDimension>
                    </Offset>
                </Anchor>
            </Anchors>
            <Layers> 
               <Layer level="ARTWORK"> 
                    <FontString inherits="GameFontHighlightSmall" name="$parent_Text" text="Auto ReloadUI When Changing Fonts"> 
                        <Color r="1.0" g="1.0" b="1.0"/> 
                        <Anchors><Anchor point="LEFT" relativePoint="RIGHT">
                        <Offset><AbsDimension x="5" y="0"/></Offset>
                        </Anchor></Anchors>
                    </FontString> 
               </Layer> 
            </Layers>
            <Scripts>
                <OnClick>
                    FTAB_AutoReload(this)
                </OnClick>
                <OnShow>
                    FTAB_LoadAuto(this)
                </OnShow>
            </Scripts>
        </CheckButton>
        <Button name="$parent_FontList" inherits="FTAB_MenuOptionTemplate">
            <Anchors><Anchor point="TOPLEFT">
                <Offset><AbsDimension x="30" y="-75"/></Offset>
            </Anchor></Anchors>
            <Frames>
                
                <!--Button name="$parent_Load" inherits="FTAB_ButtonTemplateLoad">
                    <Anchors><Anchor point="LEFT" relativePoint="RIGHT">
                        <Offset><AbsDimension x="15" y="0"/></Offset>
                    </Anchor></Anchors>
                    <Scripts>
                        <OnClick>
                            
                        </OnClick>
                    </Scripts>
                </Button-->
                <Frame name="$parent_Options" hidden="true" frameStrata="DIALOG">
                    <Size> 
                      <AbsDimension x="130" y="390"/> 
                    </Size> 
                    <Anchors>
                        <Anchor point="TOPLEFT" relativePoint="BOTTOMLEFT"/>
                    </Anchors>
                    <Backdrop bgFile="\\Interface\\AddOns\\!!FonTabulous\\Black.tga" edgeFile="Interface\Tooltips\UI-Tooltip-Border" tile="true">
                        <EdgeSize>
                            <AbsValue val="16"/>
                        </EdgeSize>
                        <TileSize>
                            <AbsValue val="16"/>
                        </TileSize>
                        <BackgroundInsets>
                            <AbsInset left="5" right="5" top="5" bottom="5"/>
                        </BackgroundInsets>
                    </Backdrop>
                    <Frames>
                        <Button name="$parent_button1" inherits="FTAB_MenuButtonTemplate" id="101">
                        <Anchors><Anchor point="TOPLEFT"><Offset><AbsDimension x="5" y="-5"/></Offset></Anchor></Anchors></Button>
                        
                        <Button name="$parent_button2" inherits="FTAB_MenuButtonTemplate" id="102">
                        <Anchors><Anchor point="TOPLEFT"><Offset><AbsDimension x="5" y="-25"/></Offset></Anchor></Anchors></Button>
                        
                        <Button name="$parent_button3" inherits="FTAB_MenuButtonTemplate" id="103">
                        <Anchors><Anchor point="TOPLEFT"><Offset><AbsDimension x="5" y="-45"/></Offset></Anchor></Anchors></Button>
                        
                        <Button name="$parent_button4" inherits="FTAB_MenuButtonTemplate" id="104">
                        <Anchors><Anchor point="TOPLEFT"><Offset><AbsDimension x="5" y="-65"/></Offset></Anchor></Anchors></Button>
                        
                        <Button name="$parent_button5" inherits="FTAB_MenuButtonTemplate" id="105">
                        <Anchors><Anchor point="TOPLEFT"><Offset><AbsDimension x="5" y="-85"/></Offset></Anchor></Anchors></Button>
                        
                        <Button name="$parent_button6" inherits="FTAB_MenuButtonTemplate" id="106">
                        <Anchors><Anchor point="TOPLEFT"><Offset><AbsDimension x="5" y="-105"/></Offset></Anchor></Anchors></Button>
                        
                        <Button name="$parent_button7" inherits="FTAB_MenuButtonTemplate" id="107">
                        <Anchors><Anchor point="TOPLEFT"><Offset><AbsDimension x="5" y="-125"/></Offset></Anchor></Anchors></Button>
                        
                        <Button name="$parent_button8" inherits="FTAB_MenuButtonTemplate" id="108">
                        <Anchors><Anchor point="TOPLEFT"><Offset><AbsDimension x="5" y="-145"/></Offset></Anchor></Anchors></Button>
                        
                        <Button name="$parent_button9" inherits="FTAB_MenuButtonTemplate" id="109">
                        <Anchors><Anchor point="TOPLEFT"><Offset><AbsDimension x="5" y="-165"/></Offset></Anchor></Anchors></Button>
                        
                        <Button name="$parent_button10" inherits="FTAB_MenuButtonTemplate" id="110">
                        <Anchors><Anchor point="TOPLEFT"><Offset><AbsDimension x="5" y="-185"/></Offset></Anchor></Anchors></Button>
                        
                        <Button name="$parent_button11" inherits="FTAB_MenuButtonTemplate" id="111">
                        <Anchors><Anchor point="TOPLEFT"><Offset><AbsDimension x="5" y="-205"/></Offset></Anchor></Anchors></Button>
                        
                        <Button name="$parent_button12" inherits="FTAB_MenuButtonTemplate" id="112">
                        <Anchors><Anchor point="TOPLEFT"><Offset><AbsDimension x="5" y="-225"/></Offset></Anchor></Anchors></Button>
                        
                        <Button name="$parent_button13" inherits="FTAB_MenuButtonTemplate" id="113">
                        <Anchors><Anchor point="TOPLEFT"><Offset><AbsDimension x="5" y="-245"/></Offset></Anchor></Anchors></Button>
                        
                        <Button name="$parent_button14" inherits="FTAB_MenuButtonTemplate" id="114">
                        <Anchors><Anchor point="TOPLEFT"><Offset><AbsDimension x="5" y="-265"/></Offset></Anchor></Anchors></Button>
                        
                        <Button name="$parent_button15" inherits="FTAB_MenuButtonTemplate" id="115">
                        <Anchors><Anchor point="TOPLEFT"><Offset><AbsDimension x="5" y="-285"/></Offset></Anchor></Anchors></Button>
                        
                        <Button name="$parent_button16" inherits="FTAB_MenuButtonTemplate" id="116">
                        <Anchors><Anchor point="TOPLEFT"><Offset><AbsDimension x="5" y="-305"/></Offset></Anchor></Anchors></Button>
                        
                        <Button name="$parent_button17" inherits="FTAB_MenuButtonTemplate" id="117">
                        <Anchors><Anchor point="TOPLEFT"><Offset><AbsDimension x="5" y="-325"/></Offset></Anchor></Anchors></Button>
                        
                        <Button name="$parent_button18" inherits="FTAB_MenuButtonTemplate" id="118">
                        <Anchors><Anchor point="TOPLEFT"><Offset><AbsDimension x="5" y="-345"/></Offset></Anchor></Anchors></Button>
                        
                        <Button name="$parent_button19" inherits="FTAB_MenuButtonTemplate" id="119">
                        <Anchors><Anchor point="TOPLEFT"><Offset><AbsDimension x="5" y="-365"/></Offset></Anchor></Anchors></Button>
                    </Frames>
                </Frame>
            </Frames>
        </Button>
        
        <Slider name="$parent_FontHeight" inherits="FTAB_SliderTemplate" id="201" minValue="25" maxValue="300" valueStep="1">
            <Anchors><Anchor point="TOPLEFT">
                <Offset><AbsDimension x="185" y="-75"/></Offset>
            </Anchor></Anchors>
            <Scripts>
                <OnShow>
                    getglobal(this:GetName() .. "Text"):SetText("Font Scale (%)")
                </OnShow>
            </Scripts>
        </Slider>
        
        <Frame name="$parent_PreviewFrame" movable="true" enableMouse="true" hidden="true" frameStrata="MEDIUM">
            <Size> 
              <AbsDimension x="390" y="150"/> 
            </Size> 
            <Backdrop bgFile="\\Interface\\AddOns\\!!FonTabulous\\Black.tga" edgeFile="Interface\DialogFrame\UI-DialogBox-Border" tile="true">
                <EdgeSize>
                    <AbsValue val="32"/>
                </EdgeSize>
                <TileSize>
                    <AbsValue val="32"/>
                </TileSize>
                <BackgroundInsets>
                    <AbsInset left="5" right="5" top="5" bottom="5"/>
                </BackgroundInsets>
            </Backdrop>
            <Layers> 
               <Layer level="ARTWORK"> 
                    <FontString inherits="GameFontNormal" name="$parent_1" text="Normal Text"> 
                        <Color r="1.0" g="1.0" b="1.0"/> 
                        <Anchors>
                            <Anchor point="TOPLEFT">
                                <Offset><AbsDimension x="10" y="-10"/></Offset></Anchor>
                        </Anchors>
                    </FontString> 
                    <FontString inherits="NumberFontNormal" name="$parent_2" text="1234567890"> 
                        <Color r="1.0" g="1.0" b="1.0"/> 
                        <Anchors>
                            <Anchor point="TOPLEFT" relativePoint="BOTTOMLEFT" relativeTo="$parent_1"/>
                        </Anchors>
                    </FontString> 
                    <FontString inherits="GameFontNormalSmall" name="$parent_3" text="Bold Text"> 
                        <Color r="1.0" g="1.0" b="1.0"/> 
                        <Anchors>
                            <Anchor point="TOPLEFT" relativePoint="BOTTOMLEFT" relativeTo="$parent_2"/>
                        </Anchors>
                    </FontString>
                    <FontString inherits="InvoiceTextFontNormal" name="$parent_4" text="Italic Text"> 
                        <Color r="1.0" g="1.0" b="1.0"/> 
                        <Anchors>
                            <Anchor point="TOPLEFT" relativePoint="BOTTOMLEFT" relativeTo="$parent_3"/>
                        </Anchors>
                    </FontString>
                    <FontString inherits="SubZoneTextFont" name="$parent_5" text="Large Message Text"> 
                        <Color r="1.0" g="1.0" b="1.0"/> 
                        <Anchors>
                            <Anchor point="TOPLEFT" relativePoint="BOTTOMLEFT" relativeTo="$parent_4"/>
                        </Anchors>
                    </FontString>
               </Layer>
            </Layers>
            <Anchors>
                <Anchor point="TOPLEFT" relativePoint="BOTTOMLEFT">
                    <Offset><AbsDimension x="0" y="10"/></Offset></Anchor>
            </Anchors>
            <Scripts>
                <OnMouseDown>this:GetParent():StartMoving()</OnMouseDown>
                <OnMouseUp> this:GetParent():StopMovingOrSizing()</OnMouseUp>
                <OnDragStop>this:GetParent():StopMovingOrSizing()</OnDragStop>
            </Scripts>
        </Frame>
        <Frame name="$parent_logo">
            <Size> 
              <AbsDimension x="150" y="75"/> 
            </Size> 
            <Anchors>
                <Anchor point="CENTER" relativePoint="TOP"/>
            </Anchors>
            <Backdrop edgeFile="Interface\DialogFrame\UI-DialogBox-Border">
                <EdgeSize>
                    <AbsValue val="32"/>
                </EdgeSize>
                <BackgroundInsets>
                    <AbsInset left="5" right="5" top="5" bottom="5"/>
                </BackgroundInsets>
            </Backdrop>
            <Layers> 
                <Layer level="BACKGROUND"> 
                    <Texture name="$parent_Texture" file="\\Interface\\AddOns\\!!FonTabulous\\logo.tga">
                            <Anchors>
                                    <Anchor point="TOPLEFT" relativePoint="TOPLEFT">
                                        <Offset><AbsDimension x="7" y="-7"/></Offset></Anchor>
                                    <Anchor point="TOPRIGHT" relativePoint="TOPRIGHT">
                                        <Offset><AbsDimension x="-7" y="-7"/></Offset></Anchor>
                                    <Anchor point="BOTTOMLEFT" relativePoint="BOTTOMLEFT">
                                        <Offset><AbsDimension x="7" y="7"/></Offset></Anchor>
                                    <Anchor point="BOTTOMRIGHT" relativePoint="BOTTOMRIGHT">
                                        <Offset><AbsDimension x="-7" y="7"/></Offset></Anchor>
                            </Anchors>
                            <TexCoords left="0" right="1" top="0" bottom="1"/>
                    </Texture>
                </Layer>
            </Layers>
            <Scripts>
                <OnMouseDown>this:GetParent():StartMoving()</OnMouseDown>
                <OnMouseUp> this:GetParent():StopMovingOrSizing()</OnMouseUp>
                <OnDragStop>this:GetParent():StopMovingOrSizing()</OnDragStop>
            </Scripts>
        </Frame>
    </Frames>
</Frame>
<Frame name="FTAB_ConfirmReload" inherits="FTAB_ConfirmTemplate">
    <Scripts><OnLoad>getglobal(this:GetName() .. "_TextMessage"):SetText("Some elements will not display properly unless you Reload your UI, do you wish to do that now?")
    </OnLoad></Scripts>
</Frame>



</Ui>