<Ui xmlns="http://www.blizzard.com/wow/ui/" xmlns:xsi="http://www.w3.org/2001/XMLSchema-instance" xsi:schemaLocation="http://www.blizzard.com/wow/ui/..\FrameXML\UI.xsd">
  <Script file="Localization.lua"/>
  <Script file="Localization.en.lua"/>
  <Script file="Localization.de.lua"/>
  <Script file="Localization.fr.lua"/>
  <Script file="Localization.kr.lua"/>
  <Script file="HighlightConfig.lua"/>
  <Script file="CleanChat.lua"/>
  <Frame name="CleanChatFrame" hidden="false">
    <Scripts>
      <OnLoad>
        CleanChat_OnLoad();
      </OnLoad>
      <OnEvent>
        CleanChat_OnEvent(event);
      </OnEvent>
      <OnUpdate>
        CleanChat_OnUpdate(arg1);
      </OnUpdate>
    </Scripts>
  </Frame>

  <Frame name="CleanChat_PopupFrame" hidden="true" toplevel="true">
    <Size>
      <AbsDimension x="505" y="95"/>
    </Size>
    <Anchors>
      <Anchor point="CENTER"/>
    </Anchors>
    <Layers>
      <Layer level="BACKGROUND">
        <Texture name="$parentBG">
          <Color r="0.0" g="0.0" b="0.0" a="0.5"/>
        </Texture>
      </Layer>
      <Layer level="OVERLAY">
        <FontString name="$parentText" inherits="GameFontNormalLarge">
          <Size>
            <AbsDimension x="500" y="100"/>
          </Size>
          <Anchors>
            <Anchor point="CENTER"/>
          </Anchors>
        </FontString>
      </Layer>
    </Layers>
    <Scripts>
      <OnUpdate>
        CleanChat_PopupOnUpdated(arg1);
      </OnUpdate>
    </Scripts>
  </Frame>

</Ui>

