<Ui xmlns="http://www.blizzard.com/wow/ui/" xmlns:xsi="http://www.w3.org/2001/XMLSchema-instance" xsi:schemaLocation="http://www.blizzard.com/wow/ui/ C:\Projects\WoW\Bin\Interface\FrameXML\UI.xsd">
	<Script file="localization.lua"/>
	<Script file="CooldownCountFlexBar.lua"/>

	<Frame name="CooldownCountFlexBarFrame" frameStrata="LOW" enableMouse="false" parent="UIParent" hidden="false">
		<Scripts>
			<OnLoad>
				CooldownCountFlexBar_OnLoad();
			</OnLoad>
		</Scripts>
	</Frame>
	<Frame name="FlexBarButton1CooldownCountFrame" parent="FlexBarButton1" hidden="true">
        <Size>
            <AbsDimension x="32" y="32"/>
        </Size>
        <Anchors>
            <Anchor point="CENTER" relativeTo="$parent" relativePoint="CENTER">
                <Offset>
                    <AbsDimension x="0" y="0"/>
                </Offset>
            </Anchor>
        </Anchors>
		<Layers>
			<Layer level="ARTWORK">
				<FontString name="FlexBarButton1CooldownCount" inherits="GameFontNormalLarge" hidden="true" justifyH="CENTER">
					<Anchors>
						<Anchor point="CENTER">
							<Offset>
								<AbsDimension x="0" y="0"/>
							</Offset>
						</Anchor>
					</Anchors>
				</FontString>
			</Layer>
		</Layers>
	</Frame>
	<Frame name="FlexBarButton2CooldownCountFrame" parent="FlexBarButton2" hidden="true">
        <Size>
            <AbsDimension x="32" y="32"/>
        </Size>
        <Anchors>
            <Anchor point="CENTER" relativeTo="$parent" relativePoint="CENTER">
                <Offset>
                    <AbsDimension x="0" y="0"/>
                </Offset>
            </Anchor>
        </Anchors>
		<Layers>
			<Layer level="ARTWORK">
				<FontString name="FlexBarButton2CooldownCount" inherits="GameFontNormalLarge" hidden="true" justifyH="CENTER">
					<Anchors>
						<Anchor point="CENTER">
							<Offset>
								<AbsDimension x="0" y="0"/>
							</Offset>
						</Anchor>
					</Anchors>
				</FontString>
			</Layer>
		</Layers>
	</Frame>
	<Frame name="FlexBarButton3CooldownCountFrame" parent="FlexBarButton3" hidden="true">
        <Size>
            <AbsDimension x="32" y="32"/>
        </Size>
        <Anchors>
            <Anchor point="CENTER" relativeTo="$parent" relativePoint="CENTER">
                <Offset>
                    <AbsDimension x="0" y="0"/>
                </Offset>
            </Anchor>
        </Anchors>
		<Layers>
			<Layer level="ARTWORK">
				<FontString name="FlexBarButton3CooldownCount" inherits="GameFontNormalLarge" hidden="true" justifyH="CENTER">
					<Anchors>
						<Anchor point="CENTER">
							<Offset>
								<AbsDimension x="0" y="0"/>
							</Offset>
						</Anchor>
					</Anchors>
				</FontString>
			</Layer>
		</Layers>
	</Frame>
	<Frame name="FlexBarButton4CooldownCountFrame" parent="FlexBarButton4" hidden="true">
        <Size>
            <AbsDimension x="32" y="32"/>
        </Size>
        <Anchors>
            <Anchor point="CENTER" relativeTo="$parent" relativePoint="CENTER">
                <Offset>
                    <AbsDimension x="0" y="0"/>
                </Offset>
            </Anchor>
        </Anchors>
		<Layers>
			<Layer level="ARTWORK">
				<FontString name="FlexBarButton4CooldownCount" inherits="GameFontNormalLarge" hidden="true" justifyH="CENTER">
					<Anchors>
						<Anchor point="CENTER">
							<Offset>
								<AbsDimension x="0" y="0"/>
							</Offset>
						</Anchor>
					</Anchors>
				</FontString>
			</Layer>
		</Layers>
	</Frame>
	<Frame name="FlexBarButton5CooldownCountFrame" parent="FlexBarButton5" hidden="true">
        <Size>
            <AbsDimension x="32" y="32"/>
        </Size>
        <Anchors>
            <Anchor point="CENTER" relativeTo="$parent" relativePoint="CENTER">
                <Offset>
                    <AbsDimension x="0" y="0"/>
                </Offset>
            </Anchor>
        </Anchors>
		<Layers>
			<Layer level="ARTWORK">
				<FontString name="FlexBarButton5CooldownCount" inherits="GameFontNormalLarge" hidden="true" justifyH="CENTER">
					<Anchors>
						<Anchor point="CENTER">
							<Offset>
								<AbsDimension x="0" y="0"/>
							</Offset>
						</Anchor>
					</Anchors>
				</FontString>
			</Layer>
		</Layers>
	</Frame>
	<Frame name="FlexBarButton6CooldownCountFrame" parent="FlexBarButton6" hidden="true">
        <Size>
            <AbsDimension x="32" y="32"/>
        </Size>
        <Anchors>
            <Anchor point="CENTER" relativeTo="$parent" relativePoint="CENTER">
                <Offset>
                    <AbsDimension x="0" y="0"/>
                </Offset>
            </Anchor>
        </Anchors>
		<Layers>
			<Layer level="ARTWORK">
				<FontString name="FlexBarButton6CooldownCount" inherits="GameFontNormalLarge" hidden="true" justifyH="CENTER">
					<Anchors>
						<Anchor point="CENTER">
							<Offset>
								<AbsDimension x="0" y="0"/>
							</Offset>
						</Anchor>
					</Anchors>
				</FontString>
			</Layer>
		</Layers>
	</Frame>
	<Frame name="FlexBarButton7CooldownCountFrame" parent="FlexBarButton7" hidden="true">
        <Size>
            <AbsDimension x="32" y="32"/>
        </Size>
        <Anchors>
            <Anchor point="CENTER" relativeTo="$parent" relativePoint="CENTER">
                <Offset>
                    <AbsDimension x="0" y="0"/>
                </Offset>
            </Anchor>
        </Anchors>
		<Layers>
			<Layer level="ARTWORK">
				<FontString name="FlexBarButton7CooldownCount" inherits="GameFontNormalLarge" hidden="true" justifyH="CENTER">
					<Anchors>
						<Anchor point="CENTER">
							<Offset>
								<AbsDimension x="0" y="0"/>
							</Offset>
						</Anchor>
					</Anchors>
				</FontString>
			</Layer>
		</Layers>
	</Frame>
	<Frame name="FlexBarButton8CooldownCountFrame" parent="FlexBarButton8" hidden="true">
        <Size>
            <AbsDimension x="32" y="32"/>
        </Size>
        <Anchors>
            <Anchor point="CENTER" relativeTo="$parent" relativePoint="CENTER">
                <Offset>
                    <AbsDimension x="0" y="0"/>
                </Offset>
            </Anchor>
        </Anchors>
		<Layers>
			<Layer level="ARTWORK">
				<FontString name="FlexBarButton8CooldownCount" inherits="GameFontNormalLarge" hidden="true" justifyH="CENTER">
					<Anchors>
						<Anchor point="CENTER">
							<Offset>
								<AbsDimension x="0" y="0"/>
							</Offset>
						</Anchor>
					</Anchors>
				</FontString>
			</Layer>
		</Layers>
	</Frame>
	<Frame name="FlexBarButton9CooldownCountFrame" parent="FlexBarButton9" hidden="true">
        <Size>
            <AbsDimension x="32" y="32"/>
        </Size>
        <Anchors>
            <Anchor point="CENTER" relativeTo="$parent" relativePoint="CENTER">
                <Offset>
                    <AbsDimension x="0" y="0"/>
                </Offset>
            </Anchor>
        </Anchors>
		<Layers>
			<Layer level="ARTWORK">
				<FontString name="FlexBarButton9CooldownCount" inherits="GameFontNormalLarge" hidden="true" justifyH="CENTER">
					<Anchors>
						<Anchor point="CENTER">
							<Offset>
								<AbsDimension x="0" y="0"/>
							</Offset>
						</Anchor>
					</Anchors>
				</FontString>
			</Layer>
		</Layers>
	</Frame>

	<Frame name="FlexBarButton10CooldownCountFrame" parent="FlexBarButton10" hidden="true">
        <Size>
            <AbsDimension x="32" y="32"/>
        </Size>
        <Anchors>
            <Anchor point="CENTER" relativeTo="$parent" relativePoint="CENTER">
                <Offset>
                    <AbsDimension x="0" y="0"/>
                </Offset>
            </Anchor>
        </Anchors>
		<Layers>
			<Layer level="ARTWORK">
				<FontString name="FlexBarButton10CooldownCount" inherits="GameFontNormalLarge" hidden="true" justifyH="CENTER">
					<Anchors>
						<Anchor point="CENTER">
							<Offset>
								<AbsDimension x="0" y="0"/>
							</Offset>
						</Anchor>
					</Anchors>
				</FontString>
			</Layer>
		</Layers>
	</Frame>
	<Frame name="FlexBarButton11CooldownCountFrame" parent="FlexBarButton11" hidden="true">
        <Size>
            <AbsDimension x="32" y="32"/>
        </Size>
        <Anchors>
            <Anchor point="CENTER" relativeTo="$parent" relativePoint="CENTER">
                <Offset>
                    <AbsDimension x="0" y="0"/>
                </Offset>
            </Anchor>
        </Anchors>
		<Layers>
			<Layer level="ARTWORK">
				<FontString name="FlexBarButton11CooldownCount" inherits="GameFontNormalLarge" hidden="true" justifyH="CENTER">
					<Anchors>
						<Anchor point="CENTER">
							<Offset>
								<AbsDimension x="0" y="0"/>
							</Offset>
						</Anchor>
					</Anchors>
				</FontString>
			</Layer>
		</Layers>
	</Frame>
	<Frame name="FlexBarButton12CooldownCountFrame" parent="FlexBarButton12" hidden="true">
        <Size>
            <AbsDimension x="32" y="32"/>
        </Size>
        <Anchors>
            <Anchor point="CENTER" relativeTo="$parent" relativePoint="CENTER">
                <Offset>
                    <AbsDimension x="0" y="0"/>
                </Offset>
            </Anchor>
        </Anchors>
		<Layers>
			<Layer level="ARTWORK">
				<FontString name="FlexBarButton12CooldownCount" inherits="GameFontNormalLarge" hidden="true" justifyH="CENTER">
					<Anchors>
						<Anchor point="CENTER">
							<Offset>
								<AbsDimension x="0" y="0"/>
							</Offset>
						</Anchor>
					</Anchors>
				</FontString>
			</Layer>
		</Layers>
	</Frame>
	<Frame name="FlexBarButton13CooldownCountFrame" parent="FlexBarButton13" hidden="true">
        <Size>
            <AbsDimension x="32" y="32"/>
        </Size>
        <Anchors>
            <Anchor point="CENTER" relativeTo="$parent" relativePoint="CENTER">
                <Offset>
                    <AbsDimension x="0" y="0"/>
                </Offset>
            </Anchor>
        </Anchors>
		<Layers>
			<Layer level="ARTWORK">
				<FontString name="FlexBarButton13CooldownCount" inherits="GameFontNormalLarge" hidden="true" justifyH="CENTER">
					<Anchors>
						<Anchor point="CENTER">
							<Offset>
								<AbsDimension x="0" y="0"/>
							</Offset>
						</Anchor>
					</Anchors>
				</FontString>
			</Layer>
		</Layers>
	</Frame>
	<Frame name="FlexBarButton14CooldownCountFrame" parent="FlexBarButton14" hidden="true">
        <Size>
            <AbsDimension x="32" y="32"/>
        </Size>
        <Anchors>
            <Anchor point="CENTER" relativeTo="$parent" relativePoint="CENTER">
                <Offset>
                    <AbsDimension x="0" y="0"/>
                </Offset>
            </Anchor>
        </Anchors>
		<Layers>
			<Layer level="ARTWORK">
				<FontString name="FlexBarButton14CooldownCount" inherits="GameFontNormalLarge" hidden="true" justifyH="CENTER">
					<Anchors>
						<Anchor point="CENTER">
							<Offset>
								<AbsDimension x="0" y="0"/>
							</Offset>
						</Anchor>
					</Anchors>
				</FontString>
			</Layer>
		</Layers>
	</Frame>
	<Frame name="FlexBarButton15CooldownCountFrame" parent="FlexBarButton15" hidden="true">
        <Size>
            <AbsDimension x="32" y="32"/>
        </Size>
        <Anchors>
            <Anchor point="CENTER" relativeTo="$parent" relativePoint="CENTER">
                <Offset>
                    <AbsDimension x="0" y="0"/>
                </Offset>
            </Anchor>
        </Anchors>
		<Layers>
			<Layer level="ARTWORK">
				<FontString name="FlexBarButton15CooldownCount" inherits="GameFontNormalLarge" hidden="true" justifyH="CENTER">
					<Anchors>
						<Anchor point="CENTER">
							<Offset>
								<AbsDimension x="0" y="0"/>
							</Offset>
						</Anchor>
					</Anchors>
				</FontString>
			</Layer>
		</Layers>
	</Frame>
	<Frame name="FlexBarButton16CooldownCountFrame" parent="FlexBarButton16" hidden="true">
        <Size>
            <AbsDimension x="32" y="32"/>
        </Size>
        <Anchors>
            <Anchor point="CENTER" relativeTo="$parent" relativePoint="CENTER">
                <Offset>
                    <AbsDimension x="0" y="0"/>
                </Offset>
            </Anchor>
        </Anchors>
		<Layers>
			<Layer level="ARTWORK">
				<FontString name="FlexBarButton16CooldownCount" inherits="GameFontNormalLarge" hidden="true" justifyH="CENTER">
					<Anchors>
						<Anchor point="CENTER">
							<Offset>
								<AbsDimension x="0" y="0"/>
							</Offset>
						</Anchor>
					</Anchors>
				</FontString>
			</Layer>
		</Layers>
	</Frame>
	<Frame name="FlexBarButton17CooldownCountFrame" parent="FlexBarButton17" hidden="true">
        <Size>
            <AbsDimension x="32" y="32"/>
        </Size>
        <Anchors>
            <Anchor point="CENTER" relativeTo="$parent" relativePoint="CENTER">
                <Offset>
                    <AbsDimension x="0" y="0"/>
                </Offset>
            </Anchor>
        </Anchors>
		<Layers>
			<Layer level="ARTWORK">
				<FontString name="FlexBarButton17CooldownCount" inherits="GameFontNormalLarge" hidden="true" justifyH="CENTER">
					<Anchors>
						<Anchor point="CENTER">
							<Offset>
								<AbsDimension x="0" y="0"/>
							</Offset>
						</Anchor>
					</Anchors>
				</FontString>
			</Layer>
		</Layers>
	</Frame>
	<Frame name="FlexBarButton18CooldownCountFrame" parent="FlexBarButton18" hidden="true">
        <Size>
            <AbsDimension x="32" y="32"/>
        </Size>
        <Anchors>
            <Anchor point="CENTER" relativeTo="$parent" relativePoint="CENTER">
                <Offset>
                    <AbsDimension x="0" y="0"/>
                </Offset>
            </Anchor>
        </Anchors>
		<Layers>
			<Layer level="ARTWORK">
				<FontString name="FlexBarButton18CooldownCount" inherits="GameFontNormalLarge" hidden="true" justifyH="CENTER">
					<Anchors>
						<Anchor point="CENTER">
							<Offset>
								<AbsDimension x="0" y="0"/>
							</Offset>
						</Anchor>
					</Anchors>
				</FontString>
			</Layer>
		</Layers>
	</Frame>
	<Frame name="FlexBarButton19CooldownCountFrame" parent="FlexBarButton19" hidden="true">
        <Size>
            <AbsDimension x="32" y="32"/>
        </Size>
        <Anchors>
            <Anchor point="CENTER" relativeTo="$parent" relativePoint="CENTER">
                <Offset>
                    <AbsDimension x="0" y="0"/>
                </Offset>
            </Anchor>
        </Anchors>
		<Layers>
			<Layer level="ARTWORK">
				<FontString name="FlexBarButton19CooldownCount" inherits="GameFontNormalLarge" hidden="true" justifyH="CENTER">
					<Anchors>
						<Anchor point="CENTER">
							<Offset>
								<AbsDimension x="0" y="0"/>
							</Offset>
						</Anchor>
					</Anchors>
				</FontString>
			</Layer>
		</Layers>
	</Frame>

	<Frame name="FlexBarButton20CooldownCountFrame" parent="FlexBarButton20" hidden="true">
        <Size>
            <AbsDimension x="32" y="32"/>
        </Size>
        <Anchors>
            <Anchor point="CENTER" relativeTo="$parent" relativePoint="CENTER">
                <Offset>
                    <AbsDimension x="0" y="0"/>
                </Offset>
            </Anchor>
        </Anchors>
		<Layers>
			<Layer level="ARTWORK">
				<FontString name="FlexBarButton20CooldownCount" inherits="GameFontNormalLarge" hidden="true" justifyH="CENTER">
					<Anchors>
						<Anchor point="CENTER">
							<Offset>
								<AbsDimension x="0" y="0"/>
							</Offset>
						</Anchor>
					</Anchors>
				</FontString>
			</Layer>
		</Layers>
	</Frame>
	<Frame name="FlexBarButton21CooldownCountFrame" parent="FlexBarButton21" hidden="true">
        <Size>
            <AbsDimension x="32" y="32"/>
        </Size>
        <Anchors>
            <Anchor point="CENTER" relativeTo="$parent" relativePoint="CENTER">
                <Offset>
                    <AbsDimension x="0" y="0"/>
                </Offset>
            </Anchor>
        </Anchors>
		<Layers>
			<Layer level="ARTWORK">
				<FontString name="FlexBarButton21CooldownCount" inherits="GameFontNormalLarge" hidden="true" justifyH="CENTER">
					<Anchors>
						<Anchor point="CENTER">
							<Offset>
								<AbsDimension x="0" y="0"/>
							</Offset>
						</Anchor>
					</Anchors>
				</FontString>
			</Layer>
		</Layers>
	</Frame>
	<Frame name="FlexBarButton22CooldownCountFrame" parent="FlexBarButton22" hidden="true">
        <Size>
            <AbsDimension x="32" y="32"/>
        </Size>
        <Anchors>
            <Anchor point="CENTER" relativeTo="$parent" relativePoint="CENTER">
                <Offset>
                    <AbsDimension x="0" y="0"/>
                </Offset>
            </Anchor>
        </Anchors>
		<Layers>
			<Layer level="ARTWORK">
				<FontString name="FlexBarButton22CooldownCount" inherits="GameFontNormalLarge" hidden="true" justifyH="CENTER">
					<Anchors>
						<Anchor point="CENTER">
							<Offset>
								<AbsDimension x="0" y="0"/>
							</Offset>
						</Anchor>
					</Anchors>
				</FontString>
			</Layer>
		</Layers>
	</Frame>
	<Frame name="FlexBarButton23CooldownCountFrame" parent="FlexBarButton23" hidden="true">
        <Size>
            <AbsDimension x="32" y="32"/>
        </Size>
        <Anchors>
            <Anchor point="CENTER" relativeTo="$parent" relativePoint="CENTER">
                <Offset>
                    <AbsDimension x="0" y="0"/>
                </Offset>
            </Anchor>
        </Anchors>
		<Layers>
			<Layer level="ARTWORK">
				<FontString name="FlexBarButton23CooldownCount" inherits="GameFontNormalLarge" hidden="true" justifyH="CENTER">
					<Anchors>
						<Anchor point="CENTER">
							<Offset>
								<AbsDimension x="0" y="0"/>
							</Offset>
						</Anchor>
					</Anchors>
				</FontString>
			</Layer>
		</Layers>
	</Frame>
	<Frame name="FlexBarButton24CooldownCountFrame" parent="FlexBarButton24" hidden="true">
        <Size>
            <AbsDimension x="32" y="32"/>
        </Size>
        <Anchors>
            <Anchor point="CENTER" relativeTo="$parent" relativePoint="CENTER">
                <Offset>
                    <AbsDimension x="0" y="0"/>
                </Offset>
            </Anchor>
        </Anchors>
		<Layers>
			<Layer level="ARTWORK">
				<FontString name="FlexBarButton24CooldownCount" inherits="GameFontNormalLarge" hidden="true" justifyH="CENTER">
					<Anchors>
						<Anchor point="CENTER">
							<Offset>
								<AbsDimension x="0" y="0"/>
							</Offset>
						</Anchor>
					</Anchors>
				</FontString>
			</Layer>
		</Layers>
	</Frame>
	<Frame name="FlexBarButton25CooldownCountFrame" parent="FlexBarButton25" hidden="true">
        <Size>
            <AbsDimension x="32" y="32"/>
        </Size>
        <Anchors>
            <Anchor point="CENTER" relativeTo="$parent" relativePoint="CENTER">
                <Offset>
                    <AbsDimension x="0" y="0"/>
                </Offset>
            </Anchor>
        </Anchors>
		<Layers>
			<Layer level="ARTWORK">
				<FontString name="FlexBarButton25CooldownCount" inherits="GameFontNormalLarge" hidden="true" justifyH="CENTER">
					<Anchors>
						<Anchor point="CENTER">
							<Offset>
								<AbsDimension x="0" y="0"/>
							</Offset>
						</Anchor>
					</Anchors>
				</FontString>
			</Layer>
		</Layers>
	</Frame>
	<Frame name="FlexBarButton26CooldownCountFrame" parent="FlexBarButton26" hidden="true">
        <Size>
            <AbsDimension x="32" y="32"/>
        </Size>
        <Anchors>
            <Anchor point="CENTER" relativeTo="$parent" relativePoint="CENTER">
                <Offset>
                    <AbsDimension x="0" y="0"/>
                </Offset>
            </Anchor>
        </Anchors>
		<Layers>
			<Layer level="ARTWORK">
				<FontString name="FlexBarButton26CooldownCount" inherits="GameFontNormalLarge" hidden="true" justifyH="CENTER">
					<Anchors>
						<Anchor point="CENTER">
							<Offset>
								<AbsDimension x="0" y="0"/>
							</Offset>
						</Anchor>
					</Anchors>
				</FontString>
			</Layer>
		</Layers>
	</Frame>
	<Frame name="FlexBarButton27CooldownCountFrame" parent="FlexBarButton27" hidden="true">
        <Size>
            <AbsDimension x="32" y="32"/>
        </Size>
        <Anchors>
            <Anchor point="CENTER" relativeTo="$parent" relativePoint="CENTER">
                <Offset>
                    <AbsDimension x="0" y="0"/>
                </Offset>
            </Anchor>
        </Anchors>
		<Layers>
			<Layer level="ARTWORK">
				<FontString name="FlexBarButton27CooldownCount" inherits="GameFontNormalLarge" hidden="true" justifyH="CENTER">
					<Anchors>
						<Anchor point="CENTER">
							<Offset>
								<AbsDimension x="0" y="0"/>
							</Offset>
						</Anchor>
					</Anchors>
				</FontString>
			</Layer>
		</Layers>
	</Frame>
	<Frame name="FlexBarButton28CooldownCountFrame" parent="FlexBarButton28" hidden="true">
        <Size>
            <AbsDimension x="32" y="32"/>
        </Size>
        <Anchors>
            <Anchor point="CENTER" relativeTo="$parent" relativePoint="CENTER">
                <Offset>
                    <AbsDimension x="0" y="0"/>
                </Offset>
            </Anchor>
        </Anchors>
		<Layers>
			<Layer level="ARTWORK">
				<FontString name="FlexBarButton28CooldownCount" inherits="GameFontNormalLarge" hidden="true" justifyH="CENTER">
					<Anchors>
						<Anchor point="CENTER">
							<Offset>
								<AbsDimension x="0" y="0"/>
							</Offset>
						</Anchor>
					</Anchors>
				</FontString>
			</Layer>
		</Layers>
	</Frame>
	<Frame name="FlexBarButton29CooldownCountFrame" parent="FlexBarButton29" hidden="true">
        <Size>
            <AbsDimension x="32" y="32"/>
        </Size>
        <Anchors>
            <Anchor point="CENTER" relativeTo="$parent" relativePoint="CENTER">
                <Offset>
                    <AbsDimension x="0" y="0"/>
                </Offset>
            </Anchor>
        </Anchors>
		<Layers>
			<Layer level="ARTWORK">
				<FontString name="FlexBarButton29CooldownCount" inherits="GameFontNormalLarge" hidden="true" justifyH="CENTER">
					<Anchors>
						<Anchor point="CENTER">
							<Offset>
								<AbsDimension x="0" y="0"/>
							</Offset>
						</Anchor>
					</Anchors>
				</FontString>
			</Layer>
		</Layers>
	</Frame>

	<Frame name="FlexBarButton30CooldownCountFrame" parent="FlexBarButton30" hidden="true">
        <Size>
            <AbsDimension x="32" y="32"/>
        </Size>
        <Anchors>
            <Anchor point="CENTER" relativeTo="$parent" relativePoint="CENTER">
                <Offset>
                    <AbsDimension x="0" y="0"/>
                </Offset>
            </Anchor>
        </Anchors>
		<Layers>
			<Layer level="ARTWORK">
				<FontString name="FlexBarButton30CooldownCount" inherits="GameFontNormalLarge" hidden="true" justifyH="CENTER">
					<Anchors>
						<Anchor point="CENTER">
							<Offset>
								<AbsDimension x="0" y="0"/>
							</Offset>
						</Anchor>
					</Anchors>
				</FontString>
			</Layer>
		</Layers>
	</Frame>
	<Frame name="FlexBarButton31CooldownCountFrame" parent="FlexBarButton31" hidden="true">
        <Size>
            <AbsDimension x="32" y="32"/>
        </Size>
        <Anchors>
            <Anchor point="CENTER" relativeTo="$parent" relativePoint="CENTER">
                <Offset>
                    <AbsDimension x="0" y="0"/>
                </Offset>
            </Anchor>
        </Anchors>
		<Layers>
			<Layer level="ARTWORK">
				<FontString name="FlexBarButton31CooldownCount" inherits="GameFontNormalLarge" hidden="true" justifyH="CENTER">
					<Anchors>
						<Anchor point="CENTER">
							<Offset>
								<AbsDimension x="0" y="0"/>
							</Offset>
						</Anchor>
					</Anchors>
				</FontString>
			</Layer>
		</Layers>
	</Frame>
	<Frame name="FlexBarButton32CooldownCountFrame" parent="FlexBarButton32" hidden="true">
        <Size>
            <AbsDimension x="32" y="32"/>
        </Size>
        <Anchors>
            <Anchor point="CENTER" relativeTo="$parent" relativePoint="CENTER">
                <Offset>
                    <AbsDimension x="0" y="0"/>
                </Offset>
            </Anchor>
        </Anchors>
		<Layers>
			<Layer level="ARTWORK">
				<FontString name="FlexBarButton32CooldownCount" inherits="GameFontNormalLarge" hidden="true" justifyH="CENTER">
					<Anchors>
						<Anchor point="CENTER">
							<Offset>
								<AbsDimension x="0" y="0"/>
							</Offset>
						</Anchor>
					</Anchors>
				</FontString>
			</Layer>
		</Layers>
	</Frame>
	<Frame name="FlexBarButton33CooldownCountFrame" parent="FlexBarButton33" hidden="true">
        <Size>
            <AbsDimension x="32" y="32"/>
        </Size>
        <Anchors>
            <Anchor point="CENTER" relativeTo="$parent" relativePoint="CENTER">
                <Offset>
                    <AbsDimension x="0" y="0"/>
                </Offset>
            </Anchor>
        </Anchors>
		<Layers>
			<Layer level="ARTWORK">
				<FontString name="FlexBarButton33CooldownCount" inherits="GameFontNormalLarge" hidden="true" justifyH="CENTER">
					<Anchors>
						<Anchor point="CENTER">
							<Offset>
								<AbsDimension x="0" y="0"/>
							</Offset>
						</Anchor>
					</Anchors>
				</FontString>
			</Layer>
		</Layers>
	</Frame>
	<Frame name="FlexBarButton34CooldownCountFrame" parent="FlexBarButton34" hidden="true">
        <Size>
            <AbsDimension x="32" y="32"/>
        </Size>
        <Anchors>
            <Anchor point="CENTER" relativeTo="$parent" relativePoint="CENTER">
                <Offset>
                    <AbsDimension x="0" y="0"/>
                </Offset>
            </Anchor>
        </Anchors>
		<Layers>
			<Layer level="ARTWORK">
				<FontString name="FlexBarButton34CooldownCount" inherits="GameFontNormalLarge" hidden="true" justifyH="CENTER">
					<Anchors>
						<Anchor point="CENTER">
							<Offset>
								<AbsDimension x="0" y="0"/>
							</Offset>
						</Anchor>
					</Anchors>
				</FontString>
			</Layer>
		</Layers>
	</Frame>
	<Frame name="FlexBarButton35CooldownCountFrame" parent="FlexBarButton35" hidden="true">
        <Size>
            <AbsDimension x="32" y="32"/>
        </Size>
        <Anchors>
            <Anchor point="CENTER" relativeTo="$parent" relativePoint="CENTER">
                <Offset>
                    <AbsDimension x="0" y="0"/>
                </Offset>
            </Anchor>
        </Anchors>
		<Layers>
			<Layer level="ARTWORK">
				<FontString name="FlexBarButton35CooldownCount" inherits="GameFontNormalLarge" hidden="true" justifyH="CENTER">
					<Anchors>
						<Anchor point="CENTER">
							<Offset>
								<AbsDimension x="0" y="0"/>
							</Offset>
						</Anchor>
					</Anchors>
				</FontString>
			</Layer>
		</Layers>
	</Frame>
	<Frame name="FlexBarButton36CooldownCountFrame" parent="FlexBarButton36" hidden="true">
        <Size>
            <AbsDimension x="32" y="32"/>
        </Size>
        <Anchors>
            <Anchor point="CENTER" relativeTo="$parent" relativePoint="CENTER">
                <Offset>
                    <AbsDimension x="0" y="0"/>
                </Offset>
            </Anchor>
        </Anchors>
		<Layers>
			<Layer level="ARTWORK">
				<FontString name="FlexBarButton36CooldownCount" inherits="GameFontNormalLarge" hidden="true" justifyH="CENTER">
					<Anchors>
						<Anchor point="CENTER">
							<Offset>
								<AbsDimension x="0" y="0"/>
							</Offset>
						</Anchor>
					</Anchors>
				</FontString>
			</Layer>
		</Layers>
	</Frame>
	<Frame name="FlexBarButton37CooldownCountFrame" parent="FlexBarButton37" hidden="true">
        <Size>
            <AbsDimension x="32" y="32"/>
        </Size>
        <Anchors>
            <Anchor point="CENTER" relativeTo="$parent" relativePoint="CENTER">
                <Offset>
                    <AbsDimension x="0" y="0"/>
                </Offset>
            </Anchor>
        </Anchors>
		<Layers>
			<Layer level="ARTWORK">
				<FontString name="FlexBarButton37CooldownCount" inherits="GameFontNormalLarge" hidden="true" justifyH="CENTER">
					<Anchors>
						<Anchor point="CENTER">
							<Offset>
								<AbsDimension x="0" y="0"/>
							</Offset>
						</Anchor>
					</Anchors>
				</FontString>
			</Layer>
		</Layers>
	</Frame>
	<Frame name="FlexBarButton38CooldownCountFrame" parent="FlexBarButton38" hidden="true">
        <Size>
            <AbsDimension x="32" y="32"/>
        </Size>
        <Anchors>
            <Anchor point="CENTER" relativeTo="$parent" relativePoint="CENTER">
                <Offset>
                    <AbsDimension x="0" y="0"/>
                </Offset>
            </Anchor>
        </Anchors>
		<Layers>
			<Layer level="ARTWORK">
				<FontString name="FlexBarButton38CooldownCount" inherits="GameFontNormalLarge" hidden="true" justifyH="CENTER">
					<Anchors>
						<Anchor point="CENTER">
							<Offset>
								<AbsDimension x="0" y="0"/>
							</Offset>
						</Anchor>
					</Anchors>
				</FontString>
			</Layer>
		</Layers>
	</Frame>
	<Frame name="FlexBarButton39CooldownCountFrame" parent="FlexBarButton39" hidden="true">
        <Size>
            <AbsDimension x="32" y="32"/>
        </Size>
        <Anchors>
            <Anchor point="CENTER" relativeTo="$parent" relativePoint="CENTER">
                <Offset>
                    <AbsDimension x="0" y="0"/>
                </Offset>
            </Anchor>
        </Anchors>
		<Layers>
			<Layer level="ARTWORK">
				<FontString name="FlexBarButton39CooldownCount" inherits="GameFontNormalLarge" hidden="true" justifyH="CENTER">
					<Anchors>
						<Anchor point="CENTER">
							<Offset>
								<AbsDimension x="0" y="0"/>
							</Offset>
						</Anchor>
					</Anchors>
				</FontString>
			</Layer>
		</Layers>
	</Frame>

	<Frame name="FlexBarButton40CooldownCountFrame" parent="FlexBarButton40" hidden="true">
        <Size>
            <AbsDimension x="32" y="32"/>
        </Size>
        <Anchors>
            <Anchor point="CENTER" relativeTo="$parent" relativePoint="CENTER">
                <Offset>
                    <AbsDimension x="0" y="0"/>
                </Offset>
            </Anchor>
        </Anchors>
		<Layers>
			<Layer level="ARTWORK">
				<FontString name="FlexBarButton40CooldownCount" inherits="GameFontNormalLarge" hidden="true" justifyH="CENTER">
					<Anchors>
						<Anchor point="CENTER">
							<Offset>
								<AbsDimension x="0" y="0"/>
							</Offset>
						</Anchor>
					</Anchors>
				</FontString>
			</Layer>
		</Layers>
	</Frame>
	<Frame name="FlexBarButton41CooldownCountFrame" parent="FlexBarButton41" hidden="true">
        <Size>
            <AbsDimension x="32" y="32"/>
        </Size>
        <Anchors>
            <Anchor point="CENTER" relativeTo="$parent" relativePoint="CENTER">
                <Offset>
                    <AbsDimension x="0" y="0"/>
                </Offset>
            </Anchor>
        </Anchors>
		<Layers>
			<Layer level="ARTWORK">
				<FontString name="FlexBarButton41CooldownCount" inherits="GameFontNormalLarge" hidden="true" justifyH="CENTER">
					<Anchors>
						<Anchor point="CENTER">
							<Offset>
								<AbsDimension x="0" y="0"/>
							</Offset>
						</Anchor>
					</Anchors>
				</FontString>
			</Layer>
		</Layers>
	</Frame>
	<Frame name="FlexBarButton42CooldownCountFrame" parent="FlexBarButton42" hidden="true">
        <Size>
            <AbsDimension x="32" y="32"/>
        </Size>
        <Anchors>
            <Anchor point="CENTER" relativeTo="$parent" relativePoint="CENTER">
                <Offset>
                    <AbsDimension x="0" y="0"/>
                </Offset>
            </Anchor>
        </Anchors>
		<Layers>
			<Layer level="ARTWORK">
				<FontString name="FlexBarButton42CooldownCount" inherits="GameFontNormalLarge" hidden="true" justifyH="CENTER">
					<Anchors>
						<Anchor point="CENTER">
							<Offset>
								<AbsDimension x="0" y="0"/>
							</Offset>
						</Anchor>
					</Anchors>
				</FontString>
			</Layer>
		</Layers>
	</Frame>
	<Frame name="FlexBarButton43CooldownCountFrame" parent="FlexBarButton43" hidden="true">
        <Size>
            <AbsDimension x="32" y="32"/>
        </Size>
        <Anchors>
            <Anchor point="CENTER" relativeTo="$parent" relativePoint="CENTER">
                <Offset>
                    <AbsDimension x="0" y="0"/>
                </Offset>
            </Anchor>
        </Anchors>
		<Layers>
			<Layer level="ARTWORK">
				<FontString name="FlexBarButton43CooldownCount" inherits="GameFontNormalLarge" hidden="true" justifyH="CENTER">
					<Anchors>
						<Anchor point="CENTER">
							<Offset>
								<AbsDimension x="0" y="0"/>
							</Offset>
						</Anchor>
					</Anchors>
				</FontString>
			</Layer>
		</Layers>
	</Frame>
	<Frame name="FlexBarButton44CooldownCountFrame" parent="FlexBarButton44" hidden="true">
        <Size>
            <AbsDimension x="32" y="32"/>
        </Size>
        <Anchors>
            <Anchor point="CENTER" relativeTo="$parent" relativePoint="CENTER">
                <Offset>
                    <AbsDimension x="0" y="0"/>
                </Offset>
            </Anchor>
        </Anchors>
		<Layers>
			<Layer level="ARTWORK">
				<FontString name="FlexBarButton44CooldownCount" inherits="GameFontNormalLarge" hidden="true" justifyH="CENTER">
					<Anchors>
						<Anchor point="CENTER">
							<Offset>
								<AbsDimension x="0" y="0"/>
							</Offset>
						</Anchor>
					</Anchors>
				</FontString>
			</Layer>
		</Layers>
	</Frame>
	<Frame name="FlexBarButton45CooldownCountFrame" parent="FlexBarButton45" hidden="true">
        <Size>
            <AbsDimension x="32" y="32"/>
        </Size>
        <Anchors>
            <Anchor point="CENTER" relativeTo="$parent" relativePoint="CENTER">
                <Offset>
                    <AbsDimension x="0" y="0"/>
                </Offset>
            </Anchor>
        </Anchors>
		<Layers>
			<Layer level="ARTWORK">
				<FontString name="FlexBarButton45CooldownCount" inherits="GameFontNormalLarge" hidden="true" justifyH="CENTER">
					<Anchors>
						<Anchor point="CENTER">
							<Offset>
								<AbsDimension x="0" y="0"/>
							</Offset>
						</Anchor>
					</Anchors>
				</FontString>
			</Layer>
		</Layers>
	</Frame>
	<Frame name="FlexBarButton46CooldownCountFrame" parent="FlexBarButton46" hidden="true">
        <Size>
            <AbsDimension x="32" y="32"/>
        </Size>
        <Anchors>
            <Anchor point="CENTER" relativeTo="$parent" relativePoint="CENTER">
                <Offset>
                    <AbsDimension x="0" y="0"/>
                </Offset>
            </Anchor>
        </Anchors>
		<Layers>
			<Layer level="ARTWORK">
				<FontString name="FlexBarButton46CooldownCount" inherits="GameFontNormalLarge" hidden="true" justifyH="CENTER">
					<Anchors>
						<Anchor point="CENTER">
							<Offset>
								<AbsDimension x="0" y="0"/>
							</Offset>
						</Anchor>
					</Anchors>
				</FontString>
			</Layer>
		</Layers>
	</Frame>
	<Frame name="FlexBarButton47CooldownCountFrame" parent="FlexBarButton47" hidden="true">
        <Size>
            <AbsDimension x="32" y="32"/>
        </Size>
        <Anchors>
            <Anchor point="CENTER" relativeTo="$parent" relativePoint="CENTER">
                <Offset>
                    <AbsDimension x="0" y="0"/>
                </Offset>
            </Anchor>
        </Anchors>
		<Layers>
			<Layer level="ARTWORK">
				<FontString name="FlexBarButton47CooldownCount" inherits="GameFontNormalLarge" hidden="true" justifyH="CENTER">
					<Anchors>
						<Anchor point="CENTER">
							<Offset>
								<AbsDimension x="0" y="0"/>
							</Offset>
						</Anchor>
					</Anchors>
				</FontString>
			</Layer>
		</Layers>
	</Frame>
	<Frame name="FlexBarButton48CooldownCountFrame" parent="FlexBarButton48" hidden="true">
        <Size>
            <AbsDimension x="32" y="32"/>
        </Size>
        <Anchors>
            <Anchor point="CENTER" relativeTo="$parent" relativePoint="CENTER">
                <Offset>
                    <AbsDimension x="0" y="0"/>
                </Offset>
            </Anchor>
        </Anchors>
		<Layers>
			<Layer level="ARTWORK">
				<FontString name="FlexBarButton48CooldownCount" inherits="GameFontNormalLarge" hidden="true" justifyH="CENTER">
					<Anchors>
						<Anchor point="CENTER">
							<Offset>
								<AbsDimension x="0" y="0"/>
							</Offset>
						</Anchor>
					</Anchors>
				</FontString>
			</Layer>
		</Layers>
	</Frame>
	<Frame name="FlexBarButton49CooldownCountFrame" parent="FlexBarButton49" hidden="true">
        <Size>
            <AbsDimension x="32" y="32"/>
        </Size>
        <Anchors>
            <Anchor point="CENTER" relativeTo="$parent" relativePoint="CENTER">
                <Offset>
                    <AbsDimension x="0" y="0"/>
                </Offset>
            </Anchor>
        </Anchors>
		<Layers>
			<Layer level="ARTWORK">
				<FontString name="FlexBarButton49CooldownCount" inherits="GameFontNormalLarge" hidden="true" justifyH="CENTER">
					<Anchors>
						<Anchor point="CENTER">
							<Offset>
								<AbsDimension x="0" y="0"/>
							</Offset>
						</Anchor>
					</Anchors>
				</FontString>
			</Layer>
		</Layers>
	</Frame>

	<Frame name="FlexBarButton50CooldownCountFrame" parent="FlexBarButton50" hidden="true">
        <Size>
            <AbsDimension x="32" y="32"/>
        </Size>
        <Anchors>
            <Anchor point="CENTER" relativeTo="$parent" relativePoint="CENTER">
                <Offset>
                    <AbsDimension x="0" y="0"/>
                </Offset>
            </Anchor>
        </Anchors>
		<Layers>
			<Layer level="ARTWORK">
				<FontString name="FlexBarButton50CooldownCount" inherits="GameFontNormalLarge" hidden="true" justifyH="CENTER">
					<Anchors>
						<Anchor point="CENTER">
							<Offset>
								<AbsDimension x="0" y="0"/>
							</Offset>
						</Anchor>
					</Anchors>
				</FontString>
			</Layer>
		</Layers>
	</Frame>
	<Frame name="FlexBarButton51CooldownCountFrame" parent="FlexBarButton51" hidden="true">
        <Size>
            <AbsDimension x="32" y="32"/>
        </Size>
        <Anchors>
            <Anchor point="CENTER" relativeTo="$parent" relativePoint="CENTER">
                <Offset>
                    <AbsDimension x="0" y="0"/>
                </Offset>
            </Anchor>
        </Anchors>
		<Layers>
			<Layer level="ARTWORK">
				<FontString name="FlexBarButton51CooldownCount" inherits="GameFontNormalLarge" hidden="true" justifyH="CENTER">
					<Anchors>
						<Anchor point="CENTER">
							<Offset>
								<AbsDimension x="0" y="0"/>
							</Offset>
						</Anchor>
					</Anchors>
				</FontString>
			</Layer>
		</Layers>
	</Frame>
	<Frame name="FlexBarButton52CooldownCountFrame" parent="FlexBarButton52" hidden="true">
        <Size>
            <AbsDimension x="32" y="32"/>
        </Size>
        <Anchors>
            <Anchor point="CENTER" relativeTo="$parent" relativePoint="CENTER">
                <Offset>
                    <AbsDimension x="0" y="0"/>
                </Offset>
            </Anchor>
        </Anchors>
		<Layers>
			<Layer level="ARTWORK">
				<FontString name="FlexBarButton52CooldownCount" inherits="GameFontNormalLarge" hidden="true" justifyH="CENTER">
					<Anchors>
						<Anchor point="CENTER">
							<Offset>
								<AbsDimension x="0" y="0"/>
							</Offset>
						</Anchor>
					</Anchors>
				</FontString>
			</Layer>
		</Layers>
	</Frame>
	<Frame name="FlexBarButton53CooldownCountFrame" parent="FlexBarButton53" hidden="true">
        <Size>
            <AbsDimension x="32" y="32"/>
        </Size>
        <Anchors>
            <Anchor point="CENTER" relativeTo="$parent" relativePoint="CENTER">
                <Offset>
                    <AbsDimension x="0" y="0"/>
                </Offset>
            </Anchor>
        </Anchors>
		<Layers>
			<Layer level="ARTWORK">
				<FontString name="FlexBarButton53CooldownCount" inherits="GameFontNormalLarge" hidden="true" justifyH="CENTER">
					<Anchors>
						<Anchor point="CENTER">
							<Offset>
								<AbsDimension x="0" y="0"/>
							</Offset>
						</Anchor>
					</Anchors>
				</FontString>
			</Layer>
		</Layers>
	</Frame>
	<Frame name="FlexBarButton54CooldownCountFrame" parent="FlexBarButton54" hidden="true">
        <Size>
            <AbsDimension x="32" y="32"/>
        </Size>
        <Anchors>
            <Anchor point="CENTER" relativeTo="$parent" relativePoint="CENTER">
                <Offset>
                    <AbsDimension x="0" y="0"/>
                </Offset>
            </Anchor>
        </Anchors>
		<Layers>
			<Layer level="ARTWORK">
				<FontString name="FlexBarButton54CooldownCount" inherits="GameFontNormalLarge" hidden="true" justifyH="CENTER">
					<Anchors>
						<Anchor point="CENTER">
							<Offset>
								<AbsDimension x="0" y="0"/>
							</Offset>
						</Anchor>
					</Anchors>
				</FontString>
			</Layer>
		</Layers>
	</Frame>
	<Frame name="FlexBarButton55CooldownCountFrame" parent="FlexBarButton55" hidden="true">
        <Size>
            <AbsDimension x="32" y="32"/>
        </Size>
        <Anchors>
            <Anchor point="CENTER" relativeTo="$parent" relativePoint="CENTER">
                <Offset>
                    <AbsDimension x="0" y="0"/>
                </Offset>
            </Anchor>
        </Anchors>
		<Layers>
			<Layer level="ARTWORK">
				<FontString name="FlexBarButton55CooldownCount" inherits="GameFontNormalLarge" hidden="true" justifyH="CENTER">
					<Anchors>
						<Anchor point="CENTER">
							<Offset>
								<AbsDimension x="0" y="0"/>
							</Offset>
						</Anchor>
					</Anchors>
				</FontString>
			</Layer>
		</Layers>
	</Frame>
	<Frame name="FlexBarButton56CooldownCountFrame" parent="FlexBarButton56" hidden="true">
        <Size>
            <AbsDimension x="32" y="32"/>
        </Size>
        <Anchors>
            <Anchor point="CENTER" relativeTo="$parent" relativePoint="CENTER">
                <Offset>
                    <AbsDimension x="0" y="0"/>
                </Offset>
            </Anchor>
        </Anchors>
		<Layers>
			<Layer level="ARTWORK">
				<FontString name="FlexBarButton56CooldownCount" inherits="GameFontNormalLarge" hidden="true" justifyH="CENTER">
					<Anchors>
						<Anchor point="CENTER">
							<Offset>
								<AbsDimension x="0" y="0"/>
							</Offset>
						</Anchor>
					</Anchors>
				</FontString>
			</Layer>
		</Layers>
	</Frame>
	<Frame name="FlexBarButton57CooldownCountFrame" parent="FlexBarButton57" hidden="true">
        <Size>
            <AbsDimension x="32" y="32"/>
        </Size>
        <Anchors>
            <Anchor point="CENTER" relativeTo="$parent" relativePoint="CENTER">
                <Offset>
                    <AbsDimension x="0" y="0"/>
                </Offset>
            </Anchor>
        </Anchors>
		<Layers>
			<Layer level="ARTWORK">
				<FontString name="FlexBarButton57CooldownCount" inherits="GameFontNormalLarge" hidden="true" justifyH="CENTER">
					<Anchors>
						<Anchor point="CENTER">
							<Offset>
								<AbsDimension x="0" y="0"/>
							</Offset>
						</Anchor>
					</Anchors>
				</FontString>
			</Layer>
		</Layers>
	</Frame>
	<Frame name="FlexBarButton58CooldownCountFrame" parent="FlexBarButton58" hidden="true">
        <Size>
            <AbsDimension x="32" y="32"/>
        </Size>
        <Anchors>
            <Anchor point="CENTER" relativeTo="$parent" relativePoint="CENTER">
                <Offset>
                    <AbsDimension x="0" y="0"/>
                </Offset>
            </Anchor>
        </Anchors>
		<Layers>
			<Layer level="ARTWORK">
				<FontString name="FlexBarButton58CooldownCount" inherits="GameFontNormalLarge" hidden="true" justifyH="CENTER">
					<Anchors>
						<Anchor point="CENTER">
							<Offset>
								<AbsDimension x="0" y="0"/>
							</Offset>
						</Anchor>
					</Anchors>
				</FontString>
			</Layer>
		</Layers>
	</Frame>
	<Frame name="FlexBarButton59CooldownCountFrame" parent="FlexBarButton59" hidden="true">
        <Size>
            <AbsDimension x="32" y="32"/>
        </Size>
        <Anchors>
            <Anchor point="CENTER" relativeTo="$parent" relativePoint="CENTER">
                <Offset>
                    <AbsDimension x="0" y="0"/>
                </Offset>
            </Anchor>
        </Anchors>
		<Layers>
			<Layer level="ARTWORK">
				<FontString name="FlexBarButton59CooldownCount" inherits="GameFontNormalLarge" hidden="true" justifyH="CENTER">
					<Anchors>
						<Anchor point="CENTER">
							<Offset>
								<AbsDimension x="0" y="0"/>
							</Offset>
						</Anchor>
					</Anchors>
				</FontString>
			</Layer>
		</Layers>
	</Frame>

	<Frame name="FlexBarButton60CooldownCountFrame" parent="FlexBarButton60" hidden="true">
        <Size>
            <AbsDimension x="32" y="32"/>
        </Size>
        <Anchors>
            <Anchor point="CENTER" relativeTo="$parent" relativePoint="CENTER">
                <Offset>
                    <AbsDimension x="0" y="0"/>
                </Offset>
            </Anchor>
        </Anchors>
		<Layers>
			<Layer level="ARTWORK">
				<FontString name="FlexBarButton60CooldownCount" inherits="GameFontNormalLarge" hidden="true" justifyH="CENTER">
					<Anchors>
						<Anchor point="CENTER">
							<Offset>
								<AbsDimension x="0" y="0"/>
							</Offset>
						</Anchor>
					</Anchors>
				</FontString>
			</Layer>
		</Layers>
	</Frame>
	<Frame name="FlexBarButton61CooldownCountFrame" parent="FlexBarButton61" hidden="true">
        <Size>
            <AbsDimension x="32" y="32"/>
        </Size>
        <Anchors>
            <Anchor point="CENTER" relativeTo="$parent" relativePoint="CENTER">
                <Offset>
                    <AbsDimension x="0" y="0"/>
                </Offset>
            </Anchor>
        </Anchors>
		<Layers>
			<Layer level="ARTWORK">
				<FontString name="FlexBarButton61CooldownCount" inherits="GameFontNormalLarge" hidden="true" justifyH="CENTER">
					<Anchors>
						<Anchor point="CENTER">
							<Offset>
								<AbsDimension x="0" y="0"/>
							</Offset>
						</Anchor>
					</Anchors>
				</FontString>
			</Layer>
		</Layers>
	</Frame>
	<Frame name="FlexBarButton62CooldownCountFrame" parent="FlexBarButton62" hidden="true">
        <Size>
            <AbsDimension x="32" y="32"/>
        </Size>
        <Anchors>
            <Anchor point="CENTER" relativeTo="$parent" relativePoint="CENTER">
                <Offset>
                    <AbsDimension x="0" y="0"/>
                </Offset>
            </Anchor>
        </Anchors>
		<Layers>
			<Layer level="ARTWORK">
				<FontString name="FlexBarButton62CooldownCount" inherits="GameFontNormalLarge" hidden="true" justifyH="CENTER">
					<Anchors>
						<Anchor point="CENTER">
							<Offset>
								<AbsDimension x="0" y="0"/>
							</Offset>
						</Anchor>
					</Anchors>
				</FontString>
			</Layer>
		</Layers>
	</Frame>
	<Frame name="FlexBarButton63CooldownCountFrame" parent="FlexBarButton63" hidden="true">
        <Size>
            <AbsDimension x="32" y="32"/>
        </Size>
        <Anchors>
            <Anchor point="CENTER" relativeTo="$parent" relativePoint="CENTER">
                <Offset>
                    <AbsDimension x="0" y="0"/>
                </Offset>
            </Anchor>
        </Anchors>
		<Layers>
			<Layer level="ARTWORK">
				<FontString name="FlexBarButton63CooldownCount" inherits="GameFontNormalLarge" hidden="true" justifyH="CENTER">
					<Anchors>
						<Anchor point="CENTER">
							<Offset>
								<AbsDimension x="0" y="0"/>
							</Offset>
						</Anchor>
					</Anchors>
				</FontString>
			</Layer>
		</Layers>
	</Frame>
	<Frame name="FlexBarButton64CooldownCountFrame" parent="FlexBarButton64" hidden="true">
        <Size>
            <AbsDimension x="32" y="32"/>
        </Size>
        <Anchors>
            <Anchor point="CENTER" relativeTo="$parent" relativePoint="CENTER">
                <Offset>
                    <AbsDimension x="0" y="0"/>
                </Offset>
            </Anchor>
        </Anchors>
		<Layers>
			<Layer level="ARTWORK">
				<FontString name="FlexBarButton64CooldownCount" inherits="GameFontNormalLarge" hidden="true" justifyH="CENTER">
					<Anchors>
						<Anchor point="CENTER">
							<Offset>
								<AbsDimension x="0" y="0"/>
							</Offset>
						</Anchor>
					</Anchors>
				</FontString>
			</Layer>
		</Layers>
	</Frame>
	<Frame name="FlexBarButton65CooldownCountFrame" parent="FlexBarButton65" hidden="true">
        <Size>
            <AbsDimension x="32" y="32"/>
        </Size>
        <Anchors>
            <Anchor point="CENTER" relativeTo="$parent" relativePoint="CENTER">
                <Offset>
                    <AbsDimension x="0" y="0"/>
                </Offset>
            </Anchor>
        </Anchors>
		<Layers>
			<Layer level="ARTWORK">
				<FontString name="FlexBarButton65CooldownCount" inherits="GameFontNormalLarge" hidden="true" justifyH="CENTER">
					<Anchors>
						<Anchor point="CENTER">
							<Offset>
								<AbsDimension x="0" y="0"/>
							</Offset>
						</Anchor>
					</Anchors>
				</FontString>
			</Layer>
		</Layers>
	</Frame>
	<Frame name="FlexBarButton66CooldownCountFrame" parent="FlexBarButton66" hidden="true">
        <Size>
            <AbsDimension x="32" y="32"/>
        </Size>
        <Anchors>
            <Anchor point="CENTER" relativeTo="$parent" relativePoint="CENTER">
                <Offset>
                    <AbsDimension x="0" y="0"/>
                </Offset>
            </Anchor>
        </Anchors>
		<Layers>
			<Layer level="ARTWORK">
				<FontString name="FlexBarButton66CooldownCount" inherits="GameFontNormalLarge" hidden="true" justifyH="CENTER">
					<Anchors>
						<Anchor point="CENTER">
							<Offset>
								<AbsDimension x="0" y="0"/>
							</Offset>
						</Anchor>
					</Anchors>
				</FontString>
			</Layer>
		</Layers>
	</Frame>
	<Frame name="FlexBarButton67CooldownCountFrame" parent="FlexBarButton67" hidden="true">
        <Size>
            <AbsDimension x="32" y="32"/>
        </Size>
        <Anchors>
            <Anchor point="CENTER" relativeTo="$parent" relativePoint="CENTER">
                <Offset>
                    <AbsDimension x="0" y="0"/>
                </Offset>
            </Anchor>
        </Anchors>
		<Layers>
			<Layer level="ARTWORK">
				<FontString name="FlexBarButton67CooldownCount" inherits="GameFontNormalLarge" hidden="true" justifyH="CENTER">
					<Anchors>
						<Anchor point="CENTER">
							<Offset>
								<AbsDimension x="0" y="0"/>
							</Offset>
						</Anchor>
					</Anchors>
				</FontString>
			</Layer>
		</Layers>
	</Frame>
	<Frame name="FlexBarButton68CooldownCountFrame" parent="FlexBarButton68" hidden="true">
        <Size>
            <AbsDimension x="32" y="32"/>
        </Size>
        <Anchors>
            <Anchor point="CENTER" relativeTo="$parent" relativePoint="CENTER">
                <Offset>
                    <AbsDimension x="0" y="0"/>
                </Offset>
            </Anchor>
        </Anchors>
		<Layers>
			<Layer level="ARTWORK">
				<FontString name="FlexBarButton68CooldownCount" inherits="GameFontNormalLarge" hidden="true" justifyH="CENTER">
					<Anchors>
						<Anchor point="CENTER">
							<Offset>
								<AbsDimension x="0" y="0"/>
							</Offset>
						</Anchor>
					</Anchors>
				</FontString>
			</Layer>
		</Layers>
	</Frame>
	<Frame name="FlexBarButton69CooldownCountFrame" parent="FlexBarButton69" hidden="true">
        <Size>
            <AbsDimension x="32" y="32"/>
        </Size>
        <Anchors>
            <Anchor point="CENTER" relativeTo="$parent" relativePoint="CENTER">
                <Offset>
                    <AbsDimension x="0" y="0"/>
                </Offset>
            </Anchor>
        </Anchors>
		<Layers>
			<Layer level="ARTWORK">
				<FontString name="FlexBarButton69CooldownCount" inherits="GameFontNormalLarge" hidden="true" justifyH="CENTER">
					<Anchors>
						<Anchor point="CENTER">
							<Offset>
								<AbsDimension x="0" y="0"/>
							</Offset>
						</Anchor>
					</Anchors>
				</FontString>
			</Layer>
		</Layers>
	</Frame>
	<Frame name="FlexBarButton70CooldownCountFrame" parent="FlexBarButton70" hidden="true">
        <Size>
            <AbsDimension x="32" y="32"/>
        </Size>
        <Anchors>
            <Anchor point="CENTER" relativeTo="$parent" relativePoint="CENTER">
                <Offset>
                    <AbsDimension x="0" y="0"/>
                </Offset>
            </Anchor>
        </Anchors>
		<Layers>
			<Layer level="ARTWORK">
				<FontString name="FlexBarButton70CooldownCount" inherits="GameFontNormalLarge" hidden="true" justifyH="CENTER">
					<Anchors>
						<Anchor point="CENTER">
							<Offset>
								<AbsDimension x="0" y="0"/>
							</Offset>
						</Anchor>
					</Anchors>
				</FontString>
			</Layer>
		</Layers>
	</Frame>
	<Frame name="FlexBarButton71CooldownCountFrame" parent="FlexBarButton71" hidden="true">
        <Size>
            <AbsDimension x="32" y="32"/>
        </Size>
        <Anchors>
            <Anchor point="CENTER" relativeTo="$parent" relativePoint="CENTER">
                <Offset>
                    <AbsDimension x="0" y="0"/>
                </Offset>
            </Anchor>
        </Anchors>
		<Layers>
			<Layer level="ARTWORK">
				<FontString name="FlexBarButton71CooldownCount" inherits="GameFontNormalLarge" hidden="true" justifyH="CENTER">
					<Anchors>
						<Anchor point="CENTER">
							<Offset>
								<AbsDimension x="0" y="0"/>
							</Offset>
						</Anchor>
					</Anchors>
				</FontString>
			</Layer>
		</Layers>
	</Frame>
	<Frame name="FlexBarButton72CooldownCountFrame" parent="FlexBarButton72" hidden="true">
        <Size>
            <AbsDimension x="32" y="32"/>
        </Size>
        <Anchors>
            <Anchor point="CENTER" relativeTo="$parent" relativePoint="CENTER">
                <Offset>
                    <AbsDimension x="0" y="0"/>
                </Offset>
            </Anchor>
        </Anchors>
		<Layers>
			<Layer level="ARTWORK">
				<FontString name="FlexBarButton72CooldownCount" inherits="GameFontNormalLarge" hidden="true" justifyH="CENTER">
					<Anchors>
						<Anchor point="CENTER">
							<Offset>
								<AbsDimension x="0" y="0"/>
							</Offset>
						</Anchor>
					</Anchors>
				</FontString>
			</Layer>
		</Layers>
	</Frame>
	<Frame name="FlexBarButton73CooldownCountFrame" parent="FlexBarButton73" hidden="true">
        <Size>
            <AbsDimension x="32" y="32"/>
        </Size>
        <Anchors>
            <Anchor point="CENTER" relativeTo="$parent" relativePoint="CENTER">
                <Offset>
                    <AbsDimension x="0" y="0"/>
                </Offset>
            </Anchor>
        </Anchors>
		<Layers>
			<Layer level="ARTWORK">
				<FontString name="FlexBarButton73CooldownCount" inherits="GameFontNormalLarge" hidden="true" justifyH="CENTER">
					<Anchors>
						<Anchor point="CENTER">
							<Offset>
								<AbsDimension x="0" y="0"/>
							</Offset>
						</Anchor>
					</Anchors>
				</FontString>
			</Layer>
		</Layers>
	</Frame>
	<Frame name="FlexBarButton74CooldownCountFrame" parent="FlexBarButton74" hidden="true">
        <Size>
            <AbsDimension x="32" y="32"/>
        </Size>
        <Anchors>
            <Anchor point="CENTER" relativeTo="$parent" relativePoint="CENTER">
                <Offset>
                    <AbsDimension x="0" y="0"/>
                </Offset>
            </Anchor>
        </Anchors>
		<Layers>
			<Layer level="ARTWORK">
				<FontString name="FlexBarButton74CooldownCount" inherits="GameFontNormalLarge" hidden="true" justifyH="CENTER">
					<Anchors>
						<Anchor point="CENTER">
							<Offset>
								<AbsDimension x="0" y="0"/>
							</Offset>
						</Anchor>
					</Anchors>
				</FontString>
			</Layer>
		</Layers>
	</Frame>
	<Frame name="FlexBarButton75CooldownCountFrame" parent="FlexBarButton75" hidden="true">
        <Size>
            <AbsDimension x="32" y="32"/>
        </Size>
        <Anchors>
            <Anchor point="CENTER" relativeTo="$parent" relativePoint="CENTER">
                <Offset>
                    <AbsDimension x="0" y="0"/>
                </Offset>
            </Anchor>
        </Anchors>
		<Layers>
			<Layer level="ARTWORK">
				<FontString name="FlexBarButton75CooldownCount" inherits="GameFontNormalLarge" hidden="true" justifyH="CENTER">
					<Anchors>
						<Anchor point="CENTER">
							<Offset>
								<AbsDimension x="0" y="0"/>
							</Offset>
						</Anchor>
					</Anchors>
				</FontString>
			</Layer>
		</Layers>
	</Frame>
	<Frame name="FlexBarButton76CooldownCountFrame" parent="FlexBarButton76" hidden="true">
        <Size>
            <AbsDimension x="32" y="32"/>
        </Size>
        <Anchors>
            <Anchor point="CENTER" relativeTo="$parent" relativePoint="CENTER">
                <Offset>
                    <AbsDimension x="0" y="0"/>
                </Offset>
            </Anchor>
        </Anchors>
		<Layers>
			<Layer level="ARTWORK">
				<FontString name="FlexBarButton76CooldownCount" inherits="GameFontNormalLarge" hidden="true" justifyH="CENTER">
					<Anchors>
						<Anchor point="CENTER">
							<Offset>
								<AbsDimension x="0" y="0"/>
							</Offset>
						</Anchor>
					</Anchors>
				</FontString>
			</Layer>
		</Layers>
	</Frame>
	<Frame name="FlexBarButton77CooldownCountFrame" parent="FlexBarButton77" hidden="true">
        <Size>
            <AbsDimension x="32" y="32"/>
        </Size>
        <Anchors>
            <Anchor point="CENTER" relativeTo="$parent" relativePoint="CENTER">
                <Offset>
                    <AbsDimension x="0" y="0"/>
                </Offset>
            </Anchor>
        </Anchors>
		<Layers>
			<Layer level="ARTWORK">
				<FontString name="FlexBarButton77CooldownCount" inherits="GameFontNormalLarge" hidden="true" justifyH="CENTER">
					<Anchors>
						<Anchor point="CENTER">
							<Offset>
								<AbsDimension x="0" y="0"/>
							</Offset>
						</Anchor>
					</Anchors>
				</FontString>
			</Layer>
		</Layers>
	</Frame>
	<Frame name="FlexBarButton78CooldownCountFrame" parent="FlexBarButton78" hidden="true">
        <Size>
            <AbsDimension x="32" y="32"/>
        </Size>
        <Anchors>
            <Anchor point="CENTER" relativeTo="$parent" relativePoint="CENTER">
                <Offset>
                    <AbsDimension x="0" y="0"/>
                </Offset>
            </Anchor>
        </Anchors>
		<Layers>
			<Layer level="ARTWORK">
				<FontString name="FlexBarButton78CooldownCount" inherits="GameFontNormalLarge" hidden="true" justifyH="CENTER">
					<Anchors>
						<Anchor point="CENTER">
							<Offset>
								<AbsDimension x="0" y="0"/>
							</Offset>
						</Anchor>
					</Anchors>
				</FontString>
			</Layer>
		</Layers>
	</Frame>
	<Frame name="FlexBarButton79CooldownCountFrame" parent="FlexBarButton79" hidden="true">
        <Size>
            <AbsDimension x="32" y="32"/>
        </Size>
        <Anchors>
            <Anchor point="CENTER" relativeTo="$parent" relativePoint="CENTER">
                <Offset>
                    <AbsDimension x="0" y="0"/>
                </Offset>
            </Anchor>
        </Anchors>
		<Layers>
			<Layer level="ARTWORK">
				<FontString name="FlexBarButton79CooldownCount" inherits="GameFontNormalLarge" hidden="true" justifyH="CENTER">
					<Anchors>
						<Anchor point="CENTER">
							<Offset>
								<AbsDimension x="0" y="0"/>
							</Offset>
						</Anchor>
					</Anchors>
				</FontString>
			</Layer>
		</Layers>
	</Frame>
	<Frame name="FlexBarButton80CooldownCountFrame" parent="FlexBarButton80" hidden="true">
        <Size>
            <AbsDimension x="32" y="32"/>
        </Size>
        <Anchors>
            <Anchor point="CENTER" relativeTo="$parent" relativePoint="CENTER">
                <Offset>
                    <AbsDimension x="0" y="0"/>
                </Offset>
            </Anchor>
        </Anchors>
		<Layers>
			<Layer level="ARTWORK">
				<FontString name="FlexBarButton80CooldownCount" inherits="GameFontNormalLarge" hidden="true" justifyH="CENTER">
					<Anchors>
						<Anchor point="CENTER">
							<Offset>
								<AbsDimension x="0" y="0"/>
							</Offset>
						</Anchor>
					</Anchors>
				</FontString>
			</Layer>
		</Layers>
	</Frame>
	<Frame name="FlexBarButton81CooldownCountFrame" parent="FlexBarButton81" hidden="true">
        <Size>
            <AbsDimension x="32" y="32"/>
        </Size>
        <Anchors>
            <Anchor point="CENTER" relativeTo="$parent" relativePoint="CENTER">
                <Offset>
                    <AbsDimension x="0" y="0"/>
                </Offset>
            </Anchor>
        </Anchors>
		<Layers>
			<Layer level="ARTWORK">
				<FontString name="FlexBarButton81CooldownCount" inherits="GameFontNormalLarge" hidden="true" justifyH="CENTER">
					<Anchors>
						<Anchor point="CENTER">
							<Offset>
								<AbsDimension x="0" y="0"/>
							</Offset>
						</Anchor>
					</Anchors>
				</FontString>
			</Layer>
		</Layers>
	</Frame>
	<Frame name="FlexBarButton82CooldownCountFrame" parent="FlexBarButton82" hidden="true">
        <Size>
            <AbsDimension x="32" y="32"/>
        </Size>
        <Anchors>
            <Anchor point="CENTER" relativeTo="$parent" relativePoint="CENTER">
                <Offset>
                    <AbsDimension x="0" y="0"/>
                </Offset>
            </Anchor>
        </Anchors>
		<Layers>
			<Layer level="ARTWORK">
				<FontString name="FlexBarButton82CooldownCount" inherits="GameFontNormalLarge" hidden="true" justifyH="CENTER">
					<Anchors>
						<Anchor point="CENTER">
							<Offset>
								<AbsDimension x="0" y="0"/>
							</Offset>
						</Anchor>
					</Anchors>
				</FontString>
			</Layer>
		</Layers>
	</Frame>
	<Frame name="FlexBarButton83CooldownCountFrame" parent="FlexBarButton83" hidden="true">
        <Size>
            <AbsDimension x="32" y="32"/>
        </Size>
        <Anchors>
            <Anchor point="CENTER" relativeTo="$parent" relativePoint="CENTER">
                <Offset>
                    <AbsDimension x="0" y="0"/>
                </Offset>
            </Anchor>
        </Anchors>
		<Layers>
			<Layer level="ARTWORK">
				<FontString name="FlexBarButton83CooldownCount" inherits="GameFontNormalLarge" hidden="true" justifyH="CENTER">
					<Anchors>
						<Anchor point="CENTER">
							<Offset>
								<AbsDimension x="0" y="0"/>
							</Offset>
						</Anchor>
					</Anchors>
				</FontString>
			</Layer>
		</Layers>
	</Frame>
	<Frame name="FlexBarButton84CooldownCountFrame" parent="FlexBarButton84" hidden="true">
        <Size>
            <AbsDimension x="32" y="32"/>
        </Size>
        <Anchors>
            <Anchor point="CENTER" relativeTo="$parent" relativePoint="CENTER">
                <Offset>
                    <AbsDimension x="0" y="0"/>
                </Offset>
            </Anchor>
        </Anchors>
		<Layers>
			<Layer level="ARTWORK">
				<FontString name="FlexBarButton84CooldownCount" inherits="GameFontNormalLarge" hidden="true" justifyH="CENTER">
					<Anchors>
						<Anchor point="CENTER">
							<Offset>
								<AbsDimension x="0" y="0"/>
							</Offset>
						</Anchor>
					</Anchors>
				</FontString>
			</Layer>
		</Layers>
	</Frame>
	<Frame name="FlexBarButton85CooldownCountFrame" parent="FlexBarButton85" hidden="true">
        <Size>
            <AbsDimension x="32" y="32"/>
        </Size>
        <Anchors>
            <Anchor point="CENTER" relativeTo="$parent" relativePoint="CENTER">
                <Offset>
                    <AbsDimension x="0" y="0"/>
                </Offset>
            </Anchor>
        </Anchors>
		<Layers>
			<Layer level="ARTWORK">
				<FontString name="FlexBarButton85CooldownCount" inherits="GameFontNormalLarge" hidden="true" justifyH="CENTER">
					<Anchors>
						<Anchor point="CENTER">
							<Offset>
								<AbsDimension x="0" y="0"/>
							</Offset>
						</Anchor>
					</Anchors>
				</FontString>
			</Layer>
		</Layers>
	</Frame>
	<Frame name="FlexBarButton86CooldownCountFrame" parent="FlexBarButton86" hidden="true">
        <Size>
            <AbsDimension x="32" y="32"/>
        </Size>
        <Anchors>
            <Anchor point="CENTER" relativeTo="$parent" relativePoint="CENTER">
                <Offset>
                    <AbsDimension x="0" y="0"/>
                </Offset>
            </Anchor>
        </Anchors>
		<Layers>
			<Layer level="ARTWORK">
				<FontString name="FlexBarButton86CooldownCount" inherits="GameFontNormalLarge" hidden="true" justifyH="CENTER">
					<Anchors>
						<Anchor point="CENTER">
							<Offset>
								<AbsDimension x="0" y="0"/>
							</Offset>
						</Anchor>
					</Anchors>
				</FontString>
			</Layer>
		</Layers>
	</Frame>
	<Frame name="FlexBarButton87CooldownCountFrame" parent="FlexBarButton87" hidden="true">
        <Size>
            <AbsDimension x="32" y="32"/>
        </Size>
        <Anchors>
            <Anchor point="CENTER" relativeTo="$parent" relativePoint="CENTER">
                <Offset>
                    <AbsDimension x="0" y="0"/>
                </Offset>
            </Anchor>
        </Anchors>
		<Layers>
			<Layer level="ARTWORK">
				<FontString name="FlexBarButton87CooldownCount" inherits="GameFontNormalLarge" hidden="true" justifyH="CENTER">
					<Anchors>
						<Anchor point="CENTER">
							<Offset>
								<AbsDimension x="0" y="0"/>
							</Offset>
						</Anchor>
					</Anchors>
				</FontString>
			</Layer>
		</Layers>
	</Frame>
	<Frame name="FlexBarButton88CooldownCountFrame" parent="FlexBarButton88" hidden="true">
        <Size>
            <AbsDimension x="32" y="32"/>
        </Size>
        <Anchors>
            <Anchor point="CENTER" relativeTo="$parent" relativePoint="CENTER">
                <Offset>
                    <AbsDimension x="0" y="0"/>
                </Offset>
            </Anchor>
        </Anchors>
		<Layers>
			<Layer level="ARTWORK">
				<FontString name="FlexBarButton88CooldownCount" inherits="GameFontNormalLarge" hidden="true" justifyH="CENTER">
					<Anchors>
						<Anchor point="CENTER">
							<Offset>
								<AbsDimension x="0" y="0"/>
							</Offset>
						</Anchor>
					</Anchors>
				</FontString>
			</Layer>
		</Layers>
	</Frame>
	<Frame name="FlexBarButton89CooldownCountFrame" parent="FlexBarButton89" hidden="true">
        <Size>
            <AbsDimension x="32" y="32"/>
        </Size>
        <Anchors>
            <Anchor point="CENTER" relativeTo="$parent" relativePoint="CENTER">
                <Offset>
                    <AbsDimension x="0" y="0"/>
                </Offset>
            </Anchor>
        </Anchors>
		<Layers>
			<Layer level="ARTWORK">
				<FontString name="FlexBarButton89CooldownCount" inherits="GameFontNormalLarge" hidden="true" justifyH="CENTER">
					<Anchors>
						<Anchor point="CENTER">
							<Offset>
								<AbsDimension x="0" y="0"/>
							</Offset>
						</Anchor>
					</Anchors>
				</FontString>
			</Layer>
		</Layers>
	</Frame>
	<Frame name="FlexBarButton90CooldownCountFrame" parent="FlexBarButton90" hidden="true">
        <Size>
            <AbsDimension x="32" y="32"/>
        </Size>
        <Anchors>
            <Anchor point="CENTER" relativeTo="$parent" relativePoint="CENTER">
                <Offset>
                    <AbsDimension x="0" y="0"/>
                </Offset>
            </Anchor>
        </Anchors>
		<Layers>
			<Layer level="ARTWORK">
				<FontString name="FlexBarButton90CooldownCount" inherits="GameFontNormalLarge" hidden="true" justifyH="CENTER">
					<Anchors>
						<Anchor point="CENTER">
							<Offset>
								<AbsDimension x="0" y="0"/>
							</Offset>
						</Anchor>
					</Anchors>
				</FontString>
			</Layer>
		</Layers>
	</Frame>
	<Frame name="FlexBarButton91CooldownCountFrame" parent="FlexBarButton91" hidden="true">
        <Size>
            <AbsDimension x="32" y="32"/>
        </Size>
        <Anchors>
            <Anchor point="CENTER" relativeTo="$parent" relativePoint="CENTER">
                <Offset>
                    <AbsDimension x="0" y="0"/>
                </Offset>
            </Anchor>
        </Anchors>
		<Layers>
			<Layer level="ARTWORK">
				<FontString name="FlexBarButton91CooldownCount" inherits="GameFontNormalLarge" hidden="true" justifyH="CENTER">
					<Anchors>
						<Anchor point="CENTER">
							<Offset>
								<AbsDimension x="0" y="0"/>
							</Offset>
						</Anchor>
					</Anchors>
				</FontString>
			</Layer>
		</Layers>
	</Frame>
	<Frame name="FlexBarButton92CooldownCountFrame" parent="FlexBarButton92" hidden="true">
        <Size>
            <AbsDimension x="32" y="32"/>
        </Size>
        <Anchors>
            <Anchor point="CENTER" relativeTo="$parent" relativePoint="CENTER">
                <Offset>
                    <AbsDimension x="0" y="0"/>
                </Offset>
            </Anchor>
        </Anchors>
		<Layers>
			<Layer level="ARTWORK">
				<FontString name="FlexBarButton92CooldownCount" inherits="GameFontNormalLarge" hidden="true" justifyH="CENTER">
					<Anchors>
						<Anchor point="CENTER">
							<Offset>
								<AbsDimension x="0" y="0"/>
							</Offset>
						</Anchor>
					</Anchors>
				</FontString>
			</Layer>
		</Layers>
	</Frame>
	<Frame name="FlexBarButton93CooldownCountFrame" parent="FlexBarButton93" hidden="true">
        <Size>
            <AbsDimension x="32" y="32"/>
        </Size>
        <Anchors>
            <Anchor point="CENTER" relativeTo="$parent" relativePoint="CENTER">
                <Offset>
                    <AbsDimension x="0" y="0"/>
                </Offset>
            </Anchor>
        </Anchors>
		<Layers>
			<Layer level="ARTWORK">
				<FontString name="FlexBarButton93CooldownCount" inherits="GameFontNormalLarge" hidden="true" justifyH="CENTER">
					<Anchors>
						<Anchor point="CENTER">
							<Offset>
								<AbsDimension x="0" y="0"/>
							</Offset>
						</Anchor>
					</Anchors>
				</FontString>
			</Layer>
		</Layers>
	</Frame>
	<Frame name="FlexBarButton94CooldownCountFrame" parent="FlexBarButton94" hidden="true">
        <Size>
            <AbsDimension x="32" y="32"/>
        </Size>
        <Anchors>
            <Anchor point="CENTER" relativeTo="$parent" relativePoint="CENTER">
                <Offset>
                    <AbsDimension x="0" y="0"/>
                </Offset>
            </Anchor>
        </Anchors>
		<Layers>
			<Layer level="ARTWORK">
				<FontString name="FlexBarButton94CooldownCount" inherits="GameFontNormalLarge" hidden="true" justifyH="CENTER">
					<Anchors>
						<Anchor point="CENTER">
							<Offset>
								<AbsDimension x="0" y="0"/>
							</Offset>
						</Anchor>
					</Anchors>
				</FontString>
			</Layer>
		</Layers>
	</Frame>
	<Frame name="FlexBarButton95CooldownCountFrame" parent="FlexBarButton95" hidden="true">
        <Size>
            <AbsDimension x="32" y="32"/>
        </Size>
        <Anchors>
            <Anchor point="CENTER" relativeTo="$parent" relativePoint="CENTER">
                <Offset>
                    <AbsDimension x="0" y="0"/>
                </Offset>
            </Anchor>
        </Anchors>
		<Layers>
			<Layer level="ARTWORK">
				<FontString name="FlexBarButton95CooldownCount" inherits="GameFontNormalLarge" hidden="true" justifyH="CENTER">
					<Anchors>
						<Anchor point="CENTER">
							<Offset>
								<AbsDimension x="0" y="0"/>
							</Offset>
						</Anchor>
					</Anchors>
				</FontString>
			</Layer>
		</Layers>
	</Frame>
	<Frame name="FlexBarButton96CooldownCountFrame" parent="FlexBarButton96" hidden="true">
        <Size>
            <AbsDimension x="32" y="32"/>
        </Size>
        <Anchors>
            <Anchor point="CENTER" relativeTo="$parent" relativePoint="CENTER">
                <Offset>
                    <AbsDimension x="0" y="0"/>
                </Offset>
            </Anchor>
        </Anchors>
		<Layers>
			<Layer level="ARTWORK">
				<FontString name="FlexBarButton96CooldownCount" inherits="GameFontNormalLarge" hidden="true" justifyH="CENTER">
					<Anchors>
						<Anchor point="CENTER">
							<Offset>
								<AbsDimension x="0" y="0"/>
							</Offset>
						</Anchor>
					</Anchors>
				</FontString>
			</Layer>
		</Layers>
	</Frame>
	<Frame name="FlexBarButton97CooldownCountFrame" parent="FlexBarButton97" hidden="true">
        <Size>
            <AbsDimension x="32" y="32"/>
        </Size>
        <Anchors>
            <Anchor point="CENTER" relativeTo="$parent" relativePoint="CENTER">
                <Offset>
                    <AbsDimension x="0" y="0"/>
                </Offset>
            </Anchor>
        </Anchors>
		<Layers>
			<Layer level="ARTWORK">
				<FontString name="FlexBarButton97CooldownCount" inherits="GameFontNormalLarge" hidden="true" justifyH="CENTER">
					<Anchors>
						<Anchor point="CENTER">
							<Offset>
								<AbsDimension x="0" y="0"/>
							</Offset>
						</Anchor>
					</Anchors>
				</FontString>
			</Layer>
		</Layers>
	</Frame>
	<Frame name="FlexBarButton98CooldownCountFrame" parent="FlexBarButton98" hidden="true">
        <Size>
            <AbsDimension x="32" y="32"/>
        </Size>
        <Anchors>
            <Anchor point="CENTER" relativeTo="$parent" relativePoint="CENTER">
                <Offset>
                    <AbsDimension x="0" y="0"/>
                </Offset>
            </Anchor>
        </Anchors>
		<Layers>
			<Layer level="ARTWORK">
				<FontString name="FlexBarButton98CooldownCount" inherits="GameFontNormalLarge" hidden="true" justifyH="CENTER">
					<Anchors>
						<Anchor point="CENTER">
							<Offset>
								<AbsDimension x="0" y="0"/>
							</Offset>
						</Anchor>
					</Anchors>
				</FontString>
			</Layer>
		</Layers>
	</Frame>
	<Frame name="FlexBarButton99CooldownCountFrame" parent="FlexBarButton99" hidden="true">
        <Size>
            <AbsDimension x="32" y="32"/>
        </Size>
        <Anchors>
            <Anchor point="CENTER" relativeTo="$parent" relativePoint="CENTER">
                <Offset>
                    <AbsDimension x="0" y="0"/>
                </Offset>
            </Anchor>
        </Anchors>
		<Layers>
			<Layer level="ARTWORK">
				<FontString name="FlexBarButton99CooldownCount" inherits="GameFontNormalLarge" hidden="true" justifyH="CENTER">
					<Anchors>
						<Anchor point="CENTER">
							<Offset>
								<AbsDimension x="0" y="0"/>
							</Offset>
						</Anchor>
					</Anchors>
				</FontString>
			</Layer>
		</Layers>
	</Frame>
	<Frame name="FlexBarButton100CooldownCountFrame" parent="FlexBarButton100" hidden="true">
        <Size>
            <AbsDimension x="32" y="32"/>
        </Size>
        <Anchors>
            <Anchor point="CENTER" relativeTo="$parent" relativePoint="CENTER">
                <Offset>
                    <AbsDimension x="0" y="0"/>
                </Offset>
            </Anchor>
        </Anchors>
		<Layers>
			<Layer level="ARTWORK">
				<FontString name="FlexBarButton100CooldownCount" inherits="GameFontNormalLarge" hidden="true" justifyH="CENTER">
					<Anchors>
						<Anchor point="CENTER">
							<Offset>
								<AbsDimension x="0" y="0"/>
							</Offset>
						</Anchor>
					</Anchors>
				</FontString>
			</Layer>
		</Layers>
	</Frame>
	<Frame name="FlexBarButton101CooldownCountFrame" parent="FlexBarButton101" hidden="true">
        <Size>
            <AbsDimension x="32" y="32"/>
        </Size>
        <Anchors>
            <Anchor point="CENTER" relativeTo="$parent" relativePoint="CENTER">
                <Offset>
                    <AbsDimension x="0" y="0"/>
                </Offset>
            </Anchor>
        </Anchors>
		<Layers>
			<Layer level="ARTWORK">
				<FontString name="FlexBarButton101CooldownCount" inherits="GameFontNormalLarge" hidden="true" justifyH="CENTER">
					<Anchors>
						<Anchor point="CENTER">
							<Offset>
								<AbsDimension x="0" y="0"/>
							</Offset>
						</Anchor>
					</Anchors>
				</FontString>
			</Layer>
		</Layers>
	</Frame>
	<Frame name="FlexBarButton102CooldownCountFrame" parent="FlexBarButton102" hidden="true">
        <Size>
            <AbsDimension x="32" y="32"/>
        </Size>
        <Anchors>
            <Anchor point="CENTER" relativeTo="$parent" relativePoint="CENTER">
                <Offset>
                    <AbsDimension x="0" y="0"/>
                </Offset>
            </Anchor>
        </Anchors>
		<Layers>
			<Layer level="ARTWORK">
				<FontString name="FlexBarButton102CooldownCount" inherits="GameFontNormalLarge" hidden="true" justifyH="CENTER">
					<Anchors>
						<Anchor point="CENTER">
							<Offset>
								<AbsDimension x="0" y="0"/>
							</Offset>
						</Anchor>
					</Anchors>
				</FontString>
			</Layer>
		</Layers>
	</Frame>
	<Frame name="FlexBarButton103CooldownCountFrame" parent="FlexBarButton103" hidden="true">
        <Size>
            <AbsDimension x="32" y="32"/>
        </Size>
        <Anchors>
            <Anchor point="CENTER" relativeTo="$parent" relativePoint="CENTER">
                <Offset>
                    <AbsDimension x="0" y="0"/>
                </Offset>
            </Anchor>
        </Anchors>
		<Layers>
			<Layer level="ARTWORK">
				<FontString name="FlexBarButton103CooldownCount" inherits="GameFontNormalLarge" hidden="true" justifyH="CENTER">
					<Anchors>
						<Anchor point="CENTER">
							<Offset>
								<AbsDimension x="0" y="0"/>
							</Offset>
						</Anchor>
					</Anchors>
				</FontString>
			</Layer>
		</Layers>
	</Frame>
	<Frame name="FlexBarButton104CooldownCountFrame" parent="FlexBarButton104" hidden="true">
        <Size>
            <AbsDimension x="32" y="32"/>
        </Size>
        <Anchors>
            <Anchor point="CENTER" relativeTo="$parent" relativePoint="CENTER">
                <Offset>
                    <AbsDimension x="0" y="0"/>
                </Offset>
            </Anchor>
        </Anchors>
		<Layers>
			<Layer level="ARTWORK">
				<FontString name="FlexBarButton104CooldownCount" inherits="GameFontNormalLarge" hidden="true" justifyH="CENTER">
					<Anchors>
						<Anchor point="CENTER">
							<Offset>
								<AbsDimension x="0" y="0"/>
							</Offset>
						</Anchor>
					</Anchors>
				</FontString>
			</Layer>
		</Layers>
	</Frame>
	<Frame name="FlexBarButton105CooldownCountFrame" parent="FlexBarButton105" hidden="true">
        <Size>
            <AbsDimension x="32" y="32"/>
        </Size>
        <Anchors>
            <Anchor point="CENTER" relativeTo="$parent" relativePoint="CENTER">
                <Offset>
                    <AbsDimension x="0" y="0"/>
                </Offset>
            </Anchor>
        </Anchors>
		<Layers>
			<Layer level="ARTWORK">
				<FontString name="FlexBarButton105CooldownCount" inherits="GameFontNormalLarge" hidden="true" justifyH="CENTER">
					<Anchors>
						<Anchor point="CENTER">
							<Offset>
								<AbsDimension x="0" y="0"/>
							</Offset>
						</Anchor>
					</Anchors>
				</FontString>
			</Layer>
		</Layers>
	</Frame>
	<Frame name="FlexBarButton106CooldownCountFrame" parent="FlexBarButton106" hidden="true">
        <Size>
            <AbsDimension x="32" y="32"/>
        </Size>
        <Anchors>
            <Anchor point="CENTER" relativeTo="$parent" relativePoint="CENTER">
                <Offset>
                    <AbsDimension x="0" y="0"/>
                </Offset>
            </Anchor>
        </Anchors>
		<Layers>
			<Layer level="ARTWORK">
				<FontString name="FlexBarButton106CooldownCount" inherits="GameFontNormalLarge" hidden="true" justifyH="CENTER">
					<Anchors>
						<Anchor point="CENTER">
							<Offset>
								<AbsDimension x="0" y="0"/>
							</Offset>
						</Anchor>
					</Anchors>
				</FontString>
			</Layer>
		</Layers>
	</Frame>
	<Frame name="FlexBarButton107CooldownCountFrame" parent="FlexBarButton107" hidden="true">
        <Size>
            <AbsDimension x="32" y="32"/>
        </Size>
        <Anchors>
            <Anchor point="CENTER" relativeTo="$parent" relativePoint="CENTER">
                <Offset>
                    <AbsDimension x="0" y="0"/>
                </Offset>
            </Anchor>
        </Anchors>
		<Layers>
			<Layer level="ARTWORK">
				<FontString name="FlexBarButton107CooldownCount" inherits="GameFontNormalLarge" hidden="true" justifyH="CENTER">
					<Anchors>
						<Anchor point="CENTER">
							<Offset>
								<AbsDimension x="0" y="0"/>
							</Offset>
						</Anchor>
					</Anchors>
				</FontString>
			</Layer>
		</Layers>
	</Frame>
	<Frame name="FlexBarButton108CooldownCountFrame" parent="FlexBarButton108" hidden="true">
        <Size>
            <AbsDimension x="32" y="32"/>
        </Size>
        <Anchors>
            <Anchor point="CENTER" relativeTo="$parent" relativePoint="CENTER">
                <Offset>
                    <AbsDimension x="0" y="0"/>
                </Offset>
            </Anchor>
        </Anchors>
		<Layers>
			<Layer level="ARTWORK">
				<FontString name="FlexBarButton108CooldownCount" inherits="GameFontNormalLarge" hidden="true" justifyH="CENTER">
					<Anchors>
						<Anchor point="CENTER">
							<Offset>
								<AbsDimension x="0" y="0"/>
							</Offset>
						</Anchor>
					</Anchors>
				</FontString>
			</Layer>
		</Layers>
	</Frame>
	<Frame name="FlexBarButton109CooldownCountFrame" parent="FlexBarButton109" hidden="true">
        <Size>
            <AbsDimension x="32" y="32"/>
        </Size>
        <Anchors>
            <Anchor point="CENTER" relativeTo="$parent" relativePoint="CENTER">
                <Offset>
                    <AbsDimension x="0" y="0"/>
                </Offset>
            </Anchor>
        </Anchors>
		<Layers>
			<Layer level="ARTWORK">
				<FontString name="FlexBarButton109CooldownCount" inherits="GameFontNormalLarge" hidden="true" justifyH="CENTER">
					<Anchors>
						<Anchor point="CENTER">
							<Offset>
								<AbsDimension x="0" y="0"/>
							</Offset>
						</Anchor>
					</Anchors>
				</FontString>
			</Layer>
		</Layers>
	</Frame>
	<Frame name="FlexBarButton110CooldownCountFrame" parent="FlexBarButton110" hidden="true">
        <Size>
            <AbsDimension x="32" y="32"/>
        </Size>
        <Anchors>
            <Anchor point="CENTER" relativeTo="$parent" relativePoint="CENTER">
                <Offset>
                    <AbsDimension x="0" y="0"/>
                </Offset>
            </Anchor>
        </Anchors>
		<Layers>
			<Layer level="ARTWORK">
				<FontString name="FlexBarButton110CooldownCount" inherits="GameFontNormalLarge" hidden="true" justifyH="CENTER">
					<Anchors>
						<Anchor point="CENTER">
							<Offset>
								<AbsDimension x="0" y="0"/>
							</Offset>
						</Anchor>
					</Anchors>
				</FontString>
			</Layer>
		</Layers>
	</Frame>
	<Frame name="FlexBarButton111CooldownCountFrame" parent="FlexBarButton111" hidden="true">
        <Size>
            <AbsDimension x="32" y="32"/>
        </Size>
        <Anchors>
            <Anchor point="CENTER" relativeTo="$parent" relativePoint="CENTER">
                <Offset>
                    <AbsDimension x="0" y="0"/>
                </Offset>
            </Anchor>
        </Anchors>
		<Layers>
			<Layer level="ARTWORK">
				<FontString name="FlexBarButton111CooldownCount" inherits="GameFontNormalLarge" hidden="true" justifyH="CENTER">
					<Anchors>
						<Anchor point="CENTER">
							<Offset>
								<AbsDimension x="0" y="0"/>
							</Offset>
						</Anchor>
					</Anchors>
				</FontString>
			</Layer>
		</Layers>
	</Frame>
	<Frame name="FlexBarButton112CooldownCountFrame" parent="FlexBarButton112" hidden="true">
        <Size>
            <AbsDimension x="32" y="32"/>
        </Size>
        <Anchors>
            <Anchor point="CENTER" relativeTo="$parent" relativePoint="CENTER">
                <Offset>
                    <AbsDimension x="0" y="0"/>
                </Offset>
            </Anchor>
        </Anchors>
		<Layers>
			<Layer level="ARTWORK">
				<FontString name="FlexBarButton112CooldownCount" inherits="GameFontNormalLarge" hidden="true" justifyH="CENTER">
					<Anchors>
						<Anchor point="CENTER">
							<Offset>
								<AbsDimension x="0" y="0"/>
							</Offset>
						</Anchor>
					</Anchors>
				</FontString>
			</Layer>
		</Layers>
	</Frame>
	<Frame name="FlexBarButton113CooldownCountFrame" parent="FlexBarButton113" hidden="true">
        <Size>
            <AbsDimension x="32" y="32"/>
        </Size>
        <Anchors>
            <Anchor point="CENTER" relativeTo="$parent" relativePoint="CENTER">
                <Offset>
                    <AbsDimension x="0" y="0"/>
                </Offset>
            </Anchor>
        </Anchors>
		<Layers>
			<Layer level="ARTWORK">
				<FontString name="FlexBarButton113CooldownCount" inherits="GameFontNormalLarge" hidden="true" justifyH="CENTER">
					<Anchors>
						<Anchor point="CENTER">
							<Offset>
								<AbsDimension x="0" y="0"/>
							</Offset>
						</Anchor>
					</Anchors>
				</FontString>
			</Layer>
		</Layers>
	</Frame>
	<Frame name="FlexBarButton114CooldownCountFrame" parent="FlexBarButton114" hidden="true">
        <Size>
            <AbsDimension x="32" y="32"/>
        </Size>
        <Anchors>
            <Anchor point="CENTER" relativeTo="$parent" relativePoint="CENTER">
                <Offset>
                    <AbsDimension x="0" y="0"/>
                </Offset>
            </Anchor>
        </Anchors>
		<Layers>
			<Layer level="ARTWORK">
				<FontString name="FlexBarButton114CooldownCount" inherits="GameFontNormalLarge" hidden="true" justifyH="CENTER">
					<Anchors>
						<Anchor point="CENTER">
							<Offset>
								<AbsDimension x="0" y="0"/>
							</Offset>
						</Anchor>
					</Anchors>
				</FontString>
			</Layer>
		</Layers>
	</Frame>
	<Frame name="FlexBarButton115CooldownCountFrame" parent="FlexBarButton115" hidden="true">
        <Size>
            <AbsDimension x="32" y="32"/>
        </Size>
        <Anchors>
            <Anchor point="CENTER" relativeTo="$parent" relativePoint="CENTER">
                <Offset>
                    <AbsDimension x="0" y="0"/>
                </Offset>
            </Anchor>
        </Anchors>
		<Layers>
			<Layer level="ARTWORK">
				<FontString name="FlexBarButton115CooldownCount" inherits="GameFontNormalLarge" hidden="true" justifyH="CENTER">
					<Anchors>
						<Anchor point="CENTER">
							<Offset>
								<AbsDimension x="0" y="0"/>
							</Offset>
						</Anchor>
					</Anchors>
				</FontString>
			</Layer>
		</Layers>
	</Frame>
	<Frame name="FlexBarButton116CooldownCountFrame" parent="FlexBarButton116" hidden="true">
        <Size>
            <AbsDimension x="32" y="32"/>
        </Size>
        <Anchors>
            <Anchor point="CENTER" relativeTo="$parent" relativePoint="CENTER">
                <Offset>
                    <AbsDimension x="0" y="0"/>
                </Offset>
            </Anchor>
        </Anchors>
		<Layers>
			<Layer level="ARTWORK">
				<FontString name="FlexBarButton116CooldownCount" inherits="GameFontNormalLarge" hidden="true" justifyH="CENTER">
					<Anchors>
						<Anchor point="CENTER">
							<Offset>
								<AbsDimension x="0" y="0"/>
							</Offset>
						</Anchor>
					</Anchors>
				</FontString>
			</Layer>
		</Layers>
	</Frame>
	<Frame name="FlexBarButton117CooldownCountFrame" parent="FlexBarButton117" hidden="true">
        <Size>
            <AbsDimension x="32" y="32"/>
        </Size>
        <Anchors>
            <Anchor point="CENTER" relativeTo="$parent" relativePoint="CENTER">
                <Offset>
                    <AbsDimension x="0" y="0"/>
                </Offset>
            </Anchor>
        </Anchors>
		<Layers>
			<Layer level="ARTWORK">
				<FontString name="FlexBarButton117CooldownCount" inherits="GameFontNormalLarge" hidden="true" justifyH="CENTER">
					<Anchors>
						<Anchor point="CENTER">
							<Offset>
								<AbsDimension x="0" y="0"/>
							</Offset>
						</Anchor>
					</Anchors>
				</FontString>
			</Layer>
		</Layers>
	</Frame>
	<Frame name="FlexBarButton118CooldownCountFrame" parent="FlexBarButton118" hidden="true">
        <Size>
            <AbsDimension x="32" y="32"/>
        </Size>
        <Anchors>
            <Anchor point="CENTER" relativeTo="$parent" relativePoint="CENTER">
                <Offset>
                    <AbsDimension x="0" y="0"/>
                </Offset>
            </Anchor>
        </Anchors>
		<Layers>
			<Layer level="ARTWORK">
				<FontString name="FlexBarButton118CooldownCount" inherits="GameFontNormalLarge" hidden="true" justifyH="CENTER">
					<Anchors>
						<Anchor point="CENTER">
							<Offset>
								<AbsDimension x="0" y="0"/>
							</Offset>
						</Anchor>
					</Anchors>
				</FontString>
			</Layer>
		</Layers>
	</Frame>
	<Frame name="FlexBarButton119CooldownCountFrame" parent="FlexBarButton119" hidden="true">
        <Size>
            <AbsDimension x="32" y="32"/>
        </Size>
        <Anchors>
            <Anchor point="CENTER" relativeTo="$parent" relativePoint="CENTER">
                <Offset>
                    <AbsDimension x="0" y="0"/>
                </Offset>
            </Anchor>
        </Anchors>
		<Layers>
			<Layer level="ARTWORK">
				<FontString name="FlexBarButton119CooldownCount" inherits="GameFontNormalLarge" hidden="true" justifyH="CENTER">
					<Anchors>
						<Anchor point="CENTER">
							<Offset>
								<AbsDimension x="0" y="0"/>
							</Offset>
						</Anchor>
					</Anchors>
				</FontString>
			</Layer>
		</Layers>
	</Frame>
	<Frame name="FlexBarButton120CooldownCountFrame" parent="FlexBarButton120" hidden="true">
        <Size>
            <AbsDimension x="32" y="32"/>
        </Size>
        <Anchors>
            <Anchor point="CENTER" relativeTo="$parent" relativePoint="CENTER">
                <Offset>
                    <AbsDimension x="0" y="0"/>
                </Offset>
            </Anchor>
        </Anchors>
		<Layers>
			<Layer level="ARTWORK">
				<FontString name="FlexBarButton120CooldownCount" inherits="GameFontNormalLarge" hidden="true" justifyH="CENTER">
					<Anchors>
						<Anchor point="CENTER">
							<Offset>
								<AbsDimension x="0" y="0"/>
							</Offset>
						</Anchor>
					</Anchors>
				</FontString>
			</Layer>
		</Layers>
	</Frame>
</Ui>