<UI xmlns="http://www.blizzard.com/wow/ui/" 
    xmlns:xsi="http://www.w3.org/2001/XMLSchema-instance" 
    xsi:schemaLocation="http://www.blizzard.com/wow/ui/..\FrameXML\UI.xsd">
           
	<!-- Main Frame -->
	<Frame name="DHUD" parent="UIParent" frameStrata="BACKGROUND">
		<Size>
			<AbsDimension x="512" y="256"/>
		</Size>
		<Anchors>
			<Anchor point="CENTER">
				<Offset><AbsDimension x="0" y="0"/></Offset>
			</Anchor>
		</Anchors>
		
        <Frames>
                                            
            <!-- Target Text -->
            <Button name="DHUD_Target" inherits="DHUD_TextTemplate">
                <Scripts>
                    <OnLoad>
                        this:RegisterForClicks('RightButtonUp');
                    </OnLoad>
                    <OnClick>
                        DHUD_Target_OnClick();
                    </OnClick>	
                </Scripts>
                <Anchors>
                    <Anchor point="BOTTOM" relativeTo="DHUD"><Offset><AbsDimension x="0" y="-35"/></Offset></Anchor>
                </Anchors>
            </Button>        
        
            <!-- Buffs -->
            <Button name="$parentBuff1" inherits="DHUD_AuraTemplate" id="1" hidden="true">
                <Anchors>
                    <Anchor point="LEFT" relativeTo="DHUD_TargetName" relativePoint="RIGHT">
                        <Offset>
                            <AbsDimension x="0" y="0"/>
                        </Offset>
                    </Anchor>
                </Anchors>
            </Button>
            <Button name="$parentBuff2" inherits="DHUD_AuraTemplate" id="2" hidden="true">
                <Anchors>
                    <Anchor point="LEFT" relativeTo="DHUD_TargetName" relativePoint="RIGHT">
                        <Offset>
                            <AbsDimension x="20" y="0"/>
                        </Offset>
                    </Anchor>
                </Anchors>
            </Button>
            <Button name="$parentBuff3" inherits="DHUD_AuraTemplate" id="3" hidden="true">
                <Anchors>
                    <Anchor point="LEFT" relativeTo="DHUD_TargetName" relativePoint="RIGHT">
                        <Offset>
                            <AbsDimension x="40" y="0"/>
                        </Offset>
                    </Anchor>
                </Anchors>
            </Button>
            <Button name="$parentBuff4" inherits="DHUD_AuraTemplate" id="4" hidden="true">
                <Anchors>
                    <Anchor point="LEFT" relativeTo="DHUD_TargetName" relativePoint="RIGHT">
                        <Offset>
                            <AbsDimension x="60" y="0"/>
                        </Offset>
                    </Anchor>
                </Anchors>
            </Button>
            <Button name="$parentBuff5" inherits="DHUD_AuraTemplate" id="5" hidden="true">
                <Anchors>
                    <Anchor point="LEFT" relativeTo="DHUD_TargetName" relativePoint="RIGHT">
                        <Offset>
                            <AbsDimension x="80" y="0"/>
                        </Offset>
                    </Anchor>
                </Anchors>
            </Button>
            <Button name="$parentBuff6" inherits="DHUD_AuraTemplate" id="6" hidden="true">
                <Anchors>
                    <Anchor point="LEFT" relativeTo="DHUD_TargetName" relativePoint="RIGHT">
                        <Offset>
                            <AbsDimension x="100" y="0"/>
                        </Offset>
                    </Anchor>
                </Anchors>
            </Button>
            <Button name="$parentBuff7" inherits="DHUD_AuraTemplate" id="7" hidden="true">
                <Anchors>
                    <Anchor point="LEFT" relativeTo="DHUD_TargetName" relativePoint="RIGHT">
                        <Offset>
                            <AbsDimension x="120" y="0"/>
                        </Offset>
                    </Anchor>
                </Anchors>
            </Button>
            <Button name="$parentBuff8" inherits="DHUD_AuraTemplate" id="8" hidden="true">
                <Anchors>
                    <Anchor point="LEFT" relativeTo="DHUD_TargetName" relativePoint="RIGHT">
                        <Offset>
                            <AbsDimension x="140" y="0"/>
                        </Offset>
                    </Anchor>
                </Anchors>
            </Button>
            <Button name="$parentBuff9" inherits="DHUD_AuraTemplate" id="9" hidden="true">
                <Anchors>
                    <Anchor point="LEFT" relativeTo="DHUD_TargetName" relativePoint="RIGHT">
                        <Offset>
                            <AbsDimension x="0" y="-20"/>
                        </Offset>
                    </Anchor>
                </Anchors>
            </Button>
            <Button name="$parentBuff10" inherits="DHUD_AuraTemplate" id="10" hidden="true">
                <Anchors>
                    <Anchor point="LEFT" relativeTo="DHUD_TargetName" relativePoint="RIGHT">
                        <Offset>
                            <AbsDimension x="20" y="-20"/>
                        </Offset>
                    </Anchor>
                </Anchors>
            </Button>
            <Button name="$parentBuff11" inherits="DHUD_AuraTemplate" id="11" hidden="true">
                <Anchors>
                    <Anchor point="LEFT" relativeTo="DHUD_TargetName" relativePoint="RIGHT">
                        <Offset>
                            <AbsDimension x="40" y="-20"/>
                        </Offset>
                    </Anchor>
                </Anchors>
            </Button>
            <Button name="$parentBuff12" inherits="DHUD_AuraTemplate" id="12" hidden="true">
                <Anchors>
                    <Anchor point="LEFT" relativeTo="DHUD_TargetName" relativePoint="RIGHT">
                        <Offset>
                            <AbsDimension x="60" y="-20"/>
                        </Offset>
                    </Anchor>
                </Anchors>
            </Button>
            <Button name="$parentBuff13" inherits="DHUD_AuraTemplate" id="13" hidden="true">
                <Anchors>
                    <Anchor point="LEFT" relativeTo="DHUD_TargetName" relativePoint="RIGHT">
                        <Offset>
                            <AbsDimension x="80" y="-20"/>
                        </Offset>
                    </Anchor>
                </Anchors>
            </Button>
            <Button name="$parentBuff14" inherits="DHUD_AuraTemplate" id="14" hidden="true">
                <Anchors>
                    <Anchor point="LEFT" relativeTo="DHUD_TargetName" relativePoint="RIGHT">
                        <Offset>
                            <AbsDimension x="100" y="-20"/>
                        </Offset>
                    </Anchor>
                </Anchors>
            </Button>
            <Button name="$parentBuff15" inherits="DHUD_AuraTemplate" id="15" hidden="true">
                <Anchors>
                    <Anchor point="LEFT" relativeTo="DHUD_TargetName" relativePoint="RIGHT">
                        <Offset>
                            <AbsDimension x="120" y="-20"/>
                        </Offset>
                    </Anchor>
                </Anchors>
            </Button>
            <Button name="$parentBuff16" inherits="DHUD_AuraTemplate" id="16" hidden="true">
                <Anchors>
                    <Anchor point="LEFT" relativeTo="DHUD_TargetName" relativePoint="RIGHT">
                        <Offset>
                            <AbsDimension x="140" y="-20"/>
                        </Offset>
                    </Anchor>
                </Anchors>
            </Button>
					
            <!-- debuffs -->						
            <Button name="$parentDeBuff1" inherits="DHUD_AuraTemplate" id="1" hidden="true">
                <Anchors>
                    <Anchor point="RIGHT" relativeTo="DHUD_TargetName" relativePoint="LEFT">
                        <Offset>
                            <AbsDimension x="0" y="0"/>
                        </Offset>
                    </Anchor>
                </Anchors>
            </Button>
            <Button name="$parentDeBuff2" inherits="DHUD_AuraTemplate" id="2" hidden="true">
                <Anchors>
                    <Anchor point="RIGHT" relativeTo="DHUD_TargetName" relativePoint="LEFT">
                        <Offset>
                            <AbsDimension x="-20" y="0"/>
                        </Offset>
                    </Anchor>
                </Anchors>
            </Button>
            <Button name="$parentDeBuff3" inherits="DHUD_AuraTemplate" id="3" hidden="true">
                <Anchors>
                    <Anchor point="RIGHT" relativeTo="DHUD_TargetName" relativePoint="LEFT">
                        <Offset>
                            <AbsDimension x="-40" y="0"/>
                        </Offset>
                    </Anchor>
                </Anchors>
            </Button>
            <Button name="$parentDeBuff4" inherits="DHUD_AuraTemplate" id="4" hidden="true">
                <Anchors>
                    <Anchor point="RIGHT" relativeTo="DHUD_TargetName" relativePoint="LEFT">
                        <Offset>
                            <AbsDimension x="-60" y="0"/>
                        </Offset>
                    </Anchor>
                </Anchors>
            </Button>
            <Button name="$parentDeBuff5" inherits="DHUD_AuraTemplate" id="5" hidden="true">
                <Anchors>
                    <Anchor point="RIGHT" relativeTo="DHUD_TargetName" relativePoint="LEFT">
                        <Offset>
                            <AbsDimension x="-80" y="0"/>
                        </Offset>
                    </Anchor>
                </Anchors>
            </Button>
            <Button name="$parentDeBuff6" inherits="DHUD_AuraTemplate" id="6" hidden="true">
                <Anchors>
                    <Anchor point="RIGHT" relativeTo="DHUD_TargetName" relativePoint="LEFT">
                        <Offset>
                            <AbsDimension x="-100" y="0"/>
                        </Offset>
                    </Anchor>
                </Anchors>
            </Button>
            <Button name="$parentDeBuff7" inherits="DHUD_AuraTemplate" id="7" hidden="true">
                <Anchors>
                    <Anchor point="RIGHT" relativeTo="DHUD_TargetName" relativePoint="LEFT">
                        <Offset>
                            <AbsDimension x="-120" y="0"/>
                        </Offset>
                    </Anchor>
                </Anchors>
            </Button>
            <Button name="$parentDeBuff8" inherits="DHUD_AuraTemplate" id="8" hidden="true">
                <Anchors>
                    <Anchor point="RIGHT" relativeTo="DHUD_TargetName" relativePoint="LEFT">
                        <Offset>
                            <AbsDimension x="-140" y="0"/>
                        </Offset>
                    </Anchor>
                </Anchors>
            </Button>
            <Button name="$parentDeBuff9" inherits="DHUD_AuraTemplate" id="9" hidden="true">
                <Anchors>
                    <Anchor point="RIGHT" relativeTo="DHUD_TargetName" relativePoint="LEFT">
                        <Offset>
                            <AbsDimension x="0" y="-20"/>
                        </Offset>
                    </Anchor>
                </Anchors>
            </Button>
            <Button name="$parentDeBuff10" inherits="DHUD_AuraTemplate" id="10" hidden="true">
                <Anchors>
                    <Anchor point="RIGHT" relativeTo="DHUD_TargetName" relativePoint="LEFT">
                        <Offset>
                            <AbsDimension x="-20" y="-20"/>
                        </Offset>
                    </Anchor>
                </Anchors>
            </Button>
            <Button name="$parentDeBuff11" inherits="DHUD_AuraTemplate" id="11" hidden="true">
                <Anchors>
                    <Anchor point="RIGHT" relativeTo="DHUD_TargetName" relativePoint="LEFT">
                        <Offset>
                            <AbsDimension x="-40" y="-20"/>
                        </Offset>
                    </Anchor>
                </Anchors>
            </Button>
            <Button name="$parentDeBuff12" inherits="DHUD_AuraTemplate" id="12" hidden="true">
                <Anchors>
                    <Anchor point="RIGHT" relativeTo="DHUD_TargetName" relativePoint="LEFT">
                        <Offset>
                            <AbsDimension x="-60" y="-20"/>
                        </Offset>
                    </Anchor>
                </Anchors>
            </Button>
            <Button name="$parentDeBuff13" inherits="DHUD_AuraTemplate" id="13" hidden="true">
                <Anchors>
                    <Anchor point="RIGHT" relativeTo="DHUD_TargetName" relativePoint="LEFT">
                        <Offset>
                            <AbsDimension x="-80" y="-20"/>
                        </Offset>
                    </Anchor>
                </Anchors>
            </Button>
            <Button name="$parentDeBuff14" inherits="DHUD_AuraTemplate" id="14" hidden="true">
                <Anchors>
                    <Anchor point="RIGHT" relativeTo="DHUD_TargetName" relativePoint="LEFT">
                        <Offset>
                            <AbsDimension x="-100" y="-20"/>
                        </Offset>
                    </Anchor>
                </Anchors>
            </Button>
            <Button name="$parentDeBuff15" inherits="DHUD_AuraTemplate" id="15" hidden="true">
                <Anchors>
                    <Anchor point="RIGHT" relativeTo="DHUD_TargetName" relativePoint="LEFT">
                        <Offset>
                            <AbsDimension x="-120" y="-20"/>
                        </Offset>
                    </Anchor>
                </Anchors>
            </Button>
            <Button name="$parentDeBuff16" inherits="DHUD_AuraTemplate" id="16" hidden="true">
                <Anchors>
                    <Anchor point="RIGHT" relativeTo="DHUD_TargetName" relativePoint="LEFT">
                        <Offset>
                            <AbsDimension x="-140" y="-20"/>
                        </Offset>
                    </Anchor>
                </Anchors>
            </Button>	
                
            <!-- LEFT SIDE -->
			<Frame name="DHUD_LeftFrame">				
				<Size>
					<AbsDimension x="128" y="256"/>
				</Size>
				<Anchors>
					<Anchor point="TOP" relativePoint="TOP" relativeTo="DHUD">
						<Offset>
							<AbsDimension x="-170" y="0"/>
						</Offset>
					</Anchor>
				</Anchors>	
				
				<frames>
                    <!-- TargetHealth Text -->
                    <Button name="DHUD_TargetHealth" inherits="DHUD_SmallTextTemplate">
                        <Anchors>
                            <Anchor point="BOTTOM" relativeTo="DHUD_LeftFrame"><Offset><AbsDimension x="80" y="-12"/></Offset></Anchor>
                        </Anchors>
                    </Button> 
                    <!-- PlayerHealth Text -->
                    <Button name="DHUD_PlayerHealth" inherits="DHUD_SmallTextTemplate">
                        <Anchors>
                            <Anchor point="BOTTOM" relativeTo="DHUD_LeftFrame"><Offset><AbsDimension x="95" y="2"/></Offset></Anchor>
                        </Anchors>
                    </Button> 
                    <!-- PetHealth Text -->
                    <Button name="DHUD_PetHealth" inherits="DHUD_SmallTextTemplate">
                        <Anchors>
                            <Anchor point="BOTTOM" relativeTo="DHUD_LeftFrame"><Offset><AbsDimension x="110" y="16"/></Offset></Anchor>
                        </Anchors>
                    </Button> 
				</frames>
								
				<Layers>
	                <!-- Left ART -->
                    <Layer level="BACKGROUND">
                        <Texture name="DHUD_LeftFrameTexture" file="Interface\AddOns\DHUD\textures\standard\bg_left_Player">
                            <Size>
                                <AbsDimension x="128" y="256"/>
                            </Size>
                            <Anchors>
                                <Anchor point="BOTTOM"/>
                            </Anchors>
                            <TexCoords left="0" right="1" top="0" bottom="1"/>
                        </Texture>
                    </Layer>			
				
                    <!-- Target Combo 1-->
                    <Layer level="LOW">
                        <Texture name="DHUD_TargetCombo1Texture" file="Interface\AddOns\DHUD\textures\standard\combo1_on">
                            <Size>
                                <AbsDimension x="20" y="20"/>
                            </Size>
                            <Anchors>
                                <Anchor point="BOTTOM">
                                    <Offset><AbsDimension x="20" y="0"/></Offset>
                                </Anchor>
                            </Anchors>
                            <TexCoords left="0" right="1" top="0" bottom="1"/>
                        </Texture>
                    </Layer>  
                    
                    <!-- Target Combo 2 -->
                    <Layer level="LOW">
                        <Texture name="DHUD_TargetCombo2Texture" file="Interface\AddOns\DHUD\textures\standard\combo2_on">
                            <Size>
                                <AbsDimension x="20" y="20"/>
                            </Size>
                            <Anchors>
                                <Anchor point="BOTTOM">
                                    <Offset><AbsDimension x="13" y="20"/></Offset>
                                </Anchor>
                            </Anchors>
                            <TexCoords left="0" right="1" top="0" bottom="1"/>
                        </Texture>
                    </Layer> 
                    
                    <!-- Target Combo 3 -->
                    <Layer level="LOW">
                        <Texture name="DHUD_TargetCombo3Texture" file="Interface\AddOns\DHUD\textures\standard\combo3_on">
                            <Size>
                                <AbsDimension x="20" y="20"/>
                            </Size>
                            <Anchors>
                                <Anchor point="BOTTOM">
                                    <Offset><AbsDimension x="7" y="40"/></Offset>
                                </Anchor>
                            </Anchors>
                            <TexCoords left="0" right="1" top="0" bottom="1"/>
                        </Texture>
                    </Layer> 
					
					<!-- Target Combo 4 -->
                    <Layer level="LOW">
                        <Texture name="DHUD_TargetCombo4Texture" file="Interface\AddOns\DHUD\textures\standard\combo4_on">
                            <Size>
                                <AbsDimension x="20" y="20"/>
                            </Size>
                            <Anchors>
                                <Anchor point="BOTTOM">
                                    <Offset><AbsDimension x="4" y="60"/></Offset>
                                </Anchor>
                            </Anchors>
                            <TexCoords left="0" right="1" top="0" bottom="1"/>
                        </Texture>
                    </Layer> 	
                    
                    <!-- Target Combo 5 -->
                    <Layer level="LOW">
                        <Texture name="DHUD_TargetCombo5Texture" file="Interface\AddOns\DHUD\textures\standard\combo5_on">
                            <Size>
                                <AbsDimension x="20" y="20"/>
                            </Size>
                            <Anchors>
                                <Anchor point="BOTTOM">
                                    <Offset><AbsDimension x="2" y="80"/></Offset>
                                </Anchor>
                            </Anchors>
                            <TexCoords left="0" right="1" top="0" bottom="1"/>
                        </Texture>
                    </Layer> 
                    
                    <!-- Target HP -->
                    <Layer level="ARTWORK">
                        <Texture name="TargetHPBarTexture" file="Interface\AddOns\DHUD\textures\standard\TargetHealth">
                            <Size>
                                <AbsDimension x="128" y="256"/>
                            </Size>
                            <Anchors>
                                <Anchor point="BOTTOM">
                                    <Offset><AbsDimension x="0" y="0"/></Offset>
                                </Anchor>
                            </Anchors>
                            <TexCoords left="0" right="1" top="0" bottom="1"/>
                        </Texture>
                    </Layer>       
                    

					                   
                    <!-- Player HP-->
                    <Layer level="ARTWORK">
                        <Texture name="PlayerHPBarTexture" file="Interface\AddOns\DHUD\textures\standard\PlayerHealth">
                            <Size>
                                <AbsDimension x="128" y="256"/>
                            </Size>
                            <Anchors>
                                <Anchor point="BOTTOM">
                                    <Offset><AbsDimension x="0" y="0"/></Offset>
                                </Anchor>
                            </Anchors>
                            <TexCoords left="0" right="1" top="0" bottom="1"/>
                        </Texture>
                    </Layer>
                      					
                    <!-- Pet HP-->
                    <Layer level="ARTWORK">
                        <Texture name="PetHPBarTexture" file="Interface\AddOns\DHUD\textures\standard\PetHealth">
                            <Size>
                                <AbsDimension x="128" y="256"/>
                            </Size>
                            <Anchors>
                                <Anchor point="BOTTOM">
                                    <Offset><AbsDimension x="0" y="0"/></Offset>
                                </Anchor>
                            </Anchors>
                            <TexCoords left="0" right="1" top="0" bottom="1"/>
                        </Texture>
                    </Layer>
                    
                </Layers>
		    </Frame>	
		    
		    
		    <!-- RIGHT SIDE -->
            <Frame name="DHUD_RightFrame">				
				<Size>
					<AbsDimension x="128" y="256"/>
				</Size>
				<Anchors>
					<Anchor point="TOP" relativePoint="TOP" relativeTo="DHUD">
						<Offset>
							<AbsDimension x="170" y="0"/>
						</Offset>
					</Anchor>
				</Anchors>	
				
				<frames>
                    <!-- TargetMana Text -->
                    <Button name="DHUD_TargetMana" inherits="DHUD_SmallTextTemplate">
                        <Anchors>
                            <Anchor point="BOTTOM" relativeTo="DHUD_RightFrame"><Offset><AbsDimension x="-80" y="-12"/></Offset></Anchor>
                        </Anchors>
                    </Button> 
                    <!-- PlayerMana Text -->
                    <Button name="DHUD_PlayerMana" inherits="DHUD_SmallTextTemplate">
                        <Anchors>
                            <Anchor point="BOTTOM" relativeTo="DHUD_RightFrame"><Offset><AbsDimension x="-95" y="2"/></Offset></Anchor>
                        </Anchors>
                    </Button> 
                    <!-- PetMana Text -->
                    <Button name="DHUD_PetMana" inherits="DHUD_SmallTextTemplate">
                        <Anchors>
                            <Anchor point="BOTTOM" relativeTo="DHUD_RightFrame"><Offset><AbsDimension x="-110" y="16"/></Offset></Anchor>
                        </Anchors>
                    </Button> 
                    <!-- Castbar Time -->
                    <Button name="DHUD_Casttime" inherits="DHUD_CastTextTemplate">
                        <Anchors>
                            <Anchor point="TOPLEFT" relativePoint="TOPLEFT" relativeTo="DHUD_RightFrame"><Offset><AbsDimension x="-38" y="0"/></Offset></Anchor>
                        </Anchors>
                    </Button>
                    <!-- Castbar Delay -->
                    <Button name="DHUD_Castdelay" inherits="DHUD_CastTextTemplate">
                        <Anchors>
                            <Anchor point="TOPLEFT" relativePoint="TOPLEFT" relativeTo="DHUD_RightFrame"><Offset><AbsDimension x="-38" y="14"/></Offset></Anchor>
                        </Anchors>
                    </Button>
				</frames>
				
				<Layers>
				
				    <!-- CASTBAR -->
                    <Layer level="OVERLAY">
                        <Texture name="DHUD_CastingBarTexture" file="Interface\AddOns\DHUD\textures\standard\CastingBar" hidden="true">
                            <Size>
                                <AbsDimension x="128" y="256"/>
                            </Size>
                            <Anchors>
                                <Anchor point="BOTTOM">
                                    <Offset><AbsDimension x="0" y="0"/></Offset>
                                </Anchor>
                            </Anchors>
                            <TexCoords left="0" right="1" top="0" bottom="1"/>
                        </Texture>
                    </Layer>
                    
                  <!-- CASTBARHIGH -->
                    <Layer level="OVERLAY">
                        <Texture name="DHUD_CastingBarTextureHigh" file="Interface\AddOns\DHUD\textures\standard\CastingBarHigh" hidden="true" alphaMode="ADD">
                            <Size>
                                <AbsDimension x="128" y="256"/>
                            </Size>
                            <Anchors>
                                <Anchor point="BOTTOM">
                                    <Offset><AbsDimension x="0" y="0"/></Offset>
                                </Anchor>
                            </Anchors>
                            <TexCoords left="0" right="1" top="0" bottom="1"/>
                        </Texture>
                    </Layer>  
                    
                    <!-- Right ART -->
                    <Layer level="BACKGROUND">
                        <Texture name="DHUD_RightFrameTexture" file="Interface\AddOns\DHUD\textures\standard\bg_right_Player">
                            <Size>
                                <AbsDimension x="128" y="256"/>
                            </Size>
                            <Anchors>
                                <Anchor point="BOTTOM"/>
                            </Anchors>
                            <TexCoords left="0" right="1" top="0" bottom="1"/>
                        </Texture>
                    </Layer>
                    
                    <!-- Target Mana -->
                    <Layer level="ARTWORK">
                        <Texture name="TargetManaBarTexture" file="Interface\AddOns\DHUD\textures\standard\TargetMana">
                            <Size>
                                <AbsDimension x="128" y="256"/>
                            </Size>
                            <Anchors>
                                <Anchor point="BOTTOM">
                                    <Offset><AbsDimension x="0" y="0"/></Offset>
                                </Anchor>
                            </Anchors>
                            <TexCoords left="0" right="1" top="0" bottom="1"/>
                        </Texture>
                    </Layer>          
					     
                    <!-- Player Mana -->
                    <Layer level="ARTWORK">
                        <Texture name="PlayerManaBarTexture" file="Interface\AddOns\DHUD\textures\standard\PlayerMana">
                            <Size>
                                <AbsDimension x="128" y="256"/>
                            </Size>
                            <Anchors>
                                <Anchor point="BOTTOM">
                                    <Offset><AbsDimension x="0" y="0"/></Offset>
                                </Anchor>
                            </Anchors>
                            <TexCoords left="0" right="1" top="0" bottom="1"/>
                        </Texture>
                    </Layer>
                                          					
                    <!-- Pet Mana-->
                    <Layer level="ARTWORK">
                        <Texture name="PetManaBarTexture" file="Interface\AddOns\DHUD\textures\standard\PetMana">
                            <Size>
                                <AbsDimension x="128" y="256"/>
                            </Size>
                            <Anchors>
                                <Anchor point="BOTTOM">
                                    <Offset><AbsDimension x="0" y="0"/></Offset>
                                </Anchor>
                            </Anchors>
                            <TexCoords left="0" right="1" top="0" bottom="1"/>
                        </Texture>
                    </Layer>

                </Layers>
				
				
		    </Frame>				    	
        </Frames>
	</Frame>

</UI>