<Bindings>
	<Binding name="GROUPHEAL_PLAYER_BIGHEAL" header="GROUPHEAL_BIGHEAL">
		GroupHeal_CastSpell('player', 1)
	</Binding>
	<Binding name="GROUPHEAL_PARTY1_BIGHEAL">
		GroupHeal_CastSpell('party1', 1)
	</Binding>
	<Binding name="GROUPHEAL_PARTY2_BIGHEAL">
		GroupHeal_CastSpell('party2', 1)
	</Binding>
	<Binding name="GROUPHEAL_PARTY3_BIGHEAL">
		GroupHeal_CastSpell('party3', 1)
	</Binding>
	<Binding name="GROUPHEAL_PARTY4_BIGHEAL">
		GroupHeal_CastSpell('party4', 1)
	</Binding>
	<Binding name="GROUPHEAL_TARGET_BIGHEAL">
		if ( GroupHeal.TargetButtons[1] ) then
			GroupHeal_CastSpell(GroupHeal.TargetButtons[1].target, 1)
		end
	</Binding>

	<Binding name="GROUPHEAL_PLAYER_FASTHEAL" header="GROUPHEAL_FASTHEAL">
		GroupHeal_CastSpell('player', 2)
	</Binding>
	<Binding name="GROUPHEAL_PARTY1_FASTHEAL">
		GroupHeal_CastSpell('party1', 2)
	</Binding>
	<Binding name="GROUPHEAL_PARTY2_FASTHEAL">
		GroupHeal_CastSpell('party2', 2)
	</Binding>
	<Binding name="GROUPHEAL_PARTY3_FASTHEAL">
		GroupHeal_CastSpell('party3', 2)
	</Binding>
	<Binding name="GROUPHEAL_PARTY4_FASTHEAL">
		GroupHeal_CastSpell('party4', 2)
	</Binding>
	<Binding name="GROUPHEAL_TARGET_FASTHEAL">
		if ( GroupHeal.TargetButtons[2] ) then
			GroupHeal_CastSpell(GroupHeal.TargetButtons[2].target, 2)
		end
	</Binding>

	<Binding name="GROUPHEAL_PLAYER_OVERTIMEHEAL" header="GROUPHEAL_OVERTIMEHEAL">
		GroupHeal_CastSpell('player', 3)
	</Binding>
	<Binding name="GROUPHEAL_PARTY1_OVERTIMEHEAL">
		GroupHeal_CastSpell('party1', 3)
	</Binding>
	<Binding name="GROUPHEAL_PARTY2_OVERTIMEHEAL">
		GroupHeal_CastSpell('party2', 3)
	</Binding>
	<Binding name="GROUPHEAL_PARTY3_OVERTIMEHEAL">
		GroupHeal_CastSpell('party3', 3)
	</Binding>
	<Binding name="GROUPHEAL_PARTY4_OVERTIMEHEAL">
		GroupHeal_CastSpell('party4', 3)
	</Binding>
	<Binding name="GROUPHEAL_TARGET_OVERTIMEHEAL">
		if ( GroupHeal.TargetButtons[3] ) then
			GroupHeal_CastSpell(GroupHeal.TargetButtons[3].target, 3)
		end
	</Binding>
	
	<Binding name="GROUPHEAL_PLAYER_SHIELD" header="GROUPHEAL_SHIELD">
		GroupHeal_CastSpell('player', 4)
	</Binding>
	<Binding name="GROUPHEAL_PARTY1_SHIELD">
		GroupHeal_CastSpell('party1', 4)
	</Binding>
	<Binding name="GROUPHEAL_PARTY2_SHIELD">
		GroupHeal_CastSpell('party2', 4)
	</Binding>
	<Binding name="GROUPHEAL_PARTY3_SHIELD">
		GroupHeal_CastSpell('party3', 4)
	</Binding>
	<Binding name="GROUPHEAL_PARTY4_SHIELD">
		GroupHeal_CastSpell('party4', 4)
	</Binding>
	<Binding name="GROUPHEAL_TARGET_SHIELD">
		if ( GroupHeal.TargetButtons[4] ) then
			GroupHeal_CastSpell(GroupHeal.TargetButtons[4].target, 4)
		end
	</Binding>

	<Binding name="GROUPHEAL_CONDITIONAL_CANCEL" header="GROUPHEAL_MANA_CONSERVATION">
		GroupHeal_ConditionalCancel();
	</Binding>
</Bindings>
