<Ui xmlns="http://www.blizzard.com/wow/ui/" xmlns:xsi="http://www.w3.org/2001/XMLSchema-instance" xsi:schemaLocation="http://www.blizzard.com/wow/ui/
..\FrameXML\UI.xsd">
	<Include file="GroupHealConfigTemplates.xml"/>
	<Frame name="GroupHealConfigFrame" toplevel="true" parent="UIParent" hidden="true" enableMouse="true" movable="true">
		<Size>
			<AbsDimension x="384" y="512"/>
		</Size>
		<Anchors>
			<Anchor point="TOPLEFT">
				<Offset>
					<AbsDimension x="0" y="-104"/>
				</Offset>
			</Anchor>
		</Anchors>
		<HitRectInsets>
			<AbsInset left="0" right="30" top="0" bottom="70"/>
		</HitRectInsets>
		<Layers>
			<Layer level="BACKGROUND">
				<Texture file="Interface\MacroFrame\MacroFrame-Icon">
					<Size>
						<AbsDimension x="58" y="58"/>
					</Size>
					<Anchors>
						<Anchor point="TOPLEFT">
							<Offset>
								<AbsDimension x="10" y="-8"/>
							</Offset>
						</Anchor>
					</Anchors>
				</Texture>
			</Layer>
			<Layer level="ARTWORK">
				<Texture file="Interface\Spellbook\UI-SpellbookPanel-TopLeft">
					<Size>
						<AbsDimension x="256" y="256"/>
					</Size>
					<Anchors>
						<Anchor point="TOPLEFT"/>
					</Anchors>
				</Texture>
				<Texture file="Interface\Spellbook\UI-SpellbookPanel-TopRight">
					<Size>
						<AbsDimension x="128" y="256"/>
					</Size>
					<Anchors>
						<Anchor point="TOPRIGHT"/>
					</Anchors>
				</Texture>
				<Texture file="Interface\Spellbook\UI-SpellbookPanel-BotLeft">
					<Size>
						<AbsDimension x="256" y="256"/>
					</Size>
					<Anchors>
						<Anchor point="BOTTOMLEFT"/>
					</Anchors>
				</Texture>
				<Texture file="Interface\Spellbook\UI-SpellbookPanel-BotRight">
					<Size>
						<AbsDimension x="128" y="256"/>
					</Size>
					<Anchors>
						<Anchor point="BOTTOMRIGHT"/>
					</Anchors>
				</Texture>
				<FontString name="$parentTitleText" inherits="GameFontNormal" text="GROUPHEAL_CONFIG_FRAMETITLE">
					<Anchors>
						<Anchor point="CENTER">
							<Offset>
								<AbsDimension x="6" y="230"/>
							</Offset>
						</Anchor>
					</Anchors>
				</FontString>
			</Layer>
		</Layers>
		<Frames>
			<Button name="$parent_CloseButton" inherits="UIPanelCloseButton">
				<Anchors>
					<Anchor point="CENTER" relativePoint="TOPRIGHT">
						<Offset>
							<AbsDimension x="-44" y="-26"/>
						</Offset>
					</Anchor>
				</Anchors>
			</Button>
			<Button name="GroupHealConfigFrameTab1" inherits="GroupHealConfig_TabTemplate" id="1" text="GROUPHEAL_CONFIG_TABTITLE_1">
				<Anchors>
					<Anchor point="CENTER" relativePoint="BOTTOMLEFT">
						<Offset>
							<AbsDimension x="60" y="61"/>
						</Offset>
					</Anchor>
				</Anchors>
				<Scripts>
					<OnEnter>
						
					</OnEnter>
					<OnLeave>
						GameTooltip:Hide();
					</OnLeave>
				</Scripts>
			</Button>
			<Button name="GroupHealConfigFrameTab2" inherits="GroupHealConfig_TabTemplate" id="2" text="GROUPHEAL_CONFIG_TABTITLE_2">
				<Anchors>
					<Anchor point="LEFT" relativeTo="GroupHealConfigFrameTab1" relativePoint="RIGHT">
						<Offset>
							<AbsDimension x="-16" y="0"/>
						</Offset>
					</Anchor>
				</Anchors>
				<Scripts>
					<OnEnter>
						
					</OnEnter>
					<OnLeave>
						GameTooltip:Hide();
					</OnLeave>
				</Scripts>
			</Button>
			
			<!-- General Options Tab -->
			<Frame name="GroupHealConfigFrame_TabFrame1">
				<Frames>
					<Frame name="GroupHealConfig_PlayerButtons" inherits="GroupHealConfig_ShowHideButtonsTemplate" id="1">
						<Anchors>
							<Anchor point="TOPLEFT" relativeTo="GroupHealConfigFrame">
								<Offset>
									<AbsDimension x="34" y="-90"/>
								</Offset>
							</Anchor>
						</Anchors>
					</Frame>
					<Frame name="GroupHealConfig_GroupButtons" inherits="GroupHealConfig_ShowHideButtonsTemplate" id="2">
						<Anchors>
							<Anchor point="TOPLEFT" relativeTo="GroupHealConfig_PlayerButtons" relativePoint="BOTTOMLEFT">
								<Offset>
									<AbsDimension x="0" y="-25"/>
								</Offset>
							</Anchor>
						</Anchors>
					</Frame>
					<Frame name="GroupHealConfig_TargetButtons" inherits="GroupHealConfig_ShowHideButtonsTemplate" id="3">
						<Anchors>
							<Anchor point="TOPLEFT" relativeTo="GroupHealConfig_GroupButtons" relativePoint="BOTTOMLEFT">
								<Offset>
									<AbsDimension x="0" y="-25"/>
								</Offset>
							</Anchor>
						</Anchors>
					</Frame>
				</Frames>
			</Frame>
			
			<!-- Advanced Options Tab -->
			<Frame name="GroupHealConfigFrame_TabFrame2" hidden="true">
				<Frames>
					<Frame name="$parent_ReportingOptions">
						<Anchors>
							<Anchor point="TOPLEFT" relativeTo="GroupHealConfigFrame">
								<Offset>
									<AbsDimension x="34" y="-90"/>
								</Offset>
							</Anchor>
						</Anchors>
						<Size>
							<AbsDimension x="300" y="50"/>
						</Size>
						<Layers>
							<Layer level="ARTWORK">
								<FontString name="$parentTitleText" inherits="GameFontNormal" text="GROUPHEAL_CONFIG_HEALREPORTING_TITLE">
									<Anchors>
										<Anchor point="BOTTOMLEFT" relativePoint="TOPLEFT">
											<Offset>
												<AbsDimension x="0" y="0"/>
											</Offset>
										</Anchor>
									</Anchors>
								</FontString>
							</Layer>
						</Layers>
						<Frames>
							<CheckButton name="GroupHealConfigFrame_OptionsCheckbox1" inherits="GroupHeal_CheckBoxTemplate" id="1">
								<Anchors>
									<Anchor point="TOPLEFT" relativePoint="TOPLEFT">
										<Offset>
											<AbsDimension x="0" y="-5"/>
										</Offset>
									</Anchor>
								</Anchors>
							</CheckButton>
							<CheckButton name="GroupHealConfigFrame_OptionsCheckbox2" inherits="GroupHeal_CheckBoxTemplate" id="2">
								<Anchors>
									<Anchor point="TOPLEFT" relativeTo="GroupHealConfigFrame_OptionsCheckbox1" relativePoint="BOTTOMRIGHT">
										<Offset>
											<AbsDimension x="0" y="-2"/>
										</Offset>
									</Anchor>
								</Anchors>
							</CheckButton>
						</Frames>
					</Frame>
					<Frame name="GroupHealConfig_ManaConserveOptions">
						<Anchors>
							<Anchor point="TOPLEFT" relativeTo="$parent_ReportingOptions" relativePoint="BOTTOMLEFT">
								<Offset>
									<AbsDimension x="0" y="-25"/>
								</Offset>
							</Anchor>
						</Anchors>
						<Size>
							<AbsDimension x="275" y="180"/>
						</Size>
						<Layers>
							<Layer level="ARTWORK">
								<FontString name="$parentSubTitle1" inherits="GameFontNormalSmall" text="GROUPHEAL_CONFIG_MANACONSERVE_SUBTITLE1">
									<!--
									<Anchors>
										<Anchor point="BOTTOMLEFT" relativeTo="GroupHealConfigFrame_OptionsSlider1" relativePoint="TOPLEFT">
											<Offset>
												<AbsDimension x="0" y="15"/>
											</Offset>
										</Anchor>
									</Anchors>
									-->
								</FontString>
								<FontString name="$parentSubTitle2" inherits="GameFontNormalSmall" text="GROUPHEAL_CONFIG_MANACONSERVE_SUBTITLE2">
									<!--
									<Anchors>
										<Anchor point="BOTTOMLEFT" relativeTo="GroupHealConfigFrame_OptionsSlider3" relativePoint="TOPLEFT">
											<Offset>
												<AbsDimension x="0" y="15"/>
											</Offset>
										</Anchor>
									</Anchors>
									-->
								</FontString>
							</Layer>
						</Layers>
						<Frames>
							<CheckButton name="GroupHealConfigFrame_OptionsCheckbox4" inherits="GroupHeal_CheckBoxTemplate" id="4">
								<Anchors>
									<Anchor point="BOTTOMLEFT" relativePoint="TOPLEFT">
											<Offset>
												<AbsDimension x="0" y="-5"/>
											</Offset>
										</Anchor>
								</Anchors>
							</CheckButton>
							<CheckButton name="GroupHealConfigFrame_OptionsCheckbox5" inherits="GroupHeal_CheckBoxTemplate" id="5">
								<Anchors>
									<Anchor point="TOPLEFT" relativeTo="GroupHealConfigFrame_OptionsCheckbox4" relativePoint="BOTTOM">
										<Offset>
											<AbsDimension x="0" y="0"/>
										</Offset>
										</Anchor>
								</Anchors>
							</CheckButton>
							<Button name="GroupHealConfigFrame_ColourSwatch1" inherits="GroupHeal_ColourSwatchTemplate" id="1">
								<Anchors>
									<Anchor point="TOPLEFT" relativeTo="GroupHealConfigFrame_OptionsCheckbox5" relativePoint="BOTTOMLEFT">
										<Offset>
											<AbsDimension x="3" y="-2"/>
										</Offset>
									</Anchor>
								</Anchors>
							</Button>
							<Button name="GroupHealConfigFrame_ColourSwatch2" inherits="GroupHeal_ColourSwatchTemplate" id="2">
								<Anchors>
									<Anchor point="LEFT" relativeTo="GroupHealConfigFrame_ColourSwatch1" relativePoint="RIGHT">
										<Offset>
											<AbsDimension x="120" y="0"/>
										</Offset>
									</Anchor>
								</Anchors>
							</Button>
							<Slider name="GroupHealConfigFrame_OptionsSlider3" inherits="GroupHeal_SliderTemplate" id="3">
								<Size>
									<AbsDimension x="100" y="17"/>
								</Size>
								<Anchors>
									<Anchor point="TOPLEFT" relativeTo="GroupHealConfigFrame_ColourSwatch1" relativePoint="BOTTOMLEFT">
										<Offset>
											<AbsDimension x="0" y="-38"/>
										</Offset>
									</Anchor>
								</Anchors>		
							</Slider>
							<Slider name="GroupHealConfigFrame_OptionsSlider4" inherits="GroupHeal_SliderTemplate" id="4">
								<Size>
									<AbsDimension x="100" y="17"/>
								</Size>
								<Anchors>
									<Anchor point="LEFT" relativeTo="GroupHealConfigFrame_OptionsSlider3" relativePoint="RIGHT">
										<Offset>
											<AbsDimension x="50" y="0"/>
										</Offset>
									</Anchor>
								</Anchors>
							</Slider>
							<Slider name="GroupHealConfigFrame_OptionsSlider1" inherits="GroupHeal_SliderTemplate" id="1">
								<Anchors>
									<Anchor point="TOPLEFT">
										<Offset>
											<AbsDimension x="12" y="-138"/>
										</Offset>
									</Anchor>
								</Anchors>			
							</Slider>
							<Slider name="GroupHealConfigFrame_OptionsSlider2" inherits="GroupHeal_SliderTemplate" id="2">
								<Anchors>
									<Anchor point="TOPLEFT" relativeTo="GroupHealConfigFrame_OptionsSlider1" relativePoint="TOPLEFT">
										<Offset>
											<AbsDimension x="0" y="-30"/>
										</Offset>
									</Anchor>
								</Anchors>
							</Slider>
							<Frame name="$parentHelpMouseOver_SpellSensitivity" inherits="GroupHealConfig_MouseOverHelpTemplate" id="1">
								<Anchors>
									<Anchor point="BOTTOM" relativeTo="$parentSubTitle1" relativePoint="BOTTOM">
										<Offset>
											<AbsDimension x="0" y="0"/>
										</Offset>
									</Anchor>
								</Anchors>
							</Frame>
							<Frame name="$parentHelpMouseOver_CancelTimes" inherits="GroupHealConfig_MouseOverHelpTemplate" id="2">
								<Anchors>
									<Anchor point="BOTTOM" relativeTo="$parentSubTitle2" relativePoint="BOTTOM">
										<Offset>
											<AbsDimension x="0" y="0"/>
										</Offset>
									</Anchor>
								</Anchors>
							</Frame>
							<Frame name="$parentHelpMouseOver_ManaConservation" inherits="GroupHealConfig_MouseOverHelpTemplate" id="3">
								<Anchors>
									<Anchor point="BOTTOM" relativeTo="GroupHealConfigFrame_OptionsCheckbox4Text" relativePoint="BOTTOM">
										<Offset>
											<AbsDimension x="0" y="0"/>
										</Offset>
									</Anchor>
								</Anchors>
							</Frame>
						</Frames>
						<Scripts>
							<OnLoad>
								local name = this:GetName();	
								local subTitle1 = getglobal(name.."SubTitle1");
								local subTitle2 = getglobal(name.."SubTitle2");
								subTitle1:SetPoint("BOTTOM", GroupHealConfigFrame_OptionsSlider1, "TOP", 0, 15);
								subTitle1:SetPoint("LEFT", this, "LEFT", 0, 0);
								subTitle2:SetPoint("BOTTOM", GroupHealConfigFrame_OptionsSlider3, "TOP", 0, 15);
								subTitle2:SetPoint("LEFT", this, "LEFT", 0, 0);
							</OnLoad>
						</Scripts>
					</Frame>
					<Frame name="GroupHealConfig_MiscOptions">
						<Anchors>
							<Anchor point="TOPLEFT" relativeTo="GroupHealConfig_ManaConserveOptions" relativePoint="BOTTOMLEFT">
								<Offset>
									<AbsDimension x="0" y="-25"/>
								</Offset>
							</Anchor>
						</Anchors>
						<Size>
							<AbsDimension x="275" y="30"/>
						</Size>
						<Layers>
							<Layer level="ARTWORK">
								<FontString name="$parentTitleText" inherits="GameFontNormal" text="GROUPHEAL_CONFIG_MISCOPTIONS_TITLE">
									<Anchors>
										<Anchor point="BOTTOMLEFT" relativePoint="TOPLEFT">
											<Offset>
												<AbsDimension x="0" y="0"/>
											</Offset>
										</Anchor>
									</Anchors>
								</FontString>
							</Layer>
						</Layers>
						<Frames>
							<CheckButton name="GroupHealConfigFrame_OptionsCheckbox3" inherits="GroupHeal_CheckBoxTemplate" id="3">
								<Anchors>
									<Anchor point="TOPLEFT">
										<Offset>
											<AbsDimension x="0" y="-2"/>
										</Offset>
									</Anchor>
								</Anchors>
							</CheckButton>
						</Frames>
					</Frame>
				</Frames>
			</Frame>
		</Frames>
		<Scripts>
			<OnLoad>
				GroupHealConfig.Frame_OnLoad();
			</OnLoad>
			<OnShow>
				GroupHealConfig.Frame_OnShow();
			</OnShow>
			<OnHide>
				GroupHealConfig.Frame_OnHide();
			</OnHide>
		</Scripts>
	</Frame>
</Ui>

