<Ui xmlns="http://www.blizzard.com/wow/ui/" xmlns:xsi="http://www.w3.org/2001/XMLSchema-instance" xsi:schemaLocation="http://www.blizzard.com/wow/ui/
..\FrameXML\UI.xsd">
	<CheckButton name="GroupHeal_CheckBoxTemplate" inherits="OptionsCheckButtonTemplate" hidden="false" virtual="true">
		<Size>
			<AbsDimension x="24" y="24"/>
		</Size>
		<Scripts>
			<OnClick>
				GroupHealConfig.CheckBox_OnClick();
			</OnClick>
			<OnShow>
				GroupHealConfig.CheckBox_OnShow();
			</OnShow>
			<OnLoad>
				GroupHealConfig.CheckBox_OnLoad();
			</OnLoad>
		</Scripts>
	</CheckButton>
	<Slider name="GroupHeal_SliderTemplate" orientation="HORIZONTAL" virtual="true" enableMouse="true">
		<Size>
			<AbsDimension x="200" y="17"/>
		</Size>
		<HitRectInsets>
			<AbsInset left="0" right="0" top="-10" bottom="-10"/>
		</HitRectInsets>
		<Backdrop bgFile="Interface\Buttons\UI-SliderBar-Background" edgeFile="Interface\Buttons\UI-SliderBar-Border" tile="true">
			<EdgeSize>
				<AbsValue val="8"/>
			</EdgeSize>
			<TileSize>
				<AbsValue val="8"/>
			</TileSize>
			<BackgroundInsets>
				<AbsInset left="3" right="3" top="6" bottom="6"/>
			</BackgroundInsets>
		</Backdrop>
		<Layers>
			<Layer level="ARTWORK">
				<FontString name="$parentLabel" inherits="GameFontNormalSmall">
					<Anchors>
						<Anchor point="BOTTOMLEFT" relativePoint="TOPLEFT">
							<Offset>
								<AbsDimension x="5" y="0"/>
							</Offset>
						</Anchor>
					</Anchors>
				</FontString>
				<FontString name="$parentLow" inherits="GameFontHighlightSmall" text="LOW">
					<Anchors>
						<Anchor point="RIGHT" relativePoint="LEFT">
							<Offset>
								<AbsDimension x="-3" y="0"/>
							</Offset>
						</Anchor>
					</Anchors>
				</FontString>
				<FontString name="$parentHigh" inherits="GameFontHighlightSmall" text="HIGH">
					<Anchors>
						<Anchor point="LEFT" relativePoint="RIGHT">
							<Offset>
								<AbsDimension x="2" y="0"/>
							</Offset>
						</Anchor>
					</Anchors>
				</FontString>
				<FontString name="$parentValue" inherits="GameFontNormalSmall" text="VALUE">
					<Anchors>
						<Anchor point="BOTTOMRIGHT" relativePoint="TOPRIGHT">
							<Offset>
								<AbsDimension x="0" y="1"/>
							</Offset>
						</Anchor>
					</Anchors>
				</FontString>
			</Layer>
		</Layers>
		<Scripts>
			<OnLoad>
				GroupHealConfig.Slider_OnLoad();
				local min, max = this:GetMinMaxValues();
				getglobal(this:GetName().."Low"):SetText(min);
				getglobal(this:GetName().."High"):SetText(max);
			</OnLoad>
			<OnShow>
				GroupHealConfig.Slider_OnShow();
				getglobal(this:GetName().."Value"):SetText(this:GetValue());
			</OnShow>
			<OnEnter>
				GroupHealConfig.ShowTooltip();
			</OnEnter>
			<OnValueChanged>
				GroupHealConfig.Slider_ValueChanged();
				getglobal(this:GetName().."Value"):SetText(this:GetValue());
			</OnValueChanged>
			<OnLeave>
				GameTooltip:Hide();
			</OnLeave>
		</Scripts>
		<ThumbTexture name="$parentThumb" file="Interface\Buttons\UI-SliderBar-Button-Horizontal">
			<Size>
				<AbsDimension x="32" y="32"/>
			</Size>
		</ThumbTexture>
	</Slider>
	<Frame name="GroupHealConfig_MouseOverHelpTemplate" hidden="false" virtual="true" toplevel="true">
		<Size>
			<AbsDimension x="25" y="18"/>
		</Size>
		<Layers>
			<Layer level="BACKGROUND">
				<FontString inherits="GameFontNormal" text="[?]">
					<Anchors>
						<Anchor point="CENTER">
							<Offset>
								<AbsDimension x="0" y="0"/>
							</Offset>
						</Anchor>
					</Anchors>
				</FontString>
			</Layer>
		</Layers>
		<Scripts>
			<OnLoad>
				this:SetPoint("RIGHT", this:GetParent(), "RIGHT", 0, 0);
			</OnLoad>
			<OnEnter>
				GroupHealConfig.MouseOverHelp_OnEnter();
			</OnEnter>
			<OnLeave>
				GameTooltip:Hide();
			</OnLeave>
		</Scripts>
	</Frame>
	<Button name="GroupHeal_ColourSwatchTemplate" virtual="true">
		<HitRectInsets>
			<AbsInset left="0" right="-100" top="0" bottom="0"/>
		</HitRectInsets>
		<Size>
			<AbsDimension x="18" y="18"/>
		</Size>
		<Layers>
			<Layer level="BACKGROUND">
				<Texture name="$parentColour">
					<Anchors>
						<Anchor point="TOPLEFT">
							<Offset>
								<AbsDimension x="1" y="-1"/>
							</Offset>
						</Anchor>
						<Anchor point="BOTTOMRIGHT">
							<Offset>
								<AbsDimension x="-2" y="2"/>
							</Offset>
						</Anchor>
					</Anchors>
					<Color r="1.0" g="1.0" b="1.0"/>
				</Texture>
			</Layer>
			<Layer level="ARTWORK">
				<FontString name="$parentText" inherits="GameFontNormalSmall">
					<Anchors>
						<Anchor point="LEFT" relativePoint="RIGHT">
							<Offset>
								<AbsDimension x="2" y="0"/>
							</Offset>
						</Anchor>
					</Anchors>
				</FontString>
			</Layer>
		</Layers>
		<Scripts>
			<OnClick>
				GroupHealConfig.ColourSwatch_OnClick();
			</OnClick>
			<OnEnter>
				GroupHealConfig.ShowTooltip();
			</OnEnter>
			<OnLeave>
				GameTooltip:Hide();
			</OnLeave>
			<OnLoad>
				GroupHealConfig.ColourSwatch_OnLoad();
			</OnLoad>
			<OnShow>
				GroupHealConfig.ColourSwatch_OnShow();
			</OnShow>
		</Scripts>
		<NormalTexture file="Interface\Buttons\UI-Quickslot2">
			<Anchors>
				<Anchor point="TOPLEFT">
					<Offset>
						<AbsDimension x="-6" y="6"/>
					</Offset>
				</Anchor>
				<Anchor point="BOTTOMRIGHT">
					<Offset>
						<AbsDimension x="6" y="-6"/>
					</Offset>
				</Anchor>
			</Anchors>
		</NormalTexture>
		<PushedTexture file="Interface\Buttons\UI-Quickslot-Depress"/>
		<HighlightTexture file="Interface\Buttons\CheckButtonHilight" alphaMode="ADD" setAllPoints="true"/>
		<DisabledTexture file="Interface\Buttons\UI-Quickslot">
			<Anchors>
				<Anchor point="TOPLEFT">
					<Offset>
						<AbsDimension x="-6" y="6"/>
					</Offset>
				</Anchor>
				<Anchor point="BOTTOMRIGHT">
					<Offset>
						<AbsDimension x="6" y="-6"/>
					</Offset>
				</Anchor>
			</Anchors>
		</DisabledTexture>
	</Button>
	
	<Frame name="GroupHealConfig_ShowHideButtonsTemplate" virtual="true">
		<Scripts>
			<OnLoad>
				GroupHealConfig.ShowHideButtonsFrame_OnLoad();
			</OnLoad>
		</Scripts>
		<Size>
			<AbsDimension x="300" y="91"/>
		</Size>
		<Layers>
			<Layer level="ARTWORK">
				<FontString name="$parentTitleText" inherits="GameFontNormal">
					<Anchors>
						<Anchor point="BOTTOMLEFT" relativePoint="TOPLEFT">
							<Offset>
								<AbsDimension x="0" y="0"/>
							</Offset>
						</Anchor>
					</Anchors>
				</FontString>
			</Layer>
		</Layers>
		<Frames>
			<CheckButton name="$parentBigHeal" inherits="GroupHeal_CheckBoxTemplate" id="1" hidden="true">
				<Anchors>
					<Anchor point="TOPLEFT" relativePoint="TOPLEFT">
						<Offset>
							<AbsDimension x="0" y="-3"/>
						</Offset>
					</Anchor>
				</Anchors>
				<Scripts>
					<OnLoad>
						GroupHealConfig.CheckBox_OnLoad();
					</OnLoad>
				</Scripts>
			</CheckButton>
			<CheckButton name="$parentFastHeal" inherits="GroupHeal_CheckBoxTemplate" id="2" hidden="true">
				<Anchors>
					<Anchor point="TOPLEFT" relativeTo="$parentBigHeal" relativePoint="BOTTOMLEFT">
						<Offset>
							<AbsDimension x="0" y="0"/>
						</Offset>
					</Anchor>
				</Anchors>
				<Scripts>
					<OnLoad>
						GroupHealConfig.CheckBox_OnLoad();
					</OnLoad>
				</Scripts>
			</CheckButton>
			<CheckButton name="$parentOverTimeHeal" inherits="GroupHeal_CheckBoxTemplate" id="3" hidden="true">
				<Anchors>
					<Anchor point="TOPLEFT" relativeTo="$parentFastHeal" relativePoint="BOTTOMLEFT">
						<Offset>
							<AbsDimension x="0" y="0"/>
						</Offset>
					</Anchor>
				</Anchors>
				<Scripts>
					<OnLoad>
						GroupHealConfig.CheckBox_OnLoad();
					</OnLoad>
				</Scripts>
			</CheckButton>
			<CheckButton name="$parentShield" inherits="GroupHeal_CheckBoxTemplate" id="4" hidden="true">
				<Anchors>
					<Anchor point="TOPLEFT" relativeTo="$parentOverTimeHeal" relativePoint="BOTTOMLEFT">
						<Offset>
							<AbsDimension x="0" y="0"/>
						</Offset>
					</Anchor>
				</Anchors>
				<Scripts>
					<OnLoad>
						GroupHealConfig.CheckBox_OnLoad();
					</OnLoad>
				</Scripts>
			</CheckButton>
		</Frames>
	</Frame>
	
	<Button name="GroupHealConfig_TabTemplate" inherits="CharacterFrameTabButtonTemplate" virtual="true">
		<Scripts>
			<OnClick>
				PanelTemplates_Tab_OnClick(GroupHealConfigFrame);
				GroupHealConfig.Tab_OnClick();
			</OnClick>
		</Scripts>
	</Button>
</Ui>
