<Ui xmlns="http://www.blizzard.com/wow/ui/" xmlns:xsi="http://www.w3.org/2001/XMLSchema-instance" xsi:schemaLocation="http://www.blizzard.com/wow/ui/
..\FrameXML\UI.xsd">
	<Frame name="GroupHealFrame" >
		<Scripts>
			<OnLoad>
				GroupHeal_OnLoad()
			</OnLoad>
			<OnEvent>
				GroupHeal_OnEvent(event)
			</OnEvent>
			<OnUpdate>
				GroupHeal_OnUpdate(arg1)
			</OnUpdate>
		</Scripts>
	</Frame>
	<GameTooltip name="GroupHeal_Tooltip" frameStrata="TOOLTIP" hidden="true" parent="UIParent" inherits="GameTooltipTemplate" />
	<Script>
		GroupHeal_Tooltip:SetOwner(GroupHealFrame, "ANCHOR_NONE");
	</Script>
	<Frame name="GroupHeal_ButtonEventsFrame">
		<Scripts>
			<OnEvent>
				GroupHeal_ButtonEvents_OnEvent(event, arg1);
			</OnEvent>
		</Scripts>
	</Frame>


	<Frame name="GroupHeal_CancelHealWarning" hidden="true" parent="UIParent">
		<Size>
			<AbsDimension x="1" y="1"/>
		</Size>
		<Anchors>
			<Anchor point="BOTTOM" relativeTo="UIErrorsFrame" relativePoint="TOP">
				<Offset>
					<AbsDimension x="0" y="5"/>
				</Offset>
			</Anchor>
		</Anchors>
		<Layers>
			<Layer level="ARTWORK">
				<FontString name="GroupHeal_CancelHealWarningText" font="SubZoneTextFont" text="GROUPHEAL_OVERHEAL_WARNING_TEXT">
					<Anchors>
						<Anchor point="BOTTOM">
							<Offset>
								<AbsDimension x="0" y="0"/>
							</Offset>
						</Anchor>
					</Anchors>
				</FontString>
			</Layer>
		</Layers>
	</Frame>
	
	<!-- Player -->
	<CheckButton name="GroupHeal_HealSelf" inherits="GroupHealButtonTemplate" parent="PlayerFrame" id="101">
		<Anchors>
			<Anchor point="TOPLEFT" relativeTo="PlayerFrame" relativePoint="TOPLEFT">
				<Offset>
					<AbsDimension x="105" y="-66"/>
				</Offset>
			</Anchor>
		</Anchors>
		<Size>
			<AbsDimension x="30" y="30"/>
		</Size>
	</CheckButton>
	<CheckButton name="GroupHeal_FastHealSelf" inherits="GroupHealButtonTemplate" parent="PlayerFrame" id="201">
		<Anchors>
			<Anchor point="LEFT" relativeTo="GroupHeal_HealSelf" relativePoint="RIGHT">
				<Offset>
					<AbsDimension x="1" y="0"/>
				</Offset>
			</Anchor>
		</Anchors>
		<Size>
			<AbsDimension x="30" y="30"/>
		</Size>
	</CheckButton>
	<CheckButton name="GroupHeal_OverTimeHealSelf" inherits="GroupHealButtonTemplate" parent="PlayerFrame" id="301">
		<Anchors>
			<Anchor point="LEFT" relativeTo="GroupHeal_FastHealSelf" relativePoint="RIGHT">
				<Offset>
					<AbsDimension x="1" y="0"/>
				</Offset>
			</Anchor>
		</Anchors>
		<Size>
			<AbsDimension x="30" y="30"/>
		</Size>
	</CheckButton>
	<CheckButton name="GroupHeal_ShieldSelf" inherits="GroupHealButtonTemplate" parent="PlayerFrame" id="401">
		<Anchors>
			<Anchor point="LEFT" relativeTo="GroupHeal_OverTimeHealSelf" relativePoint="RIGHT">
				<Offset>
					<AbsDimension x="1" y="0"/>
				</Offset>
			</Anchor>
		</Anchors>
		<Size>
			<AbsDimension x="30" y="30"/>
		</Size>
	</CheckButton>

	<!-- Party 1 -->
	<CheckButton name="GroupHeal_HealParty1" inherits="GroupHealButtonTemplate" parent="PartyMemberFrame1" id="102">
		<Anchors>
			<Anchor point="TOPLEFT" relativeTo="PartyMemberFrame1" relativePoint="TOPRIGHT">
				<Offset>
					<AbsDimension x="-5" y="-6"/>
				</Offset>
			</Anchor>
		</Anchors>
	</CheckButton>
	<CheckButton name="GroupHeal_FastHealParty1" inherits="GroupHealButtonTemplate" parent="PartyMemberFrame1" id="202">
		<Anchors>
			<Anchor point="LEFT" relativeTo="GroupHeal_HealParty1" relativePoint="RIGHT">
				<Offset>
					<AbsDimension x="2" y="0"/>
				</Offset>
			</Anchor>
		</Anchors>
	</CheckButton>
	<CheckButton name="GroupHeal_OverTimeHealParty1" inherits="GroupHealButtonTemplate" parent="PartyMemberFrame1" id="302">
		<Anchors>
			<Anchor point="LEFT" relativeTo="GroupHeal_FastHealParty1" relativePoint="RIGHT">
				<Offset>
					<AbsDimension x="2" y="0"/>
				</Offset>
			</Anchor>
		</Anchors>
	</CheckButton>
	<CheckButton name="GroupHeal_ShieldParty1" inherits="GroupHealButtonTemplate" parent="PartyMemberFrame1" id="402">
		<Anchors>
			<Anchor point="LEFT" relativeTo="GroupHeal_OverTimeHealParty1" relativePoint="RIGHT">
				<Offset>
					<AbsDimension x="1" y="0"/>
				</Offset>
			</Anchor>
		</Anchors>
	</CheckButton>

	<!-- Party 2 -->
	<CheckButton name="GroupHeal_HealParty2" inherits="GroupHealButtonTemplate" parent="PartyMemberFrame2" id="103">
		<Anchors>
			<Anchor point="TOPLEFT" relativeTo="PartyMemberFrame2" relativePoint="TOPRIGHT">
				<Offset>
					<AbsDimension x="-5" y="-6"/>
				</Offset>
			</Anchor>
		</Anchors>
	</CheckButton>
	<CheckButton name="GroupHeal_FastHealParty2" inherits="GroupHealButtonTemplate" parent="PartyMemberFrame2" id="203">
		<Anchors>
			<Anchor point="LEFT" relativeTo="GroupHeal_HealParty2" relativePoint="RIGHT">
				<Offset>
					<AbsDimension x="2" y="0"/>
				</Offset>
			</Anchor>
		</Anchors>
	</CheckButton>
	<CheckButton name="GroupHeal_OverTimeHealParty2" inherits="GroupHealButtonTemplate" parent="PartyMemberFrame2" id="303">
		<Anchors>
			<Anchor point="LEFT" relativeTo="GroupHeal_FastHealParty2" relativePoint="RIGHT">
				<Offset>
					<AbsDimension x="2" y="0"/>
				</Offset>
			</Anchor>
		</Anchors>
	</CheckButton>
	<CheckButton name="GroupHeal_ShieldParty2" inherits="GroupHealButtonTemplate" parent="PartyMemberFrame2" id="403">
		<Anchors>
			<Anchor point="LEFT" relativeTo="GroupHeal_OverTimeHealParty2" relativePoint="RIGHT">
				<Offset>
					<AbsDimension x="1" y="0"/>
				</Offset>
			</Anchor>
		</Anchors>
	</CheckButton>

	<!-- Party 3 -->
	<CheckButton name="GroupHeal_HealParty3" inherits="GroupHealButtonTemplate" parent="PartyMemberFrame3" id="104">
		<Anchors>
			<Anchor point="TOPLEFT" relativeTo="PartyMemberFrame3" relativePoint="TOPRIGHT">
				<Offset>
					<AbsDimension x="-5" y="-6"/>
				</Offset>
			</Anchor>
		</Anchors>
	</CheckButton>
	<CheckButton name="GroupHeal_FastHealParty3" inherits="GroupHealButtonTemplate" parent="PartyMemberFrame3" id="204">
		<Anchors>
			<Anchor point="LEFT" relativeTo="GroupHeal_HealParty3" relativePoint="RIGHT">
				<Offset>
					<AbsDimension x="2" y="0"/>
				</Offset>
			</Anchor>
		</Anchors>
	</CheckButton>
	<CheckButton name="GroupHeal_OverTimeHealParty3" inherits="GroupHealButtonTemplate" parent="PartyMemberFrame3" id="304">
		<Anchors>
			<Anchor point="LEFT" relativeTo="GroupHeal_FastHealParty3" relativePoint="RIGHT">
				<Offset>
					<AbsDimension x="2" y="0"/>
				</Offset>
			</Anchor>
		</Anchors>
	</CheckButton>
	<CheckButton name="GroupHeal_ShieldParty3" inherits="GroupHealButtonTemplate" parent="PartyMemberFrame3" id="404">
		<Anchors>
			<Anchor point="LEFT" relativeTo="GroupHeal_OverTimeHealParty3" relativePoint="RIGHT">
				<Offset>
					<AbsDimension x="1" y="0"/>
				</Offset>
			</Anchor>
		</Anchors>
	</CheckButton>
	
	<!-- Party 4 -->
	<CheckButton name="GroupHeal_HealParty4" inherits="GroupHealButtonTemplate" parent="PartyMemberFrame4" id="105">
		<Anchors>
			<Anchor point="TOPLEFT" relativeTo="PartyMemberFrame4" relativePoint="TOPRIGHT">
				<Offset>
					<AbsDimension x="-5" y="-6"/>
				</Offset>
			</Anchor>
		</Anchors>
	</CheckButton>
	<CheckButton name="GroupHeal_FastHealParty4" inherits="GroupHealButtonTemplate" parent="PartyMemberFrame4" id="205">
		<Anchors>
			<Anchor point="LEFT" relativeTo="GroupHeal_HealParty4" relativePoint="RIGHT">
				<Offset>
					<AbsDimension x="2" y="0"/>
				</Offset>
			</Anchor>
		</Anchors>
	</CheckButton>
	<CheckButton name="GroupHeal_OverTimeHealParty4" inherits="GroupHealButtonTemplate" parent="PartyMemberFrame4" id="305">
		<Anchors>
			<Anchor point="LEFT" relativeTo="GroupHeal_FastHealParty4" relativePoint="RIGHT">
				<Offset>
					<AbsDimension x="2" y="0"/>
				</Offset>
			</Anchor>
		</Anchors>
	</CheckButton>
	<CheckButton name="GroupHeal_ShieldParty4" inherits="GroupHealButtonTemplate" parent="PartyMemberFrame4" id="405">
		<Anchors>
			<Anchor point="LEFT" relativeTo="GroupHeal_OverTimeHealParty4" relativePoint="RIGHT">
				<Offset>
					<AbsDimension x="1" y="0"/>
				</Offset>
			</Anchor>
		</Anchors>
	</CheckButton>
	
	<!-- Target -->
	<Frame name="GroupHeal_TargetButtonsFrame" hidden="true" parent="TargetFrame">
		<Frames>
			<CheckButton name="GroupHeal_BigHealTarget" inherits="GroupHealButtonTemplate" id="100">
				<Anchors>
					<Anchor point="TOPLEFT" relativeTo="TargetFrame" relativePoint="TOPRIGHT">
						<Offset>
							<AbsDimension x="-30" y="0"/>
						</Offset>
					</Anchor>
				</Anchors>
			</CheckButton>
			<CheckButton name="GroupHeal_FastHealTarget" inherits="GroupHealButtonTemplate" id="200">
				<Anchors>
					<Anchor point="LEFT" relativeTo="GroupHeal_BigHealTarget" relativePoint="RIGHT">
						<Offset>
							<AbsDimension x="1" y="0"/>
						</Offset>
					</Anchor>
				</Anchors>
			</CheckButton>
			<CheckButton name="GroupHeal_OverTimeHealTarget" inherits="GroupHealButtonTemplate" id="300">
				<Anchors>
					<Anchor point="LEFT" relativeTo="GroupHeal_FastHealTarget" relativePoint="RIGHT">
						<Offset>
							<AbsDimension x="1" y="0"/>
						</Offset>
					</Anchor>
				</Anchors>
			</CheckButton>
			<CheckButton name="GroupHeal_ShieldTarget" inherits="GroupHealButtonTemplate" id="400">
				<Anchors>
					<Anchor point="LEFT" relativeTo="GroupHeal_OverTimeHealTarget" relativePoint="RIGHT">
						<Offset>
							<AbsDimension x="1" y="0"/>
						</Offset>
					</Anchor>
				</Anchors>
			</CheckButton>
		</Frames>
		<Scripts>
			<OnLoad>
				GroupHeal_TargetButtonsFrame_OnLoad();
			</OnLoad>
			<OnEvent>
				GroupHeal_TargetButtonsFrame_OnEvent(event);
			</OnEvent>
		</Scripts>
	</Frame>
</Ui>
