<Ui xmlns="http://www.blizzard.com/wow/ui/" xmlns:xsi="http://www.w3.org/2001/XMLSchema-instance" xsi:schemaLocation="http://www.blizzard.com/wow/ui/
..\FrameXML\UI.xsd">
	<CheckButton name="GroupHealButtonTemplate" virtual="true" toplevel="true" hidden="true">
		<Size>
			<AbsDimension x="25" y="25"/>
		</Size>
		<Layers>
			<Layer level="BORDER">
				<Texture name="$parentIconTexture" setAllPoints="true"/>
			</Layer>
			<Layer level="OVERLAY">
				<Texture name="$parentRedOverlay" file="Interface\Buttons\UI-QuickslotRed" hidden="true"/>
			</Layer>
		</Layers>
		<Frames>
			<Model name="$parentCooldown" inherits="CooldownFrameTemplate"/>
		</Frames>
		<Scripts>
			<OnLoad>
				GroupHeal_HealButton_OnLoad();
			</OnLoad>
			<OnEvent>
				GroupHeal_HealButton_OnEvent(event);
			</OnEvent>
			<OnShow>
				GroupHeal_HealButton_OnShow();
			</OnShow>
			<OnHide>
				GroupHeal_HealButton_OnHide();
			</OnHide>
			<OnEnter>
				GroupHeal_HealButton_OnEnter()
			</OnEnter>
			<OnLeave>
				this.updateTooltip = nil;
				GameTooltip:Hide();
			</OnLeave>
			<OnUpdate>
				GroupHeal_HealButton_OnUpdate(arg1);
			</OnUpdate>
			<OnClick>
				GroupHeal_HealButton_OnClick();
			</OnClick>
		</Scripts>
		<NormalTexture/>
		<PushedTexture file="Interface\Buttons\UI-Quickslot-Depress"/>
		<HighlightTexture file="Interface\Buttons\ButtonHilight-Square" alphaMode="ADD"/>
		<CheckedTexture file="Interface\Buttons\CheckButtonHilight" alphaMode="ADD"/>
	</CheckButton>
</Ui>
