<Bindings>
	<Binding name="DART_OPTIONS" header="DART">
		DART_Options_Toggle();
	</Binding>
	<Binding name="DART_DRAGGING">
		DART_Toggle_Dragging();
	</Binding>
	
	<Binding name="DART_TEXTURE_1" header="DART_TEXTURES" runOnUp="true">
		if (keystate == "up") then
			DART_Texture_Process(11, 1, 1);
		else
			DART_Texture_Process(10, 1, 1);
		end
	</Binding>
	<Binding name="DART_TEXTURE_2" runOnUp="true">
		if (keystate == "up") then
			DART_Texture_Process(11, 1, 2);
		else
			DART_Texture_Process(10, 1, 2);
		end
	</Binding>
	<Binding name="DART_TEXTURE_3" runOnUp="true">
		if (keystate == "up") then
			DART_Texture_Process(11, 1, 3);
		else
			DART_Texture_Process(10, 1, 3);
		end
	</Binding>
	<Binding name="DART_TEXTURE_4" runOnUp="true">
		if (keystate == "up") then
			DART_Texture_Process(11, 1, 4);
		else
			DART_Texture_Process(10, 1, 4);
		end
	</Binding>
	<Binding name="DART_TEXTURE_5" runOnUp="true">
		if (keystate == "up") then
			DART_Texture_Process(11, 1, 5);
		else
			DART_Texture_Process(10, 1, 5);
		end
	</Binding>
	<Binding name="DART_TEXTURE_6" runOnUp="true">
		if (keystate == "up") then
			DART_Texture_Process(11, 1, 6);
		else
			DART_Texture_Process(10, 1, 6);
		end
	</Binding>
	<Binding name="DART_TEXTURE_7" runOnUp="true">
		if (keystate == "up") then
			DART_Texture_Process(11, 1, 7);
		else
			DART_Texture_Process(10, 1, 7);
		end
	</Binding>
	<Binding name="DART_TEXTURE_8" runOnUp="true">
		if (keystate == "up") then
			DART_Texture_Process(11, 1, 8);
		else
			DART_Texture_Process(10, 1, 8);
		end
	</Binding>
	<Binding name="DART_TEXTURE_9" runOnUp="true">
		if (keystate == "up") then
			DART_Texture_Process(11, 1, 9);
		else
			DART_Texture_Process(10, 1, 9);
		end
	</Binding>
	<Binding name="DART_TEXTURE_10" runOnUp="true">
		if (keystate == "up") then
			DART_Texture_Process(11, 1, 10);
		else
			DART_Texture_Process(10, 1, 10);
		end
	</Binding>
	<Binding name="DART_TEXTURE_11" runOnUp="true">
		if (keystate == "up") then
			DART_Texture_Process(11, 1, 11);
		else
			DART_Texture_Process(10, 1, 11);
		end
	</Binding>
	<Binding name="DART_TEXTURE_12" runOnUp="true">
		if (keystate == "up") then
			DART_Texture_Process(11, 1, 12);
		else
			DART_Texture_Process(10, 1, 12);
		end
	</Binding>
	<Binding name="DART_TEXTURE_13" runOnUp="true">
		if (keystate == "up") then
			DART_Texture_Process(11, 1, 13);
		else
			DART_Texture_Process(10, 1, 13);
		end
	</Binding>
	<Binding name="DART_TEXTURE_14" runOnUp="true">
		if (keystate == "up") then
			DART_Texture_Process(11, 1, 14);
		else
			DART_Texture_Process(10, 1, 14);
		end
	</Binding>
	<Binding name="DART_TEXTURE_15" runOnUp="true">
		if (keystate == "up") then
			DART_Texture_Process(11, 1, 15);
		else
			DART_Texture_Process(10, 1, 15);
		end
	</Binding>
	<Binding name="DART_TEXTURE_16" runOnUp="true">
		if (keystate == "up") then
			DART_Texture_Process(11, 1, 16);
		else
			DART_Texture_Process(10, 1, 16);
		end
	</Binding>
	<Binding name="DART_TEXTURE_17" runOnUp="true">
		if (keystate == "up") then
			DART_Texture_Process(11, 1, 17);
		else
			DART_Texture_Process(10, 1, 17);
		end
	</Binding>
	<Binding name="DART_TEXTURE_18" runOnUp="true">
		if (keystate == "up") then
			DART_Texture_Process(11, 1, 18);
		else
			DART_Texture_Process(10, 1, 18);
		end
	</Binding>
	<Binding name="DART_TEXTURE_19" runOnUp="true">
		if (keystate == "up") then
			DART_Texture_Process(11, 1, 19);
		else
			DART_Texture_Process(10, 1, 19);
		end
	</Binding>
	<Binding name="DART_TEXTURE_20" runOnUp="true">
		if (keystate == "up") then
			DART_Texture_Process(11, 1, 20);
		else
			DART_Texture_Process(10, 1, 20);
		end
	</Binding>
</Bindings>