<Ui xmlns="http://www.blizzard.com/wow/ui/" xmlns:xsi="http://www.w3.org/2001/XMLSchema-instance" xsi:schemaLocation="http://www.blizzard.com/wow/ui/ ..\FrameXML\UI.xsd">
<!--
	Gatherer Addon for World of Warcraft(tm).
	HUD Plugin Module
	Version: 3.1.2
	Revision: $Id: GatherHUD.xml 686 2008-02-03 08:49:25Z Norganna $

	License:
		This program is free software; you can redistribute it and/or
		modify it under the terms of the GNU General Public License
		as published by the Free Software Foundation; either version 2
		of the License, or (at your option) any later version.

		This program is distributed in the hope that it will be useful,
		but WITHOUT ANY WARRANTY; without even the implied warranty of
		MERCHANTABILITY or FITNESS FOR A PARTICULAR PURPOSE.  See the
		GNU General Public License for more details.

		You should have received a copy of the GNU General Public License
		along with this program(see GPL.txt); if not, write to the Free Software
		Foundation, Inc., 51 Franklin Street, Fifth Floor, Boston, MA  02110-1301, USA.

	Note:
		This AddOn's source code is specifically designed to work with
		World of Warcraft's interpreted AddOn system.
		You have an implicit licence to use this AddOn with these facilities
		since that is it's designated purpose as per:
		http://www.fsf.org/licensing/licenses/gpl-faq.html#InterpreterIncompat
-->
	<Frame name="Gatherer_Hud" parent="UIParent">
		<Layers>
			<Layer level="BACKGROUND">
				<Texture name="Gatherer_Hud_Base" file="Interface\AddOns\Gatherer_HUD\HudShape" alphaMode="DISABLE">
					<ColorType r="0" g="0" b="0" a="1"/>
					<Anchors>
						<Anchor point="CENTER">
							<Offset>
								<AbsDimension x="0" y="0"/>
							</Offset>
						</Anchor>
					</Anchors>
				</Texture>
			</Layer>
			<Layer level="BORDER">
				<Texture name="Gatherer_Hud_Center" file="Interface\AddOns\Gatherer_HUD\HudShape" alphaMode="DISABLE">
					<ColorType r="0" g="0" b="0" a="1"/>
					<Anchors>
						<Anchor point="CENTER">
							<Offset>
								<AbsDimension x="0" y="0"/>
							</Offset>
						</Anchor>
					</Anchors>
				</Texture>
			</Layer>
		</Layers>
		<Frames>
			<Frame name="Gatherer_Hud_Heat" setAllPoints="true"/>
		</Frames>
		<Scripts>
			<OnLoad>
				Gatherer_HUD.Load(self)
				Gatherer_HUD.Register()
				Gatherer_HUD.UpdateStruture()
			</OnLoad>
			<OnEvent>
				Gatherer_HUD.ProcessGameEvent(event)
			</OnEvent>
		</Scripts>
	</Frame>
	<Frame name="Gatherer_Hud_Sync" parent="UIParent">
		<Scripts>
			<OnUpdate>
				if (Gatherer_HUD and Gatherer_HUD.RunUpdate) then
					Gatherer_HUD.RunUpdate(elapsed)
				end
			</OnUpdate>
		</Scripts>
	</Frame>
</Ui>
