<Ui xmlns="http://www.blizzard.com/wow/ui/" xmlns:xsi="http://www.w3.org/2001/XMLSchema-instance" xsi:schemaLocation="http://www.blizzard.com/wow/ui/
..\FrameXML\UI.xsd">
	<Script file="localization.lua"/>
	<Script file="TitanPetInfo.lua"/>
	<Frame name="TitanPetInfoXPBar" frameStrata="DIALOG" parent="UIParent">
		<Layers>
			<Layer level="OVERLAY">
				<FontString name="TitanPetInfoText" inherits="GameFontNormalSmall" wraponspaces="true">
					<Anchors>
						<Anchor point="LEFT" relativeTo="MainMenuExpBar">
							<Offset>
								<AbsDimension x="9" y="1"/>
							</Offset>
						</Anchor>
					</Anchors>
					<Color r="1.0" g="1.0" b="1.0"/>
				</FontString>
			</Layer>
		</Layers>
	</Frame>
	<Frame parent="UIParent">
		<Frames>
			<Button name="TitanPanelPetInfoButton" inherits="TitanPanelComboTemplate" frameStrata="FULLSCREEN" toplevel="true">
				<Scripts>
					<OnLoad>
						TitanPanelPetInfoButton_OnLoad();
						TitanPanelButton_OnLoad();
					</OnLoad>
					<OnEvent>
						TitanPanelPetInfoButton_OnEvent();
					</OnEvent>
				</Scripts>
			</Button>
		</Frames>
	</Frame>		
</Ui>
