﻿<!--
    Spell Alert
        Author:        Eugorym based on code from Awen
-->
<Ui xmlns="http://www.blizzard.com/wow/ui/" xmlns:xsi="http://www.w3.org/2001/XMLSchema-instance" xsi:schemaLocation="http://www.blizzard.com/wow/ui/C:\Projects\WoW\Bin\Interface\FrameXML\UI.xsd">
	<Script file="localization.lua"/>
	<Script file="localization.kr.lua"/>
	<Script file="localization.de.lua"/>
	<Script file="localization.fr.lua"/>
	<Script file="SpellAlertSCT.lua"/>
	<Frame name="SpellAlertSCTFrame">
		<Scripts>
            <OnLoad>
                SpellAlertSCT_OnLoad()
            </OnLoad>
            <OnEvent>
                SpellAlertSCT_OnEvent()
            </OnEvent>
			<OnUpdate>
				SpellAlertSCT_OnUpdate();	<!-- 죽은척하기 -->
			</OnUpdate>
		</Scripts>
	</Frame>
</Ui>