<Ui>
	<!-- Template for titlebar buttons -->
	<Button name="OmnibusButtonTemplate" virtual="true">
		<Size>
			<AbsDimension x="18" y="18"/>
		</Size>
		<NormalTexture file="Interface\AddOns\Omnibus\Buttons">
			<TexCoords left=".25" right=".375" top=".375" bottom=".5"/>
		</NormalTexture>
		<PushedTexture file="Interface\AddOns\Omnibus\Buttons">
			<TexCoords left=".375" right=".5" top=".375" bottom=".5"/>
		</PushedTexture>
		<HighlightTexture file="Interface\AddOns\Omnibus\Buttons" alphaMode="ADD">
			<TexCoords left=".125" right=".25" top=".25" bottom=".375"/>
		</HighlightTexture>
		<Scripts>
			<OnEnter>
				Omnibus:Tooltip(this:GetName())
			</OnEnter>
			<OnLeave>
				GameTooltip:Hide()
			</OnLeave>
			<OnClick>
				Omnibus:ButtonClick(this:GetName())
			</OnClick>
		</Scripts>
	</Button>
	
	<Button name="OmnibusFileListEntryTemplate" frameStrata="DIALOG" virtual="true">
		<Layers>
			<Layer level="OVERLAY">
				<FontString name="$parent_Text" inherits="GameFontHighlight" wraponspaces="false" justifyH="LEFT" text=""/>
			</Layer>
		</Layers>
		<Scripts>
			<OnClick>
				Omnibus:HideFileList()
				Omnibus:FileListEntryClick(this:GetName())
			</OnClick>
			<OnEnter>
				Omnibus:CancelDelayedHideFileList()
			</OnEnter>
			<OnLeave>
				Omnibus:StartDelayedHideFileList()
			</OnLeave>
		</Scripts>
	</Button>

	<Frame name="OmnibusFrame" parent="UIParent" movable="true" resizable="true" enableMouse="true" toplevel="true" hidden="true">
		<Size>
			<AbsDimension x="436" y="200"/>
		</Size>
		<Anchors>
			<Anchor point="CENTER"/>
		</Anchors>
		<Backdrop bgFile="Interface\DialogFrame\UI-DialogBox-Background" edgeFile="Interface\Tooltips\UI-Tooltip-Border" tile="true">
			<BackgroundInsets>
				<AbsInset left="4" right="4" top="4" bottom="4" />
			</BackgroundInsets>
			<TileSize>
				<AbsValue val="16" />
			</TileSize>
			<EdgeSize>
				<AbsValue val="16" />
			</EdgeSize>
		</Backdrop>
		<Frames>
			<Frame name="OmnibusEditFrame">
				<Anchors>
					<Anchor point="TOPLEFT">
						<Offset>
							<AbsDimension x="8" y="-20"/>
						</Offset>
					</Anchor>
					<Anchor point="BOTTOMRIGHT">
						<Offset>
							<AbsDimension x="-8" y="4"/>
						</Offset>
					</Anchor>
				</Anchors>
				<Backdrop bgFile="Interface\ChatFrame\ChatFrameBackground" edgeFile="Interface\Buttons\UI-SliderBar-Border" tile="true">
					<BackgroundInsets>
						<AbsInset left="3" right="3" top="6" bottom="6" />
					</BackgroundInsets>
					<TileSize>
						<AbsValue val="16" />
					</TileSize>
					<EdgeSize>
						<AbsValue val="9" />
					</EdgeSize>
				</Backdrop>
				<Frames>
					<ScrollFrame name="OmnibusEditScrollFrame" inherits="UIPanelScrollFrameTemplate">
						<Anchors>
							<Anchor point="TOPLEFT">
								<Offset>
									<AbsDimension x="6" y="-12"/>
								</Offset>
							</Anchor>
							<Anchor point="BOTTOMRIGHT">
								<Offset>
									<AbsDimension x="-26" y="8"/>
								</Offset>
							</Anchor>
						</Anchors>
						<!-- Entire purpose of this layer is to do a gradient for the gutter -->
						<Layers>
							<Layer level="BORDER">
								<Texture file="Interface\ChatFrame\ChatFrameBackground">
									<Anchors>
										<Anchor point="TOPLEFT" relativeTo="OmnibusEditScrollFrame" relativePoint="TOPRIGHT">
											<Offset>
												<AbsDimension x="0" y="0"/>
											</Offset>
										</Anchor>
										<Anchor point="BOTTOMRIGHT" relativeTo="OmnibusEditScrollFrame" relativePoint="BOTTOMRIGHT">
											<Offset>
												<AbsDimension x="23" y="0"/>
											</Offset>
										</Anchor>
									</Anchors>
									<Gradient>
										<MinColor r="0.1" g="0.1" b="0.1"/>
										<MaxColor r="0" g="0" b="0"/>
									</Gradient>
								</Texture>
							</Layer>
						</Layers>
						<!-- Basically copy/pasted from MacroFrame -->
						<ScrollChild>
							<EditBox name="OmnibusEditBox" multiLine="true" maxLines="9" letters="4096" nonspacewrap="true" spacing="1" autoFocus="false">
								<Size>
									<AbsDimension x="100" y="100"/>
								</Size>
								<Anchors>
									<Anchor point="TOPLEFT"/>
									<Anchor point="BOTTOMRIGHT"/>
								</Anchors>
								<Scripts>
									<OnTextChanged>
										Omnibus:OnTextChanged()
									</OnTextChanged>
									<OnEscapePressed>
										this:ClearFocus();
									</OnEscapePressed>
								</Scripts>
								<FontString inherits="GameFontHighlight"/>
							</EditBox>
						</ScrollChild>
					</ScrollFrame>
				</Frames>
				<Scripts>
					<OnLoad>
						this:SetBackdropColor(.1,.1,.1,1)
					</OnLoad>
				</Scripts>
			</Frame>

			<!-- FocusGrabber is just an overlay to set focus since multiline EditBoxes vary in size -->
			<Button name="OmnibusFocusGrabber">
				<Anchors>
					<Anchor point="TOPLEFT" relativeTo="OmnibusEditFrame" relativePoint="TOPLEFT">
						<Offset>
							<AbsDimension x="8" y="-8"/>
						</Offset>
					</Anchor>
					<Anchor point="BOTTOMRIGHT" relativeTo="OmnibusEditFrame" relativePoint="BOTTOMRIGHT">
						<Offset>
							<AbsDimension x="-8" y="8"/>
						</Offset>
					</Anchor>
				</Anchors>
				<Scripts>
					<OnClick>
						Omnibus:HideFileList()
						OmnibusEditBox:SetFocus()
					</OnClick>
				</Scripts>
			</Button>

			<!-- Grip in lower-right corner used to resize window -->
			<Button name="OmnibusResizeGrip">
				<Size>
					<AbsDimension x="16" y="16"/>
				</Size>
				<Anchors>
					<Anchor point="BOTTOMRIGHT">
						<AbsDimension x="-1" y="-1"/>
					</Anchor>
				</Anchors>
				<NormalTexture file="Interface\AddOns\Omnibus\Buttons">
					<TexCoords left="0" right=".125" top=".25" bottom=".375"/>
				</NormalTexture>
				<PushedTexture file="Interface\AddOns\Omnibus\Buttons">
					<TexCoords left="0" right=".125" top=".25" bottom=".375"/>
				</PushedTexture>
				<HighlightTexture file="Interface\AddOns\Omnibus\Buttons" alphaMode="ADD">
					<TexCoords left="0" right=".125" top=".25" bottom=".375"/>
				</HighlightTexture>
				<Scripts>
					<OnMouseDown>
						OmnibusFrame:StartSizing()
					</OnMouseDown>
					<OnMouseUp>
						OmnibusFrame:StopMovingOrSizing()
						OmnibusEditBox:SetWidth(OmnibusFrame:GetWidth()-50)
					</OnMouseUp>
				</Scripts>
			</Button>
			
			<!-- Titlebar buttons -->
			<Button name="OmnibusClose" inherits="OmnibusButtonTemplate">
				<Anchors>
					<Anchor point="TOPRIGHT">
						<Offset>
							<AbsDimension x="-8" y="-6"/>
						</Offset>
					</Anchor>
				</Anchors>
				<NormalTexture file="Interface\AddOns\Omnibus\Buttons">
					<TexCoords left=".25" right=".375" top=".125" bottom=".25"/>
				</NormalTexture>
				<PushedTexture file="Interface\AddOns\Omnibus\Buttons">
					<TexCoords left=".375" right=".5" top=".125" bottom=".25"/>
				</PushedTexture>
			</Button>
			<Button name="OmnibusSearch" inherits="OmnibusButtonTemplate">
				<Anchors>
					<Anchor point="TOPRIGHT" relativeTo="OmnibusClose" relativePoint="TOPLEFT">
						<Offset>
							<AbsDimension x="-2" y="0"/>
						</Offset>
					</Anchor>
				</Anchors>
				<NormalTexture file="Interface\AddOns\Omnibus\Buttons">
					<TexCoords left=".75" right=".875" top=".0" bottom=".125"/>
				</NormalTexture>
				<PushedTexture file="Interface\AddOns\Omnibus\Buttons">
					<TexCoords left=".875" right="1" top=".0" bottom=".125"/>
				</PushedTexture>
			</Button>		

			<Button name="OmnibusNew" inherits="OmnibusButtonTemplate">
				<Anchors>
					<Anchor point="TOPLEFT">
						<Offset>
							<AbsDimension x="8" y="-6"/>
						</Offset>
					</Anchor>
				</Anchors>
				<NormalTexture file="Interface\AddOns\Omnibus\Buttons">
					<TexCoords left="0" right=".125" top="0" bottom=".125"/>
				</NormalTexture>
				<PushedTexture file="Interface\AddOns\Omnibus\Buttons">
					<TexCoords left=".125" right=".25" top="0" bottom=".125"/>
				</PushedTexture>
			</Button>		
			<Button name="OmnibusDelete" inherits="OmnibusButtonTemplate">
				<Anchors>
					<Anchor point="TOPLEFT" relativeTo="OmnibusNew" relativePoint="TOPRIGHT">
						<Offset>
							<AbsDimension x="2" y="0"/>
						</Offset>
					</Anchor>
				</Anchors>
				<NormalTexture file="Interface\AddOns\Omnibus\Buttons">
					<TexCoords left=".25" right=".375" top="0" bottom=".125"/>
				</NormalTexture>
				<PushedTexture file="Interface\AddOns\Omnibus\Buttons">
					<TexCoords left=".375" right=".5" top="0" bottom=".125"/>
				</PushedTexture>
			</Button>		
			<Button name="OmnibusRun" inherits="OmnibusButtonTemplate">
				<Anchors>
					<Anchor point="TOPLEFT" relativeTo="OmnibusDelete" relativePoint="TOPRIGHT">
						<Offset>
							<AbsDimension x="2" y="0"/>
						</Offset>
					</Anchor>
				</Anchors>
				<NormalTexture file="Interface\AddOns\Omnibus\Buttons">
					<TexCoords left="0" right=".125" top=".125" bottom=".25"/>
				</NormalTexture>
				<PushedTexture file="Interface\AddOns\Omnibus\Buttons">
					<TexCoords left=".125" right=".25" top=".125" bottom=".25"/>
				</PushedTexture>
			</Button>		
			<Button name="OmnibusUndo" inherits="OmnibusButtonTemplate">
				<Anchors>
					<Anchor point="TOPLEFT" relativeTo="OmnibusRun" relativePoint="TOPRIGHT">
						<Offset>
							<AbsDimension x="2" y="0"/>
						</Offset>
					</Anchor>
				</Anchors>
				<NormalTexture file="Interface\AddOns\Omnibus\Buttons">
					<TexCoords left=".5" right=".625" top=".375" bottom=".5"/>
				</NormalTexture>
				<PushedTexture file="Interface\AddOns\Omnibus\Buttons">
					<TexCoords left=".625" right=".75" top=".375" bottom=".5"/>
				</PushedTexture>
				<DisabledTexture file="Interface\AddOns\Omnibus\Buttons">
					<TexCoords left=".75" right=".875" top=".375" bottom=".5"/>
				</DisabledTexture>
			</Button>		

			<Button name="OmnibusSendTo" inherits="OmnibusButtonTemplate">
				<Anchors>
					<Anchor point="TOPLEFT" relativeTo="OmnibusUndo" relativePoint="TOPRIGHT">
						<Offset>
							<AbsDimension x="2" y="0"/>
						</Offset>
					</Anchor>
				</Anchors>
				<NormalTexture file="Interface\AddOns\Omnibus\Buttons">
					<TexCoords left="0" right=".125" top=".5" bottom=".625"/>
				</NormalTexture>
				<PushedTexture file="Interface\AddOns\Omnibus\Buttons">
					<TexCoords left=".125" right=".25" top=".5" bottom=".625"/>
				</PushedTexture>
			</Button>

			<Button name="OmnibusStart" inherits="OmnibusButtonTemplate">
				<Size>
					<AbsDimension x="12" y="18"/>
				</Size>
				<Anchors>
					<Anchor point="TOPLEFT" relativeTo="OmnibusSendTo" relativePoint="TOPRIGHT">
						<Offset>
							<AbsDimension x="4" y="0"/>
						</Offset>
					</Anchor>
				</Anchors>
			</Button>
			<Button name="OmnibusLeft" inherits="OmnibusButtonTemplate">
				<Anchors>
					<Anchor point="TOPLEFT" relativeTo="OmnibusStart" relativePoint="TOPRIGHT">
						<Offset>
							<AbsDimension x="2" y="0"/>
						</Offset>
					</Anchor>
				</Anchors>
				<NormalTexture file="Interface\AddOns\Omnibus\Buttons">
					<TexCoords left="0" right=".125" top=".375" bottom=".5"/>
				</NormalTexture>
				<PushedTexture file="Interface\AddOns\Omnibus\Buttons">
					<TexCoords left=".125" right=".25" top=".375" bottom=".5"/>
				</PushedTexture>
			</Button>
			<Button name="OmnibusRight" inherits="OmnibusButtonTemplate">
				<Anchors>
					<Anchor point="TOPLEFT" relativeTo="OmnibusLeft" relativePoint="TOPRIGHT">
						<Offset>
							<AbsDimension x="202" y="0"/>
						</Offset>
					</Anchor>
				</Anchors>
				<NormalTexture file="Interface\AddOns\Omnibus\Buttons">
					<TexCoords left=".25" right=".375" top=".25" bottom=".375"/>
				</NormalTexture>
				<PushedTexture file="Interface\AddOns\Omnibus\Buttons">
					<TexCoords left=".375" right=".5" top=".25" bottom=".375"/>
				</PushedTexture>
			</Button>		
			<Button name="OmnibusEnd" inherits="OmnibusButtonTemplate">
				<Size>
					<AbsDimension x="12" y="18"/>
				</Size>
				<Anchors>
					<Anchor point="TOPLEFT" relativeTo="OmnibusRight" relativePoint="TOPRIGHT">
						<Offset>
							<AbsDimension x="2" y="0"/>
						</Offset>
					</Anchor>
				</Anchors>
			</Button>
			<Button name="OmnibusDropButton" inherits="OmnibusButtonTemplate">
				<Anchors>
					<Anchor point="TOPRIGHT" relativeTo="OmnibusRight" relativePoint="TOPLEFT">
						<Offset>
							<AbsDimension x="-2" y="0"/>
						</Offset>
					</Anchor>
				</Anchors>
				<NormalTexture file="Interface\AddOns\Omnibus\Buttons">
					<TexCoords left=".5" right=".625" top=".5" bottom=".625"/>
				</NormalTexture>
				<PushedTexture file="Interface\AddOns\Omnibus\Buttons">
					<TexCoords left=".625" right=".75" top=".5" bottom=".625"/>
				</PushedTexture>
				<Scripts>
					<OnEnter>
						Omnibus:CancelDelayedHideFileList()
						Omnibus:Tooltip(this:GetName())
					</OnEnter>
					<OnLeave>
						Omnibus:StartDelayedHideFileList()
						GameTooltip:Hide()
					</OnLeave>
				</Scripts>
			</Button>

			<EditBox name="OmnibusTitleEditBox" historyLines="0" enableMouse="true" autoFocus="false" letters="64">
				<Anchors>
					<Anchor point="TOPLEFT" relativeTo="OmnibusLeft" relativePoint="TOPRIGHT">
						<Offset>
							<AbsDimension x="2" y="0"/>
						</Offset>
					</Anchor>
					<Anchor point="BOTTOMRIGHT" relativeTo="OmnibusDropButton" relativePoint="BOTTOMLEFT">
						<Offset>
							<AbsDimension x="-2" y="0"/>
						</Offset>
					</Anchor>
				</Anchors>
				<Layers>
					<Layer level="BACKGROUND">
						<Texture name="$parentLeft" file="Interface\ClassTrainerFrame\UI-ClassTrainer-FilterBorder">
							<Size>
								<AbsDimension x="12" y="26"/>
							</Size>
							<Anchors>
								<Anchor point="TOPLEFT">
									<Offset>
										<AbsDimension x="-9" y="2"/>
									</Offset>
								</Anchor>
							</Anchors>
							<TexCoords left="0" right="0.09375" top="0" bottom="1.0"/>
						</Texture>
						<Texture name="$parentRight" file="Interface\ClassTrainerFrame\UI-ClassTrainer-FilterBorder">
							<Size>
								<AbsDimension x="12" y="26"/>
							</Size>
							<Anchors>
								<Anchor point="TOPRIGHT">
									<Offset>
										<AbsDimension x="10" y="2"/>
									</Offset>
								</Anchor>
							</Anchors>
							<TexCoords left="0.90625" right="1.0" top="0" bottom="1.0"/>
						</Texture>
						<Texture file="Interface\ClassTrainerFrame\UI-ClassTrainer-FilterBorder">
							<Anchors>
								<Anchor point="TOPLEFT" relativeTo="$parentLeft" relativePoint="TOPRIGHT"/>
								<Anchor point="BOTTOMRIGHT" relativeTo="$parentRight" relativePoint="BOTTOMLEFT"/>
							</Anchors>
							<TexCoords left="0.09375" right="0.90625" top="0" bottom="1.0"/>
						</Texture>
					</Layer>
				</Layers>
				<FontString inherits="GameFontHighlight" justifyH="LEFT"/>
				<Scripts>
					<OnEnter>
						Omnibus:Tooltip(this:GetName())
					</OnEnter>
					<OnLeave>
						GameTooltip:Hide()
					</OnLeave>
					<OnEscapePressed>
						this:ClearFocus()
					</OnEscapePressed>
					<OnEnterPressed>
						Omnibus:ChangeTitle()
					</OnEnterPressed>
					<OnEditFocusGained>
						Omnibus:HideFileList()
					</OnEditFocusGained>
				</Scripts>
			</EditBox>

			<Frame name="OmnibusFileListFrame" frameStrata="DIALOG">
				<Anchors>
					<Anchor point="TOPLEFT" relativeTo="OmnibusTitleEditBox" relativePoint="BOTTOMLEFT">
						<Offset>
							<AbsDimension x="-4" y="4"/>
						</Offset>
					</Anchor>
					<Anchor point="BOTTOMRIGHT" relativeTo="OmnibusDropButton" relativePoint="BOTTOMRIGHT">
						<Offset>
							<AbsDimension x="4" y="-194"/>
						</Offset>
					</Anchor>
				</Anchors>
				<Backdrop bgFile="Interface\ChatFrame\ChatFrameBackground" edgeFile="Interface\Buttons\UI-SliderBar-Border" tile="true">
					<BackgroundInsets>
						<AbsInset left="3" right="3" top="6" bottom="6" />
					</BackgroundInsets>
					<TileSize>
						<AbsValue val="16" />
					</TileSize>
					<EdgeSize>
						<AbsValue val="9" />
					</EdgeSize>
				</Backdrop>
				<Frames>
					<ScrollFrame name="OmnibusFileList" frameStrata="DIALOG" inherits="FauxScrollFrameTemplate">
						<Anchors>
							<Anchor point="TOPLEFT">
								<Offset>
									<AbsDimension x="8" y="-8"/>
								</Offset>
							</Anchor>
							<Anchor point="BOTTOMRIGHT">
								<Offset>
									<AbsDimension x="-28" y="8"/>
								</Offset>
							</Anchor>
						</Anchors>
						<Scripts>
							<OnVerticalScroll>
								FauxScrollFrame_OnVerticalScroll(18, function() Omnibus:FileListUpdate() end)
							</OnVerticalScroll>
							<OnShow>
								Omnibus:FileListUpdate()
							</OnShow>
						</Scripts>
					</ScrollFrame>
				</Frames>
				<Scripts>
					<OnEnter>
						Omnibus:CancelDelayedHideFileList()
					</OnEnter>
					<OnLeave>
						Omnibus:StartDelayedHideFileList()
					</OnLeave>
					<OnLoad>
						this:SetBackdropColor(.1,.1,.1,1)
					</OnLoad>
				</Scripts>
			</Frame>

			<EditBox name="OmnibusSendToEditBox" historyLines="0" enableMouse="true" autoFocus="false" letters="64">
				<Anchors>
					<Anchor point="TOPLEFT" relativeTo="OmnibusSendTo" relativePoint="TOPRIGHT">
						<Offset>
							<AbsDimension x="2" y="0"/>
						</Offset>
					</Anchor>
					<Anchor point="BOTTOMRIGHT" relativeTo="OmnibusSendTo" relativePoint="BOTTOMRIGHT">
						<Offset>
							<AbsDimension x="202" y="0"/>
						</Offset>
					</Anchor>
				</Anchors>
				<Layers>
					<Layer level="BACKGROUND">
						<Texture name="$parentLeft" file="Interface\ClassTrainerFrame\UI-ClassTrainer-FilterBorder">
							<Size>
								<AbsDimension x="12" y="26"/>
							</Size>
							<Anchors>
								<Anchor point="TOPLEFT">
									<Offset>
										<AbsDimension x="-9" y="2"/>
									</Offset>
								</Anchor>
							</Anchors>
							<TexCoords left="0" right="0.09375" top="0" bottom="1.0"/>
						</Texture>
						<Texture name="$parentRight" file="Interface\ClassTrainerFrame\UI-ClassTrainer-FilterBorder">
							<Size>
								<AbsDimension x="12" y="26"/>
							</Size>
							<Anchors>
								<Anchor point="TOPRIGHT">
									<Offset>
										<AbsDimension x="10" y="2"/>
									</Offset>
								</Anchor>
							</Anchors>
							<TexCoords left="0.90625" right="1.0" top="0" bottom="1.0"/>
						</Texture>
						<Texture file="Interface\ClassTrainerFrame\UI-ClassTrainer-FilterBorder">
							<Anchors>
								<Anchor point="TOPLEFT" relativeTo="$parentLeft" relativePoint="TOPRIGHT"/>
								<Anchor point="BOTTOMRIGHT" relativeTo="$parentRight" relativePoint="BOTTOMLEFT"/>
							</Anchors>
							<TexCoords left="0.09375" right="0.90625" top="0" bottom="1.0"/>
						</Texture>
					</Layer>
				</Layers>
				<FontString inherits="GameFontHighlight" justifyH="LEFT"/>
				<Scripts>
					<OnEnter>
						Omnibus:Tooltip(this:GetName())
					</OnEnter>
					<OnLeave>
						GameTooltip:Hide()
					</OnLeave>
					<OnEscapePressed>
						this:ClearFocus()
					</OnEscapePressed>
					<OnEnterPressed>
						Omnibus:SendTo()
					</OnEnterPressed>
					<OnEditFocusGained>
						--OmnibusSendToEditBox:SetFocus()
						OmnibusSendToEditBox:HighlightText()
					</OnEditFocusGained>
				</Scripts>
			</EditBox>

		</Frames>
		<Scripts>
			<OnShow>
				Omnibus:OnShow()
			</OnShow>
			<OnHide>
				Omnibus:OnHide()
			</OnHide>
			<OnMouseDown>
				Omnibus:StartMoving(arg1)
			</OnMouseDown>
			<OnMouseUp>
				Omnibus:StopMoving(arg1)
			</OnMouseUp>
		</Scripts>
	</Frame>

	<!-- Search panel anchored to top of OmnibusFrame -->
	<Frame name="OmnibusSearchFrame" parent="OmnibusFrame" toplevel="true" hidden="true">
		<Anchors>
			<Anchor point="TOPLEFT" relativePoint="TOPLEFT">
				<Offset>
					<AbsDimension x="0" y="32"/>
				</Offset>
			</Anchor>
			<Anchor point="BOTTOMRIGHT" relativePoint="TOPRIGHT">
				<Offset>
					<AbsDimension x="0" y="-4"/>
				</Offset>
			</Anchor>
		</Anchors>
		<Backdrop bgFile="Interface\ChatFrame\ChatFrameBackground" edgeFile="Interface\Tooltips\UI-Tooltip-Border" tile="true">
			<BackgroundInsets>
				<AbsInset left="4" right="4" top="4" bottom="4" />
			</BackgroundInsets>
			<TileSize>
				<AbsValue val="16" />
			</TileSize>
			<EdgeSize>
				<AbsValue val="16" />
			</EdgeSize>
		</Backdrop>
		<Layers>
			<Layer level="ARTWORK">
				<FontString name="OmnibusSearchResults" font="GameFontHighlightSmall" justifyH="RIGHT" text="Search:">
					<Size>
						<AbsDimension x="55" y="24"/>
					</Size>
					<Anchors>
						<Anchor point="LEFT">
							<Offset>
								<AbsDimension x="4" y="0"/>
							</Offset>
						</Anchor>
					</Anchors>
				</FontString>
			</Layer>
		</Layers>
		<Frames>
			<Button name="OmnibusSearchNext" inherits="OmnibusButtonTemplate">
				<Size>
					<AbsDimension x="18" y="18"/>
				</Size>
				<Anchors>
					<Anchor point="RIGHT">
						<Offset>
							<AbsDimension x="-86" y="0"/>
						</Offset>
					</Anchor>
				</Anchors>
				<NormalTexture file="Interface\AddOns\Omnibus\Buttons">
					<TexCoords left=".5" right=".625" top=".0" bottom=".125"/>
				</NormalTexture>
				<PushedTexture file="Interface\AddOns\Omnibus\Buttons">
					<TexCoords left=".625" right=".75" top=".0" bottom=".125"/>
				</PushedTexture>
			</Button>		
			<Button name="OmnibusFont" inherits="OmnibusButtonTemplate">
				<Anchors>
					<Anchor point="TOPLEFT" relativeTo="OmnibusSearchNext" relativePoint="TOPRIGHT">
						<Offset>
							<AbsDimension x="2" y="0"/>
						</Offset>
					</Anchor>
				</Anchors>
				<NormalTexture file="Interface\AddOns\Omnibus\Buttons">
					<TexCoords left=".5" right=".625" top=".25" bottom=".375"/>
				</NormalTexture>
				<PushedTexture file="Interface\AddOns\Omnibus\Buttons">
					<TexCoords left=".625" right=".75" top=".25" bottom=".375"/>
				</PushedTexture>
			</Button>
			<Button name="OmnibusSetDefault" inherits="OmnibusButtonTemplate">
				<Anchors>
					<Anchor point="TOPLEFT" relativeTo="OmnibusFont" relativePoint="TOPRIGHT">
						<Offset>
							<AbsDimension x="2" y="0"/>
						</Offset>
					</Anchor>
				</Anchors>
				<NormalTexture file="Interface\AddOns\Omnibus\Buttons">
					<TexCoords left=".25" right=".375" top=".5" bottom=".625"/>
				</NormalTexture>
				<PushedTexture file="Interface\AddOns\Omnibus\Buttons">
					<TexCoords left=".375" right=".5" top=".5" bottom=".625"/>
				</PushedTexture>
			</Button>
			<Button name="OmnibusImport" inherits="OmnibusButtonTemplate">
				<Anchors>
					<Anchor point="TOPLEFT" relativeTo="OmnibusSetDefault" relativePoint="TOPRIGHT">
						<Offset>
							<AbsDimension x="2" y="0"/>
						</Offset>
					</Anchor>
				</Anchors>
				<NormalTexture file="Interface\AddOns\Omnibus\Buttons">
					<TexCoords left=".25" right=".375" top=".5" bottom=".625"/>
				</NormalTexture>
				<PushedTexture file="Interface\AddOns\Omnibus\Buttons">
					<TexCoords left=".375" right=".5" top=".5" bottom=".625"/>
				</PushedTexture>
			</Button>
			<Button name="OmnibusLock" inherits="OmnibusButtonTemplate">
				<Anchors>
					<Anchor point="TOPLEFT" relativeTo="OmnibusImport" relativePoint="TOPRIGHT">
						<Offset>
							<AbsDimension x="2" y="0"/>
						</Offset>
					</Anchor>
				</Anchors>
				<NormalTexture file="Interface\AddOns\Omnibus\Buttons">
					<TexCoords left=".5" right=".625" top=".125" bottom=".25"/>
				</NormalTexture>
				<PushedTexture file="Interface\AddOns\Omnibus\Buttons">
					<TexCoords left=".625" right=".75" top=".125" bottom=".25"/>
				</PushedTexture>
			</Button>

			<EditBox name="OmnibusSearchEditBox" historyLines="0" enableMouse="true" autoFocus="false" letters="256">
				<Anchors>
					<Anchor point="TOPLEFT" relativeTo="OmnibusSearchResults" relativePoint="TOPRIGHT">
						<Offset>
							<AbsDimension x="12" y="-2"/>
						</Offset>
					</Anchor>
					<Anchor point="BOTTOMRIGHT" relativeTo="OmnibusSearchNext" relativePoint="BOTTOMLEFT">
						<Offset>
							<AbsDimension x="-12" y="0"/>
						</Offset>
					</Anchor>
				</Anchors>
				<Layers>
					<Layer level="BACKGROUND">
						<Texture name="$parentLeft" file="Interface\ClassTrainerFrame\UI-ClassTrainer-FilterBorder">
							<Size>
								<AbsDimension x="12" y="29"/>
							</Size>
							<Anchors>
								<Anchor point="TOPLEFT">
									<Offset>
										<AbsDimension x="-9" y="2"/>
									</Offset>
								</Anchor>
							</Anchors>
							<TexCoords left="0" right="0.09375" top="0" bottom="1.0"/>
						</Texture>
						<Texture name="$parentRight" file="Interface\ClassTrainerFrame\UI-ClassTrainer-FilterBorder">
							<Size>
								<AbsDimension x="12" y="29"/>
							</Size>
							<Anchors>
								<Anchor point="TOPRIGHT">
									<Offset>
										<AbsDimension x="10" y="2"/>
									</Offset>
								</Anchor>
							</Anchors>
							<TexCoords left="0.90625" right="1.0" top="0" bottom="1.0"/>
						</Texture>
						<Texture file="Interface\ClassTrainerFrame\UI-ClassTrainer-FilterBorder">
							<Anchors>
								<Anchor point="TOPLEFT" relativeTo="$parentLeft" relativePoint="TOPRIGHT"/>
								<Anchor point="BOTTOMRIGHT" relativeTo="$parentRight" relativePoint="BOTTOMLEFT"/>
							</Anchors>
							<TexCoords left="0.09375" right="0.90625" top="0" bottom="1.0"/>
						</Texture>
					</Layer>
				</Layers>
				<FontString inherits="GameFontHighlight" justifyH="LEFT"/>
				<Scripts>
					<OnEnter>
						Omnibus:Tooltip(this:GetName())
					</OnEnter>
					<OnLeave>
						GameTooltip:Hide()
					</OnLeave>
					<OnEscapePressed>
						this:ClearFocus()
						if string.len(OmnibusSearchEditBox:GetText() or "")==0 then
							OmnibusSearchFrame:Hide()
						end
					</OnEscapePressed>
					<OnEnterPressed>
						Omnibus:DoSearch()
					</OnEnterPressed>
					<OnTextChanged>
						Omnibus:SearchEditBoxOnChange()
					</OnTextChanged>
				</Scripts>
			</EditBox>
		</Frames>
		<Scripts>
			<OnLoad>
				this:SetBackdropColor(.3,.3,.3,1)
			</OnLoad>
			<OnMouseDown>
				Omnibus:StartMoving(arg1)
			</OnMouseDown>
			<OnMouseUp>
				if arg1=="LeftButton" then
					OmnibusFrame:StopMovingOrSizing()
				end
			</OnMouseUp>
			<OnShow>
				Omnibus:SearchOnShow()
			</OnShow>
			<OnHide>
				Omnibus:SearchOnHide()
			</OnHide>
		</Scripts>
	</Frame>

</Ui>
