<!--

    PvPLog 
        Author:         Josh Estelle
        Version:        0.4.6
        Last Modified:  2005-04-27

-->

<Ui xmlns="http://www.blizzard.com/wow/ui/" xmlns:xsi="http://www.w3.org/2001/XMLSchema-instance" xsi:schemaLocation="http://www.blizzard.com/wow/ui/
C:\Projects\WoW\Bin\Interface\FrameXML\UI.xsd">
	<Script file="PvPLog.lua"/>
    <Frame name="PvPLogFrame">
        <Scripts>
            <OnLoad>
                PvPLogOnLoad();
            </OnLoad>
            <OnEvent>
                PvPLogOnEvent();
            </OnEvent>
        </Scripts>
    </Frame>
	<Frame name="PvPLogTargetFrame" 
           toplevel="true" 
           frameStrata="LOW" 
           movable="true" 
           enableMouse="true" 
           parent="UIParent">
		<Size>
			<AbsDimension x="128" y="32"/>
		</Size>
		<Anchors>
			<Anchor point="TOP" relativeTo="TargetFrameHealthBar" relativePoint="BOTTOM">
				<Offset>
					<AbsDimension x="-2" y="-5"/>
				</Offset>
			</Anchor>
		</Anchors>
		<Layers>
			<Layer level="ARTWORK">
				<FontString name="PvPLogTargetText" inherits="TextStatusBarText"/>
			</Layer>
		</Layers>
        <Scripts>
            <OnMouseUp>
                PvPLogTargetFrame:StopMovingOrSizing();
            </OnMouseUp>
            <OnMouseDown>
                PvPLogTargetFrame:StartMoving();
            </OnMouseDown>
        </Scripts>
	</Frame>
</Ui>
