<Bindings>
	<Binding name="TRISTAR" header="TRI">
		tri:FindRaidTarget(1)
	</Binding>
	<Binding name="TRICIRCLE" header="TRI">
		tri:FindRaidTarget(2)
	</Binding>
	<Binding name="TRIDIAMOND" header="TRI">
		tri:FindRaidTarget(3)
	</Binding>
	<Binding name="TRITRIANGLE" header="TRI">
		tri:FindRaidTarget(4)
	</Binding>
	<Binding name="TRIMOON" header="TRI">
		tri:FindRaidTarget(5)
	</Binding>
	<Binding name="TRISQUARE" header="TRI">
		tri:FindRaidTarget(6)
	</Binding>
	<Binding name="TRICROSS" header="TRI">
		tri:FindRaidTarget(7)
	</Binding>
	<Binding name="TRISKULL" header="TRI">
		tri:FindRaidTarget(8)
	</Binding>
	<Binding name="TRISELECT" header="TRI">
		tri:FindRaidTarget(tri.db.profile.icon)
	</Binding>
</Bindings>