﻿<Ui xmlns="http://www.blizzard.com/wow/ui/" xmlns:xsi="http://www.w3.org/2001/XMLSchema-instance" xsi:schemaLocation="http://www.blizzard.com/wow/ui/">
	<!--
		Frame to hold the scripts to run the mail alert thingy
	-->
	<Frame name="MailSoundFrame">
		<Scripts>
			<OnLoad>
				<!-- register for the mail update event -->
				this:RegisterEvent("UPDATE_PENDING_MAIL");
			</OnLoad>
			<OnEvent>
				<!-- check for the mail update event, and if the player has new mail, play sound -->
				if ( event == "UPDATE_PENDING_MAIL" ) then
					if ( HasNewMail() ) then
						PlaySoundFile("MailSound.wav");
					end
				end
			</OnEvent>
		</Scripts>
	</Frame>
</Ui>