<Ui xmlns="http://www.blizzard.com/wow/ui/" xmlns:xsi="http://www.w3.org/2001/XMLSchema-instance" xsi:schemaLocation="http://www.blizzard.com/wow/ui/
..\FrameXML\UI.xsd">
	<Script file="localization.lua"/>
	<Script file="ImprovedMacro.lua"/>
	<Frame name="ImprovedMacroFrame" hidden="false">
		<Scripts>
			<OnLoad>
				ImprovedMacro_OnLoad();
			</OnLoad>
		</Scripts>
	</Frame>

	<GameTooltip name="ImprovedMacroTooltip" inherits="GameTooltipTemplate" parent="UIParent" hidden="true"/>
</Ui>
