<Ui xmlns="http://www.blizzard.com/wow/ui/" xmlns:xsi="http://www.w3.org/2001/XMLSchema-instance" xsi:schemaLocation="http://www.blizzard.com/wow/ui/
..\FrameXML\UI.xsd">
	<!-- Lua Scripts -->
	<Script file="localization.lua"/>
	<Script file="TankPoints.lua"/>
	
	<!-- TankPoints frame -->
	<Frame name="TankPointsFrame" inherits="StatFrameTemplate" parent="CharacterAttributesFrame">
	    <Anchors>
	        <Anchor point="BOTTOMLEFT" relativeTo="CharacterStatFrame1" relativePoint="TOPLEFT">
	            <Offset>
	                <AbsDimension x="0" y="2"/>
	            </Offset>
	        </Anchor>
	    </Anchors>
		<Scripts>
			<OnLoad>
				TankPointsFrame_OnLoad();
			</OnLoad>
            <OnEvent>
                TankPointsFrame_OnEvent(event);
            </OnEvent>
			<OnEnter>
				TankPointsFrame_OnEnter();
			</OnEnter>
			<OnLeave>
				GameTooltip:Hide();
			</OnLeave>
            <OnShow>
                TankPointsFrame_OnShow();
            </OnShow>
			<OnMouseUp>
				TankPointsFrame_OnClick();
			</OnMouseUp>
		</Scripts>
	</Frame>
</Ui>
