<Bindings>

	<Binding name='BENECAST_OPTIONS' header="BENECAST">
		BeneCastOptionFrameToggle('LeftButton');
	</Binding>
	<Binding name='BENECAST_TOGGLE_BUFFS'>
		BeneCast_ToggleBuffs();
	</Binding>
	<Binding name='BENECAST_BUTTON1'>
		BeneCast_BindingCast(1);
	</Binding>
	<Binding name='BENECAST_BUTTON2'>
		BeneCast_BindingCast(2);
	</Binding>
	<Binding name='BENECAST_BUTTON3'>
		BeneCast_BindingCast(3);
	</Binding>
	<Binding name='BENECAST_BUTTON4'>
		BeneCast_BindingCast(4);
	</Binding>
	<Binding name='BENECAST_BUTTON5'>
		BeneCast_BindingCast(5);
	</Binding>
	<Binding name='BENECAST_BUTTON6'>
		BeneCast_BindingCast(6);
	</Binding>
	<Binding name='BENECAST_BUTTON7'>
		BeneCast_BindingCast(7);
	</Binding>
	<Binding name='BENECAST_BUTTON8'>
		BeneCast_BindingCast(8);
	</Binding>
	<Binding name='BENECAST_BUTTON9'>
		BeneCast_BindingCast(9);
	</Binding>
	<Binding name='BENECAST_BUTTON10'>
		BeneCast_BindingCast(10);
	</Binding>

</Bindings>