<Ui xmlns="http://www.blizzard.com/wow/ui/" xmlns:xsi="http://www.w3.org/2001/XMLSchema-instance" xsi:schemaLocation="http://www.blizzard.com/wow/FrameXML/UI.xsd">
    <Script file="localization.lua"/>
    <Script file="StanceSets3.lua"/>    

    <Button name="StanceSets3SlotTemplate" inherits="ItemButtonTemplate" virtual="true">
      <Scripts>
        <OnLoad>          
          this:RegisterForClicks("LeftButtonUp", "RightButtonUp");
          this:RegisterForDrag("LeftButton");
        </OnLoad>
        <OnClick>
          StanceSets3Slot_OnClick(arg1);
        </OnClick>
        <OnDragStart>
          StanceSets3Slot_OnDragStart();
        </OnDragStart>
        <OnReceiveDrag>
          StanceSets3Slot_OnReceiveDrag();
        </OnReceiveDrag>
        <OnEnter>
          StanceSets3Slot_OnEnter();
        </OnEnter>
        <OnLeave>
          GameTooltip:Hide();
        </OnLeave>
      </Scripts>
    </Button>
    
    <Button name="StanceSets3MainHandSlotTemplate" inherits="StanceSets3SlotTemplate" virtual="true">
      <Layers>
        <Layer level="BACKGROUND">
          <Texture file="Interface\PaperDoll\UI-PaperDoll-Slot-MainHand"/>
        </Layer>
      </Layers>
    </Button>
    
    <Button name="StanceSets3OffHandSlotTemplate" inherits="StanceSets3SlotTemplate" virtual="true">
      <Layers>
        <Layer level="BACKGROUND">
          <Texture file="Interface\PaperDoll\UI-PaperDoll-Slot-SecondaryHand"/>
        </Layer>
      </Layers>
    </Button>
    
    <Button name="StanceSets3RangedSlotTemplate" inherits="StanceSets3SlotTemplate" virtual="true">
      <Layers>
        <Layer level="BACKGROUND">
          <Texture file="Interface\PaperDoll\UI-PaperDoll-Slot-Ranged"/>
        </Layer>
      </Layers>
    </Button>
    
    <Frame name="StanceSets3ListItem" virtual="true">
      <Size>
        <AbsDimension x="426" y="68"/>
      </Size>
      <Anchors>
        <Anchor point="TOPLEFT"/>
      </Anchors>

      <Layers>
        <Layer level="ARTWORK">
          <FontString name="$parentTitle" inherits="GameFontNormal" justifyH="LEFT" text="Stance: Default">
            <Anchors>
              <Anchor point="TOPLEFT">
                <Offset>
                  <AbsDimension x="4" y="0"/>
                </Offset>
              </Anchor>             
            </Anchors>
            <Size>
              <AbsDimension x="150" y="16"/>
            </Size>
          </FontString>
        </Layer>
      </Layers>

      <Frames>
        <CheckButton name="$parentForceFirst">
          <Size>
            <AbsDimension x="20" y="20"/>
          </Size>
          <Anchors>
            <Anchor point="TOPRIGHT">
              <Offset>
                <AbsDimension x="-2" y="1"/>
              </Offset>
            </Anchor>
          </Anchors>
          <Layers>
            <Layer level="ARTWORK">
              <FontString name="$parentText" inherits="GameFontHighlightSmall" text="STANCESETS3_EQUIPFIRST">
                <Anchors>
                  <Anchor point="RIGHT" relativePoint="LEFT">
                    <Offset>
                      <AbsDimension x="0" y="1"/>
                    </Offset>
                  </Anchor>
                </Anchors>
              </FontString>
            </Layer>
          </Layers>
          <NormalTexture file="Interface\Buttons\UI-CheckBox-Up"/>
          <PushedTexture file="Interface\Buttons\UI-CheckBox-Down"/>
          <HighlightTexture file="Interface\Buttons\UI-CheckBox-Highlight" alphaMode="ADD"/>
          <CheckedTexture file="Interface\Buttons\UI-CheckBox-Check"/>
          <DisabledCheckedTexture file="Interface\Buttons\UI-CheckBox-Check-Disabled"/>
          <Scripts>
            <OnClick>
              StanceSets3ForceCheck_OnClick();
            </OnClick>
          </Scripts>
        </CheckButton>

        <Button name="$parentMainHand1" inherits="StanceSets3MainHandSlotTemplate" id="1">
          <Anchors>
            <Anchor point="TOPLEFT" relativeTo="$parentTitle" relativePoint="BOTTOMLEFT">
              <Offset>
                <AbsDimension x="16" y="-2"/>
              </Offset>
            </Anchor>
          </Anchors>
        </Button>
        <Button name="$parentOffHand1" inherits="StanceSets3OffHandSlotTemplate" id="2">
          <Anchors>
            <Anchor point="LEFT" relativeTo="$parentMainHand1" relativePoint="RIGHT">
              <Offset>
                <AbsDimension x="2" y="0"/>
              </Offset>
            </Anchor>
          </Anchors>
        </Button>
        <Button name="$parentRanged1" inherits="StanceSets3RangedSlotTemplate" id="3">
          <Anchors>
            <Anchor point="LEFT" relativeTo="$parentOffHand1" relativePoint="RIGHT">
              <Offset>
                <AbsDimension x="2" y="0"/>
              </Offset>
            </Anchor>
          </Anchors>
        </Button>

        <Button name="$parentMainHand2" inherits="StanceSets3MainHandSlotTemplate" id="4">
          <Anchors>
            <Anchor point="LEFT" relativeTo="$parentRanged1" relativePoint="RIGHT">
              <Offset>
                <AbsDimension x="16" y="0"/>
              </Offset>
            </Anchor>
          </Anchors>
        </Button>
        <Button name="$parentOffHand2" inherits="StanceSets3OffHandSlotTemplate" id="5">
          <Anchors>
            <Anchor point="LEFT" relativeTo="$parentMainHand2" relativePoint="RIGHT">
              <Offset>
                <AbsDimension x="2" y="0"/>
              </Offset>
            </Anchor>
          </Anchors>
        </Button>
        <Button name="$parentRanged2" inherits="StanceSets3RangedSlotTemplate" id="6">
          <Anchors>
            <Anchor point="LEFT" relativeTo="$parentOffHand2" relativePoint="RIGHT">
              <Offset>
                <AbsDimension x="2" y="0"/>
              </Offset>
            </Anchor>
          </Anchors>
        </Button>

        <Button name="$parentMainHand3" inherits="StanceSets3MainHandSlotTemplate" id="7">
          <Anchors>
            <Anchor point="LEFT" relativeTo="$parentRanged2" relativePoint="RIGHT">
              <Offset>
                <AbsDimension x="16" y="0"/>
              </Offset>
            </Anchor>
          </Anchors>
        </Button>
        <Button name="$parentOffHand3" inherits="StanceSets3OffHandSlotTemplate" id="8">
          <Anchors>
            <Anchor point="LEFT" relativeTo="$parentMainHand3" relativePoint="RIGHT">
              <Offset>
                <AbsDimension x="2" y="0"/>
              </Offset>
            </Anchor>
          </Anchors>
        </Button>
        <Button name="$parentRanged3" inherits="StanceSets3RangedSlotTemplate" id="9">
          <Anchors>
            <Anchor point="LEFT" relativeTo="$parentOffHand3" relativePoint="RIGHT">
              <Offset>
                <AbsDimension x="2" y="0"/>
              </Offset>
            </Anchor>
          </Anchors>
        </Button>

      </Frames>
    </Frame>

    <Frame name="StanceSets3Frame" frameStrata="LOW" toplevel="true" parent="UIParent" hidden="true" movable="true" enableMouse="true">
    <TitleRegion setAllPoints="true"/>
      <Size>
        <AbsDimension x="465" y="600"/>
      </Size>
      <HitRectInsets>
        <AbsInset left="0" right="30" top="0" bottom="75"/>
      </HitRectInsets>
      <Anchors>
        <Anchor point="TOPLEFT">
          <Offset>
            <AbsDimension x="0" y="-104"/>
          </Offset>
        </Anchor>
      </Anchors>
      <Layers>
        <Layer level="BACKGROUND">
          <FontString inherits="GameFontNormal" justifyH="LEFT" text="STANCESETS3_TITLE">
            <Anchors>
              <Anchor point="TOPLEFT">
                <Offset>
                  <AbsDimension x="90" y="-15"/>
                </Offset>
              </Anchor>
            </Anchors>
          </FontString>                           
        </Layer>
      </Layers>
                  
      <Backdrop bgFile="Interface\DialogFrame\UI-DialogBox-Background" edgeFile="Interface\DialogFrame\UI-DialogBox-Border" tile="true">
      <BackgroundInsets>
        <AbsInset left="11" right="12" top="12" bottom="11"/>
      </BackgroundInsets>
      <TileSize>
        <AbsValue val="32"/>
      </TileSize>
      <EdgeSize>
        <AbsValue val="32"/>
      </EdgeSize>
    </Backdrop>
          
      <Frames>
        <Button name="StanceSets3CloseButton" inherits="UIPanelCloseButton">
          <Anchors>
            <Anchor point="TOPRIGHT" relativeTo="StanceSets3Frame" relativePoint="TOPRIGHT">
              <Offset>
                <AbsDimension x="-2" y="-2"/>
              </Offset>
            </Anchor>
          </Anchors>
        </Button>
        <Button name="StanceSets3CloseButton2" inherits="UIPanelButtonTemplate" text="CLOSE">
          <Size>
            <AbsDimension x="50" y="22"/>
          </Size>
          <Anchors>
            <Anchor point="CENTER" relativePoint="BOTTOMRIGHT">
              <Offset>
                <AbsDimension x="-32" y="20"/>
              </Offset>
            </Anchor>
          </Anchors>
          <Scripts>
            <OnClick>
              HideUIPanel(StanceSets3Frame);
            </OnClick>
          </Scripts>
        </Button>

        <Frame name="$parentSet1" inherits="StanceSets3ListItem">
          <Anchors>
            <Anchor point="TOPLEFT">
              <Offset>
                <AbsDimension x="20" y="-26"/>
              </Offset>
            </Anchor>
          </Anchors>
        </Frame>
        <Frame name="$parentSet2" inherits="StanceSets3ListItem">
          <Anchors>
            <Anchor point="TOPLEFT" relativeTo="$parentSet1" relativePoint="BOTTOMLEFT"/>
          </Anchors>
        </Frame>
        <Frame name="$parentSet3" inherits="StanceSets3ListItem">
          <Anchors>
            <Anchor point="TOPLEFT" relativeTo="$parentSet2" relativePoint="BOTTOMLEFT"/>
          </Anchors>
        </Frame>
        <Frame name="$parentSet4" inherits="StanceSets3ListItem">
          <Anchors>
            <Anchor point="TOPLEFT" relativeTo="$parentSet3" relativePoint="BOTTOMLEFT"/>
          </Anchors>
        </Frame>
        <Frame name="$parentSet5" inherits="StanceSets3ListItem">
          <Anchors>
            <Anchor point="TOPLEFT" relativeTo="$parentSet4" relativePoint="BOTTOMLEFT"/>
          </Anchors>
        </Frame>
        <Frame name="$parentSet6" inherits="StanceSets3ListItem">
          <Anchors>
            <Anchor point="TOPLEFT" relativeTo="$parentSet5" relativePoint="BOTTOMLEFT"/>
          </Anchors>
        </Frame>
        <Frame name="$parentSet7" inherits="StanceSets3ListItem">
          <Anchors>
            <Anchor point="TOPLEFT" relativeTo="$parentSet6" relativePoint="BOTTOMLEFT"/>
          </Anchors>
        </Frame>        
        <Frame name="$parentSet8" inherits="StanceSets3ListItem">
          <Anchors>
            <Anchor point="TOPLEFT" relativeTo="$parentSet7" relativePoint="BOTTOMLEFT"/>
          </Anchors>
        </Frame>                
      </Frames>

      <Scripts>
        <OnLoad>
          StanceSets3_OnLoad();
        </OnLoad>
        <OnShow>
          PlaySound("igCharacterInfoOpen");
          StanceSets3_OnShow();
        </OnShow>
        <OnHide>
          PlaySound("igCharacterInfoClose");
        </OnHide>
        <OnEvent>
          StanceSets3_OnEvent(event, arg1);
        </OnEvent>
      </Scripts>
  </Frame>
</Ui>
