<Bindings>
	<Binding name="WT_TOGGLE" header="WATCHTOWER">
        ToggleWatchTower();
	</Binding>
	<Binding name="WT_OPTIONS" header="WATCHTOWER">
        ShowUIPanel(WT_FrameTemplate);
	</Binding>
	<Binding name="WT_REPORT" header="WATCHTOWER">
        WTReportEnemy();
	</Binding>
	<Binding name="WT_REPORT_GANK" header="WATCHTOWER">
        WTGankReport();
	</Binding>
	<Binding name="WT_REPORT_MULTIPLE" header="WATCHTOWER">
        Sancho_ReportToggle();
	</Binding>
	<Binding name="WT_FACTION" header="WATCHTOWER">
        ToggleFaction();
	</Binding>
	<Binding name="WT_VERBOSE" header="WATCHTOWER">
        ToggleVerboseMode();
	</Binding>
	<Binding name="WT_DEBUG" header="WATCHTOWER">
        ToggleDebugMode();
	</Binding>
</Bindings>