<Ui xmlns="http://www.blizzard.com/wow/ui/" xmlns:xsi="http://www.w3.org/2001/XMLSchema-instance" xsi:schemaLocation="http://www.blizzard.com/wow/ui/..\FrameXML\UI.xsd">
   	<Script file="localization.lua"/>
	<Script file="ABHEFS.lua"/>
	
	<Frame name="ABHEFS_HordeFlagTemplate" virtual="true">
		<Size>
			<AbsDimension x="100" y="12"/>
		</Size>
		<Layers>
			<Layer level="BACKGROUND">
				<Texture name="$parentTexture" file="Interface\Minimap\POIIcons">
					<Size>
						<AbsDimension x="12" y="12"/>
					</Size>
					<Anchors>
						<Anchor point="TOPLEFT"/>
					</Anchors>

				</Texture>
				<FontString name="$parentTimeText" inherits="GameFontNormalSmall" text="prueba">
					<Anchors>
						<Anchor point="LEFT" relativeTo="$parentTexture" relativePoint="RIGHT">
							<Offset>
								<AbsDimension x="5" y="0"/>
							</Offset>
						</Anchor>
					</Anchors>
				</FontString>
			</Layer>
		</Layers>
	</Frame>
	
	<Frame name="ABHEFS_AlianceFlagTemplate" virtual="true">
		<Size>
			<AbsDimension x="100" y="12"/>
		</Size>
		<Layers>
			<Layer level="BACKGROUND">
				<Texture name="$parentTexture" file="Interface\Minimap\POIIcons">
					<Size>
						<AbsDimension x="12" y="12"/>
					</Size>
					<Anchors>
						<Anchor point="TOPRIGHT"/>
					</Anchors>
				</Texture>
				<FontString name="$parentTimeText" inherits="GameFontNormalSmall" text="prueba">
					<Anchors>
						<Anchor point="RIGHT" relativeTo="$parentTexture" relativePoint="LEFT">
							<Offset>
								<AbsDimension x="-5" y="0"/>
							</Offset>
						</Anchor>
					</Anchors>
				</FontString>
			</Layer>
		</Layers>
	</Frame>
	
	<Frame name="ABHEFS_Frame" hidden="false" enableMouse="true" frameStrata="LOW" toplevel="true" movable="true" parent="UIParent">
		<Size>
			<AbsDimension x="160" y="24"/>
		</Size>
		<Anchors>
			<Anchor point="TOPLEFT" relativeTO="AlwaysUpFrame2" relativePoint="BOTTOMLEFT"/>
		</Anchors>
		<Layers>
			<Layer level="BACKGROUND">
				<FontString name="ABHEFS_FrameHeader" movable="true" inherits="GameFontNormalSmall" text="ABHEFS_HEADER">
					<Size>
						<AbsDimension x="180" y="14"/>
					</Size>
					<Anchors>
						<Anchor point="LEFT">
							<Offset>
								<AbsDimension x="0" y="10"/>
							</Offset>
						</Anchor>
					</Anchors>
				</FontString>
				<Texture name="ABHEFS_FrameIcon1" file="Interface\TargetingFrame\UI-PVP-Alliance">
					<Size>
						<AbsDimension x="42" y="42"/>
					</Size>
					<Anchors>
						<Anchor point="TOPLEFT" relativeTo="ABHEFS_FrameHeader" relativePoint="BOTTOMLEFT">
							<Offset>
								<AbsDimension x="20" y="-5"/>
							</Offset>
						</Anchor>
					</Anchors>
				</Texture>
				<FontString name="ABHEFS_FrameText1" inherits="GameFontNormalSmall" text="">
					<Anchors>
						<Anchor point="LEFT" relativeTo="ABHEFS_FrameIcon1" relativePoint="RIGHT">
							<Offset>
								<AbsDimension x="-12" y="10"/>
							</Offset>
						</Anchor>
					</Anchors>
				</FontString>
				<Texture name="ABHEFS_FrameIcon2" file="Interface\TargetingFrame\UI-PVP-Horde">
					<Size>
						<AbsDimension x="42" y="42"/>
					</Size>
					<Anchors>
						<Anchor point="LEFT" relativeTo="ABHEFS_FrameIcon1" relativePoint="RIGHT">
							<Offset>
								<AbsDimension x="35" y="0"/>
							</Offset>
						</Anchor>
					</Anchors>
				</Texture>
				<FontString name="ABHEFS_FrameText2" inherits="GameFontNormalSmall" text="">
					<Anchors>
						<Anchor point="LEFT" relativeTo="ABHEFS_FrameIcon2" relativePoint="RIGHT">
							<Offset>
								<AbsDimension x="-12" y="10"/>
							</Offset>
						</Anchor>
					</Anchors>
				</FontString>
				<FontString name="ABHEFS_FrameTimeText" inherits="GameFontNormalSmall" text="">
					<Size>
						<AbsDimension x="180" y="14"/>
					</Size>
					<Anchors>
						<Anchor point="TOPLEFT" relativeTo="ABHEFS_FrameIcon1" relativePoint="BOTTOMLEFT">
							<Offset>
								<AbsDimension x="-20" y="12"/>
							</Offset>
						</Anchor>
					</Anchors>
				</FontString>
				<FontString name="ABHEFS_FrameNeededText" inherits="GameFontNormalSmall" text="">
					<Anchors>
						<Anchor point="TOPLEFT" relativeTo="ABHEFS_FrameTimeText" relativePoint="BOTTOMLEFT">
							<Offset>
								<AbsDimension x="40" y="-12"/>
							</Offset>
						</Anchor>
					</Anchors>
				</FontString>
			</Layer>
		</Layers>

		<Frames>
			<Frame name="ABHEFS_HordeFlag1" inherits="ABHEFS_HordeFlagTemplate">
				<Anchors>
					<Anchor point="LEFT" relativeTo="ABHEFS_Frame" relativePoint="RIGHT">
						<Offset>
							<AbsDimension x="5" y="8"/>
						</Offset>
					</Anchor>
				</Anchors>
			</Frame>
			<Frame name="ABHEFS_HordeFlag2" inherits="ABHEFS_HordeFlagTemplate">
				<Anchors>
					<Anchor point="TOPLEFT" relativeTo="ABHEFS_HordeFlag1" relativePoint="BOTTOMLEFT"/>
				</Anchors>
			</Frame>
			<Frame name="ABHEFS_HordeFlag3" inherits="ABHEFS_HordeFlagTemplate">
				<Anchors>
					<Anchor point="TOPLEFT" relativeTo="ABHEFS_HordeFlag2" relativePoint="BOTTOMLEFT"/>
				</Anchors>
			</Frame>
			<Frame name="ABHEFS_HordeFlag4" inherits="ABHEFS_HordeFlagTemplate">
				<Anchors>
					<Anchor point="TOPLEFT" relativeTo="ABHEFS_HordeFlag3" relativePoint="BOTTOMLEFT"/>
				</Anchors>
			</Frame>
			<Frame name="ABHEFS_HordeFlag5" inherits="ABHEFS_HordeFlagTemplate">
				<Anchors>
					<Anchor point="TOPLEFT" relativeTo="ABHEFS_HordeFlag4" relativePoint="BOTTOMLEFT"/>
				</Anchors>
			</Frame>

			<Frame name="ABHEFS_AlianceFlag1" inherits="ABHEFS_AlianceFlagTemplate">
				<Anchors>
					<Anchor point="RIGHT" relativeTo="ABHEFS_Frame" relativePoint="LEFT">
						<Offset>
							<AbsDimension x="13" y="8"/>
						</Offset>
					</Anchor>
				</Anchors>
			</Frame>
			<Frame name="ABHEFS_AlianceFlag2" inherits="ABHEFS_AlianceFlagTemplate">
				<Anchors>
					<Anchor point="TOPLEFT" relativeTo="ABHEFS_AlianceFlag1" relativePoint="BOTTOMLEFT"/>
				</Anchors>
			</Frame>
			<Frame name="ABHEFS_AlianceFlag3" inherits="ABHEFS_AlianceFlagTemplate">
				<Anchors>
					<Anchor point="TOPLEFT" relativeTo="ABHEFS_AlianceFlag2" relativePoint="BOTTOMLEFT"/>
				</Anchors>
			</Frame>
			<Frame name="ABHEFS_AlianceFlag4" inherits="ABHEFS_AlianceFlagTemplate">
				<Anchors>
					<Anchor point="TOPLEFT" relativeTo="ABHEFS_AlianceFlag3" relativePoint="BOTTOMLEFT"/>
				</Anchors>
			</Frame>
			<Frame name="ABHEFS_AlianceFlag5" inherits="ABHEFS_AlianceFlagTemplate">
				<Anchors>
					<Anchor point="TOPLEFT" relativeTo="ABHEFS_AlianceFlag4" relativePoint="BOTTOMLEFT"/>
				</Anchors>
			</Frame>

		</Frames>
		
		<Scripts>
			<OnEnter>
			</OnEnter>
			<OnLeave>
			</OnLeave>
			<OnEvent>
				ABHEFS_OnEvent();
			</OnEvent>
			<OnUpdate>
				ABHEFS_OnUpdate();
			</OnUpdate>
			<OnLoad>
				ABHEFS_OnLoad();
			</OnLoad>
			<OnDragStart>
				ABHEFS_OnDragStart();
			</OnDragStart>
			<OnDragStop>
				ABHEFS_OnDragStop();
			</OnDragStop>
			
		</Scripts>
	</Frame>
</Ui>
