<Ui xmlns="http://www.blizzard.com/wow/ui/" xmlns:xsi="http://www.w3.org/2001/XMLSchema-instance" xsi:schemaLocation="http://www.blizzard.com/wow/ui/
..\FrameXML\UI.xsd">
	<Script file="TitanBWP.lua"/>
	<Frame parent="UIParent">
		<Frames>
			<Button name="TitanPanelBWPButton" inherits="TitanPanelComboTemplate" frameStrata="FULLSCREEN" toplevel="true">
				<Scripts>
					<OnLoad>
						this:RegisterEvent("VARIABLES_LOADED")
						this:RegisterEvent("WORLD_MAP_UPDATE")
						this:RegisterEvent("ZONE_CHANGED_NEW_AREA")
					</OnLoad>
					<OnEvent>
						BWP_TITAN_OnEvent(event)
						
					</OnEvent>
					
				</Scripts>
			</Button>
		</Frames>
	</Frame>		
</Ui>