<Ui xmlns="http://www.blizzard.com/wow/ui/" xmlns:xsi="http://www.w3.org/2001/XMLSchema-instance" xsi:schemaLocation="http://www.blizzard.com/wow/ui/
..\FrameXML\UI.xsd">
	<Script file="localization.lua"/>
	<Script file="localization.de.lua"/>
	<Script file="localization.fr.lua"/>
	<Script file="FriendsFacts.lua"/>
	<Frame name="FriendsFacts" hidden="true">
		<Scripts>
			<OnLoad>
				FriendsFacts_OnLoad();
                this:RegisterEvent("VARIABLES_LOADED");
            </OnLoad>
            <OnEvent>
				FriendsFacts_OnEvent(event);
            </OnEvent>
		</Scripts>
	</Frame>
</Ui>