<Ui xmlns="http://www.blizzard.com/wow/ui/" xmlns:xsi="http://www.w3.org/2001/XMLSchema-instance" xsi:schemaLocation="http://www.blizzard.com/wow/ui/
..\FrameXML\UI.xsd">
	<Script file="IMBA_Minimap.lua"/>
	<Frame name="IMBA_Minimap" parent="Minimap">
		<Frames>
			<Frame name="$parent_RaidMarker1" inherits="IMBA_MinimapMarker" hidden="true"/>
			<Frame name="$parent_RaidMarker2" inherits="IMBA_MinimapMarker" hidden="true"/>
			<Frame name="$parent_RaidMarker3" inherits="IMBA_MinimapMarker" hidden="true"/>
			<Frame name="$parent_RaidMarker4" inherits="IMBA_MinimapMarker" hidden="true"/>
			<Frame name="$parent_RaidMarker5" inherits="IMBA_MinimapMarker" hidden="true"/>
			<Frame name="$parent_RaidMarker6" inherits="IMBA_MinimapMarker" hidden="true"/>
			<Frame name="$parent_RaidMarker7" inherits="IMBA_MinimapMarker" hidden="true"/>
			<Frame name="$parent_RaidMarker8" inherits="IMBA_MinimapMarker" hidden="true"/>
			<Frame name="$parent_BossMarker1" inherits="IMBA_MinimapMarker" hidden="true"/>
			<Frame name="$parent_BossMarker2" inherits="IMBA_MinimapMarker" hidden="true"/>
			<Frame name="$parent_BossMarker3" inherits="IMBA_MinimapMarker" hidden="true"/>
			<Frame name="$parent_BossMarker4" inherits="IMBA_MinimapMarker" hidden="true"/>
			<Frame name="$parent_BossMarker5" inherits="IMBA_MinimapMarker" hidden="true"/>
			<Frame name="$parent_BossMarker6" inherits="IMBA_MinimapMarker" hidden="true"/>
			<Frame name="$parent_BossMarker7" inherits="IMBA_MinimapMarker" hidden="true"/>
			<Frame name="$parent_BossMarker8" inherits="IMBA_MinimapMarker" hidden="true"/>
		</Frames>
		<Scripts>
			<OnLoad>
				IMBA_Minimap_OnLoad();
			</OnLoad>
			<OnEvent>
				IMBA_Minimap_OnEvent(event);
			</OnEvent>
		</Scripts>
	</Frame>
</Ui>