<Ui xmlns="http://www.blizzard.com/wow/ui/" xmlns:xsi="http://www.w3.org/2001/XMLSchema-instance" xsi:schemaLocation="http://www.blizzard.com/wow/ui/
..\FrameXML\UI.xsd">
	<Script file="IMBA_Main.lua"/>

	<Frame name="IMBA_Main" toplevel="true" parent="UIParent" enableMouse="true" movable="true">
		
		<Scripts>
			<OnLoad>
				IMBA_OnLoad();
			</OnLoad>
			<OnUpdate>
				IMBA_OnUpdate();
			</OnUpdate>
			<OnEvent>
				IMBA_OnEvent(event);
			</OnEvent>
			<OnShow>				
				IMBA_RegisterEvents();
			</OnShow>
			<OnHide>				
				IMBA_UnregisterEvents();
			</OnHide>
		</Scripts>
	</Frame>

	<Frame name="IMBA_Root" parent="UIParent">
		<Anchors>
			<Anchor point="CENTER"/>
		</Anchors>
	</Frame>



</Ui>