<Ui xmlns="http://www.blizzard.com/wow/ui/" xmlns:xsi="http://www.w3.org/2001/XMLSchema-instance" xsi:schemaLocation="http://www.blizzard.com/wow/ui/
..\FrameXML\UI.xsd">
	<Script file="Localization.lua"/>
	<Script file="Preferences.lua"/>
	<Script file="BonusScanner.lua"/>
	<Script file="TitanItemBonuses.lua"/>
	<Frame parent="UIParent">
		<Frames>
			<Button name="TitanPanelItemBonusesButton" inherits="TitanPanelComboTemplate" frameStrata="FULLSCREEN" toplevel="true">
				<Scripts>
					<OnLoad>
						TitanPanelItemBonusesButton_OnLoad();
						TitanPanelButton_OnLoad();
					</OnLoad>
					<OnEvent>
						TitanPanelItemBonusesButton_OnEvent();
					</OnEvent>
				</Scripts>
			</Button>
		</Frames>
	</Frame>	
	<GameTooltip name="TPIBonTooltip" frameStrata="TOOLTIP" hidden="true" parent="UIParent" inherits="GameTooltipTemplate"/>
</Ui>