<Ui xmlns="http://www.blizzard.com/wow/ui/">
	<Script file="misc.lua"/>
	<Script file="faction.lua"/>
	<Script file="paperdoll.lua"/>
	<Script file="movers.lua"/>
	<Script file="addonList.lua"/>
	<Script file="deathRecap.lua"/>
	<Script file="questItemLevel.lua"/>
	<Script file="questLevel.lua"/>
	<Script file="questReward.lua"/>
	<Script file="losecontrol.lua"/>
	<Script file="alreadyKnown.lua"/>
	<Script file="trainAllButton.lua"/>
	<Script file="undressButton.lua"/>
	<Script file="originalCloseButton.lua"/>
	<Script file="addonsCompatibility.lua"/>
	<Script file="modelframes.lua"/>
	<Script file="merchant.lua"/>
	<Script file="raidmarkers.lua"/>
	<Script file="worldMapFrame.lua"/>

	<Script file="characterFrame.lua"/>

	<Frame name="CharacterStatFrameTemplate" virtual="true">
		<Size x="187" y="15"/>
		<Layers>
			<Layer level="ARTWORK">
				<FontString name="$parentLabel" justifyH="LEFT" inherits="GameFontNormalSmall">
					<Size x="122" y="0"/>
					<Anchors>
						<Anchor point="LEFT">
							<Offset x="7" y="0"/>
						</Anchor>
					</Anchors>
				</FontString>
				<FontString name="$parentStatText" justifyH="RIGHT" inherits="GameFontHighlightSmall">
					<Anchors>
						<Anchor point="RIGHT">
							<Offset x="-3" y="0"/>
						</Anchor>
					</Anchors>
				</FontString>
			</Layer>
		</Layers>
		<Scripts>
			<OnEnter>
				PaperDollStatTooltip("player")
			</OnEnter>
			<OnLeave>
				GameTooltip:Hide()
			</OnLeave>
		</Scripts>
	</Frame>

	<Frame name="StatGroupTemplate" virtual="true">
		<Size x="187" y="0"/>
		<Frames>
			<Button name="$parentToolbar" parentKey="Toolbar">
				<Size x="150" y="18"/>
				<Anchors>
					<Anchor point="TOP"/>
				</Anchors>
				<Layers>
					<Layer level="OVERLAY">
						<FontString name="$parentText" inherits="GameFontHighlight" justifyH="LEFT">
							<Anchors>
								<Anchor point="CENTER"/>
							</Anchors>
						</FontString>
					</Layer>
				</Layers>
				<Scripts>
					<OnLoad>
						self:RegisterForDrag("LeftButton")
						self:SetTemplate("Default", true)
					</OnLoad>
					<OnClick>
						if self:GetParent().collapsed then
							PaperDollFrame_ExpandStatCategory(self:GetParent())
							CharacterStatsPane.collapsedData[self:GetParent().Category] = false
						else
							PaperDollFrame_CollapseStatCategory(self:GetParent())
							CharacterStatsPane.collapsedData[self:GetParent().Category] = true
						end
					</OnClick>
					<OnDragStart>
						PaperDollStatCategory_OnDragStart(self:GetParent())
					</OnDragStart>
					<OnDragStop>
						PaperDollStatCategory_OnDragStop(self:GetParent())
					</OnDragStop>
				</Scripts>
			</Button>
			<Frame name="$parentStat1" inherits="CharacterStatFrameTemplate">
				<Anchors>
					<Anchor point="TOPLEFT">
						<Offset>
							<AbsDimension x="0" y="-23"/>
						</Offset>
					</Anchor>
					<Anchor point="RIGHT">
						<Offset>
							<AbsDimension x="-4" y="0"/>
						</Offset>
					</Anchor>
				</Anchors>
			</Frame>
		</Frames>
		<Scripts>
			<OnLoad>
				self.NameText = _G[self:GetName().."ToolbarText"]
				self.Toolbar = _G[self:GetName().."Toolbar"]
			</OnLoad>
		</Scripts>
	</Frame>

	<Button name="PlayerTitleButtonTemplate2" virtual="true">
		<Size x="169" y="22"/>
		<Anchors>
			<Anchor point="LEFT">
				<Offset x="2" y="0"/>
			</Anchor>
		</Anchors>
		<Layers>
			<Layer level="BACKGROUND">
				<Texture name="$parentStripe">
					<Anchors>
						<Anchor point="TOPLEFT"/>
						<Anchor point="BOTTOMRIGHT"/>
					</Anchors>
				</Texture>
			</Layer>
			<Layer level="BORDER">
				<Texture name="$parentCheck" file="Interface\Buttons\UI-CheckBox-Check">
					<Size x="16" y="16"/>
					<Anchors>
						<Anchor point="LEFT">
							<Offset x="8" y="0"/>
						</Anchor>
					</Anchors>
				</Texture>
			</Layer>
			<Layer level="OVERLAY">
				<Texture name="$parentSelectedBar" file="Interface\FriendsFrame\UI-FriendsFrame-HighlightBar" alphaMode="ADD" hidden="true"/>
			</Layer>
		</Layers>
		<Scripts>
			<OnLoad>
				self.Stripe = _G[self:GetName().."Stripe"]
				self.Check = _G[self:GetName().."Check"]
				self.SelectedBar = _G[self:GetName().."SelectedBar"]
				self.SelectedBar:SetAlpha(0.4)
				self.text = _G[self:GetName().."TitleText"]
			</OnLoad>
			<OnClick>
				SetCurrentTitle(self.titleId)
			</OnClick>
		</Scripts>
		<ButtonText name="$parentTitleText" inherits="GameFontNormalSmall" justifyH="LEFT">
			<Anchors>
				<Anchor point="LEFT" relativeTo="$parentCheck" relativePoint="RIGHT">
					<Offset x="3" y="0"/>
				</Anchor>
				<Anchor point="RIGHT">
					<Offset x="-3" y="0"/>
				</Anchor>
			</Anchors>
		</ButtonText>
		<HighlightTexture file="Interface\AddOns\ElvUI_Enhanced\Media\Textures\UI-FriendsFrame-HighlightBar-Blue" alphaMode="ADD"/>
	</Button>
</Ui>