<Ui xmlns="http://www.blizzard.com/wow/ui/" xmlns:xsi="http://www.w3.org/2001/XMLSchema-instance" xsi:schemaLocation="http://www.blizzard.com/wow/ui/
..\FrameXML\UI.xsd">

	<GameTooltip name="LinkeratorTip" inherits="GameTooltipTemplate" parent="UIParent" hidden="true">
		<Scripts>
			<OnLoad>
				this:SetOwner(UIParent, "ANCHOR_NONE");
			</OnLoad>
		</Scripts>
	</GameTooltip>

	<Frame name="LinkeratorFrame">
		<Scripts>
			<OnLoad>
				FLT_OnLoad();
			</OnLoad>
			<OnUpdate>
				FLT_OnUpdate(arg1);
			</OnUpdate>
			<OnEvent>
				FLT_OnEvent(event);
			</OnEvent>
		</Scripts>
	</Frame>

</Ui>
