 <Ui xmlns="http://www.blizzard.com/wow/ui/" xmlns:xsi="http://www.w3.org/2001/XMLSchema-instance" xsi:schemaLocation="http://www.blizzard.com/wow/ui/
..\FrameXML\UI.xsd">
    <Script file="Indicator.lua"/>
    <Frame name="StrategosIndicatorFrameTemplate" hidden="true" virtual="true">
        <Layers>
            <Layer level="OVERLAY">
                <Texture name="$parentPin" file="Interface\Addons\StrategosCore\Textures\StarSmall.tga">
                    <Anchors>
                        <Anchor point="CENTER" relativeTo="$parent"/>
                    </Anchors>
                    <Size>
                        <AbsDimension x="8" y="8"/>
                    </Size>
                </Texture>
            </Layer>
        </Layers>
        <Size>
            <AbsDimension x="40" y="40"/>
        </Size>
        <Frames>
            <Frame name="$parentRing" inherits="StrategosRingFrameTemplate">
                <Anchors>
                    <Anchor point="CENTER" relativeTo="$parent"/>
                </Anchors>
            </Frame>
        </Frames>
        <Scripts>
            <OnLoad>
                StrategosCore.Indicator:new(this)
            </OnLoad>
        </Scripts>
    </Frame>
</Ui>
