<Ui xmlns="http://www.blizzard.com/wow/ui/" xmlns:xsi="http://www.w3.org/2001/XMLSchema-instance" xsi:schemaLocation="http://www.blizzard.com/wow/ui/
..\FrameXML\UI.xsd">
	<Script file="RecipeBookShare.lua"/>
	<Frame name ="RecipeBookMessenger_CountdownFrame" hidden = "true">
		<Scripts>
			<OnUpdate> RecipeBookMessenger_CountdownUpdate(arg1, RECIPEBOOK_SEND_PAUSE);</OnUpdate>
			<OnHide>	RecipeBookMessenger_SendDataBatch(this.listinuse[1], this.listinuse[2], this.listinuse[3], this.listinuse[4]);</OnHide>
		</Scripts>
	</Frame>
	<Frame name ="RecipeBookMessenger_InterSkillFrame" hidden = "true">
		<Scripts>
			<OnUpdate> RecipeBookMessenger_CountdownUpdate(arg1, RECIPEBOOK_AUTOSEND_TIMEOUT);</OnUpdate>
			<OnHide>	RecipeBookMessenger_InitiateSession(RecipeBookMessenger_GetName(), "Queue");</OnHide>
		</Scripts>
	</Frame>
	<Frame name ="RecipeBookMessenger_SendDelayFrame" hidden = "true">
		<Scripts>
			<OnUpdate> RecipeBookMessenger_CountdownUpdate(arg1, RECIPEBOOK_INITIAL_PAUSE);</OnUpdate>
			<OnHide>	RecipeBookMessenger_SendData(RecipeBookMessenger_GetName(), RecipeBookMessenger_GetTradeskill());</OnHide>
		</Scripts>
	</Frame>
</Ui>