<Ui xmlns="http://www.blizzard.com/wow/ui/"   xmlns:xsi="http://www.w3.org/2001/XMLSchema-instance"   xsi:schemaLocation="http://www.blizzard.com/wow/ui/"> 
	<Script file="RandomMount.lua"/> 
	
	<!-- Frame to handle all core events --> 
	<Frame name="RANDOM_MOUNT"> 
		<Scripts> 
			<OnLoad>
				RANDOM_MOUNT_initialize(); 
			</OnLoad>
			<OnEvent>
				RANDOM_MOUNT_OnEvent();
			</OnEvent>
		</Scripts> 
	</Frame> 
	<GameToolTip name="rmbToolTip" inherits="GameTooltipTemplate" hidden="true">
		
	</GameToolTip>
</Ui>