<Bindings>
	<Binding name='Settings' header="FeralSkills">
		FeralSkills:Show();
	</Binding>
	<Binding name='Maul'>
		FeralSkills_Maul();
	</Binding>
	<Binding name='Claw'>
		FeralSkills_Claw();
	</Binding>
	<Binding name='Shred'>
		FeralSkills_Shred();
	</Binding>
	<Binding name='Shift'>
		FeralSkills_Shift();
	</Binding>
	<Binding name='ShiftBear'>
		FeralSkills_ShiftToBear();
	</Binding>
	<Binding name='ShiftCat'>
		FeralSkills_ShiftToCat();
	</Binding>
	<Binding name='ShiftTravel'>
		FeralSkills_ShiftToTravel();
	</Binding>
	<Binding name='ShiftMount'>
		FeralSkills_ShiftToMount();
	</Binding>
</Bindings>