﻿<Ui xmlns="http://www.blizzard.com/wow/ui" xmlns:xsi="http://www.w3.org/2001/XMLSchema-instance">
	<GameTooltip name="FeralSkills_Tooltip" hidden="true" inherits="GameTooltipTemplate">
		<Scripts>
			<OnLoad> 
				this:SetOwner(UIParent, "ANCHOR_NONE"); 
			</OnLoad>
		</Scripts>
	</GameTooltip>
	<Frame name="DropDownFrameShiftBear" inherits="UIDropDownMenuTemplate" hidden="false" parent="PanelShiftSettings"> 
		<Size>
			<AbsDimension x="76" y="22" />
            </Size>
            <Anchors>
			<Anchor point="TOPLEFT">
				<Offset>
					<AbsDimension x="152" y="-38" />
				</Offset>
            	</Anchor>
            </Anchors>
            <Scripts> 
			<OnLoad> 
				DropDownFrameShiftBear_OnLoad(); 
			</OnLoad> 
		</Scripts> 
	</Frame>
	<Frame name="DropDownFrameShiftCat" inherits="UIDropDownMenuTemplate" hidden="false" parent="PanelShiftSettings"> 
		<Size>
			<AbsDimension x="76" y="22" />
            </Size>
            <Anchors>
			<Anchor point="TOPLEFT">
				<Offset>
					<AbsDimension x="152" y="-132" />
				</Offset>
            	</Anchor>
            </Anchors>
            <Scripts> 
			<OnLoad> 
				DropDownFrameShiftCat_OnLoad(); 
			</OnLoad> 
		</Scripts> 
	</Frame>
	<Frame name="DropDownFrameShiftTravel" inherits="UIDropDownMenuTemplate" hidden="false" parent="PanelShiftSettings"> 
		<Size>
			<AbsDimension x="76" y="22" />
            </Size>
            <Anchors>
			<Anchor point="TOPLEFT">
				<Offset>
					<AbsDimension x="152" y="-226" />
				</Offset>
            	</Anchor>
            </Anchors>
            <Scripts> 
			<OnLoad> 
				DropDownFrameShiftTravel_OnLoad(); 
			</OnLoad> 
		</Scripts> 
	</Frame>
	<Frame name="DropDownFrameShiftMount" inherits="UIDropDownMenuTemplate" hidden="false" parent="PanelShiftSettings"> 
		<Size>
			<AbsDimension x="76" y="22" />
            </Size>
            <Anchors>
			<Anchor point="TOPLEFT">
				<Offset>
					<AbsDimension x="152" y="-301" />
				</Offset>
            	</Anchor>
            </Anchors>
            <Scripts> 
			<OnLoad> 
				DropDownFrameShiftMount_OnLoad(); 
			</OnLoad> 
		</Scripts> 
	</Frame>
	<Frame name="DropDownFrameShredPounce" inherits="UIDropDownMenuTemplate" hidden="false" parent="PanelShredSettings"> 
		<Size>
			<AbsDimension x="76" y="22" />
            </Size>
            <Anchors>
			<Anchor point="TOPLEFT">
				<Offset>
					<AbsDimension x="141" y="-114" />
				</Offset>
            	</Anchor>
            </Anchors>
            <Scripts> 
			<OnLoad> 
				DropDownFrameShredPounce_OnLoad(); 
			</OnLoad> 
		</Scripts> 
	</Frame>
</Ui>