<Ui xmlns="http://www.blizzard.com/wow/ui/" xmlns:xsi="http://www.w3.org/2001/XMLSchema-instance" xsi:schemaLocation="http://www.blizzard.com/wow/ui/
	..\FrameXML\UI.xsd">

	<Script file="NovaWatch.lua"/>
	<Script file="NovaWatch_Globals.lua"/>
	<Script file="localization.lua"/>
	<Script file="localization_de.lua"/>
	<Script file="localization_fr.lua"/>
	<Frame name="NovaWatch" parent="UIParent" hidden="true" movable="true">
		<Size>
			<AbsDimension x="206" y="26"/>
		</Size>
		<Anchors>
			<Anchor point="CENTER">
				<Offset>
					<AbsDimension x="0" y="80"/>
				</Offset>
			</Anchor>
		</Anchors>
		<Layers>
			<Layer level="BACKGROUND">
				<Texture>
					<Size>
						<AbsDimension x="195" y="13"/>
					</Size>
					<Anchors>
						<Anchor point="TOP">
							<Offset>
								<AbsDimension x="0" y="-2"/>
							</Offset>
						</Anchor>
					</Anchors>
					<Color r="0" g="0" b="0" a="0.5"/>
				</Texture>		
			</Layer>
			<Layer level="OVERLAY">
				<FontString name="NovaWatchText" inherits="GameFontHighlight">
					<Size>
						<AbsDimension x="185" y="16"/>
					</Size>
					<Anchors>
						<Anchor point="TOP">
							<Offset>
								<AbsDimension x="0" y="0"/>
							</Offset>
						</Anchor>
					</Anchors>
				</FontString>
				<FontString name="NovaWatchCounterText" inherits="GameFontHighlight">
					<Size>
						<AbsDimension x="50" y="16"/>
					</Size>
					<Anchors>
						<Anchor point="TOP">
							<Offset>
								<AbsDimension x="80" y="0"/>
							</Offset>
						</Anchor>
					</Anchors>
				<Scripts>
					<OnLoad>
						this:Hide();
					</OnLoad>
				</Scripts>
				</FontString>				
				<Texture file="Interface\Tooltips\UI-StatusBar-Border">
					<Size>
						<AbsDimension x="205" y="20"/>
					</Size>
					<Anchors>
						<Anchor point="TOP">
							<Offset>
								<AbsDimension x="0" y="2"/>
							</Offset>
						</Anchor>
					</Anchors>
				</Texture>
			</Layer>
		</Layers>
		<Frames>
			<StatusBar name="NovaWatchFrameStatusBar">
				<Size>
					<AbsDimension x="195" y="13"/>
				</Size>
				<Anchors>
					<Anchor point="TOP">
						<Offset>
							<AbsDimension x="0" y="-2"/>
						</Offset>
					</Anchor>
				</Anchors>
				<Layers>
					<Layer level="OVERLAY">
						<Texture name="NovaWatchSpark" file="Interface\CastingBar\UI-CastingBar-Spark" alphaMode="ADD">
							<Size>
								<AbsDimension x="32" y="32"/>
							</Size>
							<Anchors>
								<Anchor point="CENTER">
									<Offset>
										<AbsDimension x="0" y="0"/>
									</Offset>
								</Anchor>
							</Anchors>
						</Texture>
					</Layer>
				</Layers>
				<Scripts>
					<OnLoad>
						this:SetFrameLevel(this:GetFrameLevel() - 1)
					</OnLoad>
				</Scripts>
				<BarTexture file="Interface\TargetingFrame\UI-StatusBar"/>
				<BarColor r="1.0" g="1.0" b="0.0"/>
			</StatusBar>
		</Frames>
		<Scripts>
			<OnLoad>
				NovaWatch_Globals();
				NovaWatch_OnLoad();
			</OnLoad>
			<OnShow>
				NovaWatch_OnShow();
			</OnShow>
			<OnEvent>
				NovaWatch_OnEvent(event);
			</OnEvent>
			<OnUpdate>
				NovaWatch_OnUpdate();
			</OnUpdate>
 			<OnMouseDown>
 				if ( arg1 == "LeftButton" and NOVAWATCH.STATUS == 3) then
 					this:StartMoving();
 				end
 			</OnMouseDown>
 			<OnMouseUp>
 				if ( arg1 == "LeftButton" ) then
 					this:StopMovingOrSizing();
 				end
 			</OnMouseUp>

		</Scripts>
	</Frame>


</Ui>
