<Ui xmlns="http://www.blizzard.com/wow/ui/" xmlns:xsi="http://www.w3.org/2001/XMLSchema-instance" xsi:schemaLocation="http://www.blizzard.com/wow/ui/">

<Script file="localization.lua"/>
<Script file="DUF_Default.lua"/>
<Script file="DUF_Custom.lua"/>
<Script file="DUF_Set.lua"/>
<Script file="DUF_Get.lua"/>
<Script file="DUF_DefaultUIHooks.lua"/>
<Script file="DUF_Main.lua"/>
<Script file="DUF_Initialization.lua"/>
<Script file="DUF_Element.lua"/>
<Script file="DUF_UnitFrame.lua"/>
<Script file="DUF_StatusBars.lua"/>
<Script file="DUF_Icons.lua"/>
<Script file="DUF_TextBox.lua"/>
<Script file="DUF_Variables.lua"/>

</Ui>