<Ui xmlns="http://www.blizzard.com/wow/ui/" xmlns:xsi="http://www.w3.org/2001/XMLSchema-instance" xsi:schemaLocation="http://www.blizzard.com/wow/ui/">

<Frame name="DUF_EventFrame" parent="UIParent">
	<Scripts>
		<OnLoad>
			DUF_Main_OnLoad();
		</OnLoad>
		<OnEvent>
			DUF_Main_OnEvent(event);
		</OnEvent>
		<OnUpdate>
			DUF_Main_OnUpdate(arg1);
		</OnUpdate>
	</Scripts>
</Frame>

<Button name="DUF_PlayerFrame" inherits="DUF_UnitFrameTemplate" id="1">
	<Frames>
		<Button name="$parent_XPBar" inherits="DUF_StatusBarTemplate" id="3"/>
		<Button name="$parent_HonorBar" inherits="DUF_StatusBarTemplate" id="6"/>
		<Frame name="$parent_DropDown" inherits="DUF_UnitPopupTemplate" id="1"/>
	</Frames>
</Button>

<Button name="DUF_TargetFrame" inherits="DUF_UnitFrameTemplate" id="1">
	<Frames>
		<Button name="$parent_ComboPoints" inherits="DUF_ElementTemplate">
			<Frames>
				<Frame name="$parent_1" inherits="DUF_ComboPointTemplate"/>
				<Frame name="$parent_2" inherits="DUF_ComboPointTemplate"/>
				<Frame name="$parent_3" inherits="DUF_ComboPointTemplate"/>
				<Frame name="$parent_4" inherits="DUF_ComboPointTemplate"/>
				<Frame name="$parent_5" inherits="DUF_ComboPointTemplate"/>
			</Frames>
		</Button>
		<Button name="$parent_EliteTexture" inherits="DUF_ElementTemplate">
			<Layers>
				<Layer level="ARTWORK">
					<Texture name="$parent_Texture">
						<Size><AbsDimension x="128" y="128" /></Size>
						<Anchors>
							<Anchor point="TOPLEFT"/>
							<Anchor point="BOTTOMRIGHT"/>
						</Anchors>
					</Texture>
				</Layer>
			</Layers>
		</Button>
		<Frame name="$parent_DropDown" inherits="DUF_UnitPopupTemplate" id="1"/>
	</Frames>
</Button>

<Button name="DUF_TargetOfTargetFrame" inherits="DUF_UnitFrameTemplate" id="1"/>

<Button name="DUF_PartyFrame1" inherits="DUF_UnitFrameTemplate" id="1">
	<Frames>
		<Frame name="$parent_DropDown" inherits="DUF_UnitPopupTemplate" id="1"/>
	</Frames>
</Button>
<Button name="DUF_PartyFrame2" inherits="DUF_UnitFrameTemplate" id="2">
	<Frames>
		<Frame name="$parent_DropDown" inherits="DUF_UnitPopupTemplate" id="1"/>
	</Frames>
</Button>
<Button name="DUF_PartyFrame3" inherits="DUF_UnitFrameTemplate" id="3">
	<Frames>
		<Frame name="$parent_DropDown" inherits="DUF_UnitPopupTemplate" id="1"/>
	</Frames>
</Button>
<Button name="DUF_PartyFrame4" inherits="DUF_UnitFrameTemplate" id="4">
	<Frames>
		<Frame name="$parent_DropDown" inherits="DUF_UnitPopupTemplate" id="1"/>
	</Frames>
</Button>

<Button name="DUF_PetFrame" inherits="DUF_UnitFrameTemplate" id="1">
	<Frames>
		<Button name="$parent_XPBar" inherits="DUF_StatusBarTemplate" id="3"/>
		<Button name="$parent_HappinessIcon" inherits="DUF_IconTemplate">
			<Scripts>
				<OnUpdate>
					DUF_HappinessIcon_Update();
				</OnUpdate>
				<OnEnter>
					DUF_Element_OnEnter()
					DUF_HappinessIcon_OnEnter();
				</OnEnter>
			</Scripts>
		</Button>
		<Frame name="$parent_DropDown" inherits="DUF_UnitPopupTemplate" id="1"/>
	</Frames>
</Button>

<Button name="DUF_PartyPetFrame1" inherits="DUF_UnitFrameTemplate" id="1"/>
<Button name="DUF_PartyPetFrame2" inherits="DUF_UnitFrameTemplate" id="2"/>
<Button name="DUF_PartyPetFrame3" inherits="DUF_UnitFrameTemplate" id="3"/>
<Button name="DUF_PartyPetFrame4" inherits="DUF_UnitFrameTemplate" id="4"/>

</Ui>