<Ui xmlns="http://www.blizzard.com/wow/ui/" xmlns:xsi="http://www.w3.org/2001/XMLSchema-instance" xsi:schemaLocation="http://www.blizzard.com/wow/ui/
..\FrameXML\UI.xsd">

	<Script file="ImproveDressingRoom.lua"/>
	<Frame name="ImproveDressingRoomFrame" parent="DressUpFrame" enableMouse="true" hidden="false">
		<Size>
			<AbsDimension x="316" y="332"/>
		</Size>
		<Anchors>
			<Anchor point="BOTTOM" relativeTo="$parent" relativePoint="BOTTOM">
				<Offset>
					<AbsDimension x="-11" y="104"/>
				</Offset>
			</Anchor>
		</Anchors>
		<Scripts> 
			<OnLoad> 
				this:SetFrameLevel(DressUpFrame:GetFrameLevel() + 1);
				ImproveDressingRoomModel_OnLoad();
			</OnLoad> 
			<OnShow>
				DressUpModelRotateRightButton:Hide();
				DressUpModelRotateLeftButton:Hide();
				DressUpModel:SetHeight(332);
				DressUpModel:SetPoint("BOTTOM", "DressUpFrame", "BOTTOM", -11, 104);
			</OnShow>
			<OnMouseDown>
				ImproveDressingRoom_OnMouseDown(arg1);
			</OnMouseDown>
			<OnMouseUp>
				ImproveDressingRoom_OnMouseUp(arg1, "ImproveDressingRoomFrame");
			</OnMouseUp>
			<OnUpdate>
				ImproveDressingRoom_OnUpdate(arg1);
			</OnUpdate>
			<OnMouseWheel>
				ImproveDressingRoom_OnMouseWheel(arg1, "ImproveDressingRoomFrame");
			</OnMouseWheel>
		</Scripts>
	</Frame>
	
	<Frame name="ImproveAHDressingRoomFrame" parent="AuctionDressUpFrame" enableMouse="true" hidden="true">
		<Size>
			<AbsDimension x="187" y="385"/>
		</Size>
		<Scripts> 
			<OnLoad> 
				ImproveAHDressingRoomModel_Load();
			</OnLoad> 
			<OnEvent>
				ImproveAHDressingRoomModel_Event();
			</OnEvent>
			<OnMouseDown>
				ImproveDressingRoom_OnMouseDown(arg1);
			</OnMouseDown>
			<OnMouseUp>
				ImproveDressingRoom_OnMouseUp(arg1, "ImproveAHDressingRoomFrame");
			</OnMouseUp>
			<OnUpdate>
				ImproveDressingRoom_OnUpdate(arg1);
			</OnUpdate>
			<OnMouseWheel>
				ImproveDressingRoom_OnMouseWheel(arg1, "ImproveAHDressingRoomFrame");
			</OnMouseWheel>
		</Scripts>
	</Frame>
</Ui>