<Ui xmlns="http://www.blizzard.com/wow/ui/" xmlns:xsi="http://www.w3.org/2001/XMLSchema-instance" xsi:schemaLocation="http://www.blizzard.com/wow/ui/ ..\FrameXML\UI.xsd">
	<Script file="localization.lua"/>
	<Script file="localization.de.lua"/>
	<Script file="localization.fr.lua"/>
	<Script file="QuestItem.lua"/>
	<Script file="QuestItemTooltip.lua" />
	<Include file="QuestItemConfig.xml" />
	<!--Script file="QuestItemSky.lua" /-->
	<Frame name="QuestItem" parent="UIParent" hidden="true">
		<Scripts>
			<OnLoad>
				QuestItem_OnLoad();
				--QuestItem_Menu_OnLoad();
			</OnLoad>
			<OnEvent>
				QuestItem_OnEvent(event);
			</OnEvent>
		</Scripts>
	</Frame>
</Ui>