<Bindings>
  <Binding name="Smart Restore" header="SMARTRESTORE">SR_SmartRestore()</Binding>
  <Binding name="Smart Bandage">SR_Bandage()</Binding>
  <Binding name="Smart Health Potion">SR_Health()</Binding>
  <Binding name="Smart Mana Potion">SR_Mana()</Binding>
  <Binding name="Smart Potion">SR_SmartPotion()</Binding>
  <Binding name="Smart Food">SR_Eat()</Binding>
  <Binding name="Smart Drink">SR_Drink()</Binding>
  <Binding name="Smart">SR_SmartUse()</Binding>
  <Binding name="Smart Buff">SR_Buff()</Binding>
  <Binding name="Smart Anti-Venom">SR_AntiVenom()</Binding>
</Bindings>
