<Ui xmlns="http://www.blizzard.com/wow/ui/" xmlns:xsi="http://www.w3.org/2001/XMLSchema-instance" xsi:schemaLocation="http://www.blizzard.com/wow/ui/ C:\Projects\WoW\Bin\Interface\FrameXML\UI.xsd">
	<Script file="localization.lua"/>
	<Script file="EasyWho.lua"/>
	
	<Frame name="EW_Frame" parent="UIParent" hidden="false">
   	<Scripts>
      	<OnLoad>
         	EW_OnLoad();
			</OnLoad>
         <OnUpdate>
         	EW_OnUpdate();
         </OnUpdate>
         <OnEvent>
          	EW_OnEvent(event);
         </OnEvent>
		</Scripts>
	</Frame>
	
	<Button name="Button_Mage" inherits="UIPanelButtonTemplate" text="EW_MAGE" parent="FriendsFrame">
		<Size>
			<AbsDimension x="96" y="21"/>
		</Size>
		<Anchors>
			<Anchor point="TOPLEFT" relativeTo="FriendsFrame" relativePoint="TOPRIGHT">
				<Offset>
					<AbsDimension x="-36" y="-34"/>
				</Offset>
			</Anchor>
		</Anchors>
		<Scripts>
			<OnClick>
				EW_OnClick(EW_MAGE);
			</OnClick>
		</Scripts>
		<NormalText inherits="GameFontNormalSmall"/>
		<HighlightText inherits="GameFontHighlightSmall"/>
	</Button>
	<Button name="Button_Warlock" inherits="UIPanelButtonTemplate" text="EW_WARLOCK" parent="FriendsFrame">
		<Size>
			<AbsDimension x="96" y="21"/>
		</Size>
		<Anchors>
			<Anchor point="TOPLEFT" relativeTo="Button_Mage" relativePoint="TOPLEFT">
				<Offset>
					<AbsDimension x="0" y="-20"/>
				</Offset>
			</Anchor>
		</Anchors>
		<Scripts>
			<OnClick>
				EW_OnClick(EW_WARLOCK);
			</OnClick>
		</Scripts>
		<NormalText inherits="GameFontNormalSmall"/>
		<HighlightText inherits="GameFontHighlightSmall"/>
	</Button>
	<Button name="Button_Shaman" inherits="UIPanelButtonTemplate" text="EW_SHAMAN" parent="FriendsFrame">
		<Size>
			<AbsDimension x="96" y="21"/>
		</Size>
		<Anchors>
			<Anchor point="TOPLEFT" relativeTo="Button_Warlock" relativePoint="TOPLEFT">
				<Offset>
					<AbsDimension x="0" y="-20"/>
				</Offset>
			</Anchor>
		</Anchors>
		<Scripts>
			<OnClick>
				EW_OnClick(EW_SHAMAN);
			</OnClick>
		</Scripts>
		<NormalText inherits="GameFontNormalSmall"/>
		<HighlightText inherits="GameFontHighlightSmall"/>
	</Button>
	<Button name="Button_Paladin" inherits="UIPanelButtonTemplate" text="EW_PALADIN" parent="FriendsFrame">
		<Size>
			<AbsDimension x="96" y="21"/>
		</Size>
		<Anchors>
			<Anchor point="TOPLEFT" relativeTo="Button_Warlock" relativePoint="TOPLEFT">
				<Offset>
					<AbsDimension x="0" y="-20"/>
				</Offset>
			</Anchor>
		</Anchors>
		<Scripts>
			<OnClick>
				EW_OnClick(EW_PALADIN);
			</OnClick>
		</Scripts>
		<NormalText inherits="GameFontNormalSmall"/>
		<HighlightText inherits="GameFontHighlightSmall"/>
	</Button>
	<Button name="Button_Warrior" inherits="UIPanelButtonTemplate" text="EW_WARRIOR" parent="FriendsFrame">
		<Size>
			<AbsDimension x="96" y="21"/>
		</Size>
		<Anchors>
			<Anchor point="TOPLEFT" relativeTo="Button_Shaman" relativePoint="TOPLEFT">
				<Offset>
					<AbsDimension x="0" y="-20"/>
				</Offset>
			</Anchor>
		</Anchors>
		<Scripts>
			<OnClick>
				EW_OnClick(EW_WARRIOR);
			</OnClick>
		</Scripts>
		<NormalText inherits="GameFontNormalSmall"/>
		<HighlightText inherits="GameFontHighlightSmall"/>
	</Button>
	<Button name="Button_Hunter" inherits="UIPanelButtonTemplate" text="EW_HUNTER" parent="FriendsFrame">
		<Size>
			<AbsDimension x="96" y="21"/>
		</Size>
		<Anchors>
			<Anchor point="TOPLEFT" relativeTo="Button_Warrior" relativePoint="TOPLEFT">
				<Offset>
					<AbsDimension x="0" y="-20"/>
				</Offset>
			</Anchor>
		</Anchors>
		<Scripts>
			<OnClick>
				EW_OnClick(EW_HUNTER);
			</OnClick>
		</Scripts>
		<NormalText inherits="GameFontNormalSmall"/>
		<HighlightText inherits="GameFontHighlightSmall"/>
	</Button>
	<Button name="Button_Rogue" inherits="UIPanelButtonTemplate" text="EW_ROGUE" parent="FriendsFrame">
		<Size>
			<AbsDimension x="96" y="21"/>
		</Size>
		<Anchors>
			<Anchor point="TOPLEFT" relativeTo="Button_Hunter" relativePoint="TOPLEFT">
				<Offset>
					<AbsDimension x="0" y="-20"/>
				</Offset>
			</Anchor>
		</Anchors>
		<Scripts>
			<OnClick>
				EW_OnClick(EW_ROGUE);
			</OnClick>
		</Scripts>
		<NormalText inherits="GameFontNormalSmall"/>
		<HighlightText inherits="GameFontHighlightSmall"/>
	</Button>
	<Button name="Button_Druid" inherits="UIPanelButtonTemplate" text="EW_DRUID" parent="FriendsFrame">
		<Size>
			<AbsDimension x="96" y="21"/>
		</Size>
		<Anchors>
			<Anchor point="TOPLEFT" relativeTo="Button_Rogue" relativePoint="TOPLEFT">
				<Offset>
					<AbsDimension x="0" y="-20"/>
				</Offset>
			</Anchor>
		</Anchors>
		<Scripts>
			<OnClick>
				EW_OnClick(EW_DRUID);
			</OnClick>
		</Scripts>
		<NormalText inherits="GameFontNormalSmall"/>
		<HighlightText inherits="GameFontHighlightSmall"/>
	</Button>
	<Button name="Button_Priest" inherits="UIPanelButtonTemplate" text="EW_PRIEST" parent="FriendsFrame">
		<Size>
			<AbsDimension x="96" y="21"/>
		</Size>
		<Anchors>
			<Anchor point="TOPLEFT" relativeTo="Button_Druid" relativePoint="TOPLEFT">
				<Offset>
					<AbsDimension x="0" y="-20"/>
				</Offset>
			</Anchor>
		</Anchors>
		<Scripts>
			<OnClick>
				EW_OnClick(EW_PRIEST);
			</OnClick>
		</Scripts>
		<NormalText inherits="GameFontNormalSmall"/>
		<HighlightText inherits="GameFontHighlightSmall"/>
	</Button>
	<Button name="Button_Arathi" inherits="UIPanelButtonTemplate" text="EW_ARATHI" parent="FriendsFrame">
		<Size>
			<AbsDimension x="96" y="21"/>
		</Size>
		<Anchors>
			<Anchor point="TOPLEFT" relativeTo="Button_Priest" relativePoint="TOPLEFT">
				<Offset>
					<AbsDimension x="0" y="-30"/>
				</Offset>
			</Anchor>
		</Anchors>
		<Scripts>
			<OnClick>
				EW_OnClick(EW_ARATHI);
			</OnClick>
		</Scripts>
		<NormalText inherits="GameFontNormalSmall"/>
		<HighlightText inherits="GameFontHighlightSmall"/>
	</Button>
	<Button name="Button_Warsong" inherits="UIPanelButtonTemplate" text="EW_WARSONG" parent="FriendsFrame">
		<Size>
			<AbsDimension x="96" y="21"/>
		</Size>
		<Anchors>
			<Anchor point="TOPLEFT" relativeTo="Button_Arathi" relativePoint="TOPLEFT">
				<Offset>
					<AbsDimension x="0" y="-20"/>
				</Offset>
			</Anchor>
		</Anchors>
		<Scripts>
			<OnClick>
				EW_OnClick(EW_WARSONG);
			</OnClick>
		</Scripts>
		<NormalText inherits="GameFontNormalSmall"/>
		<HighlightText inherits="GameFontHighlightSmall"/>
	</Button>
	<Button name="Button_Alterac" inherits="UIPanelButtonTemplate" text="EW_ALTERAC" parent="FriendsFrame">
		<Size>
			<AbsDimension x="96" y="21"/>
		</Size>
		<Anchors>
			<Anchor point="TOPLEFT" relativeTo="Button_Warsong" relativePoint="TOPLEFT">
				<Offset>
					<AbsDimension x="0" y="-20"/>
				</Offset>
			</Anchor>
		</Anchors>
		<Scripts>
			<OnClick>
				EW_OnClick(EW_ALTERAC);
			</OnClick>
		</Scripts>
		<NormalText inherits="GameFontNormalSmall"/>
		<HighlightText inherits="GameFontHighlightSmall"/>
	</Button>
	<Button name="Button_All" inherits="UIPanelButtonTemplate" text="EW_ALL" parent="FriendsFrame">
		<Size>
			<AbsDimension x="96" y="21"/>
		</Size>
		<Anchors>
			<Anchor point="TOPLEFT" relativeTo="Button_Alterac" relativePoint="TOPLEFT">
				<Offset>
					<AbsDimension x="0" y="-30"/>
				</Offset>
			</Anchor>
		</Anchors>
		<Scripts>
			<OnClick>
				EW_OnClick();
			</OnClick>
		</Scripts>
		<NormalText inherits="GameFontNormalSmall"/>
		<HighlightText inherits="GameFontHighlightSmall"/>
	</Button>
	<CheckButton name="CheckButton_PlayerLevel" inherits="UICheckButtonTemplate" parent="FriendsFrame" checked="true">
		<Size>
			<AbsDimension x="20" y="20"/>
		</Size>
		<Anchors>
			<Anchor point="TOPLEFT" relativeTo="Button_All" relativePoint="TOPLEFT">
				<Offset>
					<AbsDimension x="2" y="-30"/>
				</Offset>
			</Anchor>
		</Anchors>
		<Layers>
			<Layer level="ARTWORK">
				<FontString name="$parentLabel" text="EW_LEVEL" inherits="GameFontNormalSmall">
					<Anchors>
						<Anchor point="TOPLEFT" relativePoint="TOPRIGHT">
							<Offset>
								<AbsDimension x="2" y="-4"/>
							</Offset>
						</Anchor>
					</Anchors>
				</FontString>
			</Layer>
		</Layers>
		<NormalText inherits="GameFontNormalSmall"/>
		<HighlightText inherits="GameFontHighlightSmall"/>
	</CheckButton>
	<CheckButton name="CheckButton_PlayerZone" inherits="UICheckButtonTemplate" parent="FriendsFrame" checked="true">
		<Size>
			<AbsDimension x="20" y="20"/>
		</Size>
		<Anchors>
			<Anchor point="TOPLEFT" relativeTo="CheckButton_PlayerLevel" relativePoint="TOPLEFT">
				<Offset>
					<AbsDimension x="0" y="-20"/>
				</Offset>
			</Anchor>
		</Anchors>
		<Layers>
			<Layer level="ARTWORK">
				<FontString name="$parentLabel" text="EW_ZONE" inherits="GameFontNormalSmall">
					<Anchors>
						<Anchor point="TOPLEFT" relativePoint="TOPRIGHT">
							<Offset>
								<AbsDimension x="2" y="-4"/>
							</Offset>
						</Anchor>
					</Anchors>
				</FontString>
			</Layer>
		</Layers>
		<NormalText inherits="GameFontNormalSmall"/>
		<HighlightText inherits="GameFontHighlightSmall"/>
	</CheckButton>
</Ui>