<Ui xmlns="http://www.blizzard.com/wow/ui/" xmlns:xsi="http://www.w3.org/2001/XMLSchema-instance" xsi:schemaLocation="http://www.blizzard.com/wow/ui/
..\FrameXML\UI.xsd">

  <Script file="GatherSage.lua"/>
  <Script file="Localization.EN.lua"/>
  <Script file="Localization.DE.lua"/>
  <Script file="Localization.FR.lua"/>
  <Script file="GatherSageData.lua"/>

	<Frame name="GatherSage" toplevel="true" parent="UIParent" movable="false" enableMouse="false" hidden="true">
		<Scripts>
			<OnLoad>
				GatherSage_OnLoad();
			</OnLoad>
			<OnEvent>
				GatherSage_OnEvent(event);
			</OnEvent>
		</Scripts>
	</Frame>
	<Frame name="GatherSageTooltip" parent="GameTooltip" hidden="false">
		<Scripts>
			<OnShow>
				GatherSage_Tooltip_OnShow();
			</OnShow>
		</Scripts>
	</Frame>
	<Frame name="GatherSageItemRefTooltip" parent="ItemRefTooltip" hidden="false">
		<Scripts>
			<OnShow>
				GatherSage_Tooltip_OnShow();
			</OnShow>
		</Scripts>
	</Frame>
	
</Ui>