<Ui xmlns="http://www.blizzard.com/wow/ui/" xmlns:xsi="http://www.w3.org/2001/XMLSchema-instance" xsi:schemaLocation="http://www.blizzard.com/wow/ui/
..\FrameXML\UI.xsd">
	<Script file="FishingOutfitManager.lua"/>
	<GameTooltip name="FishingOutfitTooltip" inherits="GameTooltipTemplate" parent="UIParent" hidden="true"/>
	<Frame name="FishingOutfitUpdateFrame" hidden="true">
		<Scripts>
			<OnUpdate>
				FishingBuddy.OutfitManager.WaitForUpdate(arg1);
			</OnUpdate>
		</Scripts>
	</Frame>
</Ui>
