<!-- 

	FilterKnown

	Colors "Already Known" items in the auction house, so they can be easily identified.
	
	by Robert Jenkins (Merrem@Perenolde)
-->
<Ui xmlns="http://www.blizzard.com/wow/ui/" xmlns:xsi="http://www.w3.org/2001/XMLSchema-instance" xsi:schemaLocation="http://www.blizzard.com/wow/ui/">
	<Script file="FilterKnown.lua"/>
	<Frame name="FilterKnownFrame">
		<Scripts>
			<OnLoad>
				FilterKnown_OnLoad();
				this:RegisterEvent("VARIABLES_LOADED");
			</OnLoad>
			<OnEvent>
				if myAddOnsList then
					myAddOnsList.FilterKnown = {name = "FilterKnown", description = "Color 'Already known' auction items", category = MYADDONS_CATEGORY_PROFESSIONS, version = FILTERKNOWN_VERSION, frame = "FilterKnownFrame"};
				end
			</OnEvent>
		</Scripts>
	</Frame>
	<GameTooltip name="FilterKnownTooltip" frameStrata="TOOLTIP" hidden="true" inherits="GameTooltipTemplate">
<Scripts>
<OnLoad>
this:SetOwner(WorldFrame, "ANCHOR_NONE");
</OnLoad>
</Scripts>
</GameTooltip> 
</Ui>