<Ui xmlns="http://www.blizzard.com/wow/ui/" xmlns:xsi="http://www.w3.org/2001/XMLSchema-instance" xsi:schemaLocation="http://www.blizzard.com/wow/ui/
..\FrameXML\UI.xsd">
	<Script file="Localization.lua"/>
	<Script file="TitanBattleTracker.lua"/>

	<Frame parent="UIParent">
		<Frames>
			<Button name="TitanPanelTitanBTButton"
			        inherits="TitanPanelComboTemplate"
			        frameStrata="FULLSCREEN"
			        toplevel="true">

				<Scripts>
					<OnLoad>
						TitanPanelTitanBTButton_OnLoad();
						TitanPanelButton_OnLoad();
					</OnLoad>
					<OnClick>
						TitanPanelTitanBTButton_OnClick(arg1);
						TitanPanelButton_OnClick(arg1);
					</OnClick>
					<OnEvent>
						TitanPanelTitanBTButton_OnEvent(event, arg1);
					</OnEvent>
				</Scripts>
			</Button>
		</Frames>
	</Frame>
</Ui>