<Bindings>
	<Binding name="BUFFAHOY_SHOW" header="BUFFAHOY_HEADER">BuffAhoyTogglish();</Binding>
	<Binding name="PLAYER_TARGET_BINDING" header="BUFFAHOY_HEADER">PlayerTarget();</Binding>
	<Binding name="PARTY1_TARGET_BINDING" header="BUFFAHOY_HEADER">PartyTarget1();</Binding>
	<Binding name="PARTY2_TARGET_BINDING" header="BUFFAHOY_HEADER">PartyTarget2();</Binding>
	<Binding name="PARTY3_TARGET_BINDING" header="BUFFAHOY_HEADER">PartyTarget3();</Binding>
	<Binding name="PARTY4_TARGET_BINDING" header="BUFFAHOY_HEADER">PartyTarget4();</Binding>
	<Binding name="CUSTOM_TARGET" header="BUFFAHOY_HEADER">CustomPPTarget();</Binding>
	<Binding name="PLAYER_PET_BINDING" header="BUFFAHOY_HEADER">PetTargetMine();</Binding>
	<Binding name="PARTY1_PET_BINDING" header="BUFFAHOY_HEADER">PetTarget1();</Binding>
	<Binding name="PARTY2_PET_BINDING" header="BUFFAHOY_HEADER">PetTarget2();</Binding>
	<Binding name="PARTY3_PET_BINDING" header="BUFFAHOY_HEADER">PetTarget3();</Binding>
	<Binding name="PARTY4_PET_BINDING" header="BUFFAHOY_HEADER">PetTarget4();</Binding>
	<Binding name="BUFFCASTSETONE" header="BUFFAHOY_HEADER">BuffCastSetOne();</Binding>
	<Binding name="BUFFCASTSETTWO" header="BUFFAHOY_HEADER">BuffCastSetTwo();</Binding>
	<Binding name="BUFFCASTSETTHREE" header="BUFFAHOY_HEADER">BuffCastSetThree();</Binding>
	<Binding name="BUFFAHOYHEALONE" header="BUFFAHOY_HEADER">BuffAhoyHealzorOne();</Binding>
	<Binding name="BUFFAHOYHEALTWO" header="BUFFAHOY_HEADER">BuffAhoyHealzorTwo();</Binding>
	<Binding name="BUFFAHOYHEALTHREE" header="BUFFAHOY_HEADER">BuffAhoyHealzorThree();</Binding>
	<Binding name="BUFFAHOYCLEANSEONE" header="BUFFAHOY_HEADER">BuffAhoyCleanzorOne();</Binding>
	<Binding name="BUFFAHOYCLEANSETWO" header="BUFFAHOY_HEADER">BuffAhoyCleanzorTwo();</Binding>
	<Binding name="BUFFAHOYPROTECTONE" header="BUFFAHOY_HEADER">BuffAhoyProtectzorOne();</Binding>
	<Binding name="MULTICASTSETONE"  header="BUFFAHOY_HEADER">MultiCastSetEin();</Binding>
	<Binding name="MULTICASTSETTWO"  header="BUFFAHOY_HEADER">MultiCastSetZwei();</Binding>
	<Binding name="SHOUTCASTONE"  header="BUFFAHOY_HEADER">ShoutCastEin();</Binding>
	<Binding name="SHOUTCASTTWO"  header="BUFFAHOY_HEADER">ShoutCastZwei();</Binding>
	<Binding name="SHOUTCASTTHREE"  header="BUFFAHOY_HEADER">ShoutCastDrei();</Binding>
	<Binding name="SHOUTCASTFOUR"  header="BUFFAHOY_HEADER">ShoutCastVier();</Binding>
	<Binding name="PANIC"  header="BUFFAHOY_HEADER">Panic();</Binding>
        
</Bindings>
