<Ui xmlns="http://www.blizzard.com/wow/ui/" xmlns:xsi="http://www.w3.org/2001/XMLSchema-instance" xsi:schemaLocation="http://www.blizzard.com/wow/ui/ ..\FrameXML\UI.xsd">
	<Script file="localization.lua"/>
	<Script file="localizationDE.lua"/>
	<Script file="localizationFR.lua"/>
	<Script file="FishEase.lua"/>
	
	<Frame name="FishEaseFrame" hidden="true">
		<Scripts>
			<OnLoad>
				FE_OnLoad();
			</OnLoad>
			<OnEvent>
				FE_OnEvent(event);
			</OnEvent>
		</Scripts>
	</Frame>
</Ui>