<Ui xmlns="http://www.blizzard.com/wow/ui/" xmlns:xsi="http://www.w3.org/2001/XMLSchema-instance" xsi:schemaLocation="http://www.blizzard.com/wow/ui/ ..\FrameXML\UI.xsd">

  <Script file="localization.lua"/>
  <Script file="simpleMinimap.lua"/>

  <Frame name="simpleMinimap" parent="Minimap" topLevel="true">
    <Scripts>
      <OnLoad>smm_onLoad()</OnLoad>
      <OnEvent>smm_onEvent()</OnEvent>
      <OnMouseWheel>smm_minimapZoom(arg1)</OnMouseWheel>
    </Scripts>
    <Size>
      <AbsDimension x="112" y="112"/>
    </Size>
    <Anchors>
      <Anchor point="CENTER"/>
    </Anchors>
  </Frame>
  
  <Frame name="smm_moverTemplate" parent="UIParent" topLevel="true" enableMouse="true" virtual="true">
    <Backdrop bgFile="Interface\Tooltips\UI-Tooltip-Background"/>
    <Scripts>
      <OnDragStart>smm_frameDrag(true,this.smmName)</OnDragStart>
      <OnDragStop>smm_frameDrag(false,this.smmName)</OnDragStop>
      <OnEnter>
        GameTooltip:SetOwner(this,"ANCHOR_CURSOR")
        GameTooltip:SetText("|cFFF5B800left-click to drag |cFFFFFF99"..this.smmMover.."\n|cFFFFCC66/smm lock |cFFF5B800to hide")
      </OnEnter>
      <OnLeave>GameTooltip:Hide()</OnLeave>
    </Scripts>
  </Frame>
  
  <Frame name="smm_questMover" inherits="smm_moverTemplate">
    <Size>
      <AbsDimension x="280" y="80"/>
    </Size>
    <Anchors>
      <Anchor point="CENTER" relativeTo="QuestWatchFrame" relativePoint="CENTER"/>
    </Anchors>
    <Scripts>
      <OnLoad>
        this.smmMover="QuestWatchFrame"
        this.smmName="quest"
        QuestWatchFrame:SetMovable(true)
        this:RegisterForDrag("LeftButton")
        this:SetAlpha(0.4)
      </OnLoad>
    </Scripts>
  </Frame>
  
  <Frame name="smm_dollMover" inherits="smm_moverTemplate">
    <Size>
      <AbsDimension x="60" y="65"/>
    </Size>
    <Anchors>
      <Anchor point="CENTER" relativeTo="DurabilityFrame" relativePoint="CENTER"/>
    </Anchors>
    <Scripts>
      <OnLoad>
        this.smmMover="DurabilityFrame"
        this.smmName="doll"
        DurabilityFrame:SetMovable(true)
        this:RegisterForDrag("LeftButton")
        this:SetAlpha(0.4)
      </OnLoad>
    </Scripts>
  </Frame>

  <Frame name="smm_timerMover" inherits="smm_moverTemplate">
    <Size>
      <AbsDimension x="160" y="72"/>
    </Size>
    <Anchors>
      <Anchor point="CENTER" relativeTo="QuestTimerFrame" relativePoint="CENTER"/>
    </Anchors>
    <Scripts>
      <OnLoad>
        this.smmMover="QuestTimerFrame"
        this.smmName="timer"
        QuestTimerFrame:SetMovable(true)
        this:RegisterForDrag("LeftButton")
        this:SetAlpha(0.4)
      </OnLoad>
    </Scripts>
  </Frame>

</Ui>
