<Ui xmlns="http://www.blizzard.com/wow/ui/" xmlns:xsi="http://www.w3.org/2001/XMLSchema-instance" xsi:schemaLocation="http://www.blizzard.com/wow/ui/
C:\Projects\WoW\Bin\Interface\FrameXML\UI.xsd">
	<Frame name="TimexBarTemplate" parent="UIParent" hidden="true" movable="true" virtual="true" enableMouse="false">
		<Size>
			<AbsDimension x="205" y="26"/>
		</Size>
		<Anchors>
			<Anchor point="CENTER">
				<Offset>
					<AbsDimension x="0" y="0"/>
				</Offset>
			</Anchor>
		</Anchors>
		<Layers>
			<Layer level="OVERLAY">
				<FontString name="$parentText" inherits="GameFontHighlight" justifyH="LEFT">
					<Anchors>
						<Anchor point="TOPLEFT" relativePoint="LEFT">
							<Offset>
								<AbsDimension x="40" y="13"/>
							</Offset>
						</Anchor>
						<Anchor point="BOTTOMRIGHT" relativePoint="RIGHT">
							<Offset>
								<AbsDimension x="0" y="-3"/>
							</Offset>
						</Anchor>
					</Anchors>
				</FontString>
			</Layer>
			<Layer level="OVERLAY">
				<FontString name="$parentTimerText" inherits="GameFontHighlight" justifyH="RIGHT">
					<Size>
						<AbsDimension x="40" y="16"/>
					</Size>
					<Anchors>
						<Anchor point="TOPLEFT" relativePoint="LEFT">
							<Offset>
								<AbsDimension x="0" y="13"/>
							</Offset>
						</Anchor>
					</Anchors>
				</FontString>
			</Layer>
			<Layer level="BACKGROUND">
				<Texture name="$parentBackground">
					<Anchors>
						<Anchor point="TOPLEFT">
							<Offset>
								<AbsDimension x="0" y="-2"/>
							</Offset>
						</Anchor>
						<Anchor point="BOTTOMRIGHT">
							<Offset>
								<AbsDimension x="0" y="11"/>
							</Offset>
						</Anchor>
					</Anchors>
					<Color r="0" g="0" b="0" a="1"/>
				</Texture>
			</Layer>
		</Layers>
		<Frames>
			<StatusBar name="$parentStatusBar">
				<Anchors>
					<Anchor point="TOPLEFT">
						<Offset>
							<AbsDimension x="0" y="-2"/>
						</Offset>
					</Anchor>
					<Anchor point="BOTTOMRIGHT">
						<Offset>
							<AbsDimension x="0" y="11"/>
						</Offset>
					</Anchor>
				</Anchors>
				<Scripts>
					<OnLoad>
						this:SetFrameLevel(this:GetFrameLevel() - 1)
					</OnLoad>
				</Scripts>
				<!-- <BarTexture file="Interface\TargetingFrame\UI-StatusBar"/> -->
				<BarTexture file="Interface\AddOns\Timex\Bar\bartex.tga"/>
				<!--  <BarTexture file="Interface\AddOns\eCastingBar\Textures\StatusBar.tga"/> -->
				<BarColor r="1.0" g="1.0" b="0.0"/>
			</StatusBar>
			<Button name="$parentButton" hidden="true">
				<Size>
					<AbsDimension x="22" y="22"/>
				</Size>
				<Anchors>
					<Anchor point="LEFT" relativePoint="LEFT">
						<Offset>
							<AbsDimension x="-17" y="4"/>
						</Offset>
					</Anchor>
				</Anchors>
				<Backdrop bgFile="Interface\Tooltips\UI-Tooltip-Background" edgeFile="Interface\Tooltips\UI-Tooltip-Border" tile="true">
					<EdgeSize>
						<AbsValue val="16"/>
					</EdgeSize>
					<TileSize>
						<AbsValue val="16"/>
					</TileSize>
					<BackgroundInsets>
						<AbsInset left="5" right="5" top="5" bottom="5"/>
					</BackgroundInsets>
				</Backdrop>
				<Layers>
					<Layer level="ARTWORK">
						<Texture name="$parentTexture">
							<Size>
								<AbsDimension x="19" y="19"/>
							</Size>
							<Anchors>
								<Anchor point="CENTER">
									<Offset>
										<AbsDimension x="0" y="0"/>
									</Offset>
								</Anchor>
							</Anchors>
						</Texture>
					</Layer>
				</Layers>
				<Scripts>
					<OnLoad>
						this:SetBackdropColor(0, 0, 0, 1);
						this:SetBackdropBorderColor(0.5, 0.5, 0.5, 1);
						this:RegisterForClicks("LeftButtonDown", "RightButtonDown");
					</OnLoad>
				</Scripts>
			</Button>
		</Frames>
	</Frame>
	<Frame name="TimexBar1" inherits="TimexBarTemplate" id="1"/>
	<Frame name="TimexBar2" inherits="TimexBarTemplate" id="2"/>
	<Frame name="TimexBar3" inherits="TimexBarTemplate" id="3"/>
	<Frame name="TimexBar4" inherits="TimexBarTemplate" id="4"/>
	<Frame name="TimexBar5" inherits="TimexBarTemplate" id="5"/>
	<Frame name="TimexBar6" inherits="TimexBarTemplate" id="6"/>
	<Frame name="TimexBar7" inherits="TimexBarTemplate" id="7"/>
	<Frame name="TimexBar8" inherits="TimexBarTemplate" id="8"/>
	<Frame name="TimexBar9" inherits="TimexBarTemplate" id="9"/>
	<Frame name="TimexBar10" inherits="TimexBarTemplate" id="10"/>
	<Frame name="TimexBar11" inherits="TimexBarTemplate" id="11"/>
	<Frame name="TimexBar12" inherits="TimexBarTemplate" id="12"/>
	<Frame name="TimexBar13" inherits="TimexBarTemplate" id="13"/>
	<Frame name="TimexBar14" inherits="TimexBarTemplate" id="14"/>
	<Frame name="TimexBar15" inherits="TimexBarTemplate" id="15"/>
	<Frame name="TimexBar16" inherits="TimexBarTemplate" id="16"/>
	<Frame name="TimexBar17" inherits="TimexBarTemplate" id="17"/>
	<Frame name="TimexBar18" inherits="TimexBarTemplate" id="18"/>
	<Frame name="TimexBar19" inherits="TimexBarTemplate" id="19"/>
	<Frame name="TimexBar20" inherits="TimexBarTemplate" id="20"/>
</Ui>
