<Ui xmlns="http://www.blizzard.com/wow/ui/" xmlns:xsi="http://www.w3.org/2001/XMLSchema-instance" xsi:schemaLocation="http://www.blizzard.com/wow/ui/">
	<Script file="localization.lua"/>
	<Script file="localization.de.lua"/>
	<Script file="ChatCast.lua"/>
	<Script file="ChatCastTrade.lua"/>
	<Frame name="ChatCastFrame" hidden="true">
		<Scripts>
			<OnLoad>
				ChatCast_OnLoad()
			</OnLoad>
			<OnEvent>
				ChatCast_OnEvent()
			</OnEvent>
			<OnUpdate>
				ChatCast_Trade_OnUpdate()
			</OnUpdate>
		</Scripts>
	</Frame>
</Ui>