<Bindings>
	<!-- User interface key bindings -->
	<Binding name="NUN_OPTIONS" description="Toggle NotesUNeed Options" runOnUp="false" header="NUN">
		if (NuNOptionsFrame:IsVisible()) then
				HideUIPanel(NuNOptionsFrame);
		else
				NuN_Options();
		end
	</Binding>
	<Binding name="NUN_TARGET" description="Create Note from Target Without Showing" runOnUp="false">
		NuN_FromTarget(true);
	</Binding>
	<Binding name="NUN_MICRO" description="Toggle NotesUNeed MicroButtons" runOnUp="false">
		NuN_ToggleMicroButtons();
	</Binding>
	<Binding name="NUN_LAST" description="Re-Open Last Note" runOnUp="false">
		NuN_ReOpen();
	</Binding>
</Bindings>

