<Ui xmlns="http://www.blizzard.com/wow/ui/">
	<Script file="Achievement.lua"/>
	<Script file="Alerts.lua"/>
	<Script file="Arena.lua"/>
	<Script file="ArenaRegistrar.lua"/>
	<Script file="AuctionHouse.lua"/>
	<Script file="Bags.lua"/>
	<Script file="Barber.lua"/>
	<Script file="BGMap.lua"/>
	<Script file="BGScore.lua"/>
	<Script file="Binding.lua"/>
	<Script file="BlizzardOptions.lua"/>
	<Script file="Calendar.lua"/>
	<Script file="Character.lua"/>
	<Script file="Debug.lua"/>
	<Script file="DressingRoom.lua"/>
	<Script file="Friends.lua"/>
	<Script file="GuildBank.lua"/>
	<Script file="Glyph.lua"/>
	<Script file="GMChat.lua"/>
	<Script file="Gossip.lua"/>
	<Script file="Greeting.lua"/>
	<Script file="GuildRegistrar.lua"/>
	<Script file="Help.lua"/>
	<Script file="Inspect.lua"/>
	<Script file="LFD.lua"/>
	<Script file="LFR.lua"/>
	<Script file="Loot.lua"/>
	<Script file="Macro.lua"/>
	<Script file="Mail.lua"/>
	<Script file="Merchant.lua"/>
	<Script file="MirrorTimers.lua"/>
	<Script file="Misc.lua"/>
	<Script file="Petition.lua"/>
	<Script file="PvP.lua"/>
	<Script file="Quest.lua"/>
	<Script file="Raid.lua"/>
	<Script file="Socket.lua"/>
	<Script file="Spellbook.lua"/>
	<Script file="Stable.lua"/>
	<Script file="Tabard.lua"/>
	<Script file="Talent.lua"/>
	<Script file="Taxi.lua"/>
	<Script file="Tooltip.lua"/>
	<Script file="TimeManager.lua"/>
	<Script file="Trade.lua"/>
	<Script file="Tradeskill.lua"/>
	<Script file="Trainer.lua"/>
	<Script file="Tutorial.lua"/>
	<Script file="WatchFrame.lua"/>
	<Script file="Worldmap.lua"/>
</Ui>