<Bindings>
	<Binding name="Assist" header="ZORLEN_BINDINGS">
		Zorlen_assist()
	</Binding>
	<Binding name="Change Assist">
		Zorlen_changeAssist()
	</Binding>
	<Binding name="Clear Assist">
		Zorlen_clearAssist()
	</Binding>
	<Binding name="Target By Name" header="ZORLEN_SPACER1">
		Zorlen_TargetByName()
	</Binding>
	<Binding name="Change Target By Name">
		Zorlen_changeTargetByName()
	</Binding>
	<Binding name="Clear Target By Name">
		Zorlen_clearTargetByName()
	</Binding>
	<Binding name="Target Enemy" header="ZORLEN_SPACER2">
		Zorlen_TargetEnemy()
	</Binding>
	<Binding name="Target Nearest Enemy">
		Zorlen_TargetNearestEnemy()
	</Binding>
	<Binding name="Target Active Enemy Only">
		Zorlen_TargetActiveEnemyOnly()
	</Binding>
	<Binding name="Target Enemy Player First or Active Enemy Only">
		Zorlen_TargetEnemyPlayerFirstOrActiveEnemyOnly()
	</Binding>
	<Binding name="Target Enemy Player Only">
		Zorlen_TargetEnemyPlayerOnly()
	</Binding>
	<Binding name="Target Enemy Player First">
		Zorlen_TargetEnemyPlayerFirst()
	</Binding>
	<Binding name="Target Enemy Mob Only">
		Zorlen_TargetEnemyMobOnly()
	</Binding>
	<Binding name="Target Active Enemy Mob Only">
		Zorlen_TargetActiveEnemyMobOnly()
	</Binding>
	<Binding name="Target Marked Enemy Only">
		Zorlen_TargetMarkedEnemyOnly()
	</Binding>
	<Binding name="Target Enemy Raid Target Only">
		Zorlen_TargetEnemyRaidTargetOnly()
	</Binding>
	<Binding name="Target Nearest Active Enemy with Highest Health">
		Zorlen_TargetNearestActiveEnemyWithHighestHealth()
	</Binding>
	<Binding name="Target Group Member With Dispelable Debuff">
		Zorlen_TargetGroupMemberWithDispelableDebuff()
	</Binding>
	<Binding name="Target Group Member With Lowest Health">
		Zorlen_TargetGroupMemberWithLowestHealth()
	</Binding>
	<Binding name="Back Off" header="ZORLEN_SPACER3">
		backOff()
	</Binding>
	<Binding name="Back Off Target">
		backOffTarget()
	</Binding>
	<Binding name="Auto Pet Attack">
		Zorlen_AutoPetAttack()
	</Binding> 
	<Binding name="Eat" header="ZORLEN_SPACER4">
		Zorlen_Eat()
	</Binding>
	<Binding name="Drink">
		Zorlen_Drink()
	</Binding>
	<Binding name="Shadowmeld" header="ZORLEN_SPACER5">
		castShadowmeld()
	</Binding>
	<Binding name="Will of the Forsaken">
		castWillOfTheForsaken()
	</Binding>
	<Binding name="Caster Form" header="ZORLEN_DRUID_BINDINGS">
		castCasterForm()
	</Binding>
	<Binding name="Travel Form">
		castTravelForm()
	</Binding>
	<Binding name="Moonkin Form">
		castMoonkinForm()
	</Binding>
	<Binding name="Bear Form">
		castBearForm()
	</Binding>
	<Binding name="Cat Form">
		castCatForm()
	</Binding>
	<Binding name="Aquatic Form">
		castAquaticForm()
	</Binding>
	<Binding name="Freezing Trap" header="ZORLEN_HUNTER_BINDINGS">
		castFreezingTrap()
	</Binding>
	<Binding name="Freezing Trap with Pet Passive">
		castFreezingTrapWithPetPassive()
	</Binding>
	<Binding name="Immolation Trap">
		castImmolationTrap()
	</Binding>
	<Binding name="Frost Trap">
		castFrostTrap()
	</Binding>
	<Binding name="Explosive Trap">
		castExplosiveTrap()
	</Binding>
	<Binding name="Wyvern Sting">
		castWyvernSting()
	</Binding>
	<Binding name="Wyvern Sting with Pet Passive">
		castWyvernStingWithPetPassive()
	</Binding>
	<Binding name="Shot Rotation">
		castShotRotation()
	</Binding>
	<Binding name="Mend Pet">
		if not needPet()then castOverMend()end
	</Binding>
	<Binding name="Call And Dismiss Pet">
		castCallAndDismissPet()
	</Binding>
	<Binding name="Drain Soul" header="ZORLEN_WARLOCK_BINDINGS">
		zAutoSacrifice()castDrainSoul()
	</Binding>
	<Binding name="Rain of Fire">
		zAutoSacrifice()castAutoTap()castRainOfFire()
	</Binding>
	<Binding name="Nightfall">
		zAutoSacrifice()castNightfall()
	</Binding>
	<Binding name="DOT Spam">
		zAutoSacrifice()Zorlen_WarlockDotSpam()
	</Binding>
	<Binding name="DOT Spam Without Fire">
		zAutoSacrifice()Zorlen_WarlockDotSpamWithoutFire()
	</Binding>
	<Binding name="DOT Spam Without Life Draining">
		zAutoSacrifice()Zorlen_WarlockDotSpamWithoutDrain()
	</Binding>
	<Binding name="DOT Spam Without Fire or Life Draining">
		zAutoSacrifice()Zorlen_WarlockDotSpamWithoutFireOrDrain()
	</Binding>
	<Binding name="Dark Pact And Life Tap">
		zAutoSacrifice()castDarkPactAndLifeTap()
	</Binding>
	<Binding name="Auto Tap">
		zAutoSacrifice()castAutoTap()
	</Binding>
	<Binding name="Self Sacrifice">
		zAutoSacrifice()castSelfSacrifice()
	</Binding>
	<Binding name="Berserker Rage Swap" header="ZORLEN_WARRIOR_BINDINGS">
		castBerserkerRageSwap()
	</Binding>
	<Binding name="Force Charge and Intercept">
		forceChargeAndIntercept()
	</Binding>
	<Binding name="Pop Enrage">
		castEnrage()
	</Binding>
	<Binding name="AOE">
		Zorlen_WarriorAOE()
	</Binding>
	<Binding name="Battle Stance">
		castBattleStance()
	</Binding>
	<Binding name="Defensive Stance">
		castDefensiveStance()
	</Binding>
	<Binding name="Berserker Stance">
		castBerserkerStance()
	</Binding>
</Bindings>
