<Bindings>
	<Binding name="CHKY_SHOW_CONFIG" header="CHKY_HEADER">
		CH_HelpButton();
	</Binding>
	<Binding name="CHKY_TOGGLE_CLICKHEAL_FRAMES">
		CH_KeyToggleClickHealFrames();
	</Binding>
	<Binding name="CHKY_TOGGLE_ANCHORS">
		CH_KeyToggleAnchors();
	</Binding>
	<Binding name="CHKY_PANIC">
		CH_HealNeediest();
	</Binding>
	<Binding name="CHKY_PANIC_BEHAVIOR_FULL">
		CH_SwitchPanicBehavior( 'FULL' );
	</Binding>
	<Binding name="CHKY_PANIC_BEHAVIOR_TRASH">
		CH_SwitchPanicBehavior( 'TRASH' );
	</Binding>
	<Binding name="CHKY_PANIC_BEHAVIOR_BATTLEFIELD">
		CH_SwitchPanicBehavior( 'BATTLEFIELD' );
	</Binding>
	<Binding name="CHKY_PANIC_BEHAVIOR_CUSTOM1">
		CH_SwitchPanicBehavior( 'CUSTOM1' );
	</Binding>
	<Binding name="CHKY_PANIC_BEHAVIOR_CUSTOM2">
		CH_SwitchPanicBehavior( 'CUSTOM2' );
	</Binding>
	<Binding name="CHKY_PANIC_BEHAVIOR_CUSTOM3">
		CH_SwitchPanicBehavior( 'CUSTOM3' );
	</Binding>
	<Binding name="CHKY_RAID_SHOW_CONFIG">
		CH_RaidShowConfig( );
	</Binding>
	<Binding name="CHKY_RAID_TOGGLE_GROUP1">
		CH_RaidToggleFrames( 'showRaidGroup1' );
	</Binding>
	<Binding name="CHKY_RAID_TOGGLE_GROUP2">
		CH_RaidToggleFrames( 'showRaidGroup2' );
	</Binding>
	<Binding name="CHKY_RAID_TOGGLE_GROUP3">
		CH_RaidToggleFrames( 'showRaidGroup3' );
	</Binding>
	<Binding name="CHKY_RAID_TOGGLE_GROUP4">
		CH_RaidToggleFrames( 'showRaidGroup4' );
	</Binding>
	<Binding name="CHKY_RAID_TOGGLE_GROUP5">
		CH_RaidToggleFrames( 'showRaidGroup5' );
	</Binding>
	<Binding name="CHKY_RAID_TOGGLE_GROUP6">
		CH_RaidToggleFrames( 'showRaidGroup6' );
	</Binding>
	<Binding name="CHKY_RAID_TOGGLE_GROUP7">
		CH_RaidToggleFrames( 'showRaidGroup7' );
	</Binding>
	<Binding name="CHKY_RAID_TOGGLE_GROUP8">
		CH_RaidToggleFrames( 'showRaidGroup8' );
	</Binding>
	<Binding name="CHKY_RAID_TOGGLE_PETS">
		CH_RaidToggleFrames( 'showRaidPets' );
	</Binding>
	<Binding name="CHKY_ASSIST_MAINTANK_1">
		CH_KeyAssistMainTank( 1 );
	</Binding>
	<Binding name="CHKY_ASSIST_MAINTANK_2">
		CH_KeyAssistMainTank( 2 );
	</Binding>
	<Binding name="CHKY_ASSIST_MAINTANK_3">
		CH_KeyAssistMainTank( 3 );
	</Binding>
	<Binding name="CHKY_ASSIST_MAINTANK_4">
		CH_KeyAssistMainTank( 4 );
	</Binding>
	<Binding name="CHKY_ASSIST_MAINTANK_5">
		CH_KeyAssistMainTank( 5 );
	</Binding>
	<Binding name="CHKY_ASSIST_MAINTANK_6">
		CH_KeyAssistMainTank( 6 );
	</Binding>
	<Binding name="CHKY_ASSIST_MAINTANK_7">
		CH_KeyAssistMainTank( 7 );
	</Binding>
	<Binding name="CHKY_ASSIST_MAINTANK_8">
		CH_KeyAssistMainTank( 8 );
	</Binding>
	<Binding name="CHKY_ASSIST_MAINTANK_9">
		CH_KeyAssistMainTank( 9 );
	</Binding>
	<Binding name="CHKY_ASSIST_MAINTANK_10">
		CH_KeyAssistMainTank( 10 );
	</Binding>
</Bindings>
