<Ui xmlns="http://www.blizzard.com/wow/ui/" xmlns:xsi="http://www.w3.org/2001/XMLSchema-instance" xsi:schemaLocation="http://www.blizzard.com/wow/ui/">

	<!-- template for the needylist anchor ====================================================== -->
        <Frame name="CH_NeedyListAnchorTemplate" enableMouse="true" movable="true" parent="UIParent" hidden="true" virtual="true">
		<Size>
			<AbsDimension x="100" y="8"/>
		</Size>
		<Frames>
			<Button name="$parentMove">
				<Anchors>
					<Anchor point="TOPLEFT">
						<Offset>
							<AbsDimension x="0" y="0"/>
						</Offset>
                        		</Anchor>
					<Anchor point="BOTTOMRIGHT">
						<Offset>
							<AbsDimension x="0" y="0"/>
						</Offset>
                        		</Anchor>
				</Anchors>
				<Layers>
					<Layer level="BACKGROUND">
						<Texture name="$parentBackground" setAllpoints="true">
							<Color r="0.1" g="0.1" b="0.1" a="0.9"/>
						</Texture>
						<Texture name="$parentHighlight" setAllpoints="true">
							<Color r="0" g="0" b="1" a="0.9"/>
						</Texture>
						<Texture name="$parentDisabled" setAllpoints="true">
							<Color r="0" g="0" b="0.5" a="0.9"/>
						</Texture>
					</Layer>
					<Layer level="OVERLAY">
						<FontString name="$parentLabel" inherits="GameFontNormalSmall" justifyV="BOTTOM" text="NeedyList Type">
							<Anchors>
								<Anchor point="TOPLEFT">
									<Offset>
										<AbsDimension x="0" y="0"/>
									</Offset>
                        					</Anchor>
								<Anchor point="BOTTOMRIGHT">
									<Offset>
										<AbsDimension x="0" y="1"/>
									</Offset>
                        					</Anchor>
							</Anchors>
						</FontString>
					</Layer>
				</Layers>
				<Scripts>
					<OnMouseDown>
						CH_AnchorOnMouseDown( arg1 );
					</OnMouseDown>
					<OnMouseUp>
						CH_AnchorOnMouseUp( arg1 );
					</OnMouseUp>
					<OnHide>
						CH_AnchorOnHide();
					</OnHide>
					<OnUpdate>
						CH_AnchorOnUpdate();
					</OnUpdate>
				</Scripts>
			</Button>
		</Frames>
		<Scripts>
			<OnLoad>
				this.topFrame = nil;
				this.bottomFrame = nil;
				this.frameList = {};
				this.isVisible = false;
				this.unitAssign = {};
				this.members = 0;
			</OnLoad>
				
		</Scripts>
	</Frame>

	<!-- ===== needy list anchors ============================================================================ -->

	<Frame name="CH_NeedyListHealAnchor" inherits="CH_NeedyListAnchorTemplate">
		<Scripts>
			<OnUpdate>
				CH_NeedyListProcessEvents( 'HEAL', true );
			</OnUpdate>
		</Scripts>
	</Frame>
	<Frame name="CH_NeedyListBuffAnchor" inherits="CH_NeedyListAnchorTemplate">
		<Scripts>
			<OnUpdate>
				CH_NeedyListProcessEvents( 'BUFF', true );
			</OnUpdate>
		</Scripts>
	</Frame>
	<Frame name="CH_NeedyListCureAnchor" inherits="CH_NeedyListAnchorTemplate">
		<Scripts>
			<OnUpdate>
				CH_NeedyListProcessEvents( 'CURE', true );
			</OnUpdate>
		</Scripts>
	</Frame>
	<Frame name="CH_NeedyListDeadAnchor" inherits="CH_NeedyListAnchorTemplate">
		<Scripts>
			<OnUpdate>
				CH_NeedyListProcessEvents( 'DEAD', true );
			</OnUpdate>
		</Scripts>
	</Frame>

	<Frame name="CH_NeedyListHealBottomAnchor" inherits="CH_AnchorBottomTemplate" />
	<Frame name="CH_NeedyListBuffBottomAnchor" inherits="CH_AnchorBottomTemplate" />
	<Frame name="CH_NeedyListCureBottomAnchor" inherits="CH_AnchorBottomTemplate" />
	<Frame name="CH_NeedyListDeadBottomAnchor" inherits="CH_AnchorBottomTemplate" />

	<!-- ===== NeedyList HEAL members ============================================================================= -->

	<Button name="CH_NeedyListHEAL1Frame" inherits="CH_UnitFrameTemplate">
		<Scripts>
			<OnLoad>
				CH_OnUnitFrameLoad(nil,'NeedyListHEAL1',nil);
			</OnLoad>
			<OnUpdate>
				CH_OnUnitFrameUpdate(this.index,this.frameUnit,this.frameData,false,not UnitIsPlayer(this.index),false,false,true);
			</OnUpdate>
		</Scripts>
	</Button>

	<Button name="CH_NeedyListHEAL2Frame" inherits="CH_UnitFrameTemplate">
		<Scripts>
			<OnLoad>
				CH_OnUnitFrameLoad(nil,'NeedyListHEAL2',nil);
			</OnLoad>
			<OnUpdate>
				CH_OnUnitFrameUpdate(this.index,this.frameUnit,this.frameData,false,not UnitIsPlayer(this.index),false,false,true);
			</OnUpdate>
		</Scripts>
	</Button>

	<Button name="CH_NeedyListHEAL3Frame" inherits="CH_UnitFrameTemplate">
		<Scripts>
			<OnLoad>
				CH_OnUnitFrameLoad(nil,'NeedyListHEAL3',nil);
			</OnLoad>
			<OnUpdate>
				CH_OnUnitFrameUpdate(this.index,this.frameUnit,this.frameData,false,not UnitIsPlayer(this.index),false,false,true);
			</OnUpdate>
		</Scripts>
	</Button>

	<Button name="CH_NeedyListHEAL4Frame" inherits="CH_UnitFrameTemplate">
		<Scripts>
			<OnLoad>
				CH_OnUnitFrameLoad(nil,'NeedyListHEAL4',nil);
			</OnLoad>
			<OnUpdate>
				CH_OnUnitFrameUpdate(this.index,this.frameUnit,this.frameData,false,not UnitIsPlayer(this.index),false,false,true);
			</OnUpdate>
		</Scripts>
	</Button>

	<Button name="CH_NeedyListHEAL5Frame" inherits="CH_UnitFrameTemplate">
		<Scripts>
			<OnLoad>
				CH_OnUnitFrameLoad(nil,'NeedyListHEAL5',nil);
			</OnLoad>
			<OnUpdate>
				CH_OnUnitFrameUpdate(this.index,this.frameUnit,this.frameData,false,not UnitIsPlayer(this.index),false,false,true);
			</OnUpdate>
		</Scripts>
	</Button>

	<Button name="CH_NeedyListHEAL6Frame" inherits="CH_UnitFrameTemplate">
		<Scripts>
			<OnLoad>
				CH_OnUnitFrameLoad(nil,'NeedyListHEAL6',nil);
			</OnLoad>
			<OnUpdate>
				CH_OnUnitFrameUpdate(this.index,this.frameUnit,this.frameData,false,not UnitIsPlayer(this.index),false,false,true);
			</OnUpdate>
		</Scripts>
	</Button>

	<Button name="CH_NeedyListHEAL7Frame" inherits="CH_UnitFrameTemplate">
		<Scripts>
			<OnLoad>
				CH_OnUnitFrameLoad(nil,'NeedyListHEAL7',nil);
			</OnLoad>
			<OnUpdate>
				CH_OnUnitFrameUpdate(this.index,this.frameUnit,this.frameData,false,not UnitIsPlayer(this.index),false,false,true);
			</OnUpdate>
		</Scripts>
	</Button>

	<Button name="CH_NeedyListHEAL8Frame" inherits="CH_UnitFrameTemplate">
		<Scripts>
			<OnLoad>
				CH_OnUnitFrameLoad(nil,'NeedyListHEAL8',nil);
			</OnLoad>
			<OnUpdate>
				CH_OnUnitFrameUpdate(this.index,this.frameUnit,this.frameData,false,not UnitIsPlayer(this.index),false,false,true);
			</OnUpdate>
		</Scripts>
	</Button>

	<Button name="CH_NeedyListHEAL9Frame" inherits="CH_UnitFrameTemplate">
		<Scripts>
			<OnLoad>
				CH_OnUnitFrameLoad(nil,'NeedyListHEAL9',nil);
			</OnLoad>
			<OnUpdate>
				CH_OnUnitFrameUpdate(this.index,this.frameUnit,this.frameData,false,not UnitIsPlayer(this.index),false,false,true);
			</OnUpdate>
		</Scripts>
	</Button>

	<Button name="CH_NeedyListHEAL10Frame" inherits="CH_UnitFrameTemplate">
		<Scripts>
			<OnLoad>
				CH_OnUnitFrameLoad(nil,'NeedyListHEAL10',nil);
			</OnLoad>
			<OnUpdate>
				CH_OnUnitFrameUpdate(this.index,this.frameUnit,this.frameData,false,not UnitIsPlayer(this.index),false,false,true);
			</OnUpdate>
		</Scripts>
	</Button>

	<Button name="CH_NeedyListHEAL11Frame" inherits="CH_UnitFrameTemplate">
		<Scripts>
			<OnLoad>
				CH_OnUnitFrameLoad(nil,'NeedyListHEAL11',nil);
			</OnLoad>
			<OnUpdate>
				CH_OnUnitFrameUpdate(this.index,this.frameUnit,this.frameData,false,not UnitIsPlayer(this.index),false,false,true);
			</OnUpdate>
		</Scripts>
	</Button>

	<Button name="CH_NeedyListHEAL12Frame" inherits="CH_UnitFrameTemplate">
		<Scripts>
			<OnLoad>
				CH_OnUnitFrameLoad(nil,'NeedyListHEAL12',nil);
			</OnLoad>
			<OnUpdate>
				CH_OnUnitFrameUpdate(this.index,this.frameUnit,this.frameData,false,not UnitIsPlayer(this.index),false,false,true);
			</OnUpdate>
		</Scripts>
	</Button>

	<Button name="CH_NeedyListHEAL13Frame" inherits="CH_UnitFrameTemplate">
		<Scripts>
			<OnLoad>
				CH_OnUnitFrameLoad(nil,'NeedyListHEAL13',nil);
			</OnLoad>
			<OnUpdate>
				CH_OnUnitFrameUpdate(this.index,this.frameUnit,this.frameData,false,not UnitIsPlayer(this.index),false,false,true);
			</OnUpdate>
		</Scripts>
	</Button>

	<Button name="CH_NeedyListHEAL14Frame" inherits="CH_UnitFrameTemplate">
		<Scripts>
			<OnLoad>
				CH_OnUnitFrameLoad(nil,'NeedyListHEAL14',nil);
			</OnLoad>
			<OnUpdate>
				CH_OnUnitFrameUpdate(this.index,this.frameUnit,this.frameData,false,not UnitIsPlayer(this.index),false,false,true);
			</OnUpdate>
		</Scripts>
	</Button>

	<Button name="CH_NeedyListHEAL15Frame" inherits="CH_UnitFrameTemplate">
		<Scripts>
			<OnLoad>
				CH_OnUnitFrameLoad(nil,'NeedyListHEAL15',nil);
			</OnLoad>
			<OnUpdate>
				CH_OnUnitFrameUpdate(this.index,this.frameUnit,this.frameData,false,not UnitIsPlayer(this.index),false,false,true);
			</OnUpdate>
		</Scripts>
	</Button>

	<Button name="CH_NeedyListHEAL16Frame" inherits="CH_UnitFrameTemplate">
		<Scripts>
			<OnLoad>
				CH_OnUnitFrameLoad(nil,'NeedyListHEAL16',nil);
			</OnLoad>
			<OnUpdate>
				CH_OnUnitFrameUpdate(this.index,this.frameUnit,this.frameData,false,not UnitIsPlayer(this.index),false,false,true);
			</OnUpdate>
		</Scripts>
	</Button>

	<Button name="CH_NeedyListHEAL17Frame" inherits="CH_UnitFrameTemplate">
		<Scripts>
			<OnLoad>
				CH_OnUnitFrameLoad(nil,'NeedyListHEAL17',nil);
			</OnLoad>
			<OnUpdate>
				CH_OnUnitFrameUpdate(this.index,this.frameUnit,this.frameData,false,not UnitIsPlayer(this.index),false,false,true);
			</OnUpdate>
		</Scripts>
	</Button>

	<Button name="CH_NeedyListHEAL18Frame" inherits="CH_UnitFrameTemplate">
		<Scripts>
			<OnLoad>
				CH_OnUnitFrameLoad(nil,'NeedyListHEAL18',nil);
			</OnLoad>
			<OnUpdate>
				CH_OnUnitFrameUpdate(this.index,this.frameUnit,this.frameData,false,not UnitIsPlayer(this.index),false,false,true);
			</OnUpdate>
		</Scripts>
	</Button>

	<Button name="CH_NeedyListHEAL19Frame" inherits="CH_UnitFrameTemplate">
		<Scripts>
			<OnLoad>
				CH_OnUnitFrameLoad(nil,'NeedyListHEAL19',nil);
			</OnLoad>
			<OnUpdate>
				CH_OnUnitFrameUpdate(this.index,this.frameUnit,this.frameData,false,not UnitIsPlayer(this.index),false,false,true);
			</OnUpdate>
		</Scripts>
	</Button>

	<Button name="CH_NeedyListHEAL20Frame" inherits="CH_UnitFrameTemplate">
		<Scripts>
			<OnLoad>
				CH_OnUnitFrameLoad(nil,'NeedyListHEAL20',nil);
			</OnLoad>
			<OnUpdate>
				CH_OnUnitFrameUpdate(this.index,this.frameUnit,this.frameData,false,not UnitIsPlayer(this.index),false,false,true);
			</OnUpdate>
		</Scripts>
	</Button>

	<!-- ===== NeedyList CURE members ============================================================================= -->

	<Button name="CH_NeedyListCURE1Frame" inherits="CH_UnitFrameTemplate">
		<Scripts>
			<OnLoad>
				CH_OnUnitFrameLoad(nil,'NeedyListCURE1',nil);
			</OnLoad>
			<OnUpdate>
				CH_OnUnitFrameUpdate(this.index,this.frameUnit,this.frameData,false,not UnitIsPlayer(this.index),false,false,true);
			</OnUpdate>
		</Scripts>
	</Button>

	<Button name="CH_NeedyListCURE2Frame" inherits="CH_UnitFrameTemplate">
		<Scripts>
			<OnLoad>
				CH_OnUnitFrameLoad(nil,'NeedyListCURE2',nil);
			</OnLoad>
			<OnUpdate>
				CH_OnUnitFrameUpdate(this.index,this.frameUnit,this.frameData,false,not UnitIsPlayer(this.index),false,false,true);
			</OnUpdate>
		</Scripts>
	</Button>

	<Button name="CH_NeedyListCURE3Frame" inherits="CH_UnitFrameTemplate">
		<Scripts>
			<OnLoad>
				CH_OnUnitFrameLoad(nil,'NeedyListCURE3',nil);
			</OnLoad>
			<OnUpdate>
				CH_OnUnitFrameUpdate(this.index,this.frameUnit,this.frameData,false,not UnitIsPlayer(this.index),false,false,true);
			</OnUpdate>
		</Scripts>
	</Button>

	<Button name="CH_NeedyListCURE4Frame" inherits="CH_UnitFrameTemplate">
		<Scripts>
			<OnLoad>
				CH_OnUnitFrameLoad(nil,'NeedyListCURE4',nil);
			</OnLoad>
			<OnUpdate>
				CH_OnUnitFrameUpdate(this.index,this.frameUnit,this.frameData,false,not UnitIsPlayer(this.index),false,false,true);
			</OnUpdate>
		</Scripts>
	</Button>

	<Button name="CH_NeedyListCURE5Frame" inherits="CH_UnitFrameTemplate">
		<Scripts>
			<OnLoad>
				CH_OnUnitFrameLoad(nil,'NeedyListCURE5',nil);
			</OnLoad>
			<OnUpdate>
				CH_OnUnitFrameUpdate(this.index,this.frameUnit,this.frameData,false,not UnitIsPlayer(this.index),false,false,true);
			</OnUpdate>
		</Scripts>
	</Button>

	<Button name="CH_NeedyListCURE6Frame" inherits="CH_UnitFrameTemplate">
		<Scripts>
			<OnLoad>
				CH_OnUnitFrameLoad(nil,'NeedyListCURE6',nil);
			</OnLoad>
			<OnUpdate>
				CH_OnUnitFrameUpdate(this.index,this.frameUnit,this.frameData,false,not UnitIsPlayer(this.index),false,false,true);
			</OnUpdate>
		</Scripts>
	</Button>

	<Button name="CH_NeedyListCURE7Frame" inherits="CH_UnitFrameTemplate">
		<Scripts>
			<OnLoad>
				CH_OnUnitFrameLoad(nil,'NeedyListCURE7',nil);
			</OnLoad>
			<OnUpdate>
				CH_OnUnitFrameUpdate(this.index,this.frameUnit,this.frameData,false,not UnitIsPlayer(this.index),false,false,true);
			</OnUpdate>
		</Scripts>
	</Button>

	<Button name="CH_NeedyListCURE8Frame" inherits="CH_UnitFrameTemplate">
		<Scripts>
			<OnLoad>
				CH_OnUnitFrameLoad(nil,'NeedyListCURE8',nil);
			</OnLoad>
			<OnUpdate>
				CH_OnUnitFrameUpdate(this.index,this.frameUnit,this.frameData,false,not UnitIsPlayer(this.index),false,false,true);
			</OnUpdate>
		</Scripts>
	</Button>

	<Button name="CH_NeedyListCURE9Frame" inherits="CH_UnitFrameTemplate">
		<Scripts>
			<OnLoad>
				CH_OnUnitFrameLoad(nil,'NeedyListCURE9',nil);
			</OnLoad>
			<OnUpdate>
				CH_OnUnitFrameUpdate(this.index,this.frameUnit,this.frameData,false,not UnitIsPlayer(this.index),false,false,true);
			</OnUpdate>
		</Scripts>
	</Button>

	<Button name="CH_NeedyListCURE10Frame" inherits="CH_UnitFrameTemplate">
		<Scripts>
			<OnLoad>
				CH_OnUnitFrameLoad(nil,'NeedyListCURE10',nil);
			</OnLoad>
			<OnUpdate>
				CH_OnUnitFrameUpdate(this.index,this.frameUnit,this.frameData,false,not UnitIsPlayer(this.index),false,false,true);
			</OnUpdate>
		</Scripts>
	</Button>

	<Button name="CH_NeedyListCURE11Frame" inherits="CH_UnitFrameTemplate">
		<Scripts>
			<OnLoad>
				CH_OnUnitFrameLoad(nil,'NeedyListCURE11',nil);
			</OnLoad>
			<OnUpdate>
				CH_OnUnitFrameUpdate(this.index,this.frameUnit,this.frameData,false,not UnitIsPlayer(this.index),false,false,true);
			</OnUpdate>
		</Scripts>
	</Button>

	<Button name="CH_NeedyListCURE12Frame" inherits="CH_UnitFrameTemplate">
		<Scripts>
			<OnLoad>
				CH_OnUnitFrameLoad(nil,'NeedyListCURE12',nil);
			</OnLoad>
			<OnUpdate>
				CH_OnUnitFrameUpdate(this.index,this.frameUnit,this.frameData,false,not UnitIsPlayer(this.index),false,false,true);
			</OnUpdate>
		</Scripts>
	</Button>

	<Button name="CH_NeedyListCURE13Frame" inherits="CH_UnitFrameTemplate">
		<Scripts>
			<OnLoad>
				CH_OnUnitFrameLoad(nil,'NeedyListCURE13',nil);
			</OnLoad>
			<OnUpdate>
				CH_OnUnitFrameUpdate(this.index,this.frameUnit,this.frameData,false,not UnitIsPlayer(this.index),false,false,true);
			</OnUpdate>
		</Scripts>
	</Button>

	<Button name="CH_NeedyListCURE14Frame" inherits="CH_UnitFrameTemplate">
		<Scripts>
			<OnLoad>
				CH_OnUnitFrameLoad(nil,'NeedyListCURE14',nil);
			</OnLoad>
			<OnUpdate>
				CH_OnUnitFrameUpdate(this.index,this.frameUnit,this.frameData,false,not UnitIsPlayer(this.index),false,false,true);
			</OnUpdate>
		</Scripts>
	</Button>

	<Button name="CH_NeedyListCURE15Frame" inherits="CH_UnitFrameTemplate">
		<Scripts>
			<OnLoad>
				CH_OnUnitFrameLoad(nil,'NeedyListCURE15',nil);
			</OnLoad>
			<OnUpdate>
				CH_OnUnitFrameUpdate(this.index,this.frameUnit,this.frameData,false,not UnitIsPlayer(this.index),false,false,true);
			</OnUpdate>
		</Scripts>
	</Button>

	<Button name="CH_NeedyListCURE16Frame" inherits="CH_UnitFrameTemplate">
		<Scripts>
			<OnLoad>
				CH_OnUnitFrameLoad(nil,'NeedyListCURE16',nil);
			</OnLoad>
			<OnUpdate>
				CH_OnUnitFrameUpdate(this.index,this.frameUnit,this.frameData,false,not UnitIsPlayer(this.index),false,false,true);
			</OnUpdate>
		</Scripts>
	</Button>

	<Button name="CH_NeedyListCURE17Frame" inherits="CH_UnitFrameTemplate">
		<Scripts>
			<OnLoad>
				CH_OnUnitFrameLoad(nil,'NeedyListCURE17',nil);
			</OnLoad>
			<OnUpdate>
				CH_OnUnitFrameUpdate(this.index,this.frameUnit,this.frameData,false,not UnitIsPlayer(this.index),false,false,true);
			</OnUpdate>
		</Scripts>
	</Button>

	<Button name="CH_NeedyListCURE18Frame" inherits="CH_UnitFrameTemplate">
		<Scripts>
			<OnLoad>
				CH_OnUnitFrameLoad(nil,'NeedyListCURE18',nil);
			</OnLoad>
			<OnUpdate>
				CH_OnUnitFrameUpdate(this.index,this.frameUnit,this.frameData,false,not UnitIsPlayer(this.index),false,false,true);
			</OnUpdate>
		</Scripts>
	</Button>

	<Button name="CH_NeedyListCURE19Frame" inherits="CH_UnitFrameTemplate">
		<Scripts>
			<OnLoad>
				CH_OnUnitFrameLoad(nil,'NeedyListCURE19',nil);
			</OnLoad>
			<OnUpdate>
				CH_OnUnitFrameUpdate(this.index,this.frameUnit,this.frameData,false,not UnitIsPlayer(this.index),false,false,true);
			</OnUpdate>
		</Scripts>
	</Button>

	<Button name="CH_NeedyListCURE20Frame" inherits="CH_UnitFrameTemplate">
		<Scripts>
			<OnLoad>
				CH_OnUnitFrameLoad(nil,'NeedyListCURE20',nil);
			</OnLoad>
			<OnUpdate>
				CH_OnUnitFrameUpdate(this.index,this.frameUnit,this.frameData,false,not UnitIsPlayer(this.index),false,false,true);
			</OnUpdate>
		</Scripts>
	</Button>

	<!-- ===== NeedyList BUFF members ============================================================================= -->

	<Button name="CH_NeedyListBUFF1Frame" inherits="CH_UnitFrameTemplate">
		<Scripts>
			<OnLoad>
				CH_OnUnitFrameLoad(nil,'NeedyListBUFF1',nil);
			</OnLoad>
			<OnUpdate>
				CH_OnUnitFrameUpdate(this.index,this.frameUnit,this.frameData,false,not UnitIsPlayer(this.index),false,false,true);
			</OnUpdate>
		</Scripts>
	</Button>

	<Button name="CH_NeedyListBUFF2Frame" inherits="CH_UnitFrameTemplate">
		<Scripts>
			<OnLoad>
				CH_OnUnitFrameLoad(nil,'NeedyListBUFF2',nil);
			</OnLoad>
			<OnUpdate>
				CH_OnUnitFrameUpdate(this.index,this.frameUnit,this.frameData,false,not UnitIsPlayer(this.index),false,false,true);
			</OnUpdate>
		</Scripts>
	</Button>

	<Button name="CH_NeedyListBUFF3Frame" inherits="CH_UnitFrameTemplate">
		<Scripts>
			<OnLoad>
				CH_OnUnitFrameLoad(nil,'NeedyListBUFF3',nil);
			</OnLoad>
			<OnUpdate>
				CH_OnUnitFrameUpdate(this.index,this.frameUnit,this.frameData,false,not UnitIsPlayer(this.index),false,false,true);
			</OnUpdate>
		</Scripts>
	</Button>

	<Button name="CH_NeedyListBUFF4Frame" inherits="CH_UnitFrameTemplate">
		<Scripts>
			<OnLoad>
				CH_OnUnitFrameLoad(nil,'NeedyListBUFF4',nil);
			</OnLoad>
			<OnUpdate>
				CH_OnUnitFrameUpdate(this.index,this.frameUnit,this.frameData,false,not UnitIsPlayer(this.index),false,false,true);
			</OnUpdate>
		</Scripts>
	</Button>

	<Button name="CH_NeedyListBUFF5Frame" inherits="CH_UnitFrameTemplate">
		<Scripts>
			<OnLoad>
				CH_OnUnitFrameLoad(nil,'NeedyListBUFF5',nil);
			</OnLoad>
			<OnUpdate>
				CH_OnUnitFrameUpdate(this.index,this.frameUnit,this.frameData,false,not UnitIsPlayer(this.index),false,false,true);
			</OnUpdate>
		</Scripts>
	</Button>

	<Button name="CH_NeedyListBUFF6Frame" inherits="CH_UnitFrameTemplate">
		<Scripts>
			<OnLoad>
				CH_OnUnitFrameLoad(nil,'NeedyListBUFF6',nil);
			</OnLoad>
			<OnUpdate>
				CH_OnUnitFrameUpdate(this.index,this.frameUnit,this.frameData,false,not UnitIsPlayer(this.index),false,false,true);
			</OnUpdate>
		</Scripts>
	</Button>

	<Button name="CH_NeedyListBUFF7Frame" inherits="CH_UnitFrameTemplate">
		<Scripts>
			<OnLoad>
				CH_OnUnitFrameLoad(nil,'NeedyListBUFF7',nil);
			</OnLoad>
			<OnUpdate>
				CH_OnUnitFrameUpdate(this.index,this.frameUnit,this.frameData,false,not UnitIsPlayer(this.index),false,false,true);
			</OnUpdate>
		</Scripts>
	</Button>

	<Button name="CH_NeedyListBUFF8Frame" inherits="CH_UnitFrameTemplate">
		<Scripts>
			<OnLoad>
				CH_OnUnitFrameLoad(nil,'NeedyListBUFF8',nil);
			</OnLoad>
			<OnUpdate>
				CH_OnUnitFrameUpdate(this.index,this.frameUnit,this.frameData,false,not UnitIsPlayer(this.index),false,false,true);
			</OnUpdate>
		</Scripts>
	</Button>

	<Button name="CH_NeedyListBUFF9Frame" inherits="CH_UnitFrameTemplate">
		<Scripts>
			<OnLoad>
				CH_OnUnitFrameLoad(nil,'NeedyListBUFF9',nil);
			</OnLoad>
			<OnUpdate>
				CH_OnUnitFrameUpdate(this.index,this.frameUnit,this.frameData,false,not UnitIsPlayer(this.index),false,false,true);
			</OnUpdate>
		</Scripts>
	</Button>

	<Button name="CH_NeedyListBUFF10Frame" inherits="CH_UnitFrameTemplate">
		<Scripts>
			<OnLoad>
				CH_OnUnitFrameLoad(nil,'NeedyListBUFF10',nil);
			</OnLoad>
			<OnUpdate>
				CH_OnUnitFrameUpdate(this.index,this.frameUnit,this.frameData,false,not UnitIsPlayer(this.index),false,false,true);
			</OnUpdate>
		</Scripts>
	</Button>

	<Button name="CH_NeedyListBUFF11Frame" inherits="CH_UnitFrameTemplate">
		<Scripts>
			<OnLoad>
				CH_OnUnitFrameLoad(nil,'NeedyListBUFF11',nil);
			</OnLoad>
			<OnUpdate>
				CH_OnUnitFrameUpdate(this.index,this.frameUnit,this.frameData,false,not UnitIsPlayer(this.index),false,false,true);
			</OnUpdate>
		</Scripts>
	</Button>

	<Button name="CH_NeedyListBUFF12Frame" inherits="CH_UnitFrameTemplate">
		<Scripts>
			<OnLoad>
				CH_OnUnitFrameLoad(nil,'NeedyListBUFF12',nil);
			</OnLoad>
			<OnUpdate>
				CH_OnUnitFrameUpdate(this.index,this.frameUnit,this.frameData,false,not UnitIsPlayer(this.index),false,false,true);
			</OnUpdate>
		</Scripts>
	</Button>

	<Button name="CH_NeedyListBUFF13Frame" inherits="CH_UnitFrameTemplate">
		<Scripts>
			<OnLoad>
				CH_OnUnitFrameLoad(nil,'NeedyListBUFF13',nil);
			</OnLoad>
			<OnUpdate>
				CH_OnUnitFrameUpdate(this.index,this.frameUnit,this.frameData,false,not UnitIsPlayer(this.index),false,false,true);
			</OnUpdate>
		</Scripts>
	</Button>

	<Button name="CH_NeedyListBUFF14Frame" inherits="CH_UnitFrameTemplate">
		<Scripts>
			<OnLoad>
				CH_OnUnitFrameLoad(nil,'NeedyListBUFF14',nil);
			</OnLoad>
			<OnUpdate>
				CH_OnUnitFrameUpdate(this.index,this.frameUnit,this.frameData,false,not UnitIsPlayer(this.index),false,false,true);
			</OnUpdate>
		</Scripts>
	</Button>

	<Button name="CH_NeedyListBUFF15Frame" inherits="CH_UnitFrameTemplate">
		<Scripts>
			<OnLoad>
				CH_OnUnitFrameLoad(nil,'NeedyListBUFF15',nil);
			</OnLoad>
			<OnUpdate>
				CH_OnUnitFrameUpdate(this.index,this.frameUnit,this.frameData,false,not UnitIsPlayer(this.index),false,false,true);
			</OnUpdate>
		</Scripts>
	</Button>

	<Button name="CH_NeedyListBUFF16Frame" inherits="CH_UnitFrameTemplate">
		<Scripts>
			<OnLoad>
				CH_OnUnitFrameLoad(nil,'NeedyListBUFF16',nil);
			</OnLoad>
			<OnUpdate>
				CH_OnUnitFrameUpdate(this.index,this.frameUnit,this.frameData,false,not UnitIsPlayer(this.index),false,false,true);
			</OnUpdate>
		</Scripts>
	</Button>

	<Button name="CH_NeedyListBUFF17Frame" inherits="CH_UnitFrameTemplate">
		<Scripts>
			<OnLoad>
				CH_OnUnitFrameLoad(nil,'NeedyListBUFF17',nil);
			</OnLoad>
			<OnUpdate>
				CH_OnUnitFrameUpdate(this.index,this.frameUnit,this.frameData,false,not UnitIsPlayer(this.index),false,false,true);
			</OnUpdate>
		</Scripts>
	</Button>

	<Button name="CH_NeedyListBUFF18Frame" inherits="CH_UnitFrameTemplate">
		<Scripts>
			<OnLoad>
				CH_OnUnitFrameLoad(nil,'NeedyListBUFF18',nil);
			</OnLoad>
			<OnUpdate>
				CH_OnUnitFrameUpdate(this.index,this.frameUnit,this.frameData,false,not UnitIsPlayer(this.index),false,false,true);
			</OnUpdate>
		</Scripts>
	</Button>

	<Button name="CH_NeedyListBUFF19Frame" inherits="CH_UnitFrameTemplate">
		<Scripts>
			<OnLoad>
				CH_OnUnitFrameLoad(nil,'NeedyListBUFF19',nil);
			</OnLoad>
			<OnUpdate>
				CH_OnUnitFrameUpdate(this.index,this.frameUnit,this.frameData,false,not UnitIsPlayer(this.index),false,false,true);
			</OnUpdate>
		</Scripts>
	</Button>

	<Button name="CH_NeedyListBUFF20Frame" inherits="CH_UnitFrameTemplate">
		<Scripts>
			<OnLoad>
				CH_OnUnitFrameLoad(nil,'NeedyListBUFF20',nil);
			</OnLoad>
			<OnUpdate>
				CH_OnUnitFrameUpdate(this.index,this.frameUnit,this.frameData,false,not UnitIsPlayer(this.index),false,false,true);
			</OnUpdate>
		</Scripts>
	</Button>

	<!-- ===== NeedyList DEAD members ============================================================================= -->

	<Button name="CH_NeedyListDEAD1Frame" inherits="CH_UnitFrameTemplate">
		<Scripts>
			<OnLoad>
				CH_OnUnitFrameLoad(nil,'NeedyListDEAD1',nil);
			</OnLoad>
			<OnUpdate>
				CH_OnUnitFrameUpdate(this.index,this.frameUnit,this.frameData,false,not UnitIsPlayer(this.index),false,false,true);
			</OnUpdate>
		</Scripts>
	</Button>

	<Button name="CH_NeedyListDEAD2Frame" inherits="CH_UnitFrameTemplate">
		<Scripts>
			<OnLoad>
				CH_OnUnitFrameLoad(nil,'NeedyListDEAD2',nil);
			</OnLoad>
			<OnUpdate>
				CH_OnUnitFrameUpdate(this.index,this.frameUnit,this.frameData,false,not UnitIsPlayer(this.index),false,false,true);
			</OnUpdate>
		</Scripts>
	</Button>

	<Button name="CH_NeedyListDEAD3Frame" inherits="CH_UnitFrameTemplate">
		<Scripts>
			<OnLoad>
				CH_OnUnitFrameLoad(nil,'NeedyListDEAD3',nil);
			</OnLoad>
			<OnUpdate>
				CH_OnUnitFrameUpdate(this.index,this.frameUnit,this.frameData,false,not UnitIsPlayer(this.index),false,false,true);
			</OnUpdate>
		</Scripts>
	</Button>

	<Button name="CH_NeedyListDEAD4Frame" inherits="CH_UnitFrameTemplate">
		<Scripts>
			<OnLoad>
				CH_OnUnitFrameLoad(nil,'NeedyListDEAD4',nil);
			</OnLoad>
			<OnUpdate>
				CH_OnUnitFrameUpdate(this.index,this.frameUnit,this.frameData,false,not UnitIsPlayer(this.index),false,false,true);
			</OnUpdate>
		</Scripts>
	</Button>

	<Button name="CH_NeedyListDEAD5Frame" inherits="CH_UnitFrameTemplate">
		<Scripts>
			<OnLoad>
				CH_OnUnitFrameLoad(nil,'NeedyListDEAD5',nil);
			</OnLoad>
			<OnUpdate>
				CH_OnUnitFrameUpdate(this.index,this.frameUnit,this.frameData,false,not UnitIsPlayer(this.index),false,false,true);
			</OnUpdate>
		</Scripts>
	</Button>

	<Button name="CH_NeedyListDEAD6Frame" inherits="CH_UnitFrameTemplate">
		<Scripts>
			<OnLoad>
				CH_OnUnitFrameLoad(nil,'NeedyListDEAD6',nil);
			</OnLoad>
			<OnUpdate>
				CH_OnUnitFrameUpdate(this.index,this.frameUnit,this.frameData,false,not UnitIsPlayer(this.index),false,false,true);
			</OnUpdate>
		</Scripts>
	</Button>

	<Button name="CH_NeedyListDEAD7Frame" inherits="CH_UnitFrameTemplate">
		<Scripts>
			<OnLoad>
				CH_OnUnitFrameLoad(nil,'NeedyListDEAD7',nil);
			</OnLoad>
			<OnUpdate>
				CH_OnUnitFrameUpdate(this.index,this.frameUnit,this.frameData,false,not UnitIsPlayer(this.index),false,false,true);
			</OnUpdate>
		</Scripts>
	</Button>

	<Button name="CH_NeedyListDEAD8Frame" inherits="CH_UnitFrameTemplate">
		<Scripts>
			<OnLoad>
				CH_OnUnitFrameLoad(nil,'NeedyListDEAD8',nil);
			</OnLoad>
			<OnUpdate>
				CH_OnUnitFrameUpdate(this.index,this.frameUnit,this.frameData,false,not UnitIsPlayer(this.index),false,false,true);
			</OnUpdate>
		</Scripts>
	</Button>

	<Button name="CH_NeedyListDEAD9Frame" inherits="CH_UnitFrameTemplate">
		<Scripts>
			<OnLoad>
				CH_OnUnitFrameLoad(nil,'NeedyListDEAD9',nil);
			</OnLoad>
			<OnUpdate>
				CH_OnUnitFrameUpdate(this.index,this.frameUnit,this.frameData,false,not UnitIsPlayer(this.index),false,false,true);
			</OnUpdate>
		</Scripts>
	</Button>

	<Button name="CH_NeedyListDEAD10Frame" inherits="CH_UnitFrameTemplate">
		<Scripts>
			<OnLoad>
				CH_OnUnitFrameLoad(nil,'NeedyListDEAD10',nil);
			</OnLoad>
			<OnUpdate>
				CH_OnUnitFrameUpdate(this.index,this.frameUnit,this.frameData,false,not UnitIsPlayer(this.index),false,false,true);
			</OnUpdate>
		</Scripts>
	</Button>

	<Button name="CH_NeedyListDEAD11Frame" inherits="CH_UnitFrameTemplate">
		<Scripts>
			<OnLoad>
				CH_OnUnitFrameLoad(nil,'NeedyListDEAD11',nil);
			</OnLoad>
			<OnUpdate>
				CH_OnUnitFrameUpdate(this.index,this.frameUnit,this.frameData,false,not UnitIsPlayer(this.index),false,false,true);
			</OnUpdate>
		</Scripts>
	</Button>

	<Button name="CH_NeedyListDEAD12Frame" inherits="CH_UnitFrameTemplate">
		<Scripts>
			<OnLoad>
				CH_OnUnitFrameLoad(nil,'NeedyListDEAD12',nil);
			</OnLoad>
			<OnUpdate>
				CH_OnUnitFrameUpdate(this.index,this.frameUnit,this.frameData,false,not UnitIsPlayer(this.index),false,false,true);
			</OnUpdate>
		</Scripts>
	</Button>

	<Button name="CH_NeedyListDEAD13Frame" inherits="CH_UnitFrameTemplate">
		<Scripts>
			<OnLoad>
				CH_OnUnitFrameLoad(nil,'NeedyListDEAD13',nil);
			</OnLoad>
			<OnUpdate>
				CH_OnUnitFrameUpdate(this.index,this.frameUnit,this.frameData,false,not UnitIsPlayer(this.index),false,false,true);
			</OnUpdate>
		</Scripts>
	</Button>

	<Button name="CH_NeedyListDEAD14Frame" inherits="CH_UnitFrameTemplate">
		<Scripts>
			<OnLoad>
				CH_OnUnitFrameLoad(nil,'NeedyListDEAD14',nil);
			</OnLoad>
			<OnUpdate>
				CH_OnUnitFrameUpdate(this.index,this.frameUnit,this.frameData,false,not UnitIsPlayer(this.index),false,false,true);
			</OnUpdate>
		</Scripts>
	</Button>

	<Button name="CH_NeedyListDEAD15Frame" inherits="CH_UnitFrameTemplate">
		<Scripts>
			<OnLoad>
				CH_OnUnitFrameLoad(nil,'NeedyListDEAD15',nil);
			</OnLoad>
			<OnUpdate>
				CH_OnUnitFrameUpdate(this.index,this.frameUnit,this.frameData,false,not UnitIsPlayer(this.index),false,false,true);
			</OnUpdate>
		</Scripts>
	</Button>

	<Button name="CH_NeedyListDEAD16Frame" inherits="CH_UnitFrameTemplate">
		<Scripts>
			<OnLoad>
				CH_OnUnitFrameLoad(nil,'NeedyListDEAD16',nil);
			</OnLoad>
			<OnUpdate>
				CH_OnUnitFrameUpdate(this.index,this.frameUnit,this.frameData,false,not UnitIsPlayer(this.index),false,false,true);
			</OnUpdate>
		</Scripts>
	</Button>

	<Button name="CH_NeedyListDEAD17Frame" inherits="CH_UnitFrameTemplate">
		<Scripts>
			<OnLoad>
				CH_OnUnitFrameLoad(nil,'NeedyListDEAD17',nil);
			</OnLoad>
			<OnUpdate>
				CH_OnUnitFrameUpdate(this.index,this.frameUnit,this.frameData,false,not UnitIsPlayer(this.index),false,false,true);
			</OnUpdate>
		</Scripts>
	</Button>

	<Button name="CH_NeedyListDEAD18Frame" inherits="CH_UnitFrameTemplate">
		<Scripts>
			<OnLoad>
				CH_OnUnitFrameLoad(nil,'NeedyListDEAD18',nil);
			</OnLoad>
			<OnUpdate>
				CH_OnUnitFrameUpdate(this.index,this.frameUnit,this.frameData,false,not UnitIsPlayer(this.index),false,false,true);
			</OnUpdate>
		</Scripts>
	</Button>

	<Button name="CH_NeedyListDEAD19Frame" inherits="CH_UnitFrameTemplate">
		<Scripts>
			<OnLoad>
				CH_OnUnitFrameLoad(nil,'NeedyListDEAD19',nil);
			</OnLoad>
			<OnUpdate>
				CH_OnUnitFrameUpdate(this.index,this.frameUnit,this.frameData,false,not UnitIsPlayer(this.index),false,false,true);
			</OnUpdate>
		</Scripts>
	</Button>

	<Button name="CH_NeedyListDEAD20Frame" inherits="CH_UnitFrameTemplate">
		<Scripts>
			<OnLoad>
				CH_OnUnitFrameLoad(nil,'NeedyListDEAD20',nil);
			</OnLoad>
			<OnUpdate>
				CH_OnUnitFrameUpdate(this.index,this.frameUnit,this.frameData,false,not UnitIsPlayer(this.index),false,false,true);
			</OnUpdate>
		</Scripts>
	</Button>

</Ui>
