<!--

	Tracks the time targets are immune to fear/seduce/charms
	By Quel
	qwarlock@gmail.com
	2/1/05 v1.5

-->

<Ui xmlns="http://www.blizzard.com/wow/ui/" xmlns:xsi="http://www.w3.org/2001/XMLSchema-instance" xsi:schemaLocation="http://www.blizzard.com/wow/ui/ C:\Projects\WoW\Bin\Interface\FrameXML\UI.xsd">
	
	<Script file="qImmunityClock.lua"/>
	<Frame name="ImmunityClockFrame" frameStrata="HIGH" movable="true" enableMouse="true" parent="UIParent">
		<Size><AbsDimension x="1" y="1"/></Size>
		<Anchors>
			<Anchor point="Top">
				<Offset><AbsDimension x="-2" y="-25" /></Offset>
			</Anchor>
		</Anchors>
		<Layers>
			<Layer level="ARTWORK">
				<FontString name="ImmunityClockFrameText" inherits="TextStatusbarText" />
			</Layer>
		</Layers>
		<Scripts>
			<OnLoad>ImmunityClockFrame_OnLoad();</OnLoad>
			<OnEvent>ImmunityClockFrame_OnEvent(event,arg1);</OnEvent>
			<OnUpdate>ImmunityClockFrame_OnUpdate(arg1);</OnUpdate>
		</Scripts>
	</Frame>

	<Frame name="ImmunityClockWindowFrame" frameStrata="BACKGROUND" movable="true" enableMouse="true" parent="UIParent">
		<Size><AbsDimension x="250" y="96"/></Size>
		<Backdrop name="ImmunityClockBackdrop"  edgeFile="Interface\Tooltips\UI-Tooltip-Border" tile="true">
			<EdgeSize>
				<AbsValue val="16"/>
			</EdgeSize>
			<TileSize>
				<AbsValue val="16"/>
			</TileSize>
			<BackgroundInsets>
				<AbsInset left="5" right="5" top="5" bottom="5"/>
			</BackgroundInsets>
		</Backdrop>	
		<Anchors>
			<Anchor point="Top">
				<Offset><AbsDimension x="-2" y="-75" /></Offset>
			</Anchor>
		</Anchors>
		<Layers>
			<Layer level="FOREGROUND">
				<FontString name="ImmunityClockTitleText" inherits="GameTooltipHeaderText" text="Immunity Clock" justifyH="LEFT">
					<Anchors>
						<Anchor point="TOPLEFT">
							<Offset><AbsDimension x="5" y="-7"/></Offset>
						</Anchor>
					</Anchors>
				</FontString>
			</Layer>	
			<Layer level="ARTWORK">
				<FontString name="ImmunityClockWindowText1" inherits="TextStatusbarText">
				<Anchors>
						<Anchor point="TOPLEFT" relativeTo="ImmunityClockTitleText" relativePoint="BottomLeft"/>
					</Anchors>
				</FontString>
			</Layer>
			<Layer level="ARTWORK">
				<FontString name="ImmunityClockWindowText2" inherits="TextStatusbarText">
				<Anchors>
						<Anchor point="TOPLEFT" relativeTo="ImmunityClockWindowText1" relativePoint="BottomLeft"/>
					</Anchors>
				</FontString>
			</Layer>
			<Layer level="ARTWORK">
				<FontString name="ImmunityClockWindowText3" inherits="TextStatusbarText">
				<Anchors>
						<Anchor point="TOPLEFT" relativeTo="ImmunityClockWindowText2" relativePoint="BottomLeft"/>
					</Anchors>
				</FontString>
			</Layer>
			<Layer level="ARTWORK">
				<FontString name="ImmunityClockWindowText4" inherits="TextStatusbarText">
				<Anchors>
						<Anchor point="TOPLEFT" relativeTo="ImmunityClockWindowText3" relativePoint="BottomLeft"/>
					</Anchors>
				</FontString>
			</Layer>
			<Layer level="ARTWORK">
				<FontString name="ImmunityClockWindowText5" inherits="TextStatusbarText">
				<Anchors>
						<Anchor point="TOPLEFT" relativeTo="ImmunityClockWindowText4" relativePoint="BottomLeft"/>
					</Anchors>
				</FontString>
			</Layer>
		</Layers>

		<Frames>
			<Button name="ImmunityClockCloseButton">
				<Size>
					<AbsDimension x="24" y="24"/>
				</Size>
				<Anchors>
					<Anchor point="TOPRIGHT">
						<Offset>
							<AbsDimension x="2" y="-2"/>
						</Offset>
					</Anchor>
				</Anchors>
				<Scripts>
					<OnClick>
						ImmunityClockCloseButton_OnClick();
					</OnClick>
				</Scripts>
				<NormalTexture file="Interface\Buttons\UI-Panel-MinimizeButton-Up"/>
				<PushedTexture file="Interface\Buttons\UI-Panel-MinimizeButton-Down"/>
				<HighlightTexture file="Interface\Buttons\UI-Panel-MinimizeButton-Highlight" alphaMode="ADD"/>
			</Button>
		</Frames>
		<Scripts>
				<OnLoad>ImmunityClockWindowFrame_OnLoad();</OnLoad>
				<OnDragStart>ImmunityClockWindowFrame_OnDragStart();</OnDragStart>
				<OnDragStop>ImmunityClockWindowFrame_OnDragStop();</OnDragStop>
				<OnMouseDown>ImmunityClockWindowFrame_OnDragStart();</OnMouseDown>
				<OnMouseUp>ImmunityClockWindowFrame_OnDragStop();</OnMouseUp>
		</Scripts>
	</Frame>

	<Frame name="ImmunityClockTargetFrame" toplevel="true" frameStrata="HIGH" movable="true" enableMouse="true" parent="UIParent">
		
		<Size><AbsDimension x="128" y="32" /></Size>
		
		<Anchors>
			<Anchor point="TOP" relativeTo="TargetFrameHealthBar" relativePoint="Bottom" >
				<Offset><AbsDimension x="-2" y="-25" /></Offset>
			</Anchor>
		</Anchors>
			
		<Layers>
			<Layer level="ARTWORK">
				<FontString name="ImmunityClockTargetText" inherits="TextStatusBarText" />
			</Layer>
		</Layers>
<!--
		<Scripts>
			<OnUpdate>ImmunityClockTargetFrame_OnUpdate(arg1);</OnUpdate>
			<OnLoad>ImmunityClockTargetFrame_OnLoad();</OnLoad>
		</Scripts>
-->
	</Frame>
</Ui>
