<Ui xmlns="http://www.blizzard.com/wow/ui/" 
    xmlns:xsi="http://www.w3.org/2001/XMLSchema-instance"
    xsi:schemaLocation="http://www.blizzard.com/wow/ui/">

<Script file="MinimalistGlobals.lua" />
<Script file="Minimalist.lua" />

<CheckButton name="MinimalistCheckTemplate" inherits="UICheckButtonTemplate" virtual="true">
  <HitRectInsets><AbsInset left="0" right="-100" top="0" bottom="0" /></HitRectInsets>
  <Scripts>
    <OnClick>Minimalist:CheckButton_OnClick()</OnClick>
    <OnEnter>Minimalist:CheckButton_OnEnter()</OnEnter>
    <OnLeave>GameTooltip:Hide()</OnLeave>
  </Scripts>
</CheckButton>

<Frame name="MinimalistSubFrame" hidden="true" inherits="OptionFrameBoxTemplate" virtual="true">
	  <Size><AbsDimension x="220" y="270" /></Size>
	  <Anchors><Anchor point="TOPLEFT"><Offset><AbsDimension x="10" y="-40"/></Offset></Anchor></Anchors> 
</Frame>

<Button name="MinimalistFrameTab" inherits="GameMenuButtonTemplate" virtual="true">
	<Scripts><OnClick>Minimalist:TabHandler(this:GetName())</OnClick></Scripts>
</Button>

<GameTooltip name="MinimalistTooltip" frameStrata="TOOLTIP" parent="UIParent" inherits="GameTooltipTemplate" />

<Frame name="MinimalistFrame" toplevel="true" hidden="true" parent="UIParent" frameStrata="MEDIUM">
  <Size><AbsDimension x="245" y="365" /></Size>
  <Anchors><Anchor point="CENTER" /></Anchors>
  <Backdrop bgFile="Interface\DialogFrame\UI-DialogBox-Background" edgeFile="Interface\Tooltips\UI-Tooltip-Border" tile="true">
    <BackgroundInsets><AbsInset left="5" right="5" top="5" bottom="5"/></BackgroundInsets>
    <TileSize><AbsValue val="16"/></TileSize><EdgeSize><AbsValue val="16"/></EdgeSize>
  </Backdrop>
  <Layers><Layer level="ARTWORK">
    <FontString inherits="GameFontNormal" text="Minimalist">
	    <Anchors><Anchor point="TOP"><Offset><AbsDimension x="0" y="-12" /></Offset></Anchor></Anchors>
    </FontString>
  </Layer></Layers>

  <Frames>
    <Frame name="MinimalistSubFrame1" inherits="MinimalistSubFrame">
      <Frames>
        <CheckButton name="MinimalistFrame_CheckButton2" inherits="MinimalistCheckTemplate">
          <Anchors><Anchor point="TOPLEFT" > <Offset><AbsDimension x="15" y="-15" /></Offset></Anchor></Anchors></CheckButton>
        <CheckButton name="MinimalistFrame_CheckButton3" inherits="MinimalistCheckTemplate">
          <Anchors><Anchor point="TOPLEFT" relativePoint="BOTTOMLEFT" relativeTo="MinimalistFrame_CheckButton2">
          <Offset><AbsDimension x="0" y="-10" /></Offset></Anchor></Anchors></CheckButton>
        <CheckButton name="MinimalistFrame_CheckButton4" inherits="MinimalistCheckTemplate">
          <Anchors><Anchor point="TOPLEFT" relativePoint="BOTTOMLEFT" relativeTo="MinimalistFrame_CheckButton3">
          <Offset><AbsDimension x="0" y="-10" /></Offset></Anchor></Anchors></CheckButton>
        <CheckButton name="MinimalistFrame_CheckButton5" inherits="MinimalistCheckTemplate">
          <Anchors><Anchor point="TOPLEFT" relativePoint="BOTTOMLEFT" relativeTo="MinimalistFrame_CheckButton4">
          <Offset><AbsDimension x="0" y="-10" /></Offset></Anchor></Anchors></CheckButton>
        <CheckButton name="MinimalistFrame_CheckButton21" inherits="MinimalistCheckTemplate">
          <Anchors><Anchor point="TOPLEFT" relativePoint="BOTTOMLEFT" relativeTo="MinimalistFrame_CheckButton5">
	  <Offset><AbsDimension x="0" y="-10" /></Offset></Anchor></Anchors></CheckButton>
        <CheckButton name="MinimalistFrame_CheckButton12" inherits="MinimalistCheckTemplate">
          <Anchors><Anchor point="TOPLEFT" relativePoint="BOTTOMLEFT" relativeTo="MinimalistFrame_CheckButton21">
	  <Offset><AbsDimension x="0" y="-10" /></Offset></Anchor></Anchors></CheckButton>
      </Frames>
    </Frame>
    <Frame name="MinimalistSubFrame2" inherits="MinimalistSubFrame">
      <Frames>
        <CheckButton name="MinimalistFrame_CheckButton6" inherits="MinimalistCheckTemplate">
          <Anchors><Anchor point="TOPLEFT" > <Offset><AbsDimension x="15" y="-15" /></Offset></Anchor></Anchors></CheckButton>
        <CheckButton name="MinimalistFrame_CheckButton7" inherits="MinimalistCheckTemplate">
          <Anchors><Anchor point="TOPLEFT" relativePoint="BOTTOMLEFT" relativeTo="MinimalistFrame_CheckButton6">
          <Offset><AbsDimension x="0" y="-10" /></Offset></Anchor></Anchors></CheckButton>
        <CheckButton name="MinimalistFrame_CheckButton8" inherits="MinimalistCheckTemplate">
          <Anchors><Anchor point="TOPLEFT" relativePoint="BOTTOMLEFT" relativeTo="MinimalistFrame_CheckButton7">
          <Offset><AbsDimension x="0" y="-10" /></Offset></Anchor></Anchors></CheckButton>
        <CheckButton name="MinimalistFrame_CheckButton10" inherits="MinimalistCheckTemplate">
          <Anchors><Anchor point="TOPLEFT" relativePoint="BOTTOMLEFT" relativeTo="MinimalistFrame_CheckButton8">
          <Offset><AbsDimension x="0" y="-10" /></Offset></Anchor></Anchors></CheckButton>
      </Frames>
    </Frame>
    <Frame name="MinimalistSubFrame3" inherits="MinimalistSubFrame">
      <Frames>
        <CheckButton name="MinimalistFrame_CheckButton13" inherits="MinimalistCheckTemplate">
          <Anchors><Anchor point="TOPLEFT" > <Offset><AbsDimension x="15" y="-15" /></Offset></Anchor></Anchors></CheckButton>
        <CheckButton name="MinimalistFrame_CheckButton14" inherits="MinimalistCheckTemplate">
          <Anchors><Anchor point="TOPLEFT" relativePoint="BOTTOMLEFT" relativeTo="MinimalistFrame_CheckButton13">
          <Offset><AbsDimension x="0" y="-10" /></Offset></Anchor></Anchors></CheckButton>
        <CheckButton name="MinimalistFrame_CheckButton15" inherits="MinimalistCheckTemplate">
          <Anchors><Anchor point="TOPLEFT" relativePoint="BOTTOMLEFT" relativeTo="MinimalistFrame_CheckButton14">
          <Offset><AbsDimension x="0" y="-10" /></Offset></Anchor></Anchors></CheckButton>
        <CheckButton name="MinimalistFrame_CheckButton16" inherits="MinimalistCheckTemplate">
          <Anchors><Anchor point="TOPLEFT" relativePoint="BOTTOMLEFT" relativeTo="MinimalistFrame_CheckButton15">
          <Offset><AbsDimension x="0" y="-10" /></Offset></Anchor></Anchors></CheckButton>
        <CheckButton name="MinimalistFrame_CheckButton22" inherits="MinimalistCheckTemplate">
          <Anchors><Anchor point="TOPLEFT" relativePoint="BOTTOMLEFT" relativeTo="MinimalistFrame_CheckButton16">
          <Offset><AbsDimension x="0" y="-10" /></Offset></Anchor></Anchors></CheckButton>
        <CheckButton name="MinimalistFrame_CheckButton17" inherits="MinimalistCheckTemplate">
          <Anchors><Anchor point="TOPLEFT" relativePoint="BOTTOMLEFT" relativeTo="MinimalistFrame_CheckButton22">
          <Offset><AbsDimension x="0" y="-10" /></Offset></Anchor></Anchors></CheckButton>
      </Frames>
    </Frame>
    <Frame name="MinimalistSubFrame4" inherits="MinimalistSubFrame">
      <Frames>
        <CheckButton name="MinimalistFrame_CheckButton18" inherits="MinimalistCheckTemplate">
          <Anchors><Anchor point="TOPLEFT" > <Offset><AbsDimension x="15" y="-15" /></Offset></Anchor></Anchors></CheckButton>
        <CheckButton name="MinimalistFrame_CheckButton19" inherits="MinimalistCheckTemplate">
          <Anchors><Anchor point="TOPLEFT" relativePoint="BOTTOMLEFT" relativeTo="MinimalistFrame_CheckButton18">
          <Offset><AbsDimension x="0" y="-10" /></Offset></Anchor></Anchors></CheckButton>
        <CheckButton name="MinimalistFrame_CheckButton20" inherits="MinimalistCheckTemplate">
          <Anchors><Anchor point="TOPLEFT" relativePoint="BOTTOMLEFT" relativeTo="MinimalistFrame_CheckButton19">
          <Offset><AbsDimension x="0" y="-10" /></Offset></Anchor></Anchors></CheckButton>
      </Frames>
    </Frame>

    <Button name="MinimalistFrameTab1" inherits="MinimalistFrameTab" text="AutoMagic">
      <Size><AbsDimension x="90" y="21" /></Size>
      <Anchors><Anchor point="TOPLEFT" relativePoint="BOTTOMLEFT" relativeTo="MinimalistSubFrame1">
      <Offset><AbsDimension x="1" y="-2" /></Offset></Anchor></Anchors>
    </Button>

    <Button name="MinimalistFrameTab2" inherits="MinimalistFrameTab" text="Interface">
      <Size><AbsDimension x="90" y="21" /></Size>
      <Anchors><Anchor point="LEFT" relativePoint="RIGHT" relativeTo="MinimalistFrameTab1">
      <Offset><AbsDimension x="1" y="0" /></Offset></Anchor></Anchors>
    </Button>

    <Button name="MinimalistFrameTab3" inherits="MinimalistFrameTab" text="Chat">
      <Size><AbsDimension x="90" y="21" /></Size>
      <Anchors><Anchor point="TOPLEFT" relativePoint="BOTTOMLEFT" relativeTo="MinimalistFrameTab1">
      <Offset><AbsDimension x="1" y="-2" /></Offset></Anchor></Anchors>
    </Button>

    <Button name="MinimalistFrameTab4" inherits="MinimalistFrameTab" text="MiniMap">
      <Size><AbsDimension x="90" y="21" /></Size>
      <Anchors><Anchor point="LEFT" relativePoint="RIGHT" relativeTo="MinimalistFrameTab3">
      <Offset><AbsDimension x="1" y="0" /></Offset></Anchor></Anchors>
    </Button>

    <Button name="MinimalistCloseButton" inherits="UIPanelCloseButton">
      <Anchors><Anchor point="TOPRIGHT" relativeTo="MinimalistFrame" relativePoint="TOPRIGHT">
      <Offset><AbsDimension x="-2" y="-2" /></Offset></Anchor></Anchors>
    </Button>

  </Frames>
</Frame>

<Frame name="MinMapFrame" frameStrata="LOW" enableMouse="false" parent="Minimap" Hidden="true">
  <Size><AbsDimension x="128" y="128"/></Size>
  <Anchors><Anchor point="CENTER" relativePoint="CENTER" relativeTo="Minimap">
  <Offset><AbsDimension x="0" y="0"/></Offset></Anchor></Anchors>
  <Layers>
    <Layer level="ARTWORK">
    <FontString name="MinMapLocText" inherits="GameFontNormal" justifyH="CENTER">
    <Size><AbsDimension x="60" y="16"/></Size>
    <Anchors><Anchor point="BOTTOM" relativeTo="$parent" relativePoint="BOTTOM">
    <Offset><AbsDimension x="0" y="-10"/></Offset></Anchor></Anchors></FontString>
    </Layer>
  </Layers>
</Frame>

</Ui>
