<Bindings>
	<Binding name="DD29" header="DD_HEADER">DoctorDruid_Main:Show()</Binding>
	<Binding name="DD1">DD__Heilende_Beruehrung()</Binding>
	<Binding name="DD18">DD__Heilende_Beruehrung(1)</Binding>
	<Binding name="DD2">DD__Nachwachsen()</Binding>
	<Binding name="DD19">DD__Nachwachsen(1)</Binding>
	<Binding name="DD3">DD__Verjuengung()</Binding>
	<Binding name="DD20">DD__MaxHeal_Switch()</Binding>
	<Binding name="DD4">DD__Mal_der_Wildnis()</Binding>
	<Binding name="DD5">DD__Dornen()</Binding>
	<Binding name="DD33">DD__Wurzeln()</Binding>
	<Binding name="DD6">DD__Entgiften()</Binding>
	<Binding name="DD25">DD__GiftFluch()</Binding>
	<Binding name="DD32">DD__Wiedergeburt()</Binding>
	<Binding name="DD34">DD__Wiedergeburt(1)</Binding>
	<Binding name="DD35">DD__Wiedergeburt(2)</Binding>
	<Binding name="DD7A">DD__Anregen()</Binding>
	<Binding name="DD7B">DD__Anregen(1)</Binding>
	<Binding name="DD7C">DD__Anregen(2)</Binding>
	<Binding name="DD7D">DD__Anregen(3)</Binding>
	<Binding name="DD37A">DD__AnregenSelf()</Binding>
	<Binding name="DD37B">DD__AnregenSelf(2)</Binding>
	<Binding name="DD37C">DD__AnregenSelf(3)</Binding>
	<Binding name="DD17">DD__Druidengestalt()</Binding>
	<Binding name="DD24">DD__Druidengestalt(1)</Binding>
	<Binding name="DD8">DD__Baerchen()</Binding>
	<Binding name="DD9">DD__Wasserratte()</Binding>
	<Binding name="DD10">DD__Miau()</Binding>
	<Binding name="DD11">DD__Reisegestalt()</Binding>
	<Binding name="DD23">DD__Reisewassergestalt()</Binding>
	<Binding name="DD12">DD__Oomkin()</Binding>
	<Binding name="DD13">DD__Toteminator()</Binding>
	<Binding name="DD14">DD__Katzenform_Schleichen()</Binding>
	<Binding name="DD31">DD__Katzenform_Schleichen(1)</Binding>
	<Binding name="DD30">DD__EndProwl()</Binding>
	<Binding name="DD15">DD__CatAttack(false)</Binding>
	<Binding name="DD16">DD__CatAttack(true)</Binding>
	<Binding name="DD21">DD__CatAttack(false,1)</Binding>
	<Binding name="DD22">DD__CatAttack(true,1)</Binding>
	<Binding name="DD26">DD__BearAttack(1)</Binding>
	<Binding name="DD27">DD__BearAttack(2)</Binding>
	<Binding name="DD28">DD__BearAttack(3)</Binding>
	<Binding name="DD38">DD__BearAttack(4)</Binding>
	<Binding name="DD39">DD__BearExchange()</Binding>
	<Binding name="DD36">DD__FaerieFire_AllShapes()</Binding>
</Bindings>