<Ui xmlns="http://www.blizzard.com/wow/ui/" xmlns:xsi="http://www.w3.org/2001/XMLSchema-instance" xsi:schemaLocation="http://www.blizzard.com/wow/ui/
C:\Projects\WoW\Bin\Interface\FrameXML\UI.xsd">

<Script file="Localization.en.lua"/>
<Script file="Localization.de.lua"/>
<Script file="DoctorDruid.lua"/>

<EditBox name="DoctorDruidEditBoxTemplate" letters="150" historyLines="0" autoFocus="false" virtual="true">
	<Size>
		<AbsDimension x="255" y="20"/>
	</Size>
	<Anchors>
		<Anchor point="TOPLEFT" relativeTo="$parent" relativePoint="TOPLEFT"/>
	</Anchors>
	<Scripts>			
		<OnEscapePressed>this:ClearFocus()</OnEscapePressed>
		<OnEnterPressed>this:ClearFocus()</OnEnterPressed>
	</Scripts>
	<Layers>
		<Layer level="BACKGROUND">
			<Texture name="$parentLeft" file="Interface\Common\Common-Input-Border">
				<Size>
					<AbsDimension x="8" y="20"/>
				</Size>
				<Anchors>
					<Anchor point="TOPLEFT">
						<Offset><AbsDimension x="-5" y="0"/></Offset>
					</Anchor>
				</Anchors>
				<TexCoords left="0" right="0.0625" top="0" bottom="0.625"/>
			</Texture>
			<Texture name="$parentRight" file="Interface\Common\Common-Input-Border">
				<Size>
					<AbsDimension x="8" y="20"/>
				</Size>
				<Anchors>
					<Anchor point="RIGHT">
						<Offset><AbsDimension x="-10" y="0"/></Offset>
					</Anchor>
				</Anchors>
				<TexCoords left="0.9375" right="1.0" top="0" bottom="0.625"/>
			</Texture>
			<Texture name="$parentMiddle" file="Interface\Common\Common-Input-Border">
				<Size>
					<AbsDimension x="10" y="20"/>
				</Size>
				<Anchors>
					<Anchor point="LEFT" relativeTo="$parentLeft" relativePoint="RIGHT"/>
					<Anchor point="RIGHT" relativeTo="$parentRight" relativePoint="LEFT"/>
				</Anchors>
				<TexCoords left="0.0625" right="0.9375" top="0" bottom="0.625"/>
			</Texture>
			<FontString name="$parent_Description" inherits="GameFontNormalSmall" justifyH="LEFT" text="Format String">
				<Anchors><Anchor point="TOPLEFT" relativeTo="$parent" relativePoint="TOPRIGHT">
						<Offset><AbsDimension x="-5" y="-5"/></Offset>
				</Anchor></Anchors>					
			</FontString>					
		</Layer>
	</Layers>				
	<FontString inherits="GameFontNormalSmall"/>
	<TextInsets left="2" right="10" top="0" bottom="2"/>		
</EditBox>

<CheckButton name="DDCB" inherits="OptionsCheckButtonTemplate" virtual="true">
	<HitRectInsets><AbsInset left="0" right="0" top="0" bottom="0"/></HitRectInsets>
	<Size><AbsDimension x="24" y="24"/></Size>
</CheckButton>
<Frame name="DDTT" virtual="true">
	<Size><AbsDimension x="600" y="40"/></Size>
	<Layers><Layer><FontString name="$parentText" inherits="GameFontNormal"><Anchors><Anchor point="TOPLEFT" relativeTo="$parent"><Offset><AbsDimension x="0" y="1"/></Offset></Anchor></Anchors></FontString></Layer></Layers>
</Frame>
<Frame name="DDTB" virtual="true">
	<Size><AbsDimension x="420" y="20"/></Size>
	<Backdrop bgFile="Interface\Tooltips\UI-Tooltip-Background" edgeFile="Interface\Tooltips\UI-Tooltip-Border" tile="true">
		<EdgeSize><AbsValue val="8"/></EdgeSize>
		<TileSize><AbsValue val="8"/></TileSize>
		<BackgroundInsets><AbsInset left="2" right="2" top="2" bottom="2"/></BackgroundInsets>
	</Backdrop>
	<Layers><Layer><FontString name="$parentText" inherits="GameFontHighlight"><Anchors><Anchor point="CENTER"><Offset><AbsDimension x="0" y="1"/></Offset></Anchor></Anchors></FontString></Layer></Layers>
	<Scripts>
		<OnLoad>
			this:SetBackdropBorderColor(0.32, 0.32, 0.32);
			this:SetBackdropColor(0.25, 0.25, 0.25);
		</OnLoad>
	</Scripts>
</Frame>
<Frame name="DDUL" virtual="true">
	<Size><AbsDimension x="300" y="3"/></Size>
	<Backdrop bgFile="Interface\Tooltips\UI-Tooltip-Background" edgeFile="Interface\Tooltips\UI-Tooltip-Border" tile="true">
		<EdgeSize><AbsValue val="1"/></EdgeSize>
		<TileSize><AbsValue val="0"/></TileSize>
		<BackgroundInsets><AbsInset left="0" right="0" top="0" bottom="0"/></BackgroundInsets>
	</Backdrop>
	<Scripts>
		<OnLoad>
			this:SetBackdropBorderColor(0.62, 0.62, 0.12);
			this:SetBackdropColor(0.55, 0.55, 0.05);
		</OnLoad>
	</Scripts>
</Frame>
<Frame name="DDSF" virtual="true">
	<Anchors><Anchor point="CENTER"/></Anchors>
	<Backdrop bgFile="Interface\DialogFrame\UI-DialogBox-Background" 
		edgeFile="Interface\DialogFrame\UI-DialogBox-Border" tile="true">
		<BackgroundInsets>
			<AbsInset left="11" right="12" top="12" bottom="11"/>
		</BackgroundInsets>
		<TileSize><AbsValue val="32"/></TileSize>
		<EdgeSize><AbsValue val="32"/></EdgeSize>
	</Backdrop>
	<Layers>
  	    <Layer level="ARTWORK">
			<Texture file="Interface\DialogFrame\UI-DialogBox-Header">
				<Size><AbsDimension x="240" y="64"/></Size>
				<Anchors>
					<Anchor point="TOP">
					<Offset><AbsDimension x="0" y="12"/></Offset>
					</Anchor>
				</Anchors>
			</Texture>
		</Layer>
		<Layer level="OVERLAY">
			<FontString inherits="GameFontNormalSmall" text="BINDING_HEADER_DD_HEADER">
				<Anchors>
					<Anchor point="TOP" relativeTo="$parent">
					<Offset><AbsDimension x="0" y="-3"/></Offset>
					</Anchor>
				</Anchors>
			</FontString>
		</Layer>
	</Layers>
</Frame>

<Button name="DDBT" virtual="true" inherits="OptionsButtonTemplate">
	<Size><AbsDimension x="140" y="20"/></Size>
</Button>





<Frame name="DoctorDruid_Main" inherits="DDSF" toplevel="true" parent="UIParent" frameStrata="DIALOG" hidden="true" enableMouse="true">
	<Scripts>
		<OnShow>DD__Setupwindow(1)</OnShow>
		<OnLoad>DD__OnLoad()</OnLoad>
		<OnEvent>DD__OnEvent(event)</OnEvent>
	</Scripts>    

	<Size><AbsDimension x="190" y="210"/></Size>
	<Frames>
	<Button name="$parent_Button1" inherits="DDBT">
		<Anchors><Anchor point="TOPLEFT"><Offset><AbsDimension x="25" y="-30"/></Offset></Anchor></Anchors>
		<Scripts><OnClick>DD__Setupwindow(2)</OnClick><OnShow>DD__SetText(187)</OnShow></Scripts>
	</Button>
	<Button name="$parent_Button2" inherits="DDBT">
		<Anchors><Anchor point="TOPLEFT"><Offset><AbsDimension x="25" y="-50"/></Offset></Anchor></Anchors>
		<Scripts><OnClick>DD__Setupwindow(3)</OnClick><OnShow>DD__SetText(188)</OnShow></Scripts>
	</Button>
	<Button name="$parent_Button3" inherits="DDBT">
		<Anchors><Anchor point="TOPLEFT"><Offset><AbsDimension x="25" y="-70"/></Offset></Anchor></Anchors>
		<Scripts><OnClick>DD__Setupwindow(4)</OnClick><OnShow>DD__SetText(189)</OnShow></Scripts>
	</Button>
	<Button name="$parent_Button4" inherits="DDBT">
		<Anchors><Anchor point="TOPLEFT"><Offset><AbsDimension x="25" y="-90"/></Offset></Anchor></Anchors>
		<Scripts><OnClick>DD__Setupwindow(5)</OnClick><OnShow>DD__SetText(190)</OnShow></Scripts>
	</Button>
	<Button name="$parent_Button5" inherits="DDBT">
		<Anchors><Anchor point="TOPLEFT"><Offset><AbsDimension x="25" y="-110"/></Offset></Anchor></Anchors>
		<Scripts><OnClick>DD__Setupwindow(6)</OnClick><OnShow>DD__SetText(191)</OnShow></Scripts>
	</Button>
	<Button name="$parent_Button6" inherits="DDBT">
		<Anchors><Anchor point="TOPLEFT"><Offset><AbsDimension x="25" y="-130"/></Offset></Anchor></Anchors>
		<Scripts><OnClick>DD__Setupwindow(8)</OnClick><OnShow>DD__SetText(136)</OnShow></Scripts>
	</Button>

	<Button name="$parent_Button7" inherits="DDBT">
		<Size><AbsDimension x="80" y="20"/></Size>
		<Anchors><Anchor point="BOTTOMRIGHT"><Offset><AbsDimension x="-10" y="10"/></Offset></Anchor></Anchors>
		<Scripts><OnClick>DD__Setupwindow()</OnClick><OnShow>DD__SetText(113)</OnShow></Scripts>
	</Button>
	<Button name="$parent_Button8" inherits="DDBT">
		<Size><AbsDimension x="80" y="20"/></Size>
		<Anchors><Anchor point="BOTTOMLEFT"><Offset><AbsDimension x="10" y="10"/></Offset></Anchor></Anchors>
		<Scripts><OnClick>DD__Setupwindow(7)</OnClick><OnShow>DD__SetText(112)</OnShow></Scripts>
	</Button>
	</Frames>
</Frame>





<Frame name="DoctorDruid_Defaults" inherits="DDSF" toplevel="true" parent="UIParent" frameStrata="DIALOG" hidden="true" enableMouse="true">
	<Scripts><OnShow>DD__Setupwindow(7)</OnShow></Scripts>    
	<Size><AbsDimension x="480" y="95"/></Size>
	<Frames>
	<Frame name="$parent_MainFrame" inherits="OptionFrameBoxTemplate">
		<Size>
			<AbsDimension x="440" y="30"/>
		</Size>
		<Anchors>
			<Anchor point="TOPLEFT">
				<Offset>
					<AbsDimension x="20" y="-25"/>
				</Offset>
			</Anchor>
		</Anchors>
		<Scripts>
			<OnLoad>
				this:SetBackdropBorderColor(0.4, 0.4, 0.4);
				this:SetBackdropColor(0.15, 0.15, 0.15);
			</OnLoad>
		</Scripts>
		<Frames>
			<Frame name="$parent_ResetToDefault" inherits="DDTT">
				<Scripts><OnShow>DD__SetText(195)</OnShow></Scripts>
				<Anchors><Anchor point="TOPLEFT"><Offset><AbsDimension x="10" y="-10"/></Offset></Anchor></Anchors>			
			</Frame>
		</Frames>
	</Frame>
	<Button name="$parent_ButtonYes" inherits="DDBT">
		<Anchors><Anchor point="BOTTOMLEFT"><Offset><AbsDimension x="20" y="16"/></Offset></Anchor></Anchors>
		<Scripts><OnClick>DD__DefaultSettings();DD__Setupwindow(1);DD__Print(DOCDRUID[198])</OnClick><OnShow>DD__SetText(196)</OnShow></Scripts>
	</Button>
	<Button name="$parent_ButtonNo" inherits="DDBT">
		<Anchors><Anchor point="BOTTOMRIGHT"><Offset><AbsDimension x="-20" y="16"/></Offset></Anchor></Anchors>
		<Scripts><OnClick>DD__Setupwindow(1)</OnClick><OnShow>DD__SetText(197)</OnShow></Scripts>
	</Button>
	</Frames>
</Frame>





<Frame name="DoctorDruid_General" inherits="DDSF" toplevel="true" parent="UIParent" frameStrata="DIALOG" hidden="true" enableMouse="true">
	<Scripts><OnShow>DD__Setupwindow(2)</OnShow></Scripts>    
	<Size><AbsDimension x="480" y="155"/></Size>
	<Frames>
	<Frame name="$parent_MainFrame" inherits="OptionFrameBoxTemplate">
		<Size>
			<AbsDimension x="440" y="90"/>
		</Size>
		<Anchors>
			<Anchor point="TOPLEFT">
				<Offset>
					<AbsDimension x="20" y="-25"/>
				</Offset>
			</Anchor>
		</Anchors>
		<Scripts>
			<OnLoad>
				this:SetBackdropBorderColor(0.4, 0.4, 0.4);
				this:SetBackdropColor(0.15, 0.15, 0.15);
			</OnLoad>
		</Scripts>
		<Frames>
			<Frame name="$parent_BasicFrameTitle" inherits="DDTB">
				<Scripts><OnShow>DD__SetText(150)</OnShow></Scripts>
				<Anchors><Anchor point="TOP"><Offset><AbsDimension x="0" y="-10"/></Offset></Anchor></Anchors>			
			</Frame>
			<CheckButton name="DD_ActivateFeral_CheckBox" inherits="DDCB">
				<Anchors><Anchor point="TOPLEFT" relativeTo="$parent" relativePoint="TOPLEFT"><Offset><AbsDimension x="10" y="-30"/></Offset></Anchor></Anchors>
				<Scripts>
					<OnLoad>DD__SetText(151)</OnLoad>
					<OnClick>
						wDD("activateferal",this:GetChecked()==1);
						if rDD("activateferal")==true then DD__FeralEvents(); end
					</OnClick>
					<OnShow>this:SetChecked(rDD("activateferal")==true)</OnShow>
				</Scripts>
			</CheckButton>
			<EditBox name="DD_OutputTextTo" inherits="DoctorDruidEditBoxTemplate" letters="2">
				<Size><AbsDimension x="34" y="20"/></Size>
				<Anchors>
					<Anchor point="TOPLEFT" relativeTo="$parent" relativePoint="TOPLEFT">
					<Offset><AbsDimension x="18" y="-55"/></Offset></Anchor>
				</Anchors>
				<Scripts>
					<OnEditFocusGained>this:HighlightText()</OnEditFocusGained>
					<OnShow>
						if rDD("outputtextto") then this:SetNumber(rDD("outputtextto")); end
						DD__SetText(153,"_Description");
					</OnShow>
				</Scripts>
			</EditBox>
		</Frames>
	</Frame>
	<Button name="$parent_Button1" inherits="DDBT">
		<Anchors><Anchor point="BOTTOMRIGHT"><Offset><AbsDimension x="-20" y="16"/></Offset></Anchor></Anchors>
		<Scripts><OnClick>DD__Setupwindow(1)</OnClick><OnShow>DD__SetText(154)</OnShow></Scripts>
	</Button>
	</Frames>
</Frame>





<Frame name="DoctorDruid_Balance" inherits="DDSF" toplevel="true" parent="UIParent" frameStrata="DIALOG" hidden="true" enableMouse="true">
	<Scripts><OnShow>DD__Setupwindow(6)</OnShow></Scripts>    
	<Size><AbsDimension x="480" y="155"/></Size>
	<Frames>
	<Frame name="$parent_MainFrame" inherits="OptionFrameBoxTemplate">
		<Size>
			<AbsDimension x="440" y="90"/>
		</Size>
		<Anchors>
			<Anchor point="TOPLEFT">
				<Offset>
					<AbsDimension x="20" y="-25"/>
				</Offset>
			</Anchor>
		</Anchors>
		<Scripts>
			<OnLoad>
				this:SetBackdropBorderColor(0.4, 0.4, 0.4);
				this:SetBackdropColor(0.15, 0.15, 0.15);
			</OnLoad>
		</Scripts>
		<Frames>
			<Frame name="$parent_BasicFrameTitle" inherits="DDTB">
				<Scripts><OnShow>DD__SetText(191)</OnShow></Scripts>
				<Anchors><Anchor point="TOP"><Offset><AbsDimension x="0" y="-10"/></Offset></Anchor></Anchors>			
			</Frame>
			<EditBox name="DD_RootsInPVE" inherits="DoctorDruidEditBoxTemplate" letters="1">
				<Size><AbsDimension x="34" y="20"/></Size>
				<Anchors>
					<Anchor point="TOPLEFT" relativeTo="$parent" relativePoint="TOPLEFT">
					<Offset><AbsDimension x="18" y="-35"/></Offset></Anchor>
				</Anchors>
				<Scripts>
					<OnEditFocusGained>this:HighlightText()</OnEditFocusGained>
					<OnShow>
						if rDD("rootrank_pve") then this:SetNumber(rDD("rootrank_pve")); end
						DD__SetText(194,"_Description");
					</OnShow>
				</Scripts>
			</EditBox>
			<EditBox name="DD_RootsInPVP" inherits="DoctorDruidEditBoxTemplate" letters="1">
				<Size><AbsDimension x="34" y="20"/></Size>
				<Anchors>
					<Anchor point="TOPLEFT" relativeTo="$parent" relativePoint="TOPLEFT">
					<Offset><AbsDimension x="18" y="-55"/></Offset></Anchor>
				</Anchors>
				<Scripts>
					<OnEditFocusGained>this:HighlightText()</OnEditFocusGained>
					<OnShow>
						if rDD("rootrank_pvp") then this:SetNumber(rDD("rootrank_pvp")); end
						DD__SetText(193,"_Description");
					</OnShow>
				</Scripts>
			</EditBox>
		</Frames>
	</Frame>
	<Button name="$parent_Button1" inherits="DDBT">
		<Anchors><Anchor point="BOTTOMRIGHT"><Offset><AbsDimension x="-20" y="16"/></Offset></Anchor></Anchors>
		<Scripts><OnClick>DD__Setupwindow(1)</OnClick><OnShow>DD__SetText(154)</OnShow></Scripts>
	</Button>
	</Frames>
</Frame>





<Frame name="DoctorDruid_Cat" inherits="DDSF" toplevel="true" parent="UIParent" frameStrata="DIALOG" hidden="true" enableMouse="true">
	<Scripts><OnShow>DD__Setupwindow(4)</OnShow></Scripts>    
	<Size><AbsDimension x="480" y="495"/></Size>
	<Frames>
	<Frame name="$parent_MainFrame" inherits="OptionFrameBoxTemplate">
		<Size>
			<AbsDimension x="440" y="430"/>
		</Size>
		<Anchors>
			<Anchor point="TOPLEFT">
				<Offset>
					<AbsDimension x="20" y="-25"/>
				</Offset>
			</Anchor>
		</Anchors>
		<Scripts>
			<OnLoad>
				this:SetBackdropBorderColor(0.4, 0.4, 0.4);
				this:SetBackdropColor(0.15, 0.15, 0.15);
			</OnLoad>
		</Scripts>
		<Frames>

			<Frame name="$parent_Cat_Subject" inherits="DDTB">
				<Scripts><OnShow>DD__SetText(100)</OnShow></Scripts>
				<Anchors><Anchor point="TOP"><Offset><AbsDimension x="0" y="-10"/></Offset></Anchor></Anchors>			
			</Frame>

			<Frame name="$parent_AttackKeys_Subject" inherits="DDTT">
				<Scripts><OnShow>DD__SetText(178)</OnShow></Scripts>
				<Anchors><Anchor point="TOPLEFT"><Offset><AbsDimension x="121" y="-35"/></Offset></Anchor></Anchors>			
			</Frame>
			<Frame name="$parent_AttackKeys_Underline" inherits="DDUL">
				<Anchors><Anchor point="TOPLEFT"><Offset><AbsDimension x="123" y="-47"/></Offset></Anchor></Anchors>			
			</Frame>

			<Frame name="$parent_Opener_Label" inherits="DDTT">
				<Scripts><OnShow>DD__SetText(95)</OnShow></Scripts>
				<Anchors><Anchor point="TOPLEFT"><Offset><AbsDimension x="15" y="-55"/></Offset></Anchor></Anchors>			
			</Frame>


			<CheckButton name="DD_Opener_Ravage_CheckBox" inherits="DDCB">
				<Anchors><Anchor point="TOPLEFT" relativeTo="$parent" relativePoint="TOPLEFT"><Offset><AbsDimension x="120" y="-50"/></Offset></Anchor></Anchors>
				<Scripts>
					<OnLoad>DD__SetText(74)</OnLoad>
					<OnClick>wDD("opener","ravage");this:SetChecked(true);DD_Opener_Auto_CheckBox:SetChecked(false);DD_Opener_Pounce_CheckBox:SetChecked(false)</OnClick>
					<OnShow>this:SetChecked(rDD("opener")=="ravage")</OnShow>
				</Scripts>
			</CheckButton>
			<CheckButton name="DD_Opener_Pounce_CheckBox" inherits="DDCB">
				<Anchors><Anchor point="TOPLEFT" relativeTo="$parent" relativePoint="TOPLEFT"><Offset><AbsDimension x="220" y="-50"/></Offset></Anchor></Anchors>
				<Scripts>
					<OnLoad>DD__SetText(73)</OnLoad>
					<OnClick>wDD("opener","pounce");this:SetChecked(true);DD_Opener_Auto_CheckBox:SetChecked(false);DD_Opener_Ravage_CheckBox:SetChecked(false)</OnClick>
					<OnShow>this:SetChecked(rDD("opener")=="pounce")</OnShow>
				</Scripts>
			</CheckButton>
			<CheckButton name="DD_Opener_Auto_CheckBox" inherits="DDCB">
				<Anchors><Anchor point="TOPLEFT" relativeTo="$parent" relativePoint="TOPLEFT"><Offset><AbsDimension x="320" y="-50"/></Offset></Anchor></Anchors>
				<Scripts>
					<OnLoad>DD__SetText(96)</OnLoad>
					<OnClick>wDD("opener","auto");this:SetChecked(true);DD_Opener_Ravage_CheckBox:SetChecked(false);DD_Opener_Pounce_CheckBox:SetChecked(false)</OnClick>
					<OnShow>this:SetChecked(rDD("opener")=="auto")</OnShow>
				</Scripts>
			</CheckButton>

			<Frame name="$parent_CatStd_Label" inherits="DDTT">
				<Scripts><OnShow>DD__SetText(156)</OnShow></Scripts>
				<Anchors><Anchor point="TOPLEFT"><Offset><AbsDimension x="15" y="-75"/></Offset></Anchor></Anchors>			
			</Frame>

			<CheckButton name="DD_CatStd_DoT_CheckBox" inherits="DDCB">
				<Anchors><Anchor point="TOPLEFT" relativeTo="$parent" relativePoint="TOPLEFT"><Offset><AbsDimension x="120" y="-70"/></Offset></Anchor></Anchors>
				<Scripts>
					<OnLoad>DD__SetText(78)</OnLoad>
					<OnClick>wDD("catstandard","neverdot");this:SetChecked(true);DD_CatStd_Auto_CheckBox:SetChecked(false);DD_CatStd_noDoT_CheckBox:SetChecked(false)</OnClick>
					<OnShow>this:SetChecked(rDD("catstandard")=="neverdot")</OnShow>
				</Scripts>
			</CheckButton>
			<CheckButton name="DD_CatStd_noDoT_CheckBox" inherits="DDCB">
				<Anchors><Anchor point="TOPLEFT" relativeTo="$parent" relativePoint="TOPLEFT"><Offset><AbsDimension x="220" y="-70"/></Offset></Anchor></Anchors>
				<Scripts>
					<OnLoad>DD__SetText(77)</OnLoad>
					<OnClick>wDD("catstandard","dotonly");this:SetChecked(true);DD_CatStd_Auto_CheckBox:SetChecked(false);DD_CatStd_DoT_CheckBox:SetChecked(false)</OnClick>
					<OnShow>this:SetChecked(rDD("catstandard")=="dotonly")</OnShow>
				</Scripts>
			</CheckButton>
			<CheckButton name="DD_CatStd_Auto_CheckBox" inherits="DDCB">
				<Anchors><Anchor point="TOPLEFT" relativeTo="$parent" relativePoint="TOPLEFT"><Offset><AbsDimension x="320" y="-70"/></Offset></Anchor></Anchors>
				<Scripts>
					<OnLoad>DD__SetText(158)</OnLoad>
					<OnClick>wDD("catstandard","both");this:SetChecked(true);DD_CatStd_DoT_CheckBox:SetChecked(false);DD_CatStd_noDoT_CheckBox:SetChecked(false)</OnClick>
					<OnShow>this:SetChecked(rDD("catstandard")=="both")</OnShow>
				</Scripts>
			</CheckButton>

			<Frame name="$parent_Finisher_Label" inherits="DDTT">
				<Scripts><OnShow>DD__SetText(157)</OnShow></Scripts>
				<Anchors><Anchor point="TOPLEFT"><Offset><AbsDimension x="15" y="-95"/></Offset></Anchor></Anchors>			
			</Frame>
			<CheckButton name="DD_Finisher_DoT_CheckBox" inherits="DDCB">
				<Anchors><Anchor point="TOPLEFT" relativeTo="$parent" relativePoint="TOPLEFT"><Offset><AbsDimension x="120" y="-90"/></Offset></Anchor></Anchors>
				<Scripts>
					<OnLoad>DD__SetText(76)</OnLoad>
					<OnClick>wDD("finisher","neverdot");this:SetChecked(true);DD_Finisher_Auto_CheckBox:SetChecked(false);DD_Finisher_noDoT_CheckBox:SetChecked(false)</OnClick>
					<OnShow>this:SetChecked(rDD("finisher")=="neverdot")</OnShow>
				</Scripts>
			</CheckButton>
			<CheckButton name="DD_Finisher_noDoT_CheckBox" inherits="DDCB">
				<Anchors><Anchor point="TOPLEFT" relativeTo="$parent" relativePoint="TOPLEFT"><Offset><AbsDimension x="220" y="-90"/></Offset></Anchor></Anchors>
				<Scripts>
					<OnLoad>DD__SetText(75)</OnLoad>
					<OnClick>wDD("finisher","dotonly");this:SetChecked(true);DD_Finisher_Auto_CheckBox:SetChecked(false);DD_Finisher_DoT_CheckBox:SetChecked(false)</OnClick>
					<OnShow>this:SetChecked(rDD("finisher")=="dotonly")</OnShow>
				</Scripts>
			</CheckButton>
			<CheckButton name="DD_Finisher_Auto_CheckBox" inherits="DDCB">
				<Anchors><Anchor point="TOPLEFT" relativeTo="$parent" relativePoint="TOPLEFT"><Offset><AbsDimension x="320" y="-90"/></Offset></Anchor></Anchors>
				<Scripts>
					<OnLoad>DD__SetText(158)</OnLoad>
					<OnClick>wDD("finisher") = "both";this:SetChecked(true);DD_Finisher_DoT_CheckBox:SetChecked(false);DD_Finisher_noDoT_CheckBox:SetChecked(false)</OnClick>
					<OnShow>this:SetChecked(rDD("finisher")=="both")</OnShow>
				</Scripts>
			</CheckButton>

			<CheckButton name="DD_CatUnified_DoT_CheckBox" inherits="DDCB">
				<Anchors><Anchor point="TOPLEFT" relativeTo="$parent" relativePoint="TOPLEFT"><Offset><AbsDimension x="120" y="-110"/></Offset></Anchor></Anchors>
				<Scripts>
					<OnClick>
						this:SetChecked(false);
						DD_Opener_Auto_CheckBox:SetChecked(false);DD_Opener_Ravage_CheckBox:SetChecked(true);DD_Opener_Pounce_CheckBox:SetChecked(false);
						DD_CatStd_Auto_CheckBox:SetChecked(false);DD_CatStd_DoT_CheckBox:SetChecked(true);DD_CatStd_noDoT_CheckBox:SetChecked(false);
						DD_Finisher_Auto_CheckBox:SetChecked(false);DD_Finisher_DoT_CheckBox:SetChecked(true);DD_Finisher_noDoT_CheckBox:SetChecked(false);
						wDD("opener","ravage");wDD("catstandard","neverdot");wDD("finisher","neverdot");
					</OnClick>
				</Scripts>
			</CheckButton>
			<CheckButton name="DD_CatUnified_noDoT_CheckBox" inherits="DDCB">
				<Anchors><Anchor point="TOPLEFT" relativeTo="$parent" relativePoint="TOPLEFT"><Offset><AbsDimension x="220" y="-110"/></Offset></Anchor></Anchors>
				<Scripts>
					<OnClick>
						this:SetChecked(false);
						DD_Opener_Auto_CheckBox:SetChecked(false);DD_Opener_Ravage_CheckBox:SetChecked(false);DD_Opener_Pounce_CheckBox:SetChecked(true);
						DD_CatStd_Auto_CheckBox:SetChecked(false);DD_CatStd_DoT_CheckBox:SetChecked(false);DD_CatStd_noDoT_CheckBox:SetChecked(true);
						DD_Finisher_Auto_CheckBox:SetChecked(false);DD_Finisher_DoT_CheckBox:SetChecked(false);DD_Finisher_noDoT_CheckBox:SetChecked(true);
						wDD("opener","pounce");wDD("catstandard","dotonly");wDD("finisher","dotonly");
					</OnClick>
				</Scripts>
			</CheckButton>
			<CheckButton name="DD_CatUnified_Both_CheckBox" inherits="DDCB">
				<Anchors><Anchor point="TOPLEFT" relativeTo="$parent" relativePoint="TOPLEFT"><Offset><AbsDimension x="320" y="-110"/></Offset></Anchor></Anchors>
				<Scripts>
					<OnClick>
						this:SetChecked(false);
						DD_Opener_Auto_CheckBox:SetChecked(true);DD_Opener_Ravage_CheckBox:SetChecked(false);DD_Opener_Pounce_CheckBox:SetChecked(false);
						DD_CatStd_Auto_CheckBox:SetChecked(true);DD_CatStd_DoT_CheckBox:SetChecked(false);DD_CatStd_noDoT_CheckBox:SetChecked(false);
						DD_Finisher_Auto_CheckBox:SetChecked(true);DD_Finisher_DoT_CheckBox:SetChecked(false);DD_Finisher_noDoT_CheckBox:SetChecked(false);
						wDD("opener","auto");wDD("catstandard","both");wDD("finisher","both");
					</OnClick>
				</Scripts>
			</CheckButton> 

			<CheckButton name="DD_TigersFuryBeforeOpener_CheckBox" inherits="DDCB">
				<Anchors><Anchor point="TOPLEFT" relativeTo="$parent" relativePoint="TOPLEFT"><Offset><AbsDimension x="10" y="-135"/></Offset></Anchor></Anchors>
				<Scripts>
					<OnLoad>DD__SetText2(DOCDRUID[81]..DOCDRUID[97])</OnLoad>
					<OnClick>wDD("tf_opener",this:GetChecked()==1)</OnClick>
					<OnShow>this:SetChecked(rDD("tf_opener")==true)</OnShow>
				</Scripts>
			</CheckButton>
			<CheckButton name="DD_TigersFuryBeforeOpenerNotInPVP_CheckBox" inherits="DDCB">
				<Anchors><Anchor point="TOPLEFT" relativeTo="$parent" relativePoint="TOPLEFT"><Offset><AbsDimension x="210" y="-135"/></Offset></Anchor></Anchors>
				<Scripts>
					<OnLoad>DD__SetText(131)</OnLoad>
					<OnClick>wDD("tf_opener_notinpvp",this:GetChecked()==1)</OnClick>
					<OnShow>this:SetChecked(rDD("tf_opener_notinpvp")==true)</OnShow>
				</Scripts>
			</CheckButton>
			<CheckButton name="DD_TigersFuryAtOnce_CheckBox" inherits="DDCB">
				<Anchors><Anchor point="TOPLEFT" relativeTo="$parent" relativePoint="TOPLEFT"><Offset><AbsDimension x="310" y="-135"/></Offset></Anchor></Anchors>
				<Scripts>
					<OnLoad>DD__SetText(176)</OnLoad>
					<OnClick>wDD("tf_opener_atonce",this:GetChecked()==1)</OnClick>
					<OnShow>this:SetChecked(rDD("tf_opener_atonce")==true)</OnShow>
				</Scripts>
			</CheckButton>

			<CheckButton name="DD_TigersFuryInfightPVE_CheckBox" inherits="DDCB">
				<Anchors><Anchor point="TOPLEFT" relativeTo="$parent" relativePoint="TOPLEFT"><Offset><AbsDimension x="10" y="-155"/></Offset></Anchor></Anchors>
				<Scripts>
					<OnLoad>DD__SetText2(DOCDRUID[81]..DOCDRUID[203])</OnLoad>
					<OnClick>wDD("tf_infight_pve",this:GetChecked()==1)</OnClick>
					<OnShow>this:SetChecked(rDD("tf_infight_pve")==true)</OnShow>
				</Scripts>
			</CheckButton>
			<CheckButton name="DD_TigersFuryInfightPVP_CheckBox" inherits="DDCB">
				<Anchors><Anchor point="TOPLEFT" relativeTo="$parent" relativePoint="TOPLEFT"><Offset><AbsDimension x="210" y="-155"/></Offset></Anchor></Anchors>
				<Scripts>
					<OnLoad>DD__SetText2(DOCDRUID[81]..DOCDRUID[204])</OnLoad>
					<OnClick>wDD("tf_infight_pvp",this:GetChecked()==1)</OnClick>
					<OnShow>this:SetChecked(rDD("tf_infight_pvp")==true)</OnShow>
				</Scripts>
			</CheckButton>

			<CheckButton name="DD_TigersFuryBeforeFinisher_CheckBox" inherits="DDCB">
				<Anchors><Anchor point="TOPLEFT" relativeTo="$parent" relativePoint="TOPLEFT"><Offset><AbsDimension x="10" y="-175"/></Offset></Anchor></Anchors>
				<Scripts>
					<OnLoad>DD__SetText2(DOCDRUID[81]..DOCDRUID[132])</OnLoad>
					<OnClick>wDD("tf_finisher",this:GetChecked()==1)</OnClick>
					<OnShow>this:SetChecked(rDD("tf_finisher")==true)</OnShow>
				</Scripts>
			</CheckButton>
			<CheckButton name="DD_TigersFuryBeforeFinisherNotInPVP_CheckBox" inherits="DDCB">
				<Anchors><Anchor point="TOPLEFT" relativeTo="$parent" relativePoint="TOPLEFT"><Offset><AbsDimension x="210" y="-175"/></Offset></Anchor></Anchors>
				<Scripts>
					<OnLoad>DD__SetText(131)</OnLoad>
					<OnClick>wDD("tf_finisher_notinpvp",this:GetChecked()==1)</OnClick>
					<OnShow>this:SetChecked(rDD("tf_finisher_notinpvp")==true)</OnShow>
				</Scripts>
			</CheckButton>
			<CheckButton name="DD_AlwaysCower_CheckBox" inherits="DDCB">
				<Anchors><Anchor point="TOPLEFT" relativeTo="$parent" relativePoint="TOPLEFT"><Offset><AbsDimension x="10" y="-195"/></Offset></Anchor></Anchors>
				<Scripts>
					<OnLoad>DD__SetText(98)</OnLoad>
					<OnClick>wDD("always_cower",this:GetChecked()==1)</OnClick>
					<OnShow>this:SetChecked(rDD("always_cower")==true)</OnShow>
				</Scripts>
			</CheckButton>
			<CheckButton name="DD_CowerOnAggro_CheckBox" inherits="DDCB">
				<Anchors><Anchor point="TOPLEFT" relativeTo="$parent" relativePoint="TOPLEFT"><Offset><AbsDimension x="10" y="-215"/></Offset></Anchor></Anchors>
				<Scripts>
					<OnLoad>DD__SetText(99)</OnLoad>
					<OnClick>wDD("agro_cower",this:GetChecked()==1)</OnClick>
					<OnShow>this:SetChecked(rDD("agro_cower")==true)</OnShow>
				</Scripts>
			</CheckButton>
			<CheckButton name="DD_RakeAfterClaw_CheckBox" inherits="DDCB">
				<Anchors><Anchor point="TOPLEFT" relativeTo="$parent" relativePoint="TOPLEFT"><Offset><AbsDimension x="10" y="-235"/></Offset></Anchor></Anchors>
				<Scripts>
					<OnLoad>DD__SetText(217)</OnLoad>
					<OnClick>wDD("rakeafterclaw",this:GetChecked()==1)</OnClick>
					<OnShow>this:SetChecked(rDD("rakeafterclaw")==true)</OnShow>
				</Scripts>
			</CheckButton>


			<Frame name="$parent_ProwlKey_Subject" inherits="DDTT">
				<Scripts><OnShow>DD__SetText(177)</OnShow></Scripts>
				<Anchors><Anchor point="TOPLEFT"><Offset><AbsDimension x="122" y="-280"/></Offset></Anchor></Anchors>			
			</Frame>
			<Frame name="$parent_ProwlKey_Underline" inherits="DDUL">
				<Anchors><Anchor point="TOPLEFT"><Offset><AbsDimension x="123" y="-292"/></Offset></Anchor></Anchors>			
			</Frame>

			<Frame name="$parent_ProwlKey_Opener_Label" inherits="DDTT">
				<Scripts><OnShow>DD__SetText(95)</OnShow></Scripts>
				<Anchors><Anchor point="TOPLEFT"><Offset><AbsDimension x="15" y="-300"/></Offset></Anchor></Anchors>			
			</Frame>

			<CheckButton name="DD_ProwlKey_Opener_Ravage_CheckBox" inherits="DDCB">
				<Anchors><Anchor point="TOPLEFT" relativeTo="$parent" relativePoint="TOPLEFT"><Offset><AbsDimension x="120" y="-295"/></Offset></Anchor></Anchors>
				<Scripts>
					<OnLoad>DD__SetText(74)</OnLoad>
					<OnClick>wDD("prowl_opener","ravage");this:SetChecked(true);DD_ProwlKey_Opener_Pounce_CheckBox:SetChecked(false)</OnClick>
					<OnShow>this:SetChecked(rDD("prowl_opener")=="ravage")</OnShow>
				</Scripts>
			</CheckButton>
			<CheckButton name="DD_ProwlKey_Opener_Pounce_CheckBox" inherits="DDCB">
				<Anchors><Anchor point="TOPLEFT" relativeTo="$parent" relativePoint="TOPLEFT"><Offset><AbsDimension x="220" y="-295"/></Offset></Anchor></Anchors>
				<Scripts>
					<OnLoad>DD__SetText(73)</OnLoad>
					<OnClick>wDD("prowl_opener","pounce");this:SetChecked(true);DD_ProwlKey_Opener_Ravage_CheckBox:SetChecked(false)</OnClick>
					<OnShow>this:SetChecked(rDD("prowl_opener")=="pounce")</OnShow>
				</Scripts>
			</CheckButton>
			<CheckButton name="DD_ProwlKey_TFOpener_CheckBox" inherits="DDCB">
				<Anchors><Anchor point="TOPLEFT" relativeTo="$parent" relativePoint="TOPLEFT"><Offset><AbsDimension x="320" y="-295"/></Offset></Anchor></Anchors>
				<Scripts>
					<OnLoad>DD__SetText(179)</OnLoad>
					<OnClick>wDD("tf_prowl_opener",this:GetChecked()==1)</OnClick>
					<OnShow>this:SetChecked(rDD("tf_prowl_opener")==true)</OnShow>
				</Scripts>
			</CheckButton>

			<Frame name="$parent_ProwlKey_Finisher_Label" inherits="DDTT">
				<Scripts><OnShow>DD__SetText(157)</OnShow></Scripts>
				<Anchors><Anchor point="TOPLEFT"><Offset><AbsDimension x="15" y="-320"/></Offset></Anchor></Anchors>			
			</Frame>
			<CheckButton name="DD_ProwlKey_Finisher_DoT_CheckBox" inherits="DDCB">
				<Anchors><Anchor point="TOPLEFT" relativeTo="$parent" relativePoint="TOPLEFT"><Offset><AbsDimension x="120" y="-315"/></Offset></Anchor></Anchors>
				<Scripts>
					<OnLoad>DD__SetText(76)</OnLoad>
					<OnClick>wDD("prowl_finisher","neverdot");this:SetChecked(true);DD_ProwlKey_Finisher_noDoT_CheckBox:SetChecked(false)</OnClick>
					<OnShow>this:SetChecked(rDD("prowl_finisher")=="neverdot")</OnShow>
				</Scripts>
			</CheckButton>
			<CheckButton name="DD_ProwlKey_Finisher_noDoT_CheckBox" inherits="DDCB">
				<Anchors><Anchor point="TOPLEFT" relativeTo="$parent" relativePoint="TOPLEFT"><Offset><AbsDimension x="220" y="-315"/></Offset></Anchor></Anchors>
				<Scripts>
					<OnLoad>DD__SetText(75)</OnLoad>
					<OnClick>wDD("prowl_finisher","dotonly");this:SetChecked(true);DD_ProwlKey_Finisher_DoT_CheckBox:SetChecked(false)</OnClick>
					<OnShow>this:SetChecked(rDD("prowl_finisher")=="dotonly")</OnShow>
				</Scripts>
			</CheckButton>
			<CheckButton name="DD_ProwlKey_TFFinisher_CheckBox" inherits="DDCB">
				<Anchors><Anchor point="TOPLEFT" relativeTo="$parent" relativePoint="TOPLEFT"><Offset><AbsDimension x="320" y="-315"/></Offset></Anchor></Anchors>
				<Scripts>
					<OnLoad>DD__SetText(179)</OnLoad>
					<OnClick>wDD("tf_prowl_finisher",this:GetChecked()==1)</OnClick>
					<OnShow>this:SetChecked(rDD("tf_prowl_finisher")==true)</OnShow>
				</Scripts>
			</CheckButton>

			<CheckButton name="DD_TrackHumanoids_CheckBox" inherits="DDCB">
				<Anchors><Anchor point="TOPLEFT" relativeTo="$parent" relativePoint="TOPLEFT"><Offset><AbsDimension x="10" y="-340"/></Offset></Anchor></Anchors>
				<Scripts>
					<OnLoad>DD__SetText(160)</OnLoad>
					<OnClick>wDD("trackhumanoids",this:GetChecked()==1); if this:GetChecked() then DD_QuickProwl_CheckBox:SetChecked(false); wDD("quickprowl",false); end</OnClick>
					<OnShow>this:SetChecked(rDD("trackhumanoids")==true)</OnShow>
				</Scripts>
			</CheckButton>
			<CheckButton name="DD_QuickProwl_CheckBox" inherits="DDCB">
				<Anchors><Anchor point="TOPLEFT" relativeTo="$parent" relativePoint="TOPLEFT"><Offset><AbsDimension x="10" y="-360"/></Offset></Anchor></Anchors>
				<Scripts>
					<OnLoad>DD__SetText(180)</OnLoad>
					<OnClick>wDD("quickprowl",this:GetChecked()==1); if this:GetChecked() then DD_TrackHumanoids_CheckBox:SetChecked(false); wDD("trackhumanoids",false); end</OnClick>
					<OnShow>this:SetChecked(rDD("quickprowl")==true)</OnShow>
				</Scripts>
			</CheckButton>

			<CheckButton name="DD_Cat_AutoAssist_CheckBox" inherits="DDCB">
				<Anchors><Anchor point="TOPLEFT" relativeTo="$parent" relativePoint="TOPLEFT"><Offset><AbsDimension x="10" y="-400"/></Offset></Anchor></Anchors>
				<Scripts>
					<OnLoad>DD__SetText(226)</OnLoad>
					<OnClick>wDD("cat_autoassist",this:GetChecked()==1)</OnClick>
					<OnShow>this:SetChecked(rDD("cat_autoassist")==true)</OnShow>
				</Scripts>
			</CheckButton>
		</Frames>
	</Frame>
	<Button name="$parent_Button1" inherits="DDBT">
		<Anchors><Anchor point="BOTTOMRIGHT"><Offset><AbsDimension x="-20" y="16"/></Offset></Anchor></Anchors>
		<Scripts><OnClick>DD__Setupwindow(1)</OnClick><OnShow>DD__SetText(154)</OnShow></Scripts>
	</Button>
	</Frames>
</Frame>






<Frame name="DoctorDruid_Bear" inherits="DDSF" toplevel="true" parent="UIParent" frameStrata="DIALOG" hidden="true" enableMouse="true">
	<Scripts><OnShow>DD__Setupwindow(5)</OnShow></Scripts>    
	<Size><AbsDimension x="480" y="465"/></Size>
	<Frames>
	<Frame name="$parent_MainFrame" inherits="OptionFrameBoxTemplate">
		<Size>
			<AbsDimension x="440" y="400"/>
		</Size>
		<Anchors>
			<Anchor point="TOPLEFT">
				<Offset>
					<AbsDimension x="20" y="-25"/>
				</Offset>
			</Anchor>
		</Anchors>
		<Scripts>
			<OnLoad>
				this:SetBackdropBorderColor(0.4, 0.4, 0.4);
				this:SetBackdropColor(0.15, 0.15, 0.15);
			</OnLoad>
		</Scripts>
		<Frames>

			<Frame name="$parent_BasicFrameTitle" inherits="DDTB">
				<Scripts><OnShow>DD__SetText(101)</OnShow></Scripts>
				<Anchors><Anchor point="TOP"><Offset><AbsDimension x="0" y="-10"/></Offset></Anchor></Anchors>			
			</Frame>
			<CheckButton name="DD_TauntOnLostAggro_CheckBox" inherits="DDCB">
				<Anchors><Anchor point="TOPLEFT" relativeTo="$parent" relativePoint="TOPLEFT"><Offset><AbsDimension x="10" y="-30"/></Offset></Anchor></Anchors>
				<Scripts>
					<OnLoad>DD__SetText(125)</OnLoad>
					<OnClick>wDD("lostaggro_taunt",this:GetChecked()==1)</OnClick>
					<OnShow>this:SetChecked(rDD("lostaggro_taunt")==true)</OnShow>
				</Scripts>
			</CheckButton>
			<CheckButton name="DD_NoTauntIfWarrior_CheckBox" inherits="DDCB">
				<Anchors><Anchor point="TOPLEFT" relativeTo="$parent" relativePoint="TOPLEFT"><Offset><AbsDimension x="10" y="-50"/></Offset></Anchor></Anchors>
				<Scripts>
					<OnLoad>DD__SetText(224)</OnLoad>
					<OnClick>wDD("notauntifwarrior",this:GetChecked()==1)</OnClick>
					<OnShow>this:SetChecked(rDD("notauntifwarrior")==true)</OnShow>
				</Scripts>
			</CheckButton>
			<CheckButton name="DD_AlwaysTaunt_CheckBox" inherits="DDCB">
				<Anchors><Anchor point="TOPLEFT" relativeTo="$parent" relativePoint="TOPLEFT"><Offset><AbsDimension x="10" y="-90"/></Offset></Anchor></Anchors>
				<Scripts>
					<OnLoad>DD__SetText(124)</OnLoad>
					<OnClick>wDD("always_taunt",this:GetChecked()==1)</OnClick>
					<OnShow>this:SetChecked(rDD("always_taunt")==true)</OnShow>
				</Scripts>
			</CheckButton>
			<CheckButton name="DD_AllowCharge_CheckBox" inherits="DDCB">
				<Anchors><Anchor point="TOPLEFT" relativeTo="$parent" relativePoint="TOPLEFT"><Offset><AbsDimension x="10" y="-110"/></Offset></Anchor></Anchors>
				<Scripts>
					<OnLoad>DD__SetText2(DOCDRUID[122]..DOCDRUID[119]..DOCDRUID[123])</OnLoad>
					<OnClick>wDD("allow_charge",this:GetChecked()==1)</OnClick>
					<OnShow>this:SetChecked(rDD("allow_charge")==true)</OnShow>
				</Scripts>
			</CheckButton>
			<CheckButton name="DD_AllowEnrage_CheckBox" inherits="DDCB">
				<Anchors><Anchor point="TOPLEFT" relativeTo="$parent" relativePoint="TOPLEFT"><Offset><AbsDimension x="10" y="-130"/></Offset></Anchor></Anchors>
				<Scripts>
					<OnLoad>DD__SetText2(DOCDRUID[122]..DOCDRUID[120]..DOCDRUID[123])</OnLoad>
					<OnClick>wDD("allow_enrage",this:GetChecked()==1)</OnClick>
					<OnShow>this:SetChecked(rDD("allow_enrage")==true)</OnShow>
				</Scripts>
			</CheckButton>
			<CheckButton name="DD_AllowChallengingRoar_CheckBox" inherits="DDCB">
				<Anchors><Anchor point="TOPLEFT" relativeTo="$parent" relativePoint="TOPLEFT"><Offset><AbsDimension x="10" y="-150"/></Offset></Anchor></Anchors>
				<Scripts>
					<OnLoad>DD__SetText2(DOCDRUID[122]..DOCDRUID[121]..DOCDRUID[123])</OnLoad>
					<OnClick>wDD("allow_challroar",this:GetChecked()==1)</OnClick>
					<OnShow>this:SetChecked(rDD("allow_challroar")==true)</OnShow>
				</Scripts>
			</CheckButton>
			<CheckButton name="DD_AllowBash_CheckBox" inherits="DDCB">
				<Anchors><Anchor point="TOPLEFT" relativeTo="$parent" relativePoint="TOPLEFT"><Offset><AbsDimension x="10" y="-170"/></Offset></Anchor></Anchors>
				<Scripts>
					<OnLoad>DD__SetText2(DOCDRUID[122]..DOCDRUID[118]..DOCDRUID[123])</OnLoad>
					<OnClick>wDD("allow_bash",this:GetChecked()==1)</OnClick>
					<OnShow>this:SetChecked(rDD("allow_bash")==true)</OnShow>
				</Scripts>
			</CheckButton>
			<CheckButton name="DD_AllowHeal_CheckBox" inherits="DDCB">
				<Anchors><Anchor point="TOPLEFT" relativeTo="$parent" relativePoint="TOPLEFT"><Offset><AbsDimension x="10" y="-190"/></Offset></Anchor></Anchors>
				<Scripts>
					<OnLoad>DD__SetText2(DOCDRUID[122]..DOCDRUID[129]..DOCDRUID[123]..DOCDRUID[130])</OnLoad>
					<OnClick>wDD("allow_heal",this:GetChecked()==1)</OnClick>
					<OnShow>this:SetChecked(rDD("allow_heal")==true)</OnShow>
				</Scripts>
			</CheckButton>

			<CheckButton name="DD_BearKeyExchange_CheckBox" inherits="DDCB">
				<Anchors><Anchor point="TOPLEFT" relativeTo="$parent" relativePoint="TOPLEFT"><Offset><AbsDimension x="10" y="-230"/></Offset></Anchor></Anchors>
				<Scripts>
					<OnLoad>DD__SetText(211)</OnLoad>
					<OnClick>wDD("bear_keyexchange",this:GetChecked()==1)</OnClick>
					<OnShow>this:SetChecked(rDD("bear_keyexchange")==true)</OnShow>
				</Scripts>
			</CheckButton>

			<CheckButton name="DD_AutoEnrage_CheckBox" inherits="DDCB">
				<Anchors><Anchor point="TOPLEFT" relativeTo="$parent" relativePoint="TOPLEFT"><Offset><AbsDimension x="10" y="-270"/></Offset></Anchor></Anchors>
				<Scripts>
					<OnLoad>DD__SetText(208)</OnLoad>
					<OnClick>wDD("autobear",logic2str(this:GetChecked()==1,1)); if this:GetChecked() then DD_AutoFeralCharge_CheckBox:SetChecked(false); DD_AutoBash_CheckBox:SetChecked(false); DD_AutoBear4_CheckBox:SetChecked(false); end</OnClick>
					<OnShow>this:SetChecked(rDD("autobear")==1)</OnShow>
				</Scripts>
			</CheckButton>
			<CheckButton name="DD_AutoFeralCharge_CheckBox" inherits="DDCB">
				<Anchors><Anchor point="TOPLEFT" relativeTo="$parent" relativePoint="TOPLEFT"><Offset><AbsDimension x="10" y="-290"/></Offset></Anchor></Anchors>
				<Scripts>
					<OnLoad>DD__SetText(209)</OnLoad>
					<OnClick>wDD("autobear",logic2str(this:GetChecked()==1,2)); if this:GetChecked() then DD_AutoEnrage_CheckBox:SetChecked(false); DD_AutoBash_CheckBox:SetChecked(false); DD_AutoBear4_CheckBox:SetChecked(false); end</OnClick>
					<OnShow>this:SetChecked(rDD("autobear")==2)</OnShow>
				</Scripts>
			</CheckButton>
			<CheckButton name="DD_AutoBash_CheckBox" inherits="DDCB">
				<Anchors><Anchor point="TOPLEFT" relativeTo="$parent" relativePoint="TOPLEFT"><Offset><AbsDimension x="10" y="-310"/></Offset></Anchor></Anchors>
				<Scripts>
					<OnLoad>DD__SetText(210)</OnLoad>
					<OnClick>wDD("autobear",logic2str(this:GetChecked()==1,3)); if this:GetChecked() then DD_AutoEnrage_CheckBox:SetChecked(false); DD_AutoFeralCharge_CheckBox:SetChecked(false); DD_AutoBear4_CheckBox:SetChecked(false); end</OnClick>
					<OnShow>this:SetChecked(rDD("autobear")==3)</OnShow>
				</Scripts>
			</CheckButton>
			<CheckButton name="DD_AutoBear4_CheckBox" inherits="DDCB">
				<Anchors><Anchor point="TOPLEFT" relativeTo="$parent" relativePoint="TOPLEFT"><Offset><AbsDimension x="10" y="-330"/></Offset></Anchor></Anchors>
				<Scripts>
					<OnLoad>DD__SetText(214)</OnLoad>
					<OnClick>wDD("autobear",logic2str(this:GetChecked()==1,4)); if this:GetChecked() then DD_AutoEnrage_CheckBox:SetChecked(false); DD_AutoFeralCharge_CheckBox:SetChecked(false); DD_AutoBash_CheckBox:SetChecked(false); end</OnClick>
					<OnShow>this:SetChecked(rDD("autobear")==4)</OnShow>
				</Scripts>
			</CheckButton>

			<CheckButton name="DD_Bear_AutoAssist_CheckBox" inherits="DDCB">
				<Anchors><Anchor point="TOPLEFT" relativeTo="$parent" relativePoint="TOPLEFT"><Offset><AbsDimension x="10" y="-370"/></Offset></Anchor></Anchors>
				<Scripts>
					<OnLoad>DD__SetText(226)</OnLoad>
					<OnClick>wDD("bear_autoassist",this:GetChecked()==1)</OnClick>
					<OnShow>this:SetChecked(rDD("bear_autoassist")==true)</OnShow>
				</Scripts>
			</CheckButton>
		</Frames>
	</Frame>
	<Button name="$parent_Button1" inherits="DDBT">
		<Anchors><Anchor point="BOTTOMRIGHT"><Offset><AbsDimension x="-20" y="16"/></Offset></Anchor></Anchors>
		<Scripts><OnClick>DD__Setupwindow(1)</OnClick><OnShow>DD__SetText(154)</OnShow></Scripts>
	</Button>
	</Frames>
</Frame>






<Frame name="DoctorDruid_Healing" inherits="DDSF" toplevel="true" parent="UIParent" frameStrata="DIALOG" hidden="true" enableMouse="true">
	<Scripts><OnShow>DD__Setupwindow(3)</OnShow></Scripts>    
	<Size><AbsDimension x="480" y="185"/></Size>
	<Frames>
	<Frame name="$parent_OptionsFrame" inherits="OptionFrameBoxTemplate">
		<Size>
			<AbsDimension x="440" y="120"/>
		</Size>
		<Anchors>
			<Anchor point="TOPLEFT">
				<Offset>
					<AbsDimension x="20" y="-25"/>
				</Offset>
			</Anchor>
		</Anchors>
		<Scripts>
			<OnLoad>
				this:SetBackdropBorderColor(0.4, 0.4, 0.4);
				this:SetBackdropColor(0.15, 0.15, 0.15);
			</OnLoad>
		</Scripts>
		<Frames>

			<Frame name="$parent_CursePoison" inherits="DDTB">
				<Scripts><OnShow>DD__SetText(108)</OnShow></Scripts>
				<Anchors><Anchor point="TOP"><Offset><AbsDimension x="0" y="-10"/></Offset></Anchor></Anchors>			
			</Frame>

			<Frame name="$parent_CurePriority_Label" inherits="DDTT">
				<Scripts><OnShow>DD__SetText(109)</OnShow></Scripts>
				<Anchors><Anchor point="TOPLEFT"><Offset><AbsDimension x="15" y="-35"/></Offset></Anchor></Anchors>			
			</Frame>
			<CheckButton name="DD_Priority_Poison_CheckBox" inherits="DDCB">
				<Anchors><Anchor point="TOPLEFT" relativeTo="$parent" relativePoint="TOPLEFT"><Offset><AbsDimension x="120" y="-30"/></Offset></Anchor></Anchors>
				<Scripts>
					<OnLoad>DD__SetText(110)</OnLoad>
					<OnClick>wDD("cursepoison","poison");this:SetChecked(true);DD_Priority_Curse_CheckBox:SetChecked(false)</OnClick>
					<OnShow>this:SetChecked(rDD("cursepoison")=="poison")</OnShow>
				</Scripts>
			</CheckButton>
			<CheckButton name="DD_Priority_Curse_CheckBox" inherits="DDCB">
				<Anchors><Anchor point="TOPLEFT" relativeTo="$parent" relativePoint="TOPLEFT"><Offset><AbsDimension x="220" y="-30"/></Offset></Anchor></Anchors>
				<Scripts>
					<OnLoad>DD__SetText(111)</OnLoad>
					<OnClick>wDD("cursepoison","curse");this:SetChecked(true);DD_Priority_Poison_CheckBox:SetChecked(false)</OnClick>
					<OnShow>this:SetChecked(rDD("cursepoison")=="curse")</OnShow>
				</Scripts>
			</CheckButton>


			<Frame name="$parent_Innervate" inherits="DDTB">
				<Scripts><OnShow>DD__SetText(9)</OnShow></Scripts>
				<Anchors><Anchor point="TOP"><Offset><AbsDimension x="0" y="-70"/></Offset></Anchor></Anchors>			
			</Frame>

			<CheckButton name="DD_InnervateFerals_CheckBox" inherits="DDCB">
				<Anchors><Anchor point="TOPLEFT" relativeTo="$parent" relativePoint="TOPLEFT"><Offset><AbsDimension x="10" y="-90"/></Offset></Anchor></Anchors>
				<Scripts>
					<OnLoad>DD__SetText(223)</OnLoad>
					<OnClick>wDD("innervateferals",this:GetChecked()==1)</OnClick>
					<OnShow>this:SetChecked(rDD("innervateferals")==true)</OnShow>
				</Scripts>
			</CheckButton>

		</Frames>
	</Frame>

	<Button name="$parent_Button1" inherits="DDBT">
		<Anchors><Anchor point="BOTTOMRIGHT"><Offset><AbsDimension x="-20" y="16"/></Offset></Anchor></Anchors>
		<Scripts><OnClick>DD__Setupwindow(1)</OnClick><OnShow>DD__SetText(154)</OnShow></Scripts>
	</Button>

	</Frames>
</Frame>




<Frame name="DoctorDruid_HealStats" inherits="DDSF" toplevel="true" parent="UIParent" frameStrata="DIALOG" hidden="true" enableMouse="true">
	<Scripts><OnShow>DD__Setupwindow(8)</OnShow></Scripts>
	<Size><AbsDimension x="480" y="430"/></Size>
	<Frames>

	<Frame name="$parent_MainFrame" inherits="OptionFrameBoxTemplate">
		<Size>
			<AbsDimension x="440" y="365"/>
		</Size>
		<Anchors>
			<Anchor point="TOPLEFT">
				<Offset>
					<AbsDimension x="20" y="-25"/>
				</Offset>
			</Anchor>
		</Anchors>
		<Scripts>
			<OnLoad>
				this:SetBackdropBorderColor(0.4, 0.4, 0.4);
				this:SetBackdropColor(0.15, 0.15, 0.15);
			</OnLoad>
		</Scripts>
		<Layers><Layer level="ARTWORK">
			<FontString name="$parent_Evaluated" inherits="GameFontNormalSmall" justifyH="LEFT" text="">
				<Size><AbsDimension x="800"/></Size>
				<Anchors><Anchor point="TOPLEFT" relativeTo="$parent" relativePoint="TOPLEFT">
						<Offset><AbsDimension x="25" y="-65"/></Offset>
				</Anchor></Anchors>					
			</FontString>
			<FontString name="$parent_Evaluated2" inherits="GameFontNormalSmall" justifyH="RIGHT" text="">
				<Size><AbsDimension x="800"/></Size>
				<Anchors><Anchor point="TOPRIGHT" relativeTo="$parent" relativePoint="TOPRIGHT">
						<Offset><AbsDimension x="-85" y="-65"/></Offset>
				</Anchor></Anchors>					
			</FontString>
		</Layer></Layers>
		<Frames>

			<Frame name="$parent_BasicFrameTitle" inherits="DDTB">
				<Scripts><OnShow>DD__SetText(138)</OnShow></Scripts>
				<Anchors><Anchor point="TOP"><Offset><AbsDimension x="0" y="-10"/></Offset></Anchor></Anchors>			
			</Frame>

			<EditBox name="$parent_HealBonus" inherits="DoctorDruidEditBoxTemplate" letters="5">
				<Size><AbsDimension x="60" y="20"/></Size>
				<Anchors>
					<Anchor point="TOPLEFT" relativeTo="$parent" relativePoint="TOPLEFT">
					<Offset><AbsDimension x="25" y="-35"/></Offset></Anchor>
				</Anchors>
				<Scripts>
					<OnLoad>
						this:SetNumber(0);
						if BonusScanner then if BonusScanner.bonuses["HEAL"] then
							this:SetNumber(BonusScanner.bonuses["HEAL"]);
						end end
						DoctorDruid_HealStats_MainFrame_HealBonus_Description:SetText(DOCDRUID[139]);
					</OnLoad>
				</Scripts>
			</EditBox>
			<EditBox name="$parent_Mana" inherits="DoctorDruidEditBoxTemplate" letters="5">
				<Size><AbsDimension x="60" y="20"/></Size>
				<Anchors>
					<Anchor point="TOPLEFT" relativeTo="$parent" relativePoint="TOPLEFT">
					<Offset><AbsDimension x="160" y="-35"/></Offset></Anchor>
				</Anchors>
				<Scripts>
					<OnLoad>
						this:SetNumber(UnitManaMax("player"));
						DoctorDruid_HealStats_MainFrame_Mana_Description:SetText(DOCDRUID[140]);
					</OnLoad>
				</Scripts>
			</EditBox>
			<EditBox name="$parent_Manareg" inherits="DoctorDruidEditBoxTemplate" letters="5">
				<Size><AbsDimension x="60" y="20"/></Size>
				<Anchors>
					<Anchor point="TOPLEFT" relativeTo="$parent" relativePoint="TOPLEFT">
					<Offset><AbsDimension x="295" y="-35"/></Offset></Anchor>
				</Anchors>
				<Scripts>
					<OnLoad>
						this:SetNumber(0);
						if BonusScanner then if BonusScanner.bonuses["MANAREG"] then
							this:SetNumber(BonusScanner.bonuses["MANAREG"]);
						end end
						DoctorDruid_HealStats_MainFrame_Manareg_Description:SetText(DOCDRUID[141]);
					</OnLoad>
				</Scripts>
			</EditBox>
		</Frames>
	</Frame>

	<Button name="$parent_Button1" inherits="DDBT">
		<Anchors><Anchor point="BOTTOMLEFT"><Offset><AbsDimension x="20" y="16"/></Offset></Anchor></Anchors>
		<Scripts>
			<OnShow>DD__SetText(142)</OnShow>
			<OnClick>
				DDui_Heal = DoctorDruid_HealStats_MainFrame_HealBonus:GetNumber(); if not DDui_Heal then DDui_Heal = 0; end
				DDui_Mana = DoctorDruid_HealStats_MainFrame_Mana:GetNumber(); if not DDui_Mana then DDui_Mana = 0; end
				DDui_Mreg = DoctorDruid_HealStats_MainFrame_Manareg:GetNumber(); if not DDui_Mreg then DDui_Mreg = 0; end
				stats = ddheal(DDui_Heal,DDui_Mana,DDui_Mreg);
				DoctorDruid_HealStats_MainFrame_Evaluated:SetText(stats[1]);
				DoctorDruid_HealStats_MainFrame_Evaluated2:SetText(stats[2]);
			</OnClick>
		</Scripts>
	</Button>

	<Button name="$parent_Button2" inherits="DDBT">
		<Anchors><Anchor point="BOTTOMRIGHT"><Offset><AbsDimension x="-170" y="16"/></Offset></Anchor></Anchors>
		<Scripts>
			<OnShow>DD__SetText(143)</OnShow>
			<OnClick>
				if BonusScanner then _temp = BonusScanner.bonuses["HEAL"]; if not _temp then _temp = 0; end DoctorDruid_HealStats_MainFrame_HealBonus:SetNumber(_temp); end
				_temp = UnitManaMax("player"); if not _temp then _temp = 0; end DoctorDruid_HealStats_MainFrame_Mana:SetNumber(_temp);
				if BonusScanner then _temp = BonusScanner.bonuses["MANAREG"]; if not _temp then _temp = 0; end DoctorDruid_HealStats_MainFrame_Manareg:SetNumber(_temp); end
			</OnClick>
		</Scripts>
	</Button>
	<Button name="$parent_Button3" inherits="DDBT">
		<Anchors><Anchor point="BOTTOMRIGHT"><Offset><AbsDimension x="-20" y="16"/></Offset></Anchor></Anchors>
		<Scripts><OnClick>DD__Setupwindow(1)</OnClick><OnShow>DD__SetText(192)</OnShow></Scripts>
	</Button>

	</Frames>
</Frame>

<GameTooltip name="DoctorDruidTooltip" frameStrata="TOOLTIP" hidden="true" parent="UIParent" inherits="GameTooltipTemplate"/>

</Ui>
