<Ui xmlns="http://www.blizzard.com/wow/ui/" 
    xmlns:xsi="http://www.w3.org/2001/XMLSchema-instance" 
    xsi:schemaLocation="http://www.blizzard.com/wow/ui/ ..\FrameXML\UI.xsd">
    
    <Script file="LootTrackerStrings.lua"/>
    <Script file="LootTrackerStrings.deDE.lua"/>
    <Script file="LootTrackerStrings.frFR.lua"/>
    
	<Script file="LootTracker.lua"/>
	<Script file="LootTrackerOutput.lua"/>
	<Script file="LootTrackerObjects.lua"/>
	<Script file="LootTrackerSummary.lua"/>
	<Script file="LootTrackerUtility.lua"/>
	
	<Frame name="LootTracker" hidden="true">
		<Scripts>
			<OnLoad>LootTracker_OnLoad();</OnLoad>
			<OnEvent>LootTracker_OnEvent(event, arg1);</OnEvent>
		</Scripts>
	</Frame>
	
</Ui>
