<Ui xmlns="http://www.blizzard.com/wow/ui/" 
    xmlns:xsi="http://www.w3.org/2001/XMLSchema-instance" 
    xsi:schemaLocation="http://www.blizzard.com/wow/ui/ ..\FrameXML\UI.xsd">
    
    <Script file="LootTrackerTitan.lua"/>
    
    <Frame parent="UIParent">
        <Frames>
            <Button name="TitanPanelLootTrackerButton" inherits="TitanPanelTextTemplate" frameStrata="FULLSCREEN" toplevel="true">
                <Scripts>
                    <OnLoad>
                        if (TitanPanelButton_OnLoad ~= nil) then
                            LT_Titan_ButtonOnLoad();
                            TitanPanelButton_OnLoad();
                        end
                    </OnLoad>
                    <OnClick>
                        LT_Titan_ButtonOnClick(arg1);
                        TitanPanelButton_OnClick(arg1);
                    </OnClick>
                </Scripts>
            </Button>
        </Frames>
    </Frame>
    
</Ui>
