<Ui xmlns="http://www.blizzard.com/wow/ui/" xmlns:xsi="http://www.w3.org/2001/XMLSchema-instance" xsi:schemaLocation="http://www.blizzard.com/wow/ui/
C:\Projects\WoW\Bin\Interface\FrameXML\UI.xsd">

	<Script file="GuildAdsCraftFrame.lua"/>

	<Frame name="GuildAdsCraftFrameMenu" inherits="UIDropDownMenuTemplate">
		<Scripts>
			<OnLoad>
				GuildAdsCraftFrame.onLoad();
			</OnLoad>
			<OnEvent>
				GuildAdsCraftFrame.onEvent(event);
			</OnEvent>
		</Scripts>
	</Frame>
	
	<Button name="GuildAdsTradeskillButton" inherits="UIPanelButtonTemplate" text="GUILDADS_TS_LINK" hidden="true">
		<Size>
			<AbsDimension x="80" y="22"/>
		</Size>
		<Anchors>
			<Anchor point="BOTTOMRIGHT" relativeTo="TradeSkillCancelButton" relativePoint="TOPRIGHT">
				<Offset>
					<AbsDimension x="0" y="0"/>
				</Offset>
			</Anchor>
		</Anchors>
		<Scripts>
			<OnClick>
				GuildAdsCraftFrame.buttons.onClick(GuildAdsCraftFrame.buttons.initializeTradeskillMenu);
			</OnClick>
		</Scripts>
	</Button>
	
	<Button name="GuildAdsCraftButton" inherits="UIPanelButtonTemplate" text="GUILDADS_TS_LINK" hidden="true">
		<Size>
			<AbsDimension x="80" y="22"/>
		</Size>
		<Anchors>
			<Anchor point="BOTTOMRIGHT" relativeTo="CraftCancelButton" relativePoint="TOPRIGHT">
				<Offset>
					<AbsDimension x="0" y="0"/>
				</Offset>
			</Anchor>
		</Anchors>
		<Scripts>
			<OnClick>
				GuildAdsCraftFrame.buttons.onClick(GuildAdsCraftFrame.buttons.initializeCraftMenu);
			</OnClick>
		</Scripts>
	</Button>
	
</Ui>