<Ui xmlns="http://www.blizzard.com/wow/ui/" xmlns:xsi="http://www.w3.org/2001/XMLSchema-instance" xsi:schemaLocation="http://www.blizzard.com/wow/ui/
C:\Projects\WoW\Bin\Interface\FrameXML\UI.xsd">
	<Script file="localization.lua"/>
	<Script file="localization.de.lua"/>
	<Script file="localization.fr.lua"/>
	<Script file="GuildAdsStorage.lua"/>
	<Script file="GuildAdsComm.lua"/>
	<Script file="GuildAds.lua"/>
	<Script file="GuildAdsPlugin.lua" />
	
	<!--
		this.SendAnnonceTimer : timer to call GAC_SendAnnonce(nil);
		this.SendSkillsTimer : timer to call GAC_SendSkills(nil);
		this.InitTimer : timer to call 
				GuildAds_ReinitSecond() is this.Reinit==true
				GuildAds_Init() is this.Reinit==false
			
		this.SynchronizeOfflinesTimer :
			if this.SynchronizeOfflinesTimerEnd then
				GAC_SynchronizeOfflines(this.SynchronizeOfflinesCount)
			else
				GAC_SynchronizeOfflinesEnd()
			end
				
	-->
	<Frame name="GuildAdsSystem"  frameStrata="LOW" enableMouse="false" hidden="false">
		<Scripts>
			<OnLoad>
				GuildAds_OnLoad();
			</OnLoad>
			<OnEvent>
				GuildAds_OnEvent(event);
			</OnEvent>
			<OnUpdate>
				GuildAds_OnUpdate(arg1);
			</OnUpdate>
		</Scripts>
	</Frame>
		
	<GameTooltip name="GuildAdsInternalTooltip" inherits="GameTooltipTemplate" parent="UIParent" hidden="false" />
	
</Ui>
