<Ui xmlns="http://www.blizzard.com/wow/ui/" xmlns:xsi="http://www.w3.org/2001/XMLSchema-instance" xsi:schemaLocation="http://www.blizzard.com/wow/ui/
..\FrameXML\UI.xsd">

<Script file="AceLibrary\AceLibrary.lua"/>
<Script file="AceOO-2.0\AceOO-2.0.lua"/>
<Script file="AceAddon-2.0\AceAddon-2.0.lua"/>
<Script file="AceConsole-2.0\AceConsole-2.0.lua"/>
<Script file="AceDB-2.0\AceDB-2.0.lua"/>
<Script file="AceDebug-2.0\AceDebug-2.0.lua"/>
<Script file="AceEvent-2.0\AceEvent-2.0.lua"/>
<Script file="AceHook-2.1\AceHook-2.1.lua"/>
<Script file="AceTab-2.0\AceTab-2.0.lua"/>
<Script file="AceModuleCore-2.0\AceModuleCore-2.0.lua"/>
<Script file="AceLocale-2.2\AceLocale-2.2.lua"/>

<Script file="Babble-Class-2.2\Babble-Class-2.2.lua"/>

<Script file="Dewdrop-2.0\Dewdrop-2.0.lua"/>
<Script file="Tablet-2.0\Tablet-2.0.lua"/>
<Script file="FuBarPlugin-2.0\FuBarPlugin-2.0.lua"/>

<Script file="Deformat-2.0\Deformat-2.0.lua"/>
<Script file="Babble-Zone-2.2\Babble-Zone-2.2.lua"/>
<Script file="Glory-2.0\Glory-2.0.lua"/>

<Include file="LibSharedMedia-2.0\lib.xml"/>

<Script file="Sink-1.0\Sink-1.0.lua"/>

</Ui>
