<!-- Linoleum v2.0 -->
<Ui xmlns="http://www.blizzard.com/wow/ui/" xmlns:xsi="http://www.w3.org/2001/XMLSchema-instance" xsi:schemaLocation="http://www.blizzard.com/wow/ui/
..\FrameXML\UI.xsd">
  <Script file="MageHelper.lua"/>

	<Button name="MHDragButtonTemplate" virtual="true" movable="true" frameStrata="DIALOG" toplevel="true">
	<Scripts>
		<OnMouseDown>this:StartMoving()</OnMouseDown>
		<OnMouseUp>this:StopMovingOrSizing()</OnMouseUp>
	</Scripts>
	<Size>
		<AbsDimension x="15" y="15"/>
	</Size>
	<NormalTexture name="$parentTex" file="Interface\AddOns\MageHelper\BibModDragTab"/>
	</Button>
	
	<Button name="MHMarkTemp" virtual="true">
		<Size>
			<AbsDimension x="18" y="18"/>
		</Size>
		<Layers>
			<Layer level="ARTWORK">
				<Texture name="$parentIcon" file="Interface\Icons\Spell_Holy_MagicalSentry" setAllPoints="true"/>
			</Layer>
		</Layers>
		<Scripts>
			<OnLoad>
				this:RegisterForClicks('LeftButtonUp', 'RightButtonUp', 'MiddleButtonUp', 'Button4Up', 'Button5Up');
			</OnLoad>
			<OnEnter>
				GameTooltip_SetDefaultAnchor(GameTooltip, this);
				GameTooltip:ClearLines();
				GameTooltip:SetText("Mark");
				GameTooltip:Show();
			</OnEnter>
			<OnLeave>
				GameTooltip:Hide();
				GameTooltip:SetAlpha(1);
			</OnLeave>
			<OnClick>
				MHelper_DoMarks();
			</OnClick>
		</Scripts>
	</Button>
	<Button name="MHGiftTemp" virtual="true">
		<Size>
			<AbsDimension x="18" y="18"/>
		</Size>
		<Layers>
			<Layer level="ARTWORK">
				<Texture name="$parentIcon" file="Interface\Icons\Spell_Holy_ArcaneIntellect" setAllPoints="true"/>
			</Layer>
		</Layers>
		<Scripts>
			<OnLoad>
				this:RegisterForClicks('LeftButtonUp', 'RightButtonUp', 'MiddleButtonUp', 'Button4Up', 'Button5Up');
			</OnLoad>
			<OnEnter>
				GameTooltip_SetDefaultAnchor(GameTooltip, this);
				GameTooltip:ClearLines();
				GameTooltip:SetText("Gift");
				GameTooltip:Show();
			</OnEnter>
			<OnLeave>
				GameTooltip:Hide();
				GameTooltip:SetAlpha(1);
			</OnLeave>
			<OnClick>
				MHelper_DoGifts();
			</OnClick>
		</Scripts>
	</Button>
	
	<Button name="MHMainTemplate" virtual="true">
		<Size>
			<AbsDimension x="85" y="23"/>
		</Size>
		<Backdrop name="$parentBackdrop" bgFile="Interface\Tooltips\UI-Tooltip-Background" edgeFile="Interface\Tooltips\UI-Tooltip-Border" tile="true">
			<EdgeSize>
				<AbsValue val="16"/>
			</EdgeSize>
			<TileSize>
				<AbsValue val="16"/>
			</TileSize>
			<BackgroundInsets>
				<AbsInset left="5" right="5" top="3" bottom="3"/>
			</BackgroundInsets>
		</Backdrop>
		<Layers>
			<Layer level="ARTWORK">
			  <FontString name="$parentText" inherits="GameFontNormalSmall" nonspacewrap="true" text="" justifyH="LEFT">
				  <Size>
					<AbsDimension x="85" y="14"/>
				  </Size>
				  <Anchors>
					<Anchor point="LEFT">
					  <Offset>
						<AbsDimension x="4" y="1"/>
					  </Offset>
					</Anchor>
				  </Anchors>
				  <Color r="1" g="1" b="1"/>
				</FontString>
			</Layer>
		</Layers>
		<Frames>
			<Button name="$parentMark" inherits="MHMarkTemp"><Anchors><Anchor point="LEFT" relativeTo="$parent" relativePoint="RIGHT"><Offset><AbsDimension x="0" y="-1"/></Offset></Anchor></Anchors></Button>
			<Button name="$parentGift" inherits="MHGiftTemp"><Anchors><Anchor point="LEFT" relativeTo="$parentMark" relativePoint="RIGHT"/><Offset><AbsDimension x="1" y="0"/></Offset></Anchors></Button>
		</Frames>
		<Scripts>
			<OnLoad>
				this:RegisterForClicks('LeftButtonUp', 'RightButtonUp', 'MiddleButtonUp', 'Button4Up', 'Button5Up');
			</OnLoad>
			<OnClick>
				MHelper_TargetPerson();
			</OnClick>
		</Scripts>
	</Button>
	
	<Frame name="MageHelper" parent="UIParent">
		<Frames>
			<Button name="MHDragButton" inherits="MHDragButtonTemplate"><Anchors><Anchor point="CENTER" relativeTo="UIParent" relativePoint="CENTER"/></Anchors></Button>
			<Button name="MHwindow1" inherits="MHMainTemplate" id="1"><Anchors><Anchor point="LEFT" relativeTo="MHDragButton" relativePoint="RIGHT"/></Anchors></Button>
			<Button name="MHwindow2" inherits="MHMainTemplate" id="2"><Anchors><Anchor point="TOPLEFT" relativeTo="MHwindow1" relativePoint="BOTTOMLEFT"><Offset x="0" y="2"/></Anchor></Anchors></Button>
			<Button name="MHwindow3" inherits="MHMainTemplate" id="3"><Anchors><Anchor point="TOPLEFT" relativeTo="MHwindow2" relativePoint="BOTTOMLEFT"><Offset x="0" y="2"/></Anchor></Anchors></Button>
		</Frames>
	</Frame>
	
	
	<Frame name="MageHelperScripts">
		<Scripts>
			<OnLoad>
				MHelper_OnLoad();
			</OnLoad>
			<OnEvent>
				MHelper_OnEvent(event, arg1, arg2, arg3);
			</OnEvent>
			<OnUpdate>
				MHelper_OnUpdate(arg1);
			</OnUpdate>
		</Scripts>
	</Frame>

  <GameTooltip name="MHHiddenTip" frameStrata="TOOLTIP" hidden="true" parent="UIParent" inherits="GameTooltipTemplate"/> 
</Ui>
