﻿<Ui xmlns="http://www.blizzard.com/wow/ui/" xmlns:xsi="http://www.w3.org/2001/XMLSchema-instance" xsi:schemaLocation="http://www.blizzard.com/wow/ui/..\FrameXML\UI.xsd">

	<CheckButton name="ArcanumGeneralTabTemplate" virtual="true" hidden="false">
		<Size>
			<AbsDimension x="32" y="32"/>
		</Size>
		<Layers>
			<Layer level="BACKGROUND">
				<Texture file="Interface\SpellBook\SpellBook-SkillLineTab">
					<Size>
						<AbsDimension x="64" y="64"/>
					</Size>
					<Anchors>
						<Anchor point="TOPLEFT">
							<Offset>
								<AbsDimension x="-3" y="11"/>
							</Offset>
						</Anchor>
					</Anchors>
				</Texture>
			</Layer>
		</Layers>
		<NormalTexture/>
		<HighlightTexture file="Interface\Buttons\ButtonHilight-Square" alphaMode="ADD"/>
		<CheckedTexture file="Interface\Buttons\CheckButtonHilight" alphaMode="ADD"/>
	</CheckButton>

	<Frame name="ArcanumGeneralFrame" toplevel="true" frameStrata="DIALOG"  movable="true" enableMouse="true" hidden="true" parent="UIParent">
		<Size>
			<AbsDimension x="384" y="512"/>
		</Size>
		<Anchors>
			<Anchor point="TOPLEFT">
				<Offset>
					<AbsDimension x="0" y="-104"/>
				</Offset>
			</Anchor>
		</Anchors>
		<Scripts>
			<OnLoad>
                tinsert(UISpecialFrames,this:GetName());
				this:RegisterForDrag("LeftButton");
			</OnLoad>
			<OnDragStart>
				Arcanum_OnDragStart(ArcanumGeneralFrame);
			</OnDragStart>
			<OnDragStop>
				Arcanum_OnDragStop(ArcanumGeneralFrame);
			</OnDragStop>
			<OnMouseUp>
				Arcanum_OnDragStop(ArcanumGeneralFrame);
			</OnMouseUp>
		</Scripts>
		<HitRectInsets>
			<AbsInset left="0" right="30" top="0" bottom="70"/>
		</HitRectInsets>
		<Layers>
			<Layer level="BACKGROUND">
				<Texture name="ArcanumGeneralIcon" file="Interface\Spellbook\Spellbook-Icon">
					<Size>
						<AbsDimension x="58" y="58"/>
					</Size>
					<Anchors>
						<Anchor point="TOPLEFT">
							<Offset>
								<AbsDimension x="10" y="-10"/>
							</Offset>
						</Anchor>
					</Anchors>
				</Texture>
			</Layer>
			<Layer level="BORDER">
				<Texture file="Interface\PaperDollInfoFrame\UI-Character-General-TopLeft">
					<Size>
						<AbsDimension x="256" y="256"/>
					</Size>
					<Anchors>
						<Anchor point="TOPLEFT"/>
					</Anchors>
				</Texture>
				<Texture file="Interface\PaperDollInfoFrame\UI-Character-General-TopRight">
					<Size>
						<AbsDimension x="128" y="256"/>
					</Size>
					<Anchors>
						<Anchor point="TOPRIGHT"/>
					</Anchors>
				</Texture>
				<Texture file="Interface\PaperDollInfoFrame\UI-Character-General-BottomLeft">
					<Size>
						<AbsDimension x="256" y="256"/>
					</Size>
					<Anchors>
						<Anchor point="BOTTOMLEFT"/>
					</Anchors>
				</Texture>
				<Texture file="Interface\PaperDollInfoFrame\UI-Character-General-BottomRight">
					<Size>
						<AbsDimension x="128" y="256"/>
					</Size>
					<Anchors>
						<Anchor point="BOTTOMRIGHT"/>
					</Anchors>
				</Texture>
				<FontString name="ArcanumVersion" inherits="GameFontNormal" text="General">
					<Anchors>
						<Anchor point="CENTER">
							<Offset>
								<AbsDimension x="6" y="233"/>
							</Offset>
						</Anchor>
					</Anchors>
				</FontString>
				<FontString name="ArcanumGeneralPageText" inherits="GameFontNormal">
					<Size>
						<AbsDimension x="102" y="0"/>
					</Size>
					<Anchors>
						<Anchor point="BOTTOM">
							<Offset>
								<AbsDimension x="-14" y="96"/>
							</Offset>
						</Anchor>
					</Anchors>
				</FontString>
			</Layer>
		</Layers>
		<Frames>
			<Button name="ArcanumGeneralCloseButton" inherits="UIPanelCloseButton">
				<Anchors>
					<Anchor point="CENTER" relativeTo="ArcanumGeneralFrame" relativePoint="TOPRIGHT">
						<Offset>
							<AbsDimension x="-46" y="-24"/>
						</Offset>
					</Anchor>
				</Anchors>
			</Button>
			<CheckButton name="ArcanumGeneralTab1" inherits="ArcanumGeneralTabTemplate">
				<Anchors>
					<Anchor point="TOPLEFT" relativePoint="TOPRIGHT">
						<Offset>
							<AbsDimension x="-32" y="-65"/>
						</Offset>
					</Anchor>
				</Anchors>
				<Scripts>
					<OnEnter>
						GameTooltip:SetOwner(this, "ANCHOR_RIGHT");
						GameTooltip:SetText(Arcanum_ColoredMsg(ARCANUM_CONFIGURATION.Menu1));
					</OnEnter>
					<OnLeave>
						GameTooltip:Hide();
					</OnLeave>
					<OnClick>
						ArcanumGeneralTab_OnClick(1);
					</OnClick>
				</Scripts>
				<NormalTexture file="Interface\Icons\Spell_Fire_Incinerate"/>
			</CheckButton>
			<CheckButton name="ArcanumGeneralTab2" inherits="ArcanumGeneralTabTemplate">
				<Anchors>
					<Anchor point="TOPLEFT" relativeTo="ArcanumGeneralTab1" relativePoint="BOTTOMLEFT">
						<Offset>
							<AbsDimension x="0" y="-17"/>
						</Offset>
					</Anchor>
				</Anchors>
				<Scripts>
					<OnEnter>
						GameTooltip:SetOwner(this, "ANCHOR_RIGHT");
						GameTooltip:SetText(Arcanum_ColoredMsg(ARCANUM_CONFIGURATION.Menu2));
					</OnEnter>
					<OnLeave>
						GameTooltip:Hide();
					</OnLeave>
					<OnClick>
						ArcanumGeneralTab_OnClick(2);
					</OnClick>
				</Scripts>
				<NormalTexture file="Interface\Icons\Spell_Arcane_Blink"/>
			</CheckButton>
			<CheckButton name="ArcanumGeneralTab3" inherits="ArcanumGeneralTabTemplate">
				<Anchors>
					<Anchor point="TOPLEFT" relativeTo="ArcanumGeneralTab2" relativePoint="BOTTOMLEFT">
						<Offset>
							<AbsDimension x="0" y="-17"/>
						</Offset>
					</Anchor>
				</Anchors>
				<Scripts>
					<OnEnter>
						GameTooltip:SetOwner(this, "ANCHOR_RIGHT");
						GameTooltip:SetText(Arcanum_ColoredMsg(ARCANUM_CONFIGURATION.Menu3));
					</OnEnter>
					<OnLeave>
						GameTooltip:Hide();
					</OnLeave>
					<OnClick>
						ArcanumGeneralTab_OnClick(3);
					</OnClick>
				</Scripts>
				<NormalTexture file="Interface\Icons\INV_Misc_Dust_01"/>
			</CheckButton>
			<CheckButton name="ArcanumGeneralTab4" inherits="ArcanumGeneralTabTemplate">
				<Anchors>
					<Anchor point="TOPLEFT" relativeTo="ArcanumGeneralTab3" relativePoint="BOTTOMLEFT">
						<Offset>
							<AbsDimension x="0" y="-17"/>
						</Offset>
					</Anchor>
				</Anchors>
				<Scripts>
					<OnEnter>
						GameTooltip:SetOwner(this, "ANCHOR_RIGHT");
						GameTooltip:SetText(Arcanum_ColoredMsg(ARCANUM_CONFIGURATION.Menu4));
					</OnEnter>
					<OnLeave>
						GameTooltip:Hide();
					</OnLeave>
					<OnClick>
						ArcanumGeneralTab_OnClick(4);
					</OnClick>
				</Scripts>
				<NormalTexture file="Interface\Icons\Spell_Frost_WizardMark"/>
			</CheckButton>
			<CheckButton name="ArcanumGeneralTab5" inherits="ArcanumGeneralTabTemplate">
				<Anchors>
					<Anchor point="TOPLEFT" relativeTo="ArcanumGeneralTab4" relativePoint="BOTTOMLEFT">
						<Offset>
							<AbsDimension x="0" y="-17"/>
						</Offset>
					</Anchor>
				</Anchors>
				<Scripts>
					<OnEnter>
						GameTooltip:SetOwner(this, "ANCHOR_RIGHT");
						GameTooltip:SetText(Arcanum_ColoredMsg(ARCANUM_CONFIGURATION.Menu5));
					</OnEnter>
					<OnLeave>
						GameTooltip:Hide();
					</OnLeave>
					<OnClick>
						ArcanumGeneralTab_OnClick(5);
					</OnClick>
				</Scripts>
				<NormalTexture file="Interface\Icons\Spell_Frost_Stun"/>
			</CheckButton>
		</Frames>
	</Frame>
</Ui>
