﻿<Ui xmlns="http://www.blizzard.com/wow/ui/" xmlns:xsi="http://www.w3.org/2001/XMLSchema-instance" xsi:schemaLocation="http://www.blizzard.com/wow/ui/..\FrameXML\UI.xsd">

	<Frame name="ArcanumButtonOptionMenu" frameStrata="DIALOG" movable="false" enableMouse="true" parent="ArcanumGeneralFrame">
		<Size>
			<AbsDimension x="350" y="452"/>
		</Size>
		<Anchors>
			<Anchor point="BOTTOMLEFT" relativeTo="ArcanumGeneralFrame"/>
		</Anchors>
		<HitRectInsets>
			<AbsInset left="0" right="35" top="0" bottom="75"/>
		</HitRectInsets>
		<Layers>
			<Layer level="ARTWORK">
                <FontString name="ArcanumButton_Option" inherits="GameFontNormalSmall">
					<Color r="1.0" g="1.0" b="1.0" a="1"/>
					<Anchors>
						<Anchor point="TOPLEFT" relativeTo="ArcanumButtonOptionMenu" relativeFrom="TOPLEFT">
							<Offset>
								<AbsDimension x="30" y="-20"/>
							</Offset>
						</Anchor>
					</Anchors>
				</FontString>
                <FontString name="ArcanumOrder_Option" inherits="GameFontNormalSmall">
					<Color r="1.0" g="1.0" b="1.0" a="1"/>
					<Anchors>
						<Anchor point="TOPLEFT" relativeTo="ArcanumButtonOptionMenu" relativeFrom="TOPLEFT">
							<Offset>
								<AbsDimension x="180" y="-20"/>
							</Offset>
						</Anchor>
					</Anchors>
				</FontString>
				<FontString name="ArcanumBuffButton_Option" inherits="GameFontNormalSmall">
					<Color r="1.0" g="1.0" b="1.0" a="1"/>
					<Anchors>
						<Anchor point="TOPLEFT" relativeTo="ArcanumButtonOptionMenu" relativeFrom="TOPLEFT">
							<Offset>
								<AbsDimension x="60" y="-40"/>
							</Offset>
						</Anchor>
					</Anchors>
				</FontString>
				<FontString name="ArcanumArmorButton_Option" inherits="GameFontNormalSmall">
					<Color r="1.0" g="1.0" b="1.0" a="1"/>
					<Anchors>
						<Anchor point="TOPLEFT" relativeTo="ArcanumButtonOptionMenu" relativeFrom="TOPLEFT">
							<Offset>
								<AbsDimension x="60" y="-60"/>
							</Offset>
						</Anchor>
					</Anchors>
				</FontString>
				<FontString name="ArcanumMagicButton_Option" inherits="GameFontNormalSmall">
					<Color r="1.0" g="1.0" b="1.0" a="1"/>
					<Anchors>
						<Anchor point="TOPLEFT" relativeTo="ArcanumButtonOptionMenu" relativeFrom="TOPLEFT">
							<Offset>
								<AbsDimension x="60" y="-80"/>
							</Offset>
						</Anchor>
					</Anchors>
				</FontString>
				<FontString name="ArcanumPortalButton_Option" inherits="GameFontNormalSmall">
					<Color r="1.0" g="1.0" b="1.0" a="1"/>
					<Anchors>
						<Anchor point="TOPLEFT" relativeTo="ArcanumButtonOptionMenu" relativeFrom="TOPLEFT">
							<Offset>
								<AbsDimension x="60" y="-100"/>
							</Offset>
						</Anchor>
					</Anchors>
				</FontString>
				<FontString name="ArcanumMountButton_Option" inherits="GameFontNormalSmall">
					<Color r="1.0" g="1.0" b="1.0" a="1"/>
					<Anchors>
						<Anchor point="TOPLEFT" relativeTo="ArcanumButtonOptionMenu" relativeFrom="TOPLEFT">
							<Offset>
								<AbsDimension x="60" y="-120"/>
							</Offset>
						</Anchor>
					</Anchors>
				</FontString>
				<FontString name="ArcanumFoodButton_Option" inherits="GameFontNormalSmall">
					<Color r="1.0" g="1.0" b="1.0" a="1"/>
					<Anchors>
						<Anchor point="TOPLEFT" relativeTo="ArcanumButtonOptionMenu" relativeFrom="TOPLEFT">
							<Offset>
								<AbsDimension x="60" y="-140"/>
							</Offset>
						</Anchor>
					</Anchors>
				</FontString>
				<FontString name="ArcanumWaterButton_Option" inherits="GameFontNormalSmall">
					<Color r="1.0" g="1.0" b="1.0" a="1"/>
					<Anchors>
						<Anchor point="TOPLEFT" relativeTo="ArcanumButtonOptionMenu" relativeFrom="TOPLEFT">
							<Offset>
								<AbsDimension x="60" y="-160"/>
							</Offset>
						</Anchor>
					</Anchors>
				</FontString>
				<FontString name="ArcanumManaGemButton_Option" inherits="GameFontNormalSmall">
					<Color r="1.0" g="1.0" b="1.0" a="1"/>
					<Anchors>
						<Anchor point="TOPLEFT" relativeTo="ArcanumButtonOptionMenu" relativeFrom="TOPLEFT">
							<Offset>
								<AbsDimension x="60" y="-180"/>
							</Offset>
						</Anchor>
					</Anchors>
				</FontString>
                <FontString name="ArcanumMinimapIcon_Option" inherits="GameFontNormalSmall">
					<Color r="1.0" g="1.0" b="1.0" a="1"/>
					<Anchors>
						<Anchor point="TOPLEFT" relativeTo="ArcanumButtonOptionMenu" relativeFrom="TOPLEFT">
							<Offset>
								<AbsDimension x="60" y="-280"/>
							</Offset>
						</Anchor>
					</Anchors>
				</FontString>
			</Layer>
		</Layers>
		<Frames>
			<CheckButton name="ArcanumBuffButton_Button" enableMouse="true" inherits="UICheckButtonTemplate" checked="false">
				<Size>
					<AbsDimension x="24" y="24"/>
				</Size>
				<Anchors>
					<Anchor point="TOPLEFT" relativeTo="ArcanumButtonOptionMenu" relativeFrom="TOPLEFT">
						<Offset>
							<AbsDimension x="30" y="-35"/>
						</Offset>
					</Anchor>
				</Anchors>
				<Scripts>
					<OnClick>
						if (this:GetChecked()) then
							ArcanumConfig.BuffButton = true;
                            ShowUIPanel(ArcanumButton4);
						else
							ArcanumConfig.BuffButton = false;
                            HideUIPanel(ArcanumButton4);
						end
					</OnClick>
				</Scripts>
			</CheckButton>
			<CheckButton name="ArcanumArmorButton_Button" enableMouse="true" inherits="UICheckButtonTemplate" checked="false">
				<Size>
					<AbsDimension x="24" y="24"/>
				</Size>
				<Anchors>
					<Anchor point="TOPLEFT" relativeTo="ArcanumButtonOptionMenu" relativeFrom="TOPLEFT">
						<Offset>
							<AbsDimension x="30" y="-55"/>
						</Offset>
					</Anchor>
				</Anchors>
				<Scripts>
					<OnClick>
						if (this:GetChecked()) then
							ArcanumConfig.ArmorButton = true;
                            ShowUIPanel(ArcanumButton5);
						else
							ArcanumConfig.ArmorButton = false;
                            HideUIPanel(ArcanumButton5);
						end
					</OnClick>
				</Scripts>
			</CheckButton>
			<CheckButton name="ArcanumMagicButton_Button" enableMouse="true" inherits="UICheckButtonTemplate" checked="false">
				<Size>
					<AbsDimension x="24" y="24"/>
				</Size>
				<Anchors>
					<Anchor point="TOPLEFT" relativeTo="ArcanumButtonOptionMenu" relativeFrom="TOPLEFT">
						<Offset>
							<AbsDimension x="30" y="-75"/>
						</Offset>
					</Anchor>
				</Anchors>
				<Scripts>
					<OnClick>
						if (this:GetChecked()) then
							ArcanumConfig.MagicButton = true;
                            ShowUIPanel(ArcanumButton6);
						else
							ArcanumConfig.MagicButton = false;
                            HideUIPanel(ArcanumButton6);
						end
					</OnClick>
				</Scripts>
			</CheckButton>
			<CheckButton name="ArcanumPortalButton_Button" enableMouse="true" inherits="UICheckButtonTemplate" checked="false">
				<Size>
					<AbsDimension x="24" y="24"/>
				</Size>
				<Anchors>
					<Anchor point="TOPLEFT" relativeTo="ArcanumButtonOptionMenu" relativeFrom="TOPLEFT">
						<Offset>
							<AbsDimension x="30" y="-95"/>
						</Offset>
					</Anchor>
				</Anchors>
				<Scripts>
					<OnClick>
						if (this:GetChecked()) then
							ArcanumConfig.PortalButton = true;
                            ShowUIPanel(ArcanumButton8);
                            ShowUIPanel(ArcanumButton9);
                            ShowUIPanel(ArcanumButton10);
						else
							ArcanumConfig.PortalButton = false;
                            HideUIPanel(ArcanumButton8);
                            HideUIPanel(ArcanumButton9);
                            HideUIPanel(ArcanumButton10);
						end
					</OnClick>
				</Scripts>
			</CheckButton>
			<CheckButton name="ArcanumMountButton_Button" enableMouse="true" inherits="UICheckButtonTemplate" checked="false">
				<Size>
					<AbsDimension x="24" y="24"/>
				</Size>
				<Anchors>
					<Anchor point="TOPLEFT" relativeTo="ArcanumButtonOptionMenu" relativeFrom="TOPLEFT">
						<Offset>
							<AbsDimension x="30" y="-115"/>
						</Offset>
					</Anchor>
				</Anchors>
				<Scripts>
					<OnClick>
						if (this:GetChecked()) then
							ArcanumConfig.MountButton = true;
                            ShowUIPanel(ArcanumButton7);
						else
							ArcanumConfig.MountButton = false;
                            HideUIPanel(ArcanumButton7);
						end
					</OnClick>
				</Scripts>
			</CheckButton>
			<CheckButton name="ArcanumFoodButton_Button" enableMouse="true" inherits="UICheckButtonTemplate" checked="false">
				<Size>
					<AbsDimension x="24" y="24"/>
				</Size>
				<Anchors>
					<Anchor point="TOPLEFT" relativeTo="ArcanumButtonOptionMenu" relativeFrom="TOPLEFT">
						<Offset>
							<AbsDimension x="30" y="-135"/>
						</Offset>
					</Anchor>
				</Anchors>
				<Scripts>
					<OnClick>
						if (this:GetChecked()) then
							ArcanumConfig.FoodButton = true;
                            ShowUIPanel(ArcanumButton1);
						else
							ArcanumConfig.FoodButton = false;
                            HideUIPanel(ArcanumButton1);
						end
					</OnClick>
				</Scripts>
			</CheckButton>
			<CheckButton name="ArcanumWaterButton_Button" enableMouse="true" inherits="UICheckButtonTemplate" checked="false">
				<Size>
					<AbsDimension x="24" y="24"/>
				</Size>
				<Anchors>
					<Anchor point="TOPLEFT" relativeTo="ArcanumButtonOptionMenu" relativeFrom="TOPLEFT">
						<Offset>
							<AbsDimension x="30" y="-155"/>
						</Offset>
					</Anchor>
				</Anchors>
				<Scripts>
					<OnClick>
						if (this:GetChecked()) then
							ArcanumConfig.WaterButton = true;
                            ShowUIPanel(ArcanumButton2);
						else
							ArcanumConfig.WaterButton = false;
                            HideUIPanel(ArcanumButton2);
						end
					</OnClick>
				</Scripts>
			</CheckButton>
			<CheckButton name="ArcanumManaGemButton_Button" enableMouse="true" inherits="UICheckButtonTemplate" checked="false">
				<Size>
					<AbsDimension x="24" y="24"/>
				</Size>
				<Anchors>
					<Anchor point="TOPLEFT" relativeTo="ArcanumButtonOptionMenu" relativeFrom="TOPLEFT">
						<Offset>
							<AbsDimension x="30" y="-175"/>
						</Offset>
					</Anchor>
				</Anchors>
				<Scripts>
					<OnClick>
						if (this:GetChecked()) then
							ArcanumConfig.ManaGemButton = true;
                            ShowUIPanel(ArcanumButton3);
						else
							ArcanumConfig.ManaGemButton = false;
                            HideUIPanel(ArcanumButton3);
						end
					</OnClick>
				</Scripts>
			</CheckButton>
            
            <Button name="ArcanumOrderButton" virtual="true">
                <Size>
                    <AbsDimension x="44" y="44"/>
                </Size>
                <Anchors>
                    <Anchor point="TOPLEFT" relativeTo="ArcanumButtonOptionMenu" relativePoint="TOPLEFT">
                        <Offset>
							<AbsDimension x="240" y="-80"/>
						</Offset>
                    </Anchor>
                </Anchors>
                <Layers>
                    <Layer level="BACKGROUND">
                        <Texture name="ArcanumOrderButtonTexture">
                            <Size>
                                <AbsDimension x="44" y="44"/>
                            </Size>					
                            <Anchors>
                                <Anchor point="CENTER" relativeTo="ArcanumOrderButton" relativeFrom="CENTER">
                                    <Offset>
                                        <AbsDimension x="0" y="0"/>
                                    </Offset>
                                </Anchor>
                            </Anchors>
                        </Texture>
                    </Layer>
                    <Layer level="BACKGROUND">
                        <Texture name="ArcanumOrderButtonTexture2">
                            <Size>
                                <AbsDimension x="44" y="44"/>
                            </Size>					
                            <Anchors>
                                <Anchor point="CENTER" relativeTo="ArcanumOrderButton" relativeFrom="CENTER">
                                    <Offset>
                                        <AbsDimension x="0" y="0"/>
                                    </Offset>
                                </Anchor>
                            </Anchors>
                        </Texture>
                    </Layer>
                    <Layer level="BACKGROUND">
                        <Texture name="ArcanumOrderButtonTexture3">
                            <Size>
                                <AbsDimension x="44" y="44"/>
                            </Size>					
                            <Anchors>
                                <Anchor point="CENTER" relativeTo="ArcanumOrderButton" relativeFrom="CENTER">
                                    <Offset>
                                        <AbsDimension x="0" y="0"/>
                                    </Offset>
                                </Anchor>
                            </Anchors>
                        </Texture>
                    </Layer>
                </Layers>
            </Button>
            <Button name="OrderButton1" virtual="true">
                <Size>
                    <AbsDimension x="24" y="24"/>
                </Size>
                <Anchors>
                    <Anchor point="CENTER" relativeTo="ArcanumOrderButton" relativePoint="CENTER">
                        <Offset>
							<AbsDimension x="-19" y="26"/>
						</Offset>
                    </Anchor>
                </Anchors>
                <Layers>
                   <Layer level="BACKGROUND">
                        <Texture name="OrderButton1Texture">
                            <Size>
                                <AbsDimension x="16" y="16"/>
                            </Size>					
                            <Anchors>
                                <Anchor point="CENTER" relativeTo="OrderButton1" relativeFrom="CENTER">
                                    <Offset>
                                        <AbsDimension x="0" y="0"/>
                                    </Offset>
                                </Anchor>
                            </Anchors>
                        </Texture>
                    </Layer>
                    <Layer level="OVERLAY">
                        <Texture name="OrderButton1Texture2">
                            <Size>
                                <AbsDimension x="24" y="24"/>
                            </Size>					
                            <Anchors>
                                <Anchor point="CENTER" relativeTo="OrderButton1" relativeFrom="CENTER">
                                    <Offset>
                                        <AbsDimension x="0" y="0"/>
                                    </Offset>
                                </Anchor>
                            </Anchors>
                        </Texture>
                    </Layer>
                </Layers>
                <Scripts>
                    <OnEnter>
                        Arcanum_ButtonMouseOver(11);
                    </OnEnter>
                    <OnClick>
                        Arcanum_SelectButtonOrder(1);
                    </OnClick>
                    <OnLeave>
                        Arcanum_ButtonNormal(11);
                    </OnLeave>
                </Scripts>
            </Button>
            <Button name="OrderButton2" virtual="true">
                <Size>
                    <AbsDimension x="24" y="24"/>
                </Size>
                <Anchors>
                    <Anchor point="CENTER" relativeTo="ArcanumOrderButton" relativePoint="CENTER">
                        <Offset>
							<AbsDimension x="0" y="32"/>
						</Offset>
                    </Anchor>
                </Anchors>
                <Layers>
                    <Layer level="BACKGROUND">
                        <Texture name="OrderButton2Texture">
                            <Size>
                                <AbsDimension x="16" y="16"/>
                            </Size>					
                            <Anchors>
                                <Anchor point="CENTER" relativeTo="OrderButton2" relativeFrom="CENTER">
                                    <Offset>
                                        <AbsDimension x="0" y="0"/>
                                    </Offset>
                                </Anchor>
                            </Anchors>
                        </Texture>
                    </Layer>
                    <Layer level="OVERLAY">
                        <Texture name="OrderButton2Texture2">
                            <Size>
                                <AbsDimension x="24" y="24"/>
                            </Size>					
                            <Anchors>
                                <Anchor point="CENTER" relativeTo="OrderButton2" relativeFrom="CENTER">
                                    <Offset>
                                        <AbsDimension x="0" y="0"/>
                                    </Offset>
                                </Anchor>
                            </Anchors>
                        </Texture>
                    </Layer>
                </Layers>
                <Scripts>
                    <OnEnter>
                        Arcanum_ButtonMouseOver(12);
                    </OnEnter>
                    <OnClick>
                        Arcanum_SelectButtonOrder(2);
                    </OnClick>
                    <OnLeave>
                        Arcanum_ButtonNormal(12);
                    </OnLeave>
                </Scripts>
            </Button>
            <Button name="OrderButton3" virtual="true">
                <Size>
                    <AbsDimension x="24" y="24"/>
                </Size>
                <Anchors>
                    <Anchor point="CENTER" relativeTo="ArcanumOrderButton" relativePoint="CENTER">
                        <Offset>
							<AbsDimension x="19" y="26"/>
						</Offset>
                    </Anchor>
                </Anchors>
                <Layers>
                    <Layer level="BACKGROUND">
                        <Texture name="OrderButton3Texture">
                            <Size>
                                <AbsDimension x="16" y="16"/>
                            </Size>					
                            <Anchors>
                                <Anchor point="CENTER" relativeTo="OrderButton3" relativeFrom="CENTER">
                                    <Offset>
                                        <AbsDimension x="0" y="0"/>
                                    </Offset>
                                </Anchor>
                            </Anchors>
                        </Texture>
                    </Layer>
                    <Layer level="OVERLAY">
                        <Texture name="OrderButton3Texture2">
                            <Size>
                                <AbsDimension x="24" y="24"/>
                            </Size>					
                            <Anchors>
                                <Anchor point="CENTER" relativeTo="OrderButton3" relativeFrom="CENTER">
                                    <Offset>
                                        <AbsDimension x="0" y="0"/>
                                    </Offset>
                                </Anchor>
                            </Anchors>
                        </Texture>
                    </Layer>
                </Layers>
                <Scripts>
                    <OnEnter>
                        Arcanum_ButtonMouseOver(13);
                    </OnEnter>
                    <OnClick>
                        Arcanum_SelectButtonOrder(3);
                    </OnClick>
                    <OnLeave>
                        Arcanum_ButtonNormal(13);
                    </OnLeave>
                </Scripts>
            </Button>
            <Button name="OrderButton4" virtual="true">
                <Size>
                    <AbsDimension x="24" y="24"/>
                </Size>
                <Anchors>
                    <Anchor point="CENTER" relativeTo="ArcanumOrderButton" relativePoint="CENTER">
                        <Offset>
							<AbsDimension x="30" y="10"/>
						</Offset>
                    </Anchor>
                </Anchors>
                <Layers>
                    <Layer level="BACKGROUND">
                        <Texture name="OrderButton4Texture">
                            <Size>
                                <AbsDimension x="16" y="16"/>
                            </Size>					
                            <Anchors>
                                <Anchor point="CENTER" relativeTo="OrderButton4" relativeFrom="CENTER">
                                    <Offset>
                                        <AbsDimension x="0" y="0"/>
                                    </Offset>
                                </Anchor>
                            </Anchors>
                        </Texture>
                    </Layer>
                    <Layer level="OVERLAY">
                        <Texture name="OrderButton4Texture2">
                            <Size>
                                <AbsDimension x="24" y="24"/>
                            </Size>					
                            <Anchors>
                                <Anchor point="CENTER" relativeTo="OrderButton4" relativeFrom="CENTER">
                                    <Offset>
                                        <AbsDimension x="0" y="0"/>
                                    </Offset>
                                </Anchor>
                            </Anchors>
                        </Texture>
                    </Layer>
                </Layers>
                <Scripts>
                    <OnEnter>
                        Arcanum_ButtonMouseOver(14);
                    </OnEnter>
                    <OnClick>
                        Arcanum_SelectButtonOrder(4);
                    </OnClick>
                    <OnLeave>
                        Arcanum_ButtonNormal(14);
                    </OnLeave>
                </Scripts>
            </Button>
            <Button name="OrderButton5" virtual="true">
                <Size>
                    <AbsDimension x="24" y="24"/>
                </Size>
                <Anchors>
                    <Anchor point="CENTER" relativeTo="ArcanumOrderButton" relativePoint="CENTER">
                        <Offset>
							<AbsDimension x="30" y="-10"/>
						</Offset>
                    </Anchor>
                </Anchors>
                <Layers>
                    <Layer level="BACKGROUND">
                        <Texture name="OrderButton5Texture">
                            <Size>
                                <AbsDimension x="16" y="16"/>
                            </Size>					
                            <Anchors>
                                <Anchor point="CENTER" relativeTo="OrderButton5" relativeFrom="CENTER">
                                    <Offset>
                                        <AbsDimension x="0" y="0"/>
                                    </Offset>
                                </Anchor>
                            </Anchors>
                        </Texture>
                    </Layer>
                    <Layer level="OVERLAY">
                        <Texture name="OrderButton5Texture2">
                            <Size>
                                <AbsDimension x="24" y="24"/>
                            </Size>					
                            <Anchors>
                                <Anchor point="CENTER" relativeTo="OrderButton5" relativeFrom="CENTER">
                                    <Offset>
                                        <AbsDimension x="0" y="0"/>
                                    </Offset>
                                </Anchor>
                            </Anchors>
                        </Texture>
                    </Layer>
                </Layers>
                <Scripts>
                    <OnEnter>
                        Arcanum_ButtonMouseOver(15);
                    </OnEnter>
                    <OnClick>
                        Arcanum_SelectButtonOrder(5);
                    </OnClick>
                    <OnLeave>
                        Arcanum_ButtonNormal(15);
                    </OnLeave>
                </Scripts>
            </Button>
            <Button name="OrderButton6" virtual="true">
                <Size>
                    <AbsDimension x="24" y="24"/>
                </Size>
                <Anchors>
                    <Anchor point="CENTER" relativeTo="ArcanumOrderButton" relativePoint="CENTER">
                        <Offset>
							<AbsDimension x="19" y="-26"/>
						</Offset>
                    </Anchor>
                </Anchors>
                <Layers>
                    <Layer level="BACKGROUND">
                        <Texture name="OrderButton6Texture">
                            <Size>
                                <AbsDimension x="16" y="16"/>
                            </Size>					
                            <Anchors>
                                <Anchor point="CENTER" relativeTo="OrderButton6" relativeFrom="CENTER">
                                    <Offset>
                                        <AbsDimension x="0" y="0"/>
                                    </Offset>
                                </Anchor>
                            </Anchors>
                        </Texture>
                    </Layer>
                    <Layer level="OVERLAY">
                        <Texture name="OrderButton6Texture2">
                            <Size>
                                <AbsDimension x="24" y="24"/>
                            </Size>					
                            <Anchors>
                                <Anchor point="CENTER" relativeTo="OrderButton6" relativeFrom="CENTER">
                                    <Offset>
                                        <AbsDimension x="0" y="0"/>
                                    </Offset>
                                </Anchor>
                            </Anchors>
                        </Texture>
                    </Layer>
                </Layers>
                <Scripts>
                    <OnEnter>
                        Arcanum_ButtonMouseOver(16);
                    </OnEnter>
                    <OnClick>
                        Arcanum_SelectButtonOrder(6);
                    </OnClick>
                    <OnLeave>
                        Arcanum_ButtonNormal(16);
                    </OnLeave>
                </Scripts>
            </Button>
            <Button name="OrderButton7" virtual="true">
                <Size>
                    <AbsDimension x="24" y="24"/>
                </Size>
                <Anchors>
                    <Anchor point="CENTER" relativeTo="ArcanumOrderButton" relativePoint="CENTER">
                        <Offset>
							<AbsDimension x="0" y="-32"/>
						</Offset>
                    </Anchor>
                </Anchors>
                <Layers>
                    <Layer level="BACKGROUND">
                        <Texture name="OrderButton7Texture">
                            <Size>
                                <AbsDimension x="16" y="16"/>
                            </Size>					
                            <Anchors>
                                <Anchor point="CENTER" relativeTo="OrderButton7" relativeFrom="CENTER">
                                    <Offset>
                                        <AbsDimension x="0" y="0"/>
                                    </Offset>
                                </Anchor>
                            </Anchors>
                        </Texture>
                    </Layer>
                    <Layer level="OVERLAY">
                        <Texture name="OrderButton7Texture2">
                            <Size>
                                <AbsDimension x="24" y="24"/>
                            </Size>					
                            <Anchors>
                                <Anchor point="CENTER" relativeTo="OrderButton7" relativeFrom="CENTER">
                                    <Offset>
                                        <AbsDimension x="0" y="0"/>
                                    </Offset>
                                </Anchor>
                            </Anchors>
                        </Texture>
                    </Layer>
                </Layers>
                <Scripts>
                    <OnEnter>
                        Arcanum_ButtonMouseOver(17);
                    </OnEnter>
                    <OnClick>
                        Arcanum_SelectButtonOrder(7);
                    </OnClick>
                    <OnLeave>
                        Arcanum_ButtonNormal(17);
                    </OnLeave>
                </Scripts>
            </Button>
            <Button name="OrderButton8" virtual="true">
                <Size>
                    <AbsDimension x="24" y="24"/>
                </Size>
                <Anchors>
                    <Anchor point="CENTER" relativeTo="ArcanumOrderButton" relativePoint="CENTER">
                        <Offset>
							<AbsDimension x="-19" y="-26"/>
						</Offset>
                    </Anchor>
                </Anchors>
                <Layers>
                    <Layer level="BACKGROUND">
                        <Texture name="OrderButton8Texture">
                            <Size>
                                <AbsDimension x="16" y="16"/>
                            </Size>					
                            <Anchors>
                                <Anchor point="CENTER" relativeTo="OrderButton8" relativeFrom="CENTER">
                                    <Offset>
                                        <AbsDimension x="0" y="0"/>
                                    </Offset>
                                </Anchor>
                            </Anchors>
                        </Texture>
                    </Layer>
                    <Layer level="OVERLAY">
                        <Texture name="OrderButton8Texture2">
                            <Size>
                                <AbsDimension x="24" y="24"/>
                            </Size>					
                            <Anchors>
                                <Anchor point="CENTER" relativeTo="OrderButton8" relativeFrom="CENTER">
                                    <Offset>
                                        <AbsDimension x="0" y="0"/>
                                    </Offset>
                                </Anchor>
                            </Anchors>
                        </Texture>
                    </Layer>
                </Layers>
                <Scripts>
                    <OnEnter>
                        Arcanum_ButtonMouseOver(18);
                    </OnEnter>
                    <OnClick>
                        Arcanum_SelectButtonOrder(8);
                    </OnClick>
                    <OnLeave>
                        Arcanum_ButtonNormal(18);
                    </OnLeave>
                </Scripts>
            </Button>
            <Button name="OrderButton9" virtual="true">
                <Size>
                    <AbsDimension x="24" y="24"/>
                </Size>
                <Anchors>
                    <Anchor point="CENTER" relativeTo="ArcanumOrderButton" relativePoint="CENTER">
                        <Offset>
							<AbsDimension x="-30" y="-10"/>
						</Offset>
                    </Anchor>
                </Anchors>
                <Layers>
                    <Layer level="BACKGROUND">
                        <Texture name="OrderButton9Texture">
                            <Size>
                                <AbsDimension x="16" y="16"/>
                            </Size>					
                            <Anchors>
                                <Anchor point="CENTER" relativeTo="OrderButton9" relativeFrom="CENTER">
                                    <Offset>
                                        <AbsDimension x="0" y="0"/>
                                    </Offset>
                                </Anchor>
                            </Anchors>
                        </Texture>
                    </Layer>
                    <Layer level="OVERLAY">
                        <Texture name="OrderButton9Texture2">
                            <Size>
                                <AbsDimension x="24" y="24"/>
                            </Size>					
                            <Anchors>
                                <Anchor point="CENTER" relativeTo="OrderButton9" relativeFrom="CENTER">
                                    <Offset>
                                        <AbsDimension x="0" y="0"/>
                                    </Offset>
                                </Anchor>
                            </Anchors>
                        </Texture>
                    </Layer>
                </Layers>
                <Scripts>
                    <OnEnter>
                        Arcanum_ButtonMouseOver(19);
                    </OnEnter>
                    <OnClick>
                        Arcanum_SelectButtonOrder(9);
                    </OnClick>
                    <OnLeave>
                        Arcanum_ButtonNormal(19);
                    </OnLeave>
                </Scripts>
            </Button>
            <Button name="OrderButton10" virtual="true">
                <Size>
                    <AbsDimension x="24" y="24"/>
                </Size>
                <Anchors>
                    <Anchor point="CENTER" relativeTo="ArcanumOrderButton" relativePoint="CENTER">
                        <Offset>
							<AbsDimension x="-30" y="10"/>
						</Offset>
                    </Anchor>
                </Anchors>
                <Layers>
                    <Layer level="BACKGROUND">
                        <Texture name="OrderButton10Texture">
                            <Size>
                                <AbsDimension x="16" y="16"/>
                            </Size>					
                            <Anchors>
                                <Anchor point="CENTER" relativeTo="OrderButton10" relativeFrom="CENTER">
                                    <Offset>
                                        <AbsDimension x="0" y="0"/>
                                    </Offset>
                                </Anchor>
                            </Anchors>
                        </Texture>
                    </Layer>
                    <Layer level="OVERLAY">
                        <Texture name="OrderButton10Texture2">
                            <Size>
                                <AbsDimension x="24" y="24"/>
                            </Size>					
                            <Anchors>
                                <Anchor point="CENTER" relativeTo="OrderButton10" relativeFrom="CENTER">
                                    <Offset>
                                        <AbsDimension x="0" y="0"/>
                                    </Offset>
                                </Anchor>
                            </Anchors>
                        </Texture>
                    </Layer>
                </Layers>
                <Scripts>
                    <OnEnter>
                        Arcanum_ButtonMouseOver(20);
                    </OnEnter>
                    <OnClick>
                        Arcanum_SelectButtonOrder(10);
                    </OnClick>
                    <OnLeave>
                        Arcanum_ButtonNormal(20);
                    </OnLeave>
                </Scripts>
            </Button>
            <Button name="SwitchLeft">
                <Size>
                    <AbsDimension x="29" y="29"/>
                </Size>
                <Anchors>
                    <Anchor point="TOPRIGHT" relativeTo="ArcanumButtonOptionMenu" relativePoint="TOPLEFT">
                        <Offset>
							<AbsDimension x="260" y="-150"/>
						</Offset>
                    </Anchor>
                </Anchors>
                <NormalTexture file="Interface\Buttons\UI-RotationLeft-Button-Up"/>
                <PushedTexture file="Interface\Buttons\UI-RotationLeft-Button-Down"/>
                <Scripts>
                    <OnClick>
                        Arcanum_SwitchButtonOrder(-1);
                    </OnClick>
                </Scripts>
            </Button>
            <Button name="SwitchRight">
                <Size>
                    <AbsDimension x="29" y="29"/>
                </Size>
                <Anchors>
                    <Anchor point="TOPRIGHT" relativeTo="ArcanumButtonOptionMenu" relativePoint="TOPLEFT">
                        <Offset>
							<AbsDimension x="290" y="-150"/>
						</Offset>
                    </Anchor>
                </Anchors>
                <NormalTexture file="Interface\Buttons\UI-RotationRight-Button-Up"/>
                <PushedTexture file="Interface\Buttons\UI-RotationRight-Button-Down"/>
                <Scripts>
                    <OnClick>
                        Arcanum_SwitchButtonOrder(1);
                    </OnClick>
                </Scripts>
            </Button>
            
            
            <Frame name="ArcanumLeftClickDropDown" inherits="UIDropDownMenuTemplate">
                <Anchors>
					<Anchor point="TOPRIGHT" relativeTo="ArcanumButtonOptionMenu" relativeFrom="TOPLEFT">
						<Offset>
							<AbsDimension x="0" y="-205"/>
						</Offset>
					</Anchor>
				</Anchors>
                <Layers>
					<Layer level="ARTWORK">
					<FontString name="ArcanumLeftClick" inherits="GameFontNormalSmall">
						<Anchors>
							<Anchor point="TOPLEFT" relativeTo="ArcanumButtonOptionMenu" relativeFrom="TOPLEFT">
								<Offset>
									<AbsDimension x="30" y="-210"/>
								</Offset>
							</Anchor>
						</Anchors>
					</FontString>
					</Layer>
				</Layers>
				<Scripts>
					<OnLoad>
						UIDropDownMenu_SetWidth(200);
					</OnLoad>
					<OnShow>
						UIDropDownMenu_Initialize(this, ArcanumLeftClickDropDown_Initialize);
					</OnShow>
				</Scripts>
			</Frame>
            <Frame name="ArcanumMiddleClickDropDown" inherits="UIDropDownMenuTemplate">
                <Anchors>
					<Anchor point="TOPRIGHT" relativeTo="ArcanumButtonOptionMenu" relativeFrom="TOPLEFT">
						<Offset>
							<AbsDimension x="0" y="-225"/>
						</Offset>
					</Anchor>
				</Anchors>
                <Layers>
					<Layer level="ARTWORK">
					<FontString name="ArcanumMiddleClick" inherits="GameFontNormalSmall">
						<Anchors>
							<Anchor point="TOPLEFT" relativeTo="ArcanumButtonOptionMenu" relativeFrom="TOPLEFT">
								<Offset>
									<AbsDimension x="30" y="-230"/>
								</Offset>
							</Anchor>
						</Anchors>
					</FontString>
					</Layer>
				</Layers>
				<Scripts>
					<OnLoad>
						UIDropDownMenu_SetWidth(200);
					</OnLoad>
					<OnShow>
						UIDropDownMenu_Initialize(this, ArcanumMiddleClickDropDown_Initialize);
					</OnShow>
				</Scripts>
			</Frame>
            <Frame name="ArcanumRightClickDropDown" inherits="UIDropDownMenuTemplate">
                <Anchors>
					<Anchor point="TOPRIGHT" relativeTo="ArcanumButtonOptionMenu" relativeFrom="TOPLEFT">
						<Offset>
							<AbsDimension x="0" y="-245"/>
						</Offset>
					</Anchor>
				</Anchors>
                <Layers>
					<Layer level="ARTWORK">
					<FontString name="ArcanumRightClick" inherits="GameFontNormalSmall">
						<Anchors>
							<Anchor point="TOPLEFT" relativeTo="ArcanumButtonOptionMenu" relativeFrom="TOPLEFT">
								<Offset>
									<AbsDimension x="30" y="-250"/>
								</Offset>
							</Anchor>
						</Anchors>
					</FontString>
					</Layer>
				</Layers>
				<Scripts>
					<OnLoad>
						UIDropDownMenu_SetWidth(200);
					</OnLoad>
					<OnShow>
						UIDropDownMenu_Initialize(this, ArcanumRightClickDropDown_Initialize);
					</OnShow>
				</Scripts>
			</Frame>
            <CheckButton name="ArcanumMinimapIcon_Button" enableMouse="true" inherits="UICheckButtonTemplate" checked="false">
				<Size>
					<AbsDimension x="24" y="24"/>
				</Size>
				<Anchors>
					<Anchor point="TOPLEFT" relativeTo="ArcanumButtonOptionMenu" relativeFrom="TOPLEFT">
						<Offset>
							<AbsDimension x="30" y="-275"/>
						</Offset>
					</Anchor>
				</Anchors>
				<Scripts>
					<OnClick>
						if (this:GetChecked()) then
							ArcanumConfig.MinimapIcon = true;
                            ShowUIPanel(ArcanumMinimapButton);
						else
							ArcanumConfig.MinimapIcon = false;
                            HideUIPanel(ArcanumMinimapButton);
						end
					</OnClick>
				</Scripts>
			</CheckButton>
            <Slider name="ArcanumMinimapRotate_Slider" inherits="OptionsSliderTemplate" minValue="0" maxValue="360" valueStep="1" virtual="true">
				<Size>
					<AbsDimension x="290" y="16"/>
				</Size>
                    <Anchors>
                        <Anchor point="CENTER" relativeTo="ArcanumButtonOptionMenu" relativeFrom="TOP">
                            <Offset>
                                <AbsDimension x="0" y="-90"/>
                            </Offset>
                        </Anchor>
                    </Anchors>
				<Scripts>
					<OnValueChanged>
						ArcanumConfig.MinimapIconPos = this:GetValue()
                        ArcanumMinimapRotate_SliderText:SetText(Arcanum_ColoredMsg(ARCANUM_CONFIGURATION.ArcanumMinimapIconPos.." "..ArcanumConfig.MinimapIconPos.."°"));
						Arcanum_MinimapMoveButton();
					</OnValueChanged>
				</Scripts>
			</Slider>
        </Frames>
		<Scripts>
			<OnLoad>
				HideUIPanel(ArcanumButtonOptionMenu);
			</OnLoad>
		</Scripts>
	</Frame>
</Ui>
