﻿<Ui xmlns="http://www.blizzard.com/wow/ui/" xmlns:xsi="http://www.w3.org/2001/XMLSchema-instance" xsi:schemaLocation="http://www.blizzard.com/wow/ui/..\FrameXML\UI.xsd">
  	<Script file="Localization.lua"/>
	<Script file="Localization-FR.lua"/>
	<Script file="Localization-EN.lua"/>
	<Script file="Localization-DE.lua"/>
	<Script file="Arcanum.lua"/>
	<Script file="ArcanumMessage.lua"/>
		
    <Button name="ArcanumButtonTemplate" virtual="true" hidden="false" enableMouse="true" toplevel="true" parent="UIParent" movable="true">
		<Size>
			<AbsDimension x="34" y="34"/>
		</Size>
		<Anchors>
			<Anchor point="CENTER" relativeTo="UIParent" relativePoint="CENTER">
				<Offset>
					<AbsDimension x="17" y="-100"/>
				</Offset>
			</Anchor>
		</Anchors>
		<Scripts>
			<OnLoad>
				this:RegisterForDrag("LeftButton");
				this:RegisterForClicks("LeftButtonUp", "MiddleButtonUp", "RightButtonUp");
				HideUIPanel(this);
			</OnLoad>
			<OnDragStart>
				if not ArcanumLockServ then Arcanum_OnDragStart(this); end
			</OnDragStart>
			<OnDragStop>
				Arcanum_OnDragStop(this);
			</OnDragStop>
			<OnMouseUp>
				Arcanum_OnDragStop(this);
			</OnMouseUp>
		</Scripts>
	</Button>

	<Button name="ArcanumButtonMenuTemplate" virtual="true" hidden="false" enableMouse="true" toplevel="true" parent="UIParent" movable="true">
		<Size>
			<AbsDimension x="40" y="40"/>
		</Size>
		<Anchors>
			<Anchor point="CENTER" relativeTo="UIParent" relativePoint="CENTER">
				<Offset>
					<AbsDimension x="17" y="-100"/>
				</Offset>
			</Anchor>
		</Anchors>
		<Scripts>
			<OnLoad>
				this:RegisterForClicks("LeftButtonUp", "RightButtonUp");
				HideUIPanel(this);
			</OnLoad>
		</Scripts>
	</Button>
        
    <Texture name="ArcanumButtonManaTextureTemplate" virtual="true" parent="ArcanumButton">
        <Size>
            <AbsDimension x="58" y="58"/>
        </Size>					
        <Anchors>
            <Anchor point="BOTTOMLEFT" relativeTo="ArcanumButton" relativeFrom="BOTTOMLEFT">
                <Offset>
                    <AbsDimension x="0" y="0"/>
                </Offset>
            </Anchor>
        </Anchors>
    </Texture>
        
    <Texture name="ArcanumButtonHealthTextureTemplate" virtual="true" parent="ArcanumButton">
        <Size>
            <AbsDimension x="58" y="58"/>
        </Size>					
        <Anchors>
            <Anchor point="BOTTOMLEFT" relativeTo="ArcanumButton" relativeFrom="BOTTOMLEFT">
                <Offset>
                    <AbsDimension x="0" y="0"/>
                </Offset>
            </Anchor>
        </Anchors>
    </Texture>
        
    <Button name="ArcanumMinimapButton" parent="Minimap" movable="true">
		<Size>
			<AbsDimension x="34" y="34"/>
		</Size>
		<Anchors>
			<Anchor point="TOPLEFT">
				<Offset>
					<AbsDimension x="-15" y="5"/>
				</Offset>
			</Anchor>
		</Anchors>
        <Layers>
            <Layer level="ARTWORK">
				<Texture name="ArcanumMinimapButtonTexture">
					<Size>
						<AbsDimension x="22" y="22"/>
					</Size>					
					<Anchors>
						<Anchor point="CENTER" relativeTo="ArcanumMinimapButton" relativeFrom="CENTER">
							<Offset>
								<AbsDimension x="0" y="0"/>
							</Offset>
						</Anchor>
					</Anchors>
				</Texture>
			</Layer>
			<Layer level="OVERLAY">
				<Texture name="ArcanumMinimapButtonTexture2">
					<Size>
						<AbsDimension x="34" y="34"/>
					</Size>					
					<Anchors>
						<Anchor point="CENTER" relativeTo="ArcanumMinimapButton" relativeFrom="CENTER">
							<Offset>
								<AbsDimension x="0" y="0"/>
							</Offset>
						</Anchor>
					</Anchors>
				</Texture>
			</Layer>
		</Layers>
		<Scripts>
        	<OnLoad>
		        this:RegisterForClicks("LeftButtonUp","RightButtonUp");
		        this:RegisterForDrag("LeftButton");
	        </OnLoad>
            <OnEnter>
				Arcanum_BuildTooltip(this,"ANCHOR_CURSOR","Minimap");
			</OnEnter>
            <OnLeave>
				GameTooltip:Hide();
			</OnLeave>
			<OnClick>
				if (ArcanumGeneralFrame:IsVisible()) then
		            HideUIPanel(ArcanumGeneralFrame);
                    return;
                else
                    ShowUIPanel(ArcanumGeneralFrame);
                    ArcanumGeneralTab_OnClick(1);
                    return;
                end
			</OnClick>
		</Scripts>
	</Button>
        
	<Button name="ArcanumButton" hidden="false" enableMouse="true" toplevel="true" parent="UIParent" movable="true">
		<Size>
			<AbsDimension x="58" y="58"/>
		</Size>
		<Anchors>
			<Anchor point="CENTER" relativeTo="UIParent" relativePoint="CENTER">
				<Offset>
					<AbsDimension x="0" y="-100"/>
				</Offset>
			</Anchor>
		</Anchors>
		<Layers>
            <Layer level="BACKGROUND">
				<Texture name="ArcanumButtonTexture">
					<Size>
						<AbsDimension x="58" y="58"/>
					</Size>					
					<Anchors>
						<Anchor point="CENTER" relativeTo="ArcanumButton" relativeFrom="CENTER">
							<Offset>
								<AbsDimension x="0" y="0"/>
							</Offset>
						</Anchor>
					</Anchors>
				</Texture>
            </Layer>
            <Layer level="BORDER">
                <Texture name="ArcanumButtonTexture2">
					<Size>
						<AbsDimension x="42" y="42"/>
					</Size>					
					<Anchors>
						<Anchor point="CENTER" relativeTo="ArcanumButton" relativeFrom="CENTER">
							<Offset>
								<AbsDimension x="0" y="0"/>
							</Offset>
						</Anchor>
					</Anchors>
				</Texture>
			</Layer>
            <Layer level="ARTWORK">
                <Texture name="ArcanumButtonTexture3">
					<Size>
						<AbsDimension x="58" y="58"/>
					</Size>					
					<Anchors>
						<Anchor point="CENTER" relativeTo="ArcanumButton" relativeFrom="CENTER">
							<Offset>
								<AbsDimension x="0" y="0"/>
							</Offset>
						</Anchor>
					</Anchors>
				</Texture>
			</Layer>
			<Layer level="OVERLAY">
                <Texture name="ArcanumButtonManaTexture1" inherits="ArcanumButtonManaTextureTemplate"/>
                <Texture name="ArcanumButtonManaTexture2" inherits="ArcanumButtonManaTextureTemplate"/>
                <Texture name="ArcanumButtonManaTexture3" inherits="ArcanumButtonManaTextureTemplate"/>
				<Texture name="ArcanumButtonManaTexture4" inherits="ArcanumButtonManaTextureTemplate"/>
                <Texture name="ArcanumButtonManaTexture5" inherits="ArcanumButtonManaTextureTemplate"/>
                <Texture name="ArcanumButtonManaTexture6" inherits="ArcanumButtonManaTextureTemplate"/>
                <Texture name="ArcanumButtonManaTexture7" inherits="ArcanumButtonManaTextureTemplate"/>
                <Texture name="ArcanumButtonManaTexture8" inherits="ArcanumButtonManaTextureTemplate"/>
                <Texture name="ArcanumButtonManaTexture9" inherits="ArcanumButtonManaTextureTemplate"/>
                <Texture name="ArcanumButtonManaTexture10" inherits="ArcanumButtonManaTextureTemplate"/>
                <Texture name="ArcanumButtonManaTexture11" inherits="ArcanumButtonManaTextureTemplate"/>
                <Texture name="ArcanumButtonManaTexture12" inherits="ArcanumButtonManaTextureTemplate"/>
                <Texture name="ArcanumButtonManaTexture13" inherits="ArcanumButtonManaTextureTemplate"/>
				<Texture name="ArcanumButtonManaTexture14" inherits="ArcanumButtonManaTextureTemplate"/>
                <Texture name="ArcanumButtonManaTexture15" inherits="ArcanumButtonManaTextureTemplate"/>
                <Texture name="ArcanumButtonManaTexture16" inherits="ArcanumButtonManaTextureTemplate"/>
                <Texture name="ArcanumButtonManaTexture17" inherits="ArcanumButtonManaTextureTemplate"/>
                <Texture name="ArcanumButtonManaTexture18" inherits="ArcanumButtonManaTextureTemplate"/>
                <Texture name="ArcanumButtonManaTexture19" inherits="ArcanumButtonManaTextureTemplate"/>
                <Texture name="ArcanumButtonManaTexture20" inherits="ArcanumButtonManaTextureTemplate"/>
                <Texture name="ArcanumButtonManaTexture21" inherits="ArcanumButtonManaTextureTemplate"/>
                <Texture name="ArcanumButtonManaTexture22" inherits="ArcanumButtonManaTextureTemplate"/>
                <Texture name="ArcanumButtonManaTexture23" inherits="ArcanumButtonManaTextureTemplate"/>
				<Texture name="ArcanumButtonManaTexture24" inherits="ArcanumButtonManaTextureTemplate"/>
                <Texture name="ArcanumButtonManaTexture25" inherits="ArcanumButtonManaTextureTemplate"/>
                <Texture name="ArcanumButtonManaTexture26" inherits="ArcanumButtonManaTextureTemplate"/>
                <Texture name="ArcanumButtonManaTexture27" inherits="ArcanumButtonManaTextureTemplate"/>
                <Texture name="ArcanumButtonManaTexture28" inherits="ArcanumButtonManaTextureTemplate"/>
                <Texture name="ArcanumButtonManaTexture29" inherits="ArcanumButtonManaTextureTemplate"/>
                <Texture name="ArcanumButtonManaTexture30" inherits="ArcanumButtonManaTextureTemplate"/>
                <Texture name="ArcanumButtonManaTexture31" inherits="ArcanumButtonManaTextureTemplate"/>
                <Texture name="ArcanumButtonManaTexture32" inherits="ArcanumButtonManaTextureTemplate"/>
                <Texture name="ArcanumButtonManaTexture33" inherits="ArcanumButtonManaTextureTemplate"/>
				<Texture name="ArcanumButtonManaTexture34" inherits="ArcanumButtonManaTextureTemplate"/>
                <Texture name="ArcanumButtonManaTexture35" inherits="ArcanumButtonManaTextureTemplate"/>
                <Texture name="ArcanumButtonManaTexture36" inherits="ArcanumButtonManaTextureTemplate"/>
                <Texture name="ArcanumButtonManaTexture37" inherits="ArcanumButtonManaTextureTemplate"/>
                <Texture name="ArcanumButtonManaTexture38" inherits="ArcanumButtonManaTextureTemplate"/>
                <Texture name="ArcanumButtonManaTexture39" inherits="ArcanumButtonManaTextureTemplate"/>
                <Texture name="ArcanumButtonManaTexture40" inherits="ArcanumButtonManaTextureTemplate"/>
                <Texture name="ArcanumButtonManaTexture41" inherits="ArcanumButtonManaTextureTemplate"/>
                <Texture name="ArcanumButtonManaTexture42" inherits="ArcanumButtonManaTextureTemplate"/>
                <Texture name="ArcanumButtonManaTexture43" inherits="ArcanumButtonManaTextureTemplate"/>
				<Texture name="ArcanumButtonManaTexture44" inherits="ArcanumButtonManaTextureTemplate"/>
                <Texture name="ArcanumButtonManaTexture45" inherits="ArcanumButtonManaTextureTemplate"/>
                <Texture name="ArcanumButtonManaTexture46" inherits="ArcanumButtonManaTextureTemplate"/>
                <Texture name="ArcanumButtonManaTexture47" inherits="ArcanumButtonManaTextureTemplate"/>
                <Texture name="ArcanumButtonManaTexture48" inherits="ArcanumButtonManaTextureTemplate"/>
                <Texture name="ArcanumButtonManaTexture49" inherits="ArcanumButtonManaTextureTemplate"/>
                <Texture name="ArcanumButtonManaTexture50" inherits="ArcanumButtonManaTextureTemplate"/>
                <Texture name="ArcanumButtonManaTexture51" inherits="ArcanumButtonManaTextureTemplate"/>
                <Texture name="ArcanumButtonManaTexture52" inherits="ArcanumButtonManaTextureTemplate"/>
                <Texture name="ArcanumButtonManaTexture53" inherits="ArcanumButtonManaTextureTemplate"/>
				<Texture name="ArcanumButtonManaTexture54" inherits="ArcanumButtonManaTextureTemplate"/>
                <Texture name="ArcanumButtonManaTexture55" inherits="ArcanumButtonManaTextureTemplate"/>
                <Texture name="ArcanumButtonManaTexture56" inherits="ArcanumButtonManaTextureTemplate"/>
                <Texture name="ArcanumButtonManaTexture57" inherits="ArcanumButtonManaTextureTemplate"/>
                <Texture name="ArcanumButtonManaTexture58" inherits="ArcanumButtonManaTextureTemplate"/>
                <Texture name="ArcanumButtonManaTexture59" inherits="ArcanumButtonManaTextureTemplate"/>
                <Texture name="ArcanumButtonManaTexture60" inherits="ArcanumButtonManaTextureTemplate"/>
                <Texture name="ArcanumButtonManaTexture61" inherits="ArcanumButtonManaTextureTemplate"/>
                <Texture name="ArcanumButtonManaTexture62" inherits="ArcanumButtonManaTextureTemplate"/>
                <Texture name="ArcanumButtonManaTexture63" inherits="ArcanumButtonManaTextureTemplate"/>
				<Texture name="ArcanumButtonManaTexture64" inherits="ArcanumButtonManaTextureTemplate"/>
                <Texture name="ArcanumButtonManaTexture65" inherits="ArcanumButtonManaTextureTemplate"/>
                <Texture name="ArcanumButtonManaTexture66" inherits="ArcanumButtonManaTextureTemplate"/>
                <Texture name="ArcanumButtonManaTexture67" inherits="ArcanumButtonManaTextureTemplate"/>
                <Texture name="ArcanumButtonManaTexture68" inherits="ArcanumButtonManaTextureTemplate"/>
                <Texture name="ArcanumButtonManaTexture69" inherits="ArcanumButtonManaTextureTemplate"/>
                <Texture name="ArcanumButtonManaTexture70" inherits="ArcanumButtonManaTextureTemplate"/>
                <Texture name="ArcanumButtonManaTexture71" inherits="ArcanumButtonManaTextureTemplate"/>
                <Texture name="ArcanumButtonManaTexture72" inherits="ArcanumButtonManaTextureTemplate"/>
                <Texture name="ArcanumButtonManaTexture73" inherits="ArcanumButtonManaTextureTemplate"/>
				<Texture name="ArcanumButtonManaTexture74" inherits="ArcanumButtonManaTextureTemplate"/>
                <Texture name="ArcanumButtonManaTexture75" inherits="ArcanumButtonManaTextureTemplate"/>
                <Texture name="ArcanumButtonManaTexture76" inherits="ArcanumButtonManaTextureTemplate"/>
                <Texture name="ArcanumButtonManaTexture77" inherits="ArcanumButtonManaTextureTemplate"/>
                <Texture name="ArcanumButtonManaTexture78" inherits="ArcanumButtonManaTextureTemplate"/>
                <Texture name="ArcanumButtonManaTexture79" inherits="ArcanumButtonManaTextureTemplate"/>
                <Texture name="ArcanumButtonManaTexture80" inherits="ArcanumButtonManaTextureTemplate"/>
                <Texture name="ArcanumButtonManaTexture81" inherits="ArcanumButtonManaTextureTemplate"/>
                <Texture name="ArcanumButtonManaTexture82" inherits="ArcanumButtonManaTextureTemplate"/>
                <Texture name="ArcanumButtonManaTexture83" inherits="ArcanumButtonManaTextureTemplate"/>
				<Texture name="ArcanumButtonManaTexture84" inherits="ArcanumButtonManaTextureTemplate"/>
                <Texture name="ArcanumButtonManaTexture85" inherits="ArcanumButtonManaTextureTemplate"/>
                <Texture name="ArcanumButtonManaTexture86" inherits="ArcanumButtonManaTextureTemplate"/>
                <Texture name="ArcanumButtonManaTexture87" inherits="ArcanumButtonManaTextureTemplate"/>
                <Texture name="ArcanumButtonManaTexture88" inherits="ArcanumButtonManaTextureTemplate"/>
                <Texture name="ArcanumButtonManaTexture89" inherits="ArcanumButtonManaTextureTemplate"/>
                <Texture name="ArcanumButtonManaTexture90" inherits="ArcanumButtonManaTextureTemplate"/>
                <Texture name="ArcanumButtonManaTexture91" inherits="ArcanumButtonManaTextureTemplate"/>
                <Texture name="ArcanumButtonManaTexture92" inherits="ArcanumButtonManaTextureTemplate"/>
                <Texture name="ArcanumButtonManaTexture93" inherits="ArcanumButtonManaTextureTemplate"/>
				<Texture name="ArcanumButtonManaTexture94" inherits="ArcanumButtonManaTextureTemplate"/>
                <Texture name="ArcanumButtonManaTexture95" inherits="ArcanumButtonManaTextureTemplate"/>
                <Texture name="ArcanumButtonManaTexture96" inherits="ArcanumButtonManaTextureTemplate"/>
                <Texture name="ArcanumButtonManaTexture97" inherits="ArcanumButtonManaTextureTemplate"/>
                <Texture name="ArcanumButtonManaTexture98" inherits="ArcanumButtonManaTextureTemplate"/>
                <Texture name="ArcanumButtonManaTexture99" inherits="ArcanumButtonManaTextureTemplate"/>
                <Texture name="ArcanumButtonManaTexture100" inherits="ArcanumButtonManaTextureTemplate"/>

                <Texture name="ArcanumButtonHealthTexture1" inherits="ArcanumButtonHealthTextureTemplate"/>
                <Texture name="ArcanumButtonHealthTexture2" inherits="ArcanumButtonHealthTextureTemplate"/>
                <Texture name="ArcanumButtonHealthTexture3" inherits="ArcanumButtonHealthTextureTemplate"/>
				<Texture name="ArcanumButtonHealthTexture4" inherits="ArcanumButtonHealthTextureTemplate"/>
                <Texture name="ArcanumButtonHealthTexture5" inherits="ArcanumButtonHealthTextureTemplate"/>
                <Texture name="ArcanumButtonHealthTexture6" inherits="ArcanumButtonHealthTextureTemplate"/>
                <Texture name="ArcanumButtonHealthTexture7" inherits="ArcanumButtonHealthTextureTemplate"/>
                <Texture name="ArcanumButtonHealthTexture8" inherits="ArcanumButtonHealthTextureTemplate"/>
                <Texture name="ArcanumButtonHealthTexture9" inherits="ArcanumButtonHealthTextureTemplate"/>
                <Texture name="ArcanumButtonHealthTexture10" inherits="ArcanumButtonHealthTextureTemplate"/>
                <Texture name="ArcanumButtonHealthTexture11" inherits="ArcanumButtonHealthTextureTemplate"/>
                <Texture name="ArcanumButtonHealthTexture12" inherits="ArcanumButtonHealthTextureTemplate"/>
                <Texture name="ArcanumButtonHealthTexture13" inherits="ArcanumButtonHealthTextureTemplate"/>
				<Texture name="ArcanumButtonHealthTexture14" inherits="ArcanumButtonHealthTextureTemplate"/>
                <Texture name="ArcanumButtonHealthTexture15" inherits="ArcanumButtonHealthTextureTemplate"/>
                <Texture name="ArcanumButtonHealthTexture16" inherits="ArcanumButtonHealthTextureTemplate"/>
                <Texture name="ArcanumButtonHealthTexture17" inherits="ArcanumButtonHealthTextureTemplate"/>
                <Texture name="ArcanumButtonHealthTexture18" inherits="ArcanumButtonHealthTextureTemplate"/>
                <Texture name="ArcanumButtonHealthTexture19" inherits="ArcanumButtonHealthTextureTemplate"/>
                <Texture name="ArcanumButtonHealthTexture20" inherits="ArcanumButtonHealthTextureTemplate"/>
                <Texture name="ArcanumButtonHealthTexture21" inherits="ArcanumButtonHealthTextureTemplate"/>
                <Texture name="ArcanumButtonHealthTexture22" inherits="ArcanumButtonHealthTextureTemplate"/>
                <Texture name="ArcanumButtonHealthTexture23" inherits="ArcanumButtonHealthTextureTemplate"/>
				<Texture name="ArcanumButtonHealthTexture24" inherits="ArcanumButtonHealthTextureTemplate"/>
                <Texture name="ArcanumButtonHealthTexture25" inherits="ArcanumButtonHealthTextureTemplate"/>
                <Texture name="ArcanumButtonHealthTexture26" inherits="ArcanumButtonHealthTextureTemplate"/>
                <Texture name="ArcanumButtonHealthTexture27" inherits="ArcanumButtonHealthTextureTemplate"/>
                <Texture name="ArcanumButtonHealthTexture28" inherits="ArcanumButtonHealthTextureTemplate"/>
                <Texture name="ArcanumButtonHealthTexture29" inherits="ArcanumButtonHealthTextureTemplate"/>
                <Texture name="ArcanumButtonHealthTexture30" inherits="ArcanumButtonHealthTextureTemplate"/>
                <Texture name="ArcanumButtonHealthTexture31" inherits="ArcanumButtonHealthTextureTemplate"/>
                <Texture name="ArcanumButtonHealthTexture32" inherits="ArcanumButtonHealthTextureTemplate"/>
                <Texture name="ArcanumButtonHealthTexture33" inherits="ArcanumButtonHealthTextureTemplate"/>
				<Texture name="ArcanumButtonHealthTexture34" inherits="ArcanumButtonHealthTextureTemplate"/>
                <Texture name="ArcanumButtonHealthTexture35" inherits="ArcanumButtonHealthTextureTemplate"/>
                <Texture name="ArcanumButtonHealthTexture36" inherits="ArcanumButtonHealthTextureTemplate"/>
                <Texture name="ArcanumButtonHealthTexture37" inherits="ArcanumButtonHealthTextureTemplate"/>
                <Texture name="ArcanumButtonHealthTexture38" inherits="ArcanumButtonHealthTextureTemplate"/>
                <Texture name="ArcanumButtonHealthTexture39" inherits="ArcanumButtonHealthTextureTemplate"/>
                <Texture name="ArcanumButtonHealthTexture40" inherits="ArcanumButtonHealthTextureTemplate"/>
                <Texture name="ArcanumButtonHealthTexture41" inherits="ArcanumButtonHealthTextureTemplate"/>
                <Texture name="ArcanumButtonHealthTexture42" inherits="ArcanumButtonHealthTextureTemplate"/>
                <Texture name="ArcanumButtonHealthTexture43" inherits="ArcanumButtonHealthTextureTemplate"/>
				<Texture name="ArcanumButtonHealthTexture44" inherits="ArcanumButtonHealthTextureTemplate"/>
                <Texture name="ArcanumButtonHealthTexture45" inherits="ArcanumButtonHealthTextureTemplate"/>
                <Texture name="ArcanumButtonHealthTexture46" inherits="ArcanumButtonHealthTextureTemplate"/>
                <Texture name="ArcanumButtonHealthTexture47" inherits="ArcanumButtonHealthTextureTemplate"/>
                <Texture name="ArcanumButtonHealthTexture48" inherits="ArcanumButtonHealthTextureTemplate"/>
                <Texture name="ArcanumButtonHealthTexture49" inherits="ArcanumButtonHealthTextureTemplate"/>
                <Texture name="ArcanumButtonHealthTexture50" inherits="ArcanumButtonHealthTextureTemplate"/>
                <Texture name="ArcanumButtonHealthTexture51" inherits="ArcanumButtonHealthTextureTemplate"/>
                <Texture name="ArcanumButtonHealthTexture52" inherits="ArcanumButtonHealthTextureTemplate"/>
                <Texture name="ArcanumButtonHealthTexture53" inherits="ArcanumButtonHealthTextureTemplate"/>
				<Texture name="ArcanumButtonHealthTexture54" inherits="ArcanumButtonHealthTextureTemplate"/>
                <Texture name="ArcanumButtonHealthTexture55" inherits="ArcanumButtonHealthTextureTemplate"/>
                <Texture name="ArcanumButtonHealthTexture56" inherits="ArcanumButtonHealthTextureTemplate"/>
                <Texture name="ArcanumButtonHealthTexture57" inherits="ArcanumButtonHealthTextureTemplate"/>
                <Texture name="ArcanumButtonHealthTexture58" inherits="ArcanumButtonHealthTextureTemplate"/>
                <Texture name="ArcanumButtonHealthTexture59" inherits="ArcanumButtonHealthTextureTemplate"/>
                <Texture name="ArcanumButtonHealthTexture60" inherits="ArcanumButtonHealthTextureTemplate"/>
                <Texture name="ArcanumButtonHealthTexture61" inherits="ArcanumButtonHealthTextureTemplate"/>
                <Texture name="ArcanumButtonHealthTexture62" inherits="ArcanumButtonHealthTextureTemplate"/>
                <Texture name="ArcanumButtonHealthTexture63" inherits="ArcanumButtonHealthTextureTemplate"/>
				<Texture name="ArcanumButtonHealthTexture64" inherits="ArcanumButtonHealthTextureTemplate"/>
                <Texture name="ArcanumButtonHealthTexture65" inherits="ArcanumButtonHealthTextureTemplate"/>
                <Texture name="ArcanumButtonHealthTexture66" inherits="ArcanumButtonHealthTextureTemplate"/>
                <Texture name="ArcanumButtonHealthTexture67" inherits="ArcanumButtonHealthTextureTemplate"/>
                <Texture name="ArcanumButtonHealthTexture68" inherits="ArcanumButtonHealthTextureTemplate"/>
                <Texture name="ArcanumButtonHealthTexture69" inherits="ArcanumButtonHealthTextureTemplate"/>
                <Texture name="ArcanumButtonHealthTexture70" inherits="ArcanumButtonHealthTextureTemplate"/>
                <Texture name="ArcanumButtonHealthTexture71" inherits="ArcanumButtonHealthTextureTemplate"/>
                <Texture name="ArcanumButtonHealthTexture72" inherits="ArcanumButtonHealthTextureTemplate"/>
                <Texture name="ArcanumButtonHealthTexture73" inherits="ArcanumButtonHealthTextureTemplate"/>
				<Texture name="ArcanumButtonHealthTexture74" inherits="ArcanumButtonHealthTextureTemplate"/>
                <Texture name="ArcanumButtonHealthTexture75" inherits="ArcanumButtonHealthTextureTemplate"/>
                <Texture name="ArcanumButtonHealthTexture76" inherits="ArcanumButtonHealthTextureTemplate"/>
                <Texture name="ArcanumButtonHealthTexture77" inherits="ArcanumButtonHealthTextureTemplate"/>
                <Texture name="ArcanumButtonHealthTexture78" inherits="ArcanumButtonHealthTextureTemplate"/>
                <Texture name="ArcanumButtonHealthTexture79" inherits="ArcanumButtonHealthTextureTemplate"/>
                <Texture name="ArcanumButtonHealthTexture80" inherits="ArcanumButtonHealthTextureTemplate"/>
                <Texture name="ArcanumButtonHealthTexture81" inherits="ArcanumButtonHealthTextureTemplate"/>
                <Texture name="ArcanumButtonHealthTexture82" inherits="ArcanumButtonHealthTextureTemplate"/>
                <Texture name="ArcanumButtonHealthTexture83" inherits="ArcanumButtonHealthTextureTemplate"/>
				<Texture name="ArcanumButtonHealthTexture84" inherits="ArcanumButtonHealthTextureTemplate"/>
                <Texture name="ArcanumButtonHealthTexture85" inherits="ArcanumButtonHealthTextureTemplate"/>
                <Texture name="ArcanumButtonHealthTexture86" inherits="ArcanumButtonHealthTextureTemplate"/>
                <Texture name="ArcanumButtonHealthTexture87" inherits="ArcanumButtonHealthTextureTemplate"/>
                <Texture name="ArcanumButtonHealthTexture88" inherits="ArcanumButtonHealthTextureTemplate"/>
                <Texture name="ArcanumButtonHealthTexture89" inherits="ArcanumButtonHealthTextureTemplate"/>
                <Texture name="ArcanumButtonHealthTexture90" inherits="ArcanumButtonHealthTextureTemplate"/>
                <Texture name="ArcanumButtonHealthTexture91" inherits="ArcanumButtonHealthTextureTemplate"/>
                <Texture name="ArcanumButtonHealthTexture92" inherits="ArcanumButtonHealthTextureTemplate"/>
                <Texture name="ArcanumButtonHealthTexture93" inherits="ArcanumButtonHealthTextureTemplate"/>
				<Texture name="ArcanumButtonHealthTexture94" inherits="ArcanumButtonHealthTextureTemplate"/>
                <Texture name="ArcanumButtonHealthTexture95" inherits="ArcanumButtonHealthTextureTemplate"/>
                <Texture name="ArcanumButtonHealthTexture96" inherits="ArcanumButtonHealthTextureTemplate"/>
                <Texture name="ArcanumButtonHealthTexture97" inherits="ArcanumButtonHealthTextureTemplate"/>
                <Texture name="ArcanumButtonHealthTexture98" inherits="ArcanumButtonHealthTextureTemplate"/>
                <Texture name="ArcanumButtonHealthTexture99" inherits="ArcanumButtonHealthTextureTemplate"/>
                <Texture name="ArcanumButtonHealthTexture100" inherits="ArcanumButtonHealthTextureTemplate"/>

				<FontString name="ArcanumButtonText" inherits="GameFontNormal">
					<Color r="1.0" g="1.0" b="1.0" a="1"/>
					<Anchors>
						<Anchor point="CENTER" relativeTo="ArcanumButton" relativeFrom="CENTER">
							<Offset>
								<AbsDimension x="0" y="0"/>
							</Offset>
						</Anchor>
					</Anchors>
				</FontString>
			</Layer>
		</Layers>
		<Scripts>
			<OnLoad>
				Arcanum_OnLoad();
			</OnLoad>
			<OnEnter>
				Arcanum_BuildTooltip(this,"ANCHOR_CURSOR","Main");
			</OnEnter>
			<OnLeave>
				GameTooltip:Hide();
			</OnLeave>
			<OnClick>
				Arcanum_OnClick(arg1);
			</OnClick>
			<OnDragStart>
				Arcanum_OnDragStart(this);
			</OnDragStart>
			<OnDragStop>
				Arcanum_OnDragStop(this);
			</OnDragStop>
			<OnMouseUp>
				Arcanum_OnDragStop(this);
			</OnMouseUp>
			<OnUpdate>
				Arcanum_OnUpdate();
			</OnUpdate>
			<OnEvent>
				Arcanum_OnEvent(event);
			</OnEvent>
		</Scripts>
	</Button>
	

	<Button name="ArcanumButton1" inherits="ArcanumButtonTemplate">
		<Size>
			<AbsDimension x="34" y="34"/>
		</Size>
        <Layers>
            <Layer level="BACKGROUND">
				<Texture name="ArcanumButton1Texture">
					<Size>
						<AbsDimension x="22" y="22"/>
					</Size>					
					<Anchors>
						<Anchor point="CENTER" relativeTo="ArcanumButton1" relativeFrom="CENTER">
							<Offset>
								<AbsDimension x="0" y="0"/>
							</Offset>
						</Anchor>
					</Anchors>
				</Texture>
			</Layer>
			<Layer level="ARTWORK">
				<Texture name="ArcanumButton1Texture2">
					<Size>
						<AbsDimension x="34" y="34"/>
					</Size>					
					<Anchors>
						<Anchor point="CENTER" relativeTo="ArcanumButton1" relativeFrom="CENTER">
							<Offset>
								<AbsDimension x="0" y="0"/>
							</Offset>
						</Anchor>
					</Anchors>
				</Texture>
			</Layer>
			<Layer level="OVERLAY">
				<FontString name="ArcanumFoodCount" inherits="GameFontNormal">
					<Color r="1.0" g="1.0" b="1.0" a="1"/>
					<Anchors>
						<Anchor point="CENTER" relativeTo="ArcanumButton1" relativeFrom="CENTER">
							<Offset>
								<AbsDimension x="0" y="0"/>
							</Offset>
						</Anchor>
					</Anchors>
				</FontString>
			</Layer>
		</Layers>
        <Scripts>
			<OnEnter>
				Arcanum_BuildTooltip(this,"ANCHOR_CURSOR","Food");
                Arcanum_ButtonMouseOver(1);
			</OnEnter>
			<OnClick>
				Arcanum_UseItem("Food",arg1);
			</OnClick>
            <OnLeave>
				Arcanum_ButtonNormal(1);
                GameTooltip:Hide();
			</OnLeave>
		</Scripts>
	</Button>
    
    <Button name="ArcanumButton2" inherits="ArcanumButtonTemplate">
		<Size>
			<AbsDimension x="34" y="34"/>
		</Size>
        <Layers>
            <Layer level="BACKGROUND">
				<Texture name="ArcanumButton2Texture">
					<Size>
						<AbsDimension x="22" y="22"/>
					</Size>					
					<Anchors>
						<Anchor point="CENTER" relativeTo="ArcanumButton2" relativeFrom="CENTER">
							<Offset>
								<AbsDimension x="0" y="0"/>
							</Offset>
						</Anchor>
					</Anchors>
				</Texture>
			</Layer>
			<Layer level="ARTWORK">
				<Texture name="ArcanumButton2Texture2">
					<Size>
						<AbsDimension x="34" y="34"/>
					</Size>					
					<Anchors>
						<Anchor point="CENTER" relativeTo="ArcanumButton2" relativeFrom="CENTER">
							<Offset>
								<AbsDimension x="0" y="0"/>
							</Offset>
						</Anchor>
					</Anchors>
				</Texture>
			</Layer>
			<Layer level="OVERLAY">
				<FontString name="ArcanumWaterCount" inherits="GameFontNormal">
					<Color r="1.0" g="1.0" b="1.0" a="1"/>
					<Anchors>
						<Anchor point="CENTER" relativeTo="ArcanumButton2" relativeFrom="CENTER">
							<Offset>
								<AbsDimension x="0" y="0"/>
							</Offset>
						</Anchor>
					</Anchors>
				</FontString>
			</Layer>
		</Layers>
        <Scripts>
			<OnEnter>
				Arcanum_BuildTooltip(this,"ANCHOR_CURSOR","Water");
                Arcanum_ButtonMouseOver(2);
			</OnEnter>
			<OnClick>
				Arcanum_UseItem("Water",arg1);
			</OnClick>
            <OnLeave>
				Arcanum_ButtonNormal(2);
                GameTooltip:Hide();
			</OnLeave>
		</Scripts>
	</Button>
	
    <Button name="ArcanumButton3" inherits="ArcanumButtonTemplate">
		<Size>
			<AbsDimension x="34" y="34"/>
		</Size>
        <Layers>
            <Layer level="BACKGROUND">
				<Texture name="ArcanumButton3Texture">
					<Size>
						<AbsDimension x="22" y="22"/>
					</Size>					
					<Anchors>
						<Anchor point="CENTER" relativeTo="ArcanumButton3" relativeFrom="CENTER">
							<Offset>
								<AbsDimension x="0" y="0"/>
							</Offset>
						</Anchor>
					</Anchors>
				</Texture>
			</Layer>
			<Layer level="ARTWORK">
				<Texture name="ArcanumButton3Texture2">
					<Size>
						<AbsDimension x="34" y="34"/>
					</Size>					
					<Anchors>
						<Anchor point="CENTER" relativeTo="ArcanumButton3" relativeFrom="CENTER">
							<Offset>
								<AbsDimension x="0" y="0"/>
							</Offset>
						</Anchor>
					</Anchors>
				</Texture>
			</Layer>
			<Layer level="OVERLAY">
				<FontString name="ArcanumManaGemCooldown" inherits="GameFontNormal">
					<Color r="1.0" g="1.0" b="1.0" a="1"/>
					<Anchors>
						<Anchor point="CENTER" relativeTo="ArcanumButton3" relativeFrom="CENTER">
							<Offset>
								<AbsDimension x="0" y="0"/>
							</Offset>
						</Anchor>
					</Anchors>
				</FontString>
			</Layer>
		</Layers>
        <Scripts>
			<OnEnter>
				Arcanum_BuildTooltip(this,"ANCHOR_CURSOR","ManaGem");
                Arcanum_ButtonMouseOver(3);
			</OnEnter>
			<OnClick>
				Arcanum_UseItem("ManaGem",arg1);
			</OnClick>
            <OnLeave>
				Arcanum_ButtonNormal(3);
                GameTooltip:Hide();
			</OnLeave>
		</Scripts>
	</Button>
    <Button name="ArcanumButton4" inherits="ArcanumButtonTemplate">
		<Size>
			<AbsDimension x="34" y="34"/>
		</Size>
        <Layers>
            <Layer level="BACKGROUND">
				<Texture name="ArcanumButton4Texture">
					<Size>
						<AbsDimension x="22" y="22"/>
					</Size>					
					<Anchors>
						<Anchor point="CENTER" relativeTo="ArcanumButton4" relativeFrom="CENTER">
							<Offset>
								<AbsDimension x="0" y="0"/>
							</Offset>
						</Anchor>
					</Anchors>
				</Texture>
			</Layer>
			<Layer level="ARTWORK">
				<Texture name="ArcanumButton4Texture2">
					<Size>
						<AbsDimension x="34" y="34"/>
					</Size>					
					<Anchors>
						<Anchor point="CENTER" relativeTo="ArcanumButton4" relativeFrom="CENTER">
							<Offset>
								<AbsDimension x="0" y="0"/>
							</Offset>
						</Anchor>
					</Anchors>
				</Texture>
			</Layer>
			<Layer level="OVERLAY">
				<FontString name="ArcanumButton4Text" inherits="GameFontNormal">
					<Color r="1.0" g="1.0" b="1.0" a="1"/>
					<Anchors>
						<Anchor point="CENTER" relativeTo="ArcanumButton4" relativeFrom="CENTER">
							<Offset>
								<AbsDimension x="0" y="0"/>
							</Offset>
						</Anchor>
					</Anchors>
				</FontString>
			</Layer>
		</Layers>
        <Scripts>
			<OnEnter>
                Arcanum_CallToolTip(4);
                Arcanum_ButtonMouseOver(4);
			</OnEnter>
			<OnClick>
                if ArcanumConfig.InterfaceVersion == 1 then
				    Arcanum_BuffMenu(arg1);
                else
                    if ArcanumConfig.BuffType == 0 then
                        Arcanum_BuffCast(4);
                    else
                        Arcanum_BuffCast(5);
                    end
                end
			</OnClick>
            <OnLeave>
				Arcanum_ButtonNormal(4);
                GameTooltip:Hide();
			</OnLeave>
		</Scripts>
	</Button>
	<Button name="ArcanumButton4Menu1" inherits="ArcanumButtonMenuTemplate">
		<Size>
			<AbsDimension x="40" y="40"/>
		</Size>
        <Layers>
            <Layer level="BACKGROUND">
				<Texture name="ArcanumButton4Menu1Texture">
					<Size>
						<AbsDimension x="25" y="25"/>
					</Size>					
					<Anchors>
						<Anchor point="CENTER" relativeTo="ArcanumButton4Menu1" relativeFrom="CENTER">
							<Offset>
								<AbsDimension x="0" y="0"/>
							</Offset>
						</Anchor>
					</Anchors>
				</Texture>
			</Layer>
			<Layer level="ARTWORK">
				<Texture name="ArcanumButton4Menu1Texture2">
					<Size>
						<AbsDimension x="40" y="40"/>
					</Size>					
					<Anchors>
						<Anchor point="CENTER" relativeTo="ArcanumButton4Menu1" relativeFrom="CENTER">
							<Offset>
								<AbsDimension x="0" y="0"/>
							</Offset>
						</Anchor>
					</Anchors>
				</Texture>
			</Layer>
		</Layers>
        <Scripts>
			<OnEnter>
				Arcanum_BuildTooltip(this,"ANCHOR_CURSOR","ArcaneIntellect");
                Arcanum_ButtonMouseOver(4,1);
			</OnEnter>
			<OnClick>
				Arcanum_BuffCast(4);
			</OnClick>
            <OnLeave>
				Arcanum_ButtonNormal(4,1);
                GameTooltip:Hide();
			</OnLeave>
		</Scripts>
	</Button>
    <Button name="ArcanumButton4Menu2" inherits="ArcanumButtonMenuTemplate">
		<Size>
			<AbsDimension x="40" y="40"/>
		</Size>
        <Layers>
            <Layer level="BACKGROUND">
				<Texture name="ArcanumButton4Menu2Texture">
					<Size>
						<AbsDimension x="25" y="25"/>
					</Size>					
					<Anchors>
						<Anchor point="CENTER" relativeTo="ArcanumButton4Menu2" relativeFrom="CENTER">
							<Offset>
								<AbsDimension x="0" y="0"/>
							</Offset>
						</Anchor>
					</Anchors>
				</Texture>
			</Layer>
			<Layer level="ARTWORK">
				<Texture name="ArcanumButton4Menu2Texture2">
					<Size>
						<AbsDimension x="40" y="40"/>
					</Size>					
					<Anchors>
						<Anchor point="CENTER" relativeTo="ArcanumButton4Menu2" relativeFrom="CENTER">
							<Offset>
								<AbsDimension x="0" y="0"/>
							</Offset>
						</Anchor>
					</Anchors>
				</Texture>
			</Layer>
			<Layer level="OVERLAY">
				<FontString name="ArcanumArcanePowderCount" inherits="GameFontNormal">
					<Color r="1.0" g="1.0" b="1.0" a="1"/>
					<Anchors>
						<Anchor point="CENTER" relativeTo="ArcanumButton4Menu2" relativeFrom="CENTER">
							<Offset>
								<AbsDimension x="0" y="0"/>
							</Offset>
						</Anchor>
					</Anchors>
				</FontString>
			</Layer>
		</Layers>
        <Scripts>
			<OnEnter>
				Arcanum_BuildTooltip(this,"ANCHOR_CURSOR","ArcaneBrilliance");
                Arcanum_ButtonMouseOver(4,2);
			</OnEnter>
			<OnClick>
				Arcanum_BuffCast(5);
			</OnClick>
            <OnLeave>
				Arcanum_ButtonNormal(4,2);
                GameTooltip:Hide();
			</OnLeave>
		</Scripts>
	</Button>
	
    <Button name="ArcanumButton5" inherits="ArcanumButtonTemplate">
		<Size>
			<AbsDimension x="34" y="34"/>
		</Size>
        <Layers>
            <Layer level="BACKGROUND">
				<Texture name="ArcanumButton5Texture">
					<Size>
						<AbsDimension x="22" y="22"/>
					</Size>					
					<Anchors>
						<Anchor point="CENTER" relativeTo="ArcanumButton5" relativeFrom="CENTER">
							<Offset>
								<AbsDimension x="0" y="0"/>
							</Offset>
						</Anchor>
					</Anchors>
				</Texture>
			</Layer>
			<Layer level="OVERLAY">
				<Texture name="ArcanumButton5Texture2">
					<Size>
						<AbsDimension x="34" y="34"/>
					</Size>					
					<Anchors>
						<Anchor point="CENTER" relativeTo="ArcanumButton5" relativeFrom="CENTER">
							<Offset>
								<AbsDimension x="0" y="0"/>
							</Offset>
						</Anchor>
					</Anchors>
				</Texture>
			</Layer>
		</Layers>
        <Scripts>
			<OnEnter>
                Arcanum_CallToolTip(5);
                Arcanum_ButtonMouseOver(5);
			</OnEnter>
			<OnClick>
                if ArcanumConfig.InterfaceVersion == 1 then
				    Arcanum_ArmorMenu(arg1);
                else
                    if ArcanumConfig.BuffType == 0 then
                        Arcanum_ArmorCast(2);
                    else
                        Arcanum_ArmorCast(3);
                    end
                end
			</OnClick>
            <OnLeave>
				Arcanum_ButtonNormal(5);
                GameTooltip:Hide();
			</OnLeave>
		</Scripts>
	</Button>
	<Button name="ArcanumButton5Menu1" inherits="ArcanumButtonMenuTemplate">
		<Size>
			<AbsDimension x="40" y="40"/>
		</Size>
        <Layers>
            <Layer level="BACKGROUND">
				<Texture name="ArcanumButton5Menu1Texture">
					<Size>
						<AbsDimension x="25" y="25"/>
					</Size>					
					<Anchors>
						<Anchor point="CENTER" relativeTo="ArcanumButton5Menu1" relativeFrom="CENTER">
							<Offset>
								<AbsDimension x="0" y="0"/>
							</Offset>
						</Anchor>
					</Anchors>
				</Texture>
			</Layer>
			<Layer level="OVERLAY">
				<Texture name="ArcanumButton5Menu1Texture2">
					<Size>
						<AbsDimension x="40" y="40"/>
					</Size>					
					<Anchors>
						<Anchor point="CENTER" relativeTo="ArcanumButton5Menu1" relativeFrom="CENTER">
							<Offset>
								<AbsDimension x="0" y="0"/>
							</Offset>
						</Anchor>
					</Anchors>
				</Texture>
			</Layer>
		</Layers>
        <Scripts>
			<OnEnter>
				Arcanum_BuildTooltip(this,"ANCHOR_CURSOR","FrostArmor");
                Arcanum_ButtonMouseOver(5,1);
			</OnEnter>
			<OnClick>
				Arcanum_ArmorCast(2);
			</OnClick>
            <OnLeave>
				Arcanum_ButtonNormal(5,1);
                GameTooltip:Hide();
			</OnLeave>
		</Scripts>
	</Button>
    <Button name="ArcanumButton5Menu2" inherits="ArcanumButtonMenuTemplate">
		<Size>
			<AbsDimension x="40" y="40"/>
		</Size>
        <Layers>
            <Layer level="BACKGROUND">
				<Texture name="ArcanumButton5Menu2Texture">
					<Size>
						<AbsDimension x="25" y="25"/>
					</Size>					
					<Anchors>
						<Anchor point="CENTER" relativeTo="ArcanumButton5Menu2" relativeFrom="CENTER">
							<Offset>
								<AbsDimension x="0" y="0"/>
							</Offset>
						</Anchor>
					</Anchors>
				</Texture>
			</Layer>
			<Layer level="OVERLAY">
				<Texture name="ArcanumButton5Menu2Texture2">
					<Size>
						<AbsDimension x="40" y="40"/>
					</Size>					
					<Anchors>
						<Anchor point="CENTER" relativeTo="ArcanumButton5Menu2" relativeFrom="CENTER">
							<Offset>
								<AbsDimension x="0" y="0"/>
							</Offset>
						</Anchor>
					</Anchors>
				</Texture>
			</Layer>
		</Layers>
        <Scripts>
			<OnEnter>
				Arcanum_BuildTooltip(this,"ANCHOR_CURSOR","MageArmor");
                Arcanum_ButtonMouseOver(5,2);
			</OnEnter>
			<OnClick>
				Arcanum_ArmorCast(3);
			</OnClick>
            <OnLeave>
				Arcanum_ButtonNormal(5,2);
                GameTooltip:Hide();
			</OnLeave>
		</Scripts>
	</Button>
    
    <Button name="ArcanumButton6" inherits="ArcanumButtonTemplate">
		<Size>
			<AbsDimension x="34" y="34"/>
		</Size>
        <Layers>
            <Layer level="BACKGROUND">
				<Texture name="ArcanumButton6Texture">
					<Size>
						<AbsDimension x="22" y="22"/>
					</Size>					
					<Anchors>
						<Anchor point="CENTER" relativeTo="ArcanumButton6" relativeFrom="CENTER">
							<Offset>
								<AbsDimension x="0" y="0"/>
							</Offset>
						</Anchor>
					</Anchors>
				</Texture>
			</Layer>
			<Layer level="OVERLAY">
				<Texture name="ArcanumButton6Texture2">
					<Size>
						<AbsDimension x="34" y="34"/>
					</Size>					
					<Anchors>
						<Anchor point="CENTER" relativeTo="ArcanumButton6" relativeFrom="CENTER">
							<Offset>
								<AbsDimension x="0" y="0"/>
							</Offset>
						</Anchor>
					</Anchors>
				</Texture>
			</Layer>
		</Layers>
        <Scripts>
			<OnEnter>
                Arcanum_CallToolTip(6);
                Arcanum_ButtonMouseOver(6);
			</OnEnter>
			<OnClick>
                if ArcanumConfig.InterfaceVersion == 1 then
				    Arcanum_MagicMenu(arg1);
                else
                    if ArcanumConfig.BuffType == 0 then
                        Arcanum_MagicCast(6);
                    else
                        Arcanum_MagicCast(7);
                    end
                end
			</OnClick>
            <OnLeave>
				Arcanum_ButtonNormal(6);
                GameTooltip:Hide();
			</OnLeave>
		</Scripts>
	</Button>
	<Button name="ArcanumButton6Menu1" inherits="ArcanumButtonMenuTemplate">
		<Size>
			<AbsDimension x="40" y="40"/>
		</Size>
        <Layers>
            <Layer level="BACKGROUND">
				<Texture name="ArcanumButton6Menu1Texture">
					<Size>
						<AbsDimension x="25" y="25"/>
					</Size>					
					<Anchors>
						<Anchor point="CENTER" relativeTo="ArcanumButton6Menu1" relativeFrom="CENTER">
							<Offset>
								<AbsDimension x="0" y="0"/>
							</Offset>
						</Anchor>
					</Anchors>
				</Texture>
			</Layer>
			<Layer level="OVERLAY">
				<Texture name="ArcanumButton6Menu1Texture2">
					<Size>
						<AbsDimension x="40" y="40"/>
					</Size>					
					<Anchors>
						<Anchor point="CENTER" relativeTo="ArcanumButton6Menu1" relativeFrom="CENTER">
							<Offset>
								<AbsDimension x="0" y="0"/>
							</Offset>
						</Anchor>
					</Anchors>
				</Texture>
			</Layer>
		</Layers>
        <Scripts>
			<OnEnter>
				Arcanum_BuildTooltip(this,"ANCHOR_CURSOR","DampenMagic");
                Arcanum_ButtonMouseOver(6,1);
			</OnEnter>
			<OnClick>
				Arcanum_MagicCast(6);
			</OnClick>
            <OnLeave>
				Arcanum_ButtonNormal(6,1);
                GameTooltip:Hide();
			</OnLeave>
		</Scripts>
	</Button>
    <Button name="ArcanumButton6Menu2" inherits="ArcanumButtonMenuTemplate">
		<Size>
			<AbsDimension x="40" y="40"/>
		</Size>
        <Layers>
            <Layer level="BACKGROUND">
				<Texture name="ArcanumButton6Menu2Texture">
					<Size>
						<AbsDimension x="25" y="25"/>
					</Size>					
					<Anchors>
						<Anchor point="CENTER" relativeTo="ArcanumButton6Menu2" relativeFrom="CENTER">
							<Offset>
								<AbsDimension x="0" y="0"/>
							</Offset>
						</Anchor>
					</Anchors>
				</Texture>
			</Layer>
			<Layer level="OVERLAY">
				<Texture name="ArcanumButton6Menu2Texture2">
					<Size>
						<AbsDimension x="40" y="40"/>
					</Size>					
					<Anchors>
						<Anchor point="CENTER" relativeTo="ArcanumButton6Menu2" relativeFrom="CENTER">
							<Offset>
								<AbsDimension x="0" y="0"/>
							</Offset>
						</Anchor>
					</Anchors>
				</Texture>
			</Layer>
		</Layers>
        <Scripts>
			<OnEnter>
				Arcanum_BuildTooltip(this,"ANCHOR_CURSOR","AmplifyMagic");
                Arcanum_ButtonMouseOver(6,2);
			</OnEnter>
			<OnClick>
				Arcanum_MagicCast(7);
			</OnClick>
            <OnLeave>
				Arcanum_ButtonNormal(6,2);
                GameTooltip:Hide();
			</OnLeave>
		</Scripts>
	</Button>
    
    <Button name="ArcanumButton7" inherits="ArcanumButtonTemplate">
		<Size>
			<AbsDimension x="34" y="34"/>
		</Size>
        <Layers>
            <Layer level="BACKGROUND">
				<Texture name="ArcanumButton7Texture">
					<Size>
						<AbsDimension x="22" y="22"/>
					</Size>					
					<Anchors>
						<Anchor point="CENTER" relativeTo="ArcanumButton7" relativeFrom="CENTER">
							<Offset>
								<AbsDimension x="0" y="0"/>
							</Offset>
						</Anchor>
					</Anchors>
				</Texture>
			</Layer>
			<Layer level="OVERLAY">
				<Texture name="ArcanumButton7Texture2">
					<Size>
						<AbsDimension x="34" y="34"/>
					</Size>					
					<Anchors>
						<Anchor point="CENTER" relativeTo="ArcanumButton7" relativeFrom="CENTER">
							<Offset>
								<AbsDimension x="0" y="0"/>
							</Offset>
						</Anchor>
					</Anchors>
				</Texture>
			</Layer>
		</Layers>
        <Scripts>
			<OnEnter>
				Arcanum_BuildTooltip(this,"ANCHOR_CURSOR","Mount");
                Arcanum_ButtonMouseOver(7);
			</OnEnter>
			<OnClick>
                if ArcanumConfig.InterfaceVersion == 1 then
				    Arcanum_MountMenu(arg1);
                else
                    Arcanum_MountCast(1, arg1);
                end
			</OnClick>
            <OnLeave>
				Arcanum_ButtonNormal(7);
                GameTooltip:Hide();
			</OnLeave>
		</Scripts>
	</Button>
	<Button name="ArcanumButton7Menu1" inherits="ArcanumButtonMenuTemplate">
		<Size>
			<AbsDimension x="40" y="40"/>
		</Size>
        <Layers>
            <Layer level="BACKGROUND">
				<Texture name="ArcanumButton7Menu1Texture">
					<Size>
						<AbsDimension x="25" y="25"/>
					</Size>					
					<Anchors>
						<Anchor point="CENTER" relativeTo="ArcanumButton7Menu1" relativeFrom="CENTER">
							<Offset>
								<AbsDimension x="0" y="0"/>
							</Offset>
						</Anchor>
					</Anchors>
				</Texture>
			</Layer>
			<Layer level="OVERLAY">
				<Texture name="ArcanumButton7Menu1Texture2">
					<Size>
						<AbsDimension x="40" y="40"/>
					</Size>					
					<Anchors>
						<Anchor point="CENTER" relativeTo="ArcanumButton7Menu1" relativeFrom="CENTER">
							<Offset>
								<AbsDimension x="0" y="0"/>
							</Offset>
						</Anchor>
					</Anchors>
				</Texture>
			</Layer>
		</Layers>
        <Scripts>
			<OnEnter>
				Arcanum_BuildTooltip(this,"ANCHOR_CURSOR","Mount1");
                Arcanum_ButtonMouseOver(7,1);
			</OnEnter>
			<OnClick>
				Arcanum_MountCast(1);
			</OnClick>
            <OnLeave>
				Arcanum_ButtonNormal(7,1);
                GameTooltip:Hide();
			</OnLeave>
		</Scripts>
	</Button>
    <Button name="ArcanumButton7Menu2" inherits="ArcanumButtonMenuTemplate">
		<Size>
			<AbsDimension x="40" y="40"/>
		</Size>
        <Layers>
            <Layer level="BACKGROUND">
				<Texture name="ArcanumButton7Menu2Texture">
					<Size>
						<AbsDimension x="25" y="25"/>
					</Size>					
					<Anchors>
						<Anchor point="CENTER" relativeTo="ArcanumButton7Menu2" relativeFrom="CENTER">
							<Offset>
								<AbsDimension x="0" y="0"/>
							</Offset>
						</Anchor>
					</Anchors>
				</Texture>
			</Layer>
			<Layer level="OVERLAY">
				<Texture name="ArcanumButton7Menu2Texture2">
					<Size>
						<AbsDimension x="40" y="40"/>
					</Size>					
					<Anchors>
						<Anchor point="CENTER" relativeTo="ArcanumButton7Menu2" relativeFrom="CENTER">
							<Offset>
								<AbsDimension x="0" y="0"/>
							</Offset>
						</Anchor>
					</Anchors>
				</Texture>
			</Layer>
		</Layers>
        <Scripts>
			<OnEnter>
				Arcanum_BuildTooltip(this,"ANCHOR_CURSOR","Mount2");
                Arcanum_ButtonMouseOver(7,2);
			</OnEnter>
			<OnClick>
				Arcanum_MountCast(2);
			</OnClick>
            <OnLeave>
				Arcanum_ButtonNormal(7,2);
                GameTooltip:Hide();
			</OnLeave>
		</Scripts>
	</Button>
    <Button name="ArcanumButton7Menu3" inherits="ArcanumButtonMenuTemplate">
		<Size>
			<AbsDimension x="40" y="40"/>
		</Size>
        <Layers>
            <Layer level="BACKGROUND">
				<Texture name="ArcanumButton7Menu3Texture">
					<Size>
						<AbsDimension x="25" y="25"/>
					</Size>					
					<Anchors>
						<Anchor point="CENTER" relativeTo="ArcanumButton7Menu3" relativeFrom="CENTER">
							<Offset>
								<AbsDimension x="0" y="0"/>
							</Offset>
						</Anchor>
					</Anchors>
				</Texture>
			</Layer>
			<Layer level="OVERLAY">
				<Texture name="ArcanumButton7Menu3Texture2">
					<Size>
						<AbsDimension x="40" y="40"/>
					</Size>					
					<Anchors>
						<Anchor point="CENTER" relativeTo="ArcanumButton7Menu3" relativeFrom="CENTER">
							<Offset>
								<AbsDimension x="0" y="0"/>
							</Offset>
						</Anchor>
					</Anchors>
				</Texture>
			</Layer>
		</Layers>
        <Scripts>
			<OnEnter>
				Arcanum_BuildTooltip(this,"ANCHOR_CURSOR","Mount3");
                Arcanum_ButtonMouseOver(7,3);
			</OnEnter>
			<OnClick>
				Arcanum_MountCast(3);
			</OnClick>
            <OnLeave>
				Arcanum_ButtonNormal(7,3);
                GameTooltip:Hide();
			</OnLeave>
		</Scripts>
	</Button>
    <Button name="ArcanumButton7Menu4" inherits="ArcanumButtonMenuTemplate">
		<Size>
			<AbsDimension x="40" y="40"/>
		</Size>
        <Layers>
            <Layer level="BACKGROUND">
				<Texture name="ArcanumButton7Menu4Texture">
					<Size>
						<AbsDimension x="25" y="25"/>
					</Size>					
					<Anchors>
						<Anchor point="CENTER" relativeTo="ArcanumButton7Menu4" relativeFrom="CENTER">
							<Offset>
								<AbsDimension x="0" y="0"/>
							</Offset>
						</Anchor>
					</Anchors>
				</Texture>
			</Layer>
			<Layer level="OVERLAY">
				<Texture name="ArcanumButton7Menu4Texture2">
					<Size>
						<AbsDimension x="40" y="40"/>
					</Size>					
					<Anchors>
						<Anchor point="CENTER" relativeTo="ArcanumButton7Menu4" relativeFrom="CENTER">
							<Offset>
								<AbsDimension x="0" y="0"/>
							</Offset>
						</Anchor>
					</Anchors>
				</Texture>
			</Layer>
		</Layers>
        <Scripts>
			<OnEnter>
				Arcanum_BuildTooltip(this,"ANCHOR_CURSOR","Mount4");
                Arcanum_ButtonMouseOver(7,4);
			</OnEnter>
			<OnClick>
				Arcanum_MountCast(4);
			</OnClick>
            <OnLeave>
				Arcanum_ButtonNormal(7,4);
                GameTooltip:Hide();
			</OnLeave>
		</Scripts>
	</Button>
    <Button name="ArcanumButton7Menu5" inherits="ArcanumButtonMenuTemplate">
		<Size>
			<AbsDimension x="40" y="40"/>
		</Size>
        <Layers>
            <Layer level="BACKGROUND">
				<Texture name="ArcanumButton7Menu5Texture">
					<Size>
						<AbsDimension x="25" y="25"/>
					</Size>					
					<Anchors>
						<Anchor point="CENTER" relativeTo="ArcanumButton7Menu5" relativeFrom="CENTER">
							<Offset>
								<AbsDimension x="0" y="0"/>
							</Offset>
						</Anchor>
					</Anchors>
				</Texture>
			</Layer>
			<Layer level="OVERLAY">
				<Texture name="ArcanumButton7Menu5Texture2">
					<Size>
						<AbsDimension x="40" y="40"/>
					</Size>					
					<Anchors>
						<Anchor point="CENTER" relativeTo="ArcanumButton7Menu5" relativeFrom="CENTER">
							<Offset>
								<AbsDimension x="0" y="0"/>
							</Offset>
						</Anchor>
					</Anchors>
				</Texture>
			</Layer>
		</Layers>
        <Scripts>
			<OnEnter>
				Arcanum_BuildTooltip(this,"ANCHOR_CURSOR","Mount5");
                Arcanum_ButtonMouseOver(7,5);
			</OnEnter>
			<OnClick>
				Arcanum_MountCast(5);
			</OnClick>
            <OnLeave>
				Arcanum_ButtonNormal(7,5);
                GameTooltip:Hide();
			</OnLeave>
		</Scripts>
	</Button>
    <Button name="ArcanumButton7Menu6" inherits="ArcanumButtonMenuTemplate">
		<Size>
			<AbsDimension x="40" y="40"/>
		</Size>
        <Layers>
            <Layer level="BACKGROUND">
				<Texture name="ArcanumButton7Menu6Texture">
					<Size>
						<AbsDimension x="25" y="25"/>
					</Size>					
					<Anchors>
						<Anchor point="CENTER" relativeTo="ArcanumButton7Menu6" relativeFrom="CENTER">
							<Offset>
								<AbsDimension x="0" y="0"/>
							</Offset>
						</Anchor>
					</Anchors>
				</Texture>
			</Layer>
			<Layer level="OVERLAY">
				<Texture name="ArcanumButton7Menu6Texture2">
					<Size>
						<AbsDimension x="40" y="40"/>
					</Size>					
					<Anchors>
						<Anchor point="CENTER" relativeTo="ArcanumButton7Menu6" relativeFrom="CENTER">
							<Offset>
								<AbsDimension x="0" y="0"/>
							</Offset>
						</Anchor>
					</Anchors>
				</Texture>
			</Layer>
		</Layers>
        <Scripts>
			<OnEnter>
				Arcanum_BuildTooltip(this,"ANCHOR_CURSOR","Mount6");
                Arcanum_ButtonMouseOver(7,6);
			</OnEnter>
			<OnClick>
				Arcanum_MountCast(6);
			</OnClick>
            <OnLeave>
				Arcanum_ButtonNormal(7,6);
                GameTooltip:Hide();
			</OnLeave>
		</Scripts>
	</Button>
    
    <Button name="ArcanumButton8" inherits="ArcanumButtonTemplate">
		<Size>
			<AbsDimension x="34" y="34"/>
		</Size>
        <Layers>
            <Layer level="BACKGROUND">
				<Texture name="ArcanumButton8Texture">
					<Size>
						<AbsDimension x="22" y="22"/>
					</Size>					
					<Anchors>
						<Anchor point="CENTER" relativeTo="ArcanumButton8" relativeFrom="CENTER">
							<Offset>
								<AbsDimension x="0" y="0"/>
							</Offset>
						</Anchor>
					</Anchors>
				</Texture>
			</Layer>
			<Layer level="OVERLAY">
				<Texture name="ArcanumButton8Texture2">
					<Size>
						<AbsDimension x="34" y="34"/>
					</Size>					
					<Anchors>
						<Anchor point="CENTER" relativeTo="ArcanumButton8" relativeFrom="CENTER">
							<Offset>
								<AbsDimension x="0" y="0"/>
							</Offset>
						</Anchor>
					</Anchors>
				</Texture>
			</Layer>
			<Layer level="OVERLAY">
				<FontString name="ArcanumButton8Text" inherits="GameFontNormal">
					<Color r="1.0" g="1.0" b="1.0" a="1"/>
					<Anchors>
						<Anchor point="CENTER" relativeTo="ArcanumButton8" relativeFrom="CENTER">
							<Offset>
								<AbsDimension x="0" y="0"/>
							</Offset>
						</Anchor>
					</Anchors>
				</FontString>
			</Layer>
		</Layers>
        <Scripts>
			<OnEnter>
                Arcanum_CallToolTip(8);
                Arcanum_ButtonMouseOver(8);
			</OnEnter>
			<OnClick>
            if ArcanumConfig.InterfaceVersion == 1 then
				    Arcanum_PortalMenu(arg1);
                else
                    if ArcanumConfig.BuffType == 0 then
                        Arcanum_PortalCast(14);
                    else
                        Arcanum_PortalCast(20);
                    end
                end 
			</OnClick>
            <OnLeave>
				Arcanum_ButtonNormal(8);
                GameTooltip:Hide();
			</OnLeave>
		</Scripts>
	</Button>
	<Button name="ArcanumButton8Menu1" inherits="ArcanumButtonMenuTemplate">
		<Size>
			<AbsDimension x="40" y="40"/>
		</Size>
        <Layers>
            <Layer level="BACKGROUND">
				<Texture name="ArcanumButton8Menu1Texture">
					<Size>
						<AbsDimension x="25" y="25"/>
					</Size>					
					<Anchors>
						<Anchor point="CENTER" relativeTo="ArcanumButton8Menu1" relativeFrom="CENTER">
							<Offset>
								<AbsDimension x="0" y="0"/>
							</Offset>
						</Anchor>
					</Anchors>
				</Texture>
			</Layer>
			<Layer level="OVERLAY">
				<Texture name="ArcanumButton8Menu1Texture2">
					<Size>
						<AbsDimension x="40" y="40"/>
					</Size>					
					<Anchors>
						<Anchor point="CENTER" relativeTo="ArcanumButton8Menu1" relativeFrom="CENTER">
							<Offset>
								<AbsDimension x="0" y="0"/>
							</Offset>
						</Anchor>
					</Anchors>
				</Texture>
			</Layer>
			<Layer level="OVERLAY">
				<FontString name="ArcanumTeleport1Count" inherits="GameFontNormal">
					<Color r="1.0" g="1.0" b="1.0" a="1"/>
					<Anchors>
						<Anchor point="CENTER" relativeTo="ArcanumButton8Menu1" relativeFrom="CENTER">
							<Offset>
								<AbsDimension x="0" y="0"/>
							</Offset>
						</Anchor>
					</Anchors>
				</FontString>
			</Layer>
		</Layers>
        <Scripts>
			<OnEnter>
				Arcanum_BuildTooltip(this,"ANCHOR_CURSOR","Teleport1");
                Arcanum_ButtonMouseOver(8,1);
			</OnEnter>
			<OnClick>
				Arcanum_PortalCast(14);
			</OnClick>
            <OnLeave>
				Arcanum_ButtonNormal(8,1);
                GameTooltip:Hide();
			</OnLeave>
		</Scripts>
	</Button>
    <Button name="ArcanumButton8Menu2" inherits="ArcanumButtonMenuTemplate">
		<Size>
			<AbsDimension x="40" y="40"/>
		</Size>
        <Layers>
            <Layer level="BACKGROUND">
				<Texture name="ArcanumButton8Menu2Texture">
					<Size>
						<AbsDimension x="25" y="25"/>
					</Size>					
					<Anchors>
						<Anchor point="CENTER" relativeTo="ArcanumButton8Menu2" relativeFrom="CENTER">
							<Offset>
								<AbsDimension x="0" y="0"/>
							</Offset>
						</Anchor>
					</Anchors>
				</Texture>
			</Layer>
			<Layer level="OVERLAY">
				<Texture name="ArcanumButton8Menu2Texture2">
					<Size>
						<AbsDimension x="40" y="40"/>
					</Size>					
					<Anchors>
						<Anchor point="CENTER" relativeTo="ArcanumButton8Menu2" relativeFrom="CENTER">
							<Offset>
								<AbsDimension x="0" y="0"/>
							</Offset>
						</Anchor>
					</Anchors>
				</Texture>
			</Layer>
			<Layer level="OVERLAY">
				<FontString name="ArcanumTeleport2Count" inherits="GameFontNormal">
					<Color r="1.0" g="1.0" b="1.0" a="1"/>
					<Anchors>
						<Anchor point="CENTER" relativeTo="ArcanumButton8Menu2" relativeFrom="CENTER">
							<Offset>
								<AbsDimension x="0" y="0"/>
							</Offset>
						</Anchor>
					</Anchors>
				</FontString>
			</Layer>
		</Layers>
        <Scripts>
			<OnEnter>
				Arcanum_BuildTooltip(this,"ANCHOR_CURSOR","Teleport2");
                Arcanum_ButtonMouseOver(8,2);
			</OnEnter>
			<OnClick>
				Arcanum_PortalCast(15);
			</OnClick>
            <OnLeave>
				Arcanum_ButtonNormal(8,2);
                GameTooltip:Hide();
			</OnLeave>
		</Scripts>
	</Button>
    <Button name="ArcanumButton8Menu3" inherits="ArcanumButtonMenuTemplate">
		<Size>
			<AbsDimension x="40" y="40"/>
		</Size>
        <Layers>
            <Layer level="BACKGROUND">
				<Texture name="ArcanumButton8Menu3Texture">
					<Size>
						<AbsDimension x="25" y="25"/>
					</Size>					
					<Anchors>
						<Anchor point="CENTER" relativeTo="ArcanumButton8Menu3" relativeFrom="CENTER">
							<Offset>
								<AbsDimension x="0" y="0"/>
							</Offset>
						</Anchor>
					</Anchors>
				</Texture>
			</Layer>
			<Layer level="OVERLAY">
				<Texture name="ArcanumButton8Menu3Texture2">
					<Size>
						<AbsDimension x="40" y="40"/>
					</Size>					
					<Anchors>
						<Anchor point="CENTER" relativeTo="ArcanumButton8Menu3" relativeFrom="CENTER">
							<Offset>
								<AbsDimension x="0" y="0"/>
							</Offset>
						</Anchor>
					</Anchors>
				</Texture>
			</Layer>
			<Layer level="OVERLAY">
				<FontString name="ArcanumTeleport3Count" inherits="GameFontNormal">
					<Color r="1.0" g="1.0" b="1.0" a="1"/>
					<Anchors>
						<Anchor point="CENTER" relativeTo="ArcanumButton8Menu3" relativeFrom="CENTER">
							<Offset>
								<AbsDimension x="0" y="0"/>
							</Offset>
						</Anchor>
					</Anchors>
				</FontString>
			</Layer>
		</Layers>
        <Scripts>
			<OnEnter>
				Arcanum_BuildTooltip(this,"ANCHOR_CURSOR","Teleport3");
                Arcanum_ButtonMouseOver(8,3);
			</OnEnter>
			<OnClick>
				Arcanum_PortalCast(16);
			</OnClick>
            <OnLeave>
				Arcanum_ButtonNormal(8,3);
                GameTooltip:Hide();
			</OnLeave>
		</Scripts>
	</Button>
    <Button name="ArcanumButton8Menu4" inherits="ArcanumButtonMenuTemplate">
		<Size>
			<AbsDimension x="40" y="40"/>
		</Size>
        <Layers>
            <Layer level="BACKGROUND">
				<Texture name="ArcanumButton8Menu4Texture">
					<Size>
						<AbsDimension x="25" y="25"/>
					</Size>					
					<Anchors>
						<Anchor point="CENTER" relativeTo="ArcanumButton8Menu4" relativeFrom="CENTER">
							<Offset>
								<AbsDimension x="0" y="0"/>
							</Offset>
						</Anchor>
					</Anchors>
				</Texture>
			</Layer>
			<Layer level="OVERLAY">
				<Texture name="ArcanumButton8Menu4Texture2">
					<Size>
						<AbsDimension x="40" y="40"/>
					</Size>					
					<Anchors>
						<Anchor point="CENTER" relativeTo="ArcanumButton8Menu4" relativeFrom="CENTER">
							<Offset>
								<AbsDimension x="0" y="0"/>
							</Offset>
						</Anchor>
					</Anchors>
				</Texture>
			</Layer>
			<Layer level="OVERLAY">
				<FontString name="ArcanumPortal1Count" inherits="GameFontNormal">
					<Color r="1.0" g="1.0" b="1.0" a="1"/>
					<Anchors>
						<Anchor point="CENTER" relativeTo="ArcanumButton8Menu4" relativeFrom="CENTER">
							<Offset>
								<AbsDimension x="0" y="0"/>
							</Offset>
						</Anchor>
					</Anchors>
				</FontString>
			</Layer>
		</Layers>
        <Scripts>
			<OnEnter>
				Arcanum_BuildTooltip(this,"ANCHOR_CURSOR","Portal1");
                Arcanum_ButtonMouseOver(8,4);
			</OnEnter>
			<OnClick>
				Arcanum_PortalCast(20);
			</OnClick>
            <OnLeave>
				Arcanum_ButtonNormal(8,4);
                GameTooltip:Hide();
			</OnLeave>
		</Scripts>
	</Button>
    <Button name="ArcanumButton8Menu5" inherits="ArcanumButtonMenuTemplate">
		<Size>
			<AbsDimension x="40" y="40"/>
		</Size>
        <Layers>
            <Layer level="BACKGROUND">
				<Texture name="ArcanumButton8Menu5Texture">
					<Size>
						<AbsDimension x="25" y="25"/>
					</Size>					
					<Anchors>
						<Anchor point="CENTER" relativeTo="ArcanumButton8Menu5" relativeFrom="CENTER">
							<Offset>
								<AbsDimension x="0" y="0"/>
							</Offset>
						</Anchor>
					</Anchors>
				</Texture>
			</Layer>
			<Layer level="OVERLAY">
				<Texture name="ArcanumButton8Menu5Texture2">
					<Size>
						<AbsDimension x="40" y="40"/>
					</Size>					
					<Anchors>
						<Anchor point="CENTER" relativeTo="ArcanumButton8Menu5" relativeFrom="CENTER">
							<Offset>
								<AbsDimension x="0" y="0"/>
							</Offset>
						</Anchor>
					</Anchors>
				</Texture>
			</Layer>
			<Layer level="OVERLAY">
				<FontString name="ArcanumPortal2Count" inherits="GameFontNormal">
					<Color r="1.0" g="1.0" b="1.0" a="1"/>
					<Anchors>
						<Anchor point="CENTER" relativeTo="ArcanumButton8Menu5" relativeFrom="CENTER">
							<Offset>
								<AbsDimension x="0" y="0"/>
							</Offset>
						</Anchor>
					</Anchors>
				</FontString>
			</Layer>
		</Layers>
        <Scripts>
			<OnEnter>
				Arcanum_BuildTooltip(this,"ANCHOR_CURSOR","Portal2");
                Arcanum_ButtonMouseOver(8,5);
			</OnEnter>
			<OnClick>
				Arcanum_PortalCast(21);
			</OnClick>
            <OnLeave>
				Arcanum_ButtonNormal(8,5);
                GameTooltip:Hide();
			</OnLeave>
		</Scripts>
	</Button>
    <Button name="ArcanumButton8Menu6" inherits="ArcanumButtonMenuTemplate">
		<Size>
			<AbsDimension x="40" y="40"/>
		</Size>
        <Layers>
            <Layer level="BACKGROUND">
				<Texture name="ArcanumButton8Menu6Texture">
					<Size>
						<AbsDimension x="25" y="25"/>
					</Size>					
					<Anchors>
						<Anchor point="CENTER" relativeTo="ArcanumButton8Menu6" relativeFrom="CENTER">
							<Offset>
								<AbsDimension x="0" y="0"/>
							</Offset>
						</Anchor>
					</Anchors>
				</Texture>
			</Layer>
			<Layer level="OVERLAY">
				<Texture name="ArcanumButton8Menu6Texture2">
					<Size>
						<AbsDimension x="40" y="40"/>
					</Size>					
					<Anchors>
						<Anchor point="CENTER" relativeTo="ArcanumButton8Menu6" relativeFrom="CENTER">
							<Offset>
								<AbsDimension x="0" y="0"/>
							</Offset>
						</Anchor>
					</Anchors>
				</Texture>
			</Layer>
			<Layer level="OVERLAY">
				<FontString name="ArcanumPortal3Count" inherits="GameFontNormal">
					<Color r="1.0" g="1.0" b="1.0" a="1"/>
					<Anchors>
						<Anchor point="CENTER" relativeTo="ArcanumButton8Menu6" relativeFrom="CENTER">
							<Offset>
								<AbsDimension x="0" y="0"/>
							</Offset>
						</Anchor>
					</Anchors>
				</FontString>
			</Layer>
		</Layers>
        <Scripts>
			<OnEnter>
				Arcanum_BuildTooltip(this,"ANCHOR_CURSOR","Portal3");
                Arcanum_ButtonMouseOver(8,6);
			</OnEnter>
			<OnClick>
				Arcanum_PortalCast(22);
			</OnClick>
            <OnLeave>
				Arcanum_ButtonNormal(8,6);
                GameTooltip:Hide();
			</OnLeave>
		</Scripts>
	</Button>
    
    <Button name="ArcanumButton9" inherits="ArcanumButtonTemplate">
		<Size>
			<AbsDimension x="34" y="34"/>
		</Size>
        <Layers>
            <Layer level="BACKGROUND">
				<Texture name="ArcanumButton9Texture">
					<Size>
						<AbsDimension x="22" y="22"/>
					</Size>					
					<Anchors>
						<Anchor point="CENTER" relativeTo="ArcanumButton9" relativeFrom="CENTER">
							<Offset>
								<AbsDimension x="0" y="0"/>
							</Offset>
						</Anchor>
					</Anchors>
				</Texture>
			</Layer>
			<Layer level="OVERLAY">
				<Texture name="ArcanumButton9Texture2">
					<Size>
						<AbsDimension x="34" y="34"/>
					</Size>					
					<Anchors>
						<Anchor point="CENTER" relativeTo="ArcanumButton9" relativeFrom="CENTER">
							<Offset>
								<AbsDimension x="0" y="0"/>
							</Offset>
						</Anchor>
					</Anchors>
				</Texture>
			</Layer>
			<Layer level="OVERLAY">
				<FontString name="ArcanumButton9Text" inherits="GameFontNormal">
					<Color r="1.0" g="1.0" b="1.0" a="1"/>
					<Anchors>
						<Anchor point="CENTER" relativeTo="ArcanumButton9" relativeFrom="CENTER">
							<Offset>
								<AbsDimension x="0" y="0"/>
							</Offset>
						</Anchor>
					</Anchors>
				</FontString>
			</Layer>
		</Layers>
        <Scripts>
			<OnEnter>
                Arcanum_CallToolTip(9);
                Arcanum_ButtonMouseOver(9);
			</OnEnter>
			<OnClick>
                if ArcanumConfig.BuffType == 0 then
                    Arcanum_PortalCast(15);
                else
                    Arcanum_PortalCast(21);
                end
			</OnClick>
            <OnLeave>
				Arcanum_ButtonNormal(9);
                GameTooltip:Hide();
			</OnLeave>
		</Scripts>
	</Button>
	
    <Button name="ArcanumButton10" inherits="ArcanumButtonTemplate">
		<Size>
			<AbsDimension x="34" y="34"/>
		</Size>
        <Layers>
            <Layer level="BACKGROUND">
				<Texture name="ArcanumButton10Texture">
					<Size>
						<AbsDimension x="22" y="22"/>
					</Size>					
					<Anchors>
						<Anchor point="CENTER" relativeTo="ArcanumButton10" relativeFrom="CENTER">
							<Offset>
								<AbsDimension x="0" y="0"/>
							</Offset>
						</Anchor>
					</Anchors>
				</Texture>
			</Layer>
			<Layer level="OVERLAY">
				<Texture name="ArcanumButton10Texture2">
					<Size>
						<AbsDimension x="34" y="34"/>
					</Size>					
					<Anchors>
						<Anchor point="CENTER" relativeTo="ArcanumButton10" relativeFrom="CENTER">
							<Offset>
								<AbsDimension x="0" y="0"/>
							</Offset>
						</Anchor>
					</Anchors>
				</Texture>
			</Layer>
			<Layer level="OVERLAY">
				<FontString name="ArcanumButton10Text" inherits="GameFontNormal">
					<Color r="1.0" g="1.0" b="1.0" a="1"/>
					<Anchors>
						<Anchor point="CENTER" relativeTo="ArcanumButton10" relativeFrom="CENTER">
							<Offset>
								<AbsDimension x="0" y="0"/>
							</Offset>
						</Anchor>
					</Anchors>
				</FontString>
			</Layer>
		</Layers>
        <Scripts>
			<OnEnter>
                Arcanum_CallToolTip(10);
                Arcanum_ButtonMouseOver(10);
			</OnEnter>
			<OnClick>
                if ArcanumConfig.BuffType == 0 then
                    Arcanum_PortalCast(16);
                else
                    Arcanum_PortalCast(22);
                end
			</OnClick>
            <OnLeave>
				Arcanum_ButtonNormal(10);
                GameTooltip:Hide();
			</OnLeave>
		</Scripts>
	</Button>
    
	<GameTooltip name="ArcanumTooltip" frameStrata="LOW" toplevel="true" movable="true" parent="UIParent" inherits="GameTooltipTemplate" />
</Ui>