﻿<Ui xmlns="http://www.blizzard.com/wow/ui/" xmlns:xsi="http://www.w3.org/2001/XMLSchema-instance" xsi:schemaLocation="http://www.blizzard.com/wow/ui/..\FrameXML\UI.xsd">

	<Frame name="ArcanumGraphOptionMenu" frameStrata="DIALOG" movable="false" enableMouse="true" parent="ArcanumGeneralFrame">
		<Size>
			<AbsDimension x="350" y="452"/>
		</Size>
		<Anchors>
			<Anchor point="BOTTOMLEFT" relativeTo="ArcanumGeneralFrame"/>
		</Anchors>
		<HitRectInsets>
			<AbsInset left="0" right="35" top="0" bottom="75"/>
		</HitRectInsets>
		<Layers>
			<Layer level="ARTWORK">	
				<FontString name="ArcanumToggle_Option" inherits="GameFontNormalSmall">
					<Color r="1.0" g="1.0" b="1.0" a="1"/>
					<Anchors>
						<Anchor point="TOPLEFT" relativeTo="ArcanumGraphOptionMenu" relativeFrom="TOPLEFT">
							<Offset>
								<AbsDimension x="60" y="-40"/>
							</Offset>
						</Anchor>
					</Anchors>
				</FontString>
				<FontString name="ArcanumInterfaceVersion_Option" inherits="GameFontNormalSmall">
					<Color r="1.0" g="1.0" b="1.0" a="1"/>
					<Anchors>
						<Anchor point="TOPLEFT" relativeTo="ArcanumGraphOptionMenu" relativeFrom="TOPLEFT">
							<Offset>
								<AbsDimension x="60" y="-60"/>
							</Offset>
						</Anchor>
					</Anchors>
				</FontString>
				<FontString name="ArcanumInterfaceVersion2_Option" inherits="GameFontNormalSmall">
					<Color r="1.0" g="1.0" b="1.0" a="1"/>
					<Anchors>
						<Anchor point="TOPLEFT" relativeTo="ArcanumGraphOptionMenu" relativeFrom="TOPLEFT">
							<Offset>
								<AbsDimension x="60" y="-80"/>
							</Offset>
						</Anchor>
					</Anchors>
				</FontString>
				<FontString name="ArcanumLock_Option" inherits="GameFontNormalSmall">
					<Color r="1.0" g="1.0" b="1.0" a="1"/>
					<Anchors>
						<Anchor point="TOPLEFT" relativeTo="ArcanumGraphOptionMenu" relativeFrom="TOPLEFT">
							<Offset>
								<AbsDimension x="60" y="-100"/>
							</Offset>
						</Anchor>
					</Anchors>
				</FontString>
				<FontString name="ArcanumIconsLock_Option" inherits="GameFontNormalSmall">
					<Color r="1.0" g="1.0" b="1.0" a="1"/>
					<Anchors>
						<Anchor point="TOPLEFT" relativeTo="ArcanumGraphOptionMenu" relativeFrom="TOPLEFT">
							<Offset>
								<AbsDimension x="60" y="-120"/>
							</Offset>
						</Anchor>
					</Anchors>
				</FontString>
				<FontString name="ArcanumMenuPosition_Section" inherits="GameFontNormalSmall">
					<Color r="1.0" g="1.0" b="1.0" a="1"/>
					<Anchors>
						<Anchor point="TOPLEFT" relativeTo="ArcanumGraphOptionMenu" relativeFrom="TOPLEFT">
							<Offset>
								<AbsDimension x="30" y="-140"/>
							</Offset>
						</Anchor>
					</Anchors>
				</FontString>
				<FontString name="ArcanumBuffMenu_Option" inherits="GameFontNormalSmall">
					<Color r="1.0" g="1.0" b="1.0" a="1"/>
					<Anchors>
						<Anchor point="TOPLEFT" relativeTo="ArcanumGraphOptionMenu" relativeFrom="TOPLEFT">
							<Offset>
								<AbsDimension x="60" y="-160"/>
							</Offset>
						</Anchor>
					</Anchors>
				</FontString>
				<FontString name="ArcanumArmorMenu_Option" inherits="GameFontNormalSmall">
					<Color r="1.0" g="1.0" b="1.0" a="1"/>
					<Anchors>
						<Anchor point="TOPLEFT" relativeTo="ArcanumGraphOptionMenu" relativeFrom="TOPLEFT">
							<Offset>
								<AbsDimension x="60" y="-180"/>
							</Offset>
						</Anchor>
					</Anchors>
				</FontString>
				<FontString name="ArcanumMagicMenu_Option" inherits="GameFontNormalSmall">
					<Color r="1.0" g="1.0" b="1.0" a="1"/>
					<Anchors>
						<Anchor point="TOPLEFT" relativeTo="ArcanumGraphOptionMenu" relativeFrom="TOPLEFT">
							<Offset>
								<AbsDimension x="60" y="-200"/>
							</Offset>
						</Anchor>
					</Anchors>
				</FontString>
				<FontString name="ArcanumPortalMenu_Option" inherits="GameFontNormalSmall">
					<Color r="1.0" g="1.0" b="1.0" a="1"/>
					<Anchors>
						<Anchor point="TOPLEFT" relativeTo="ArcanumGraphOptionMenu" relativeFrom="TOPLEFT">
							<Offset>
								<AbsDimension x="60" y="-220"/>
							</Offset>
						</Anchor>
					</Anchors>
				</FontString>
                <FontString name="ArcanumMountMenu_Option" inherits="GameFontNormalSmall">
					<Color r="1.0" g="1.0" b="1.0" a="1"/>
					<Anchors>
						<Anchor point="TOPLEFT" relativeTo="ArcanumGraphOptionMenu" relativeFrom="TOPLEFT">
							<Offset>
								<AbsDimension x="60" y="-240"/>
							</Offset>
						</Anchor>
					</Anchors>
				</FontString>
			</Layer>
		</Layers>
		<Frames>
			<CheckButton name="ArcanumToggle_Button" enableMouse="true" inherits="UICheckButtonTemplate" checked="false">
				<Size>
					<AbsDimension x="24" y="24"/>
				</Size>
				<Anchors>
					<Anchor point="TOPLEFT" relativeTo="ArcanumGraphOptionMenu" relativeFrom="TOPLEFT">
						<Offset>
							<AbsDimension x="30" y="-35"/>
						</Offset>
					</Anchor>
				</Anchors>
				<Scripts>
					<OnClick>
						if (this:GetChecked()) then
							ArcanumConfig.Toggle = true;
                            Arcanum_ButtonSetup();
							Arcanum_Msg(ARCANUM_MESSAGE.Interface.InitOn, "USER");
						else
							Arcanum_HideUI(0);
							ArcanumConfig.Toggle = false;
							Arcanum_Msg(ARCANUM_MESSAGE.Interface.InitOff, "USER");
						end
					</OnClick>
				</Scripts>
			</CheckButton>
			<CheckButton name="ArcanumInterfaceVersion_Button" enableMouse="true" inherits="UICheckButtonTemplate" checked="false">
				<Size>
					<AbsDimension x="24" y="24"/>
				</Size>
				<Anchors>
					<Anchor point="TOPLEFT" relativeTo="ArcanumGraphOptionMenu" relativeFrom="TOPLEFT">
						<Offset>
							<AbsDimension x="30" y="-55"/>
						</Offset>
					</Anchor>
				</Anchors>
				<Scripts>
					<OnClick>
                        if (this:GetChecked()) then
							ArcanumConfig.InterfaceVersion = 1;
							ArcanumInterfaceVersion2_Button:SetChecked(0);
                        else
							ArcanumConfig.InterfaceVersion = 2;
							ArcanumInterfaceVersion2_Button:SetChecked(1);
                           end
						if (ArcanumConfig.Toggle == true) then
							Arcanum_ButtonSetup();
                            Arcanum_LoadIcons();
						end
					</OnClick>
				</Scripts>
			</CheckButton>
			<CheckButton name="ArcanumInterfaceVersion2_Button" enableMouse="true" inherits="UICheckButtonTemplate" checked="false">
				<Size>
					<AbsDimension x="24" y="24"/>
				</Size>
				<Anchors>
					<Anchor point="TOPLEFT" relativeTo="ArcanumGraphOptionMenu" relativeFrom="TOPLEFT">
						<Offset>
							<AbsDimension x="30" y="-75"/>
						</Offset>
					</Anchor>
				</Anchors>
				<Scripts>
					<OnClick>
                        if (this:GetChecked()) then
							ArcanumConfig.InterfaceVersion = 2;
							ArcanumInterfaceVersion_Button:SetChecked(0);
						else
							ArcanumConfig.InterfaceVersion = 1;
							ArcanumInterfaceVersion_Button:SetChecked(1);
						end
						if ArcanumConfig.Toggle == true then
							Arcanum_ButtonSetup();
                            Arcanum_LoadIcons();
						end
					</OnClick>
				</Scripts>
			</CheckButton>
			<CheckButton name="ArcanumLock_Button" enableMouse="true" inherits="UICheckButtonTemplate" checked="false">
				<Size>
					<AbsDimension x="24" y="24"/>
				</Size>
				<Anchors>
					<Anchor point="TOPLEFT" relativeTo="ArcanumGraphOptionMenu" relativeFrom="TOPLEFT">
						<Offset>
							<AbsDimension x="30" y="-95"/>
						</Offset>
					</Anchor>
				</Anchors>
				<Scripts>
					<OnClick>
					if (this:GetChecked()) then
							Arcanum_NoDrag();
							ArcanumButton:RegisterForDrag("");
							ArcanumConfig.NoDragAll = true;
							if (ArcanumConfig.ArcanumLockServ == false) then
								Arcanum_UpdateMenuPos();
							end
						else
							if not ArcanumConfig.ArcanumLockServ then
								Arcanum_Drag();
							end
							ArcanumButton:RegisterForDrag("LeftButton");
							ArcanumConfig.NoDragAll = false;
						end
					</OnClick>
				</Scripts>
			</CheckButton>
			<CheckButton name="ArcanumIconsLock_Button" enableMouse="true" inherits="UICheckButtonTemplate" checked="false">
				<Size>
					<AbsDimension x="24" y="24"/>
				</Size>
				<Anchors>
					<Anchor point="TOPLEFT" relativeTo="ArcanumGraphOptionMenu" relativeFrom="TOPLEFT">
						<Offset>
							<AbsDimension x="30" y="-115"/>
						</Offset>
					</Anchor>
				</Anchors>
				<Scripts>
					<OnClick>
						if (this:GetChecked()) then
							ArcanumConfig.ArcanumLockServ = true;
							Arcanum_ClearAllPoints();
							Arcanum_UpdateButtonsScale();
							Arcanum_NoDrag();
							if not ArcanumConfig.NoDragAll then
								ArcanumButton:RegisterForDrag("LeftButton");
							end
						else
							ArcanumConfig.ArcanumLockServ = false;
							Arcanum_ClearAllPoints();
							Arcanum_MovableIcons();
							Arcanum_Drag();
							ArcanumConfig.NoDragAll = false;
							ArcanumLock_Button:SetChecked(false);
							ArcanumButton:RegisterForDrag("LeftButton");
						end
					</OnClick>
				</Scripts>
			</CheckButton>
			<CheckButton name="ArcanumBuffMenu_Button" enableMouse="true" inherits="UICheckButtonTemplate" checked="false">
				<Size>
					<AbsDimension x="24" y="24"/>
				</Size>
				<Anchors>
					<Anchor point="TOPLEFT" relativeTo="ArcanumGraphOptionMenu" relativeFrom="TOPLEFT">
						<Offset>
							<AbsDimension x="30" y="-155"/>
						</Offset>
					</Anchor>
				</Anchors>
				<Scripts>
					<OnClick>
						if (this:GetChecked()) then
							ArcanumConfig.BuffMenuPos = "y";
						else
							ArcanumConfig.BuffMenuPos = "x";
						end
						Arcanum_CreateMenu();							
					</OnClick>
				</Scripts>
			</CheckButton>
			<CheckButton name="ArcanumArmorMenu_Button" enableMouse="true" inherits="UICheckButtonTemplate" checked="false">
				<Size>
					<AbsDimension x="24" y="24"/>
				</Size>
				<Anchors>
					<Anchor point="TOPLEFT" relativeTo="ArcanumGraphOptionMenu" relativeFrom="TOPLEFT">
						<Offset>
							<AbsDimension x="30" y="-175"/>
						</Offset>
					</Anchor>
				</Anchors>
				<Scripts>
					<OnClick>
						if (this:GetChecked()) then
							ArcanumConfig.ArmorMenuPos = "y";
						else
							ArcanumConfig.ArmorMenuPos = "x";
						end
						Arcanum_CreateMenu();							
					</OnClick>
				</Scripts>
			</CheckButton>
			<CheckButton name="ArcanumMagicMenu_Button" enableMouse="true" inherits="UICheckButtonTemplate" checked="false">
				<Size>
					<AbsDimension x="24" y="24"/>
				</Size>
				<Anchors>
					<Anchor point="TOPLEFT" relativeTo="ArcanumGraphOptionMenu" relativeFrom="TOPLEFT">
						<Offset>
							<AbsDimension x="30" y="-195"/>
						</Offset>
					</Anchor>
				</Anchors>
				<Scripts>
					<OnClick>
						if (this:GetChecked()) then
							ArcanumConfig.MagicMenuPos = "y";
						else
							ArcanumConfig.MagicMenuPos = "x";
						end
						Arcanum_CreateMenu();							
					</OnClick>
				</Scripts>
			</CheckButton>
			<CheckButton name="ArcanumPortalMenu_Button" enableMouse="true" inherits="UICheckButtonTemplate" checked="false">
				<Size>
					<AbsDimension x="24" y="24"/>
				</Size>
				<Anchors>
					<Anchor point="TOPLEFT" relativeTo="ArcanumGraphOptionMenu" relativeFrom="TOPLEFT">
						<Offset>
							<AbsDimension x="30" y="-215"/>
						</Offset>
					</Anchor>
				</Anchors>
				<Scripts>
					<OnClick>
						if (this:GetChecked()) then
							ArcanumConfig.PortalMenuPos = "y";
						else
							ArcanumConfig.PortalMenuPos = "x";
						end
						Arcanum_CreateMenu();							
					</OnClick>
				</Scripts>
			</CheckButton>
            <CheckButton name="ArcanumMountMenu_Button" enableMouse="true" inherits="UICheckButtonTemplate" checked="false">
				<Size>
					<AbsDimension x="24" y="24"/>
				</Size>
				<Anchors>
					<Anchor point="TOPLEFT" relativeTo="ArcanumGraphOptionMenu" relativeFrom="TOPLEFT">
						<Offset>
							<AbsDimension x="30" y="-235"/>
						</Offset>
					</Anchor>
				</Anchors>
				<Scripts>
					<OnClick>
						if (this:GetChecked()) then
							ArcanumConfig.MountMenuPos = "y";
						else
							ArcanumConfig.MountMenuPos = "x";
						end
						Arcanum_CreateMenu();							
					</OnClick>
				</Scripts>
			</CheckButton>
			<Slider name="ArcanumButtonRotate_Slider" inherits="OptionsSliderTemplate" minValue="0" maxValue="360" valueStep="18" virtual="true">
				<Size>
					<AbsDimension x="150" y="16"/>
				</Size>
				<Anchors>
					<Anchor point="CENTER" relativeTo="ArcanumGraphOptionMenu" relativeFrom="TOP">
						<Offset>
							<AbsDimension x="0" y="-50"/>
						</Offset>
					</Anchor>
				</Anchors>
				<Scripts>
					<OnEnter>
						GameTooltip:SetOwner(this, "ANCHOR_RIGHT");
						GameTooltip:SetText(Arcanum_ColoredMsg(this:GetValue()));
					</OnEnter>
					<OnValueChanged>
						ArcanumConfig.ArcanumAngle = this:GetValue();
						GameTooltip:SetText(Arcanum_ColoredMsg(this:GetValue()));
						Arcanum_UpdateButtonsScale();
					</OnValueChanged>
					<OnLeave>
						GameTooltip:Hide();
					</OnLeave>
				</Scripts>
			</Slider>
			<Slider name="ArcanumButtonScale_Slider" inherits="OptionsSliderTemplate" minValue="50" maxValue="150" valueStep="5" virtual="true">
				<Size>
					<AbsDimension x="150" y="16"/>
				</Size>
				<Anchors>
					<Anchor point="CENTER" relativeTo="ArcanumGraphOptionMenu" relativeFrom="TOP">
						<Offset>
							<AbsDimension x="0" y="-90"/>
						</Offset>
					</Anchor>
				</Anchors>
				<Scripts>	
					<OnEnter>
						NBx = ArcanumConfig.ArcanumButtonxPos;
                        NBy = ArcanumConfig.ArcanumButtonyPos;
						NBx = NBx * (ArcanumConfig.ArcanumButtonScale / 100);
						NBy = NBy * (ArcanumConfig.ArcanumButtonScale / 100);
						GameTooltip:SetOwner(this, "ANCHOR_RIGHT");
						GameTooltip:SetText(Arcanum_ColoredMsg(this:GetValue().." %"));
					</OnEnter>
					<OnValueChanged>
						if (this:GetValue() ~= ArcanumConfig.ArcanumButtonScale) then
							ArcanumButton:ClearAllPoints();
							GameTooltip:SetText(Arcanum_ColoredMsg(this:GetValue().." %"));
							ArcanumConfig.ArcanumButtonScale = this:GetValue();
							ArcanumButton:SetPoint("CENTER", "UIParent", "BOTTOMLEFT", NBx / (ArcanumConfig.ArcanumButtonScale / 100), NBy / (ArcanumConfig.ArcanumButtonScale / 100));
							ArcanumButton:SetScale(ArcanumConfig.ArcanumButtonScale / 100);
							Arcanum_UpdateButtonsScale();
						end
					</OnValueChanged>
					<OnLeave>
						GameTooltip:Hide();
					</OnLeave>
				</Scripts>
			</Slider>
			
		</Frames>
		<Scripts>
			<OnLoad>
				HideUIPanel(ArcanumGraphOptionMenu);
			</OnLoad>
		</Scripts>
	</Frame>
</Ui>
