﻿<Bindings>   		
		<Binding name="ACTIVATE" header="ARCANUM_BIND">
			Arcanum_LoadUI();
    	</Binding>
   		<Binding name="STEED" header="ARCANUM_BIND">
    		Arcanum_MountCast(1);
    	</Binding>
    	<Binding name="FROSTARMOR" header="ARCANUM_BIND">
    		Arcanum_BuffCast(2);
    	</Binding>
		<Binding name="MAGEARMOR" header="ARCANUM_BIND">
    		Arcanum_BuffCast(3);
    	</Binding>
		<Binding name="ARCANEINTELLECT" header="ARCANUM_BIND">
    		Arcanum_BuffCast(4);
    	</Binding>
		<Binding name="ARCANEBRILLIANCE" header="ARCANUM_BIND">
    		Arcanum_BuffCast(5);
    	</Binding>
		<Binding name="AMPLIFYMAGIC" header="ARCANUM_BIND">
    		Arcanum_BuffCast(6);
    	</Binding>
		<Binding name="DAMPENMAGIC" header="ARCANUM_BIND">
    		Arcanum_BuffCast(7);
    	</Binding>
		   <Binding name="CONJUREFOOD" header="ARCANUM_BIND">
    		Arcanum_UseItem("Food","RightButton");
    	</Binding>
    	<Binding name="CONJUREWATER" header="ARCANUM_BIND">
    		Arcanum_UseItem("Water","RightButton");
    	</Binding>
    	<Binding name="CONJUREMANAGEM" header="ARCANUM_BIND">
    		Arcanum_UseItem("ManaGem","RightButton");
    	</Binding>
		<Binding name="USEFOODWATER" header="ARCANUM_BIND">
            Arcanum_Click(2);
    	</Binding>
    	<Binding name="USEFOOD" header="ARCANUM_BIND">
    		Arcanum_UseItem("Food", "LeftButton");
    	</Binding>
    	<Binding name="USEWATER" header="ARCANUM_BIND">
    		Arcanum_UseItem("Water", "LeftButton");
    	</Binding>
    	<Binding name="USEMANAGEM" header="ARCANUM_BIND">
    		Arcanum_UseItem("ManaGem", "LeftButton");
    	</Binding>
		<Binding name="EVOCATION" header="ARCANUM_BIND">
    		Arcanum_UseItem("Evocation");
    	</Binding>
    	<Binding name="TELEPORT1" header="ARCANUM_BIND">
    		Arcanum_PortalCast(14);
    	</Binding>
    	<Binding name="TELEPORT2" header="ARCANUM_BIND">
    		Arcanum_PortalCast(15);
    	</Binding>
    	<Binding name="TELEPORT3" header="ARCANUM_BIND">
    		Arcanum_PortalCast(16);
    	</Binding>
    	<Binding name="PORTAL1" header="ARCANUM_BIND">
    		Arcanum_PortalCast(20);
    	</Binding>
    	<Binding name="PORTAL2" header="ARCANUM_BIND">
    		Arcanum_PortalCast(21);
    	</Binding>
    	<Binding name="PORTAL3" header="ARCANUM_BIND">
    		Arcanum_PortalCast(22);
    	</Binding>
</Bindings>
