<Ui xmlns="http://www.blizzard.com/wow/ui/" xmlns:xsi="http://www.w3.org/2001/XMLSchema-instance"   xsi:schemaLocation="http://www.blizzard.com/wow/ui/">

	<Frame name="brDamageTextOptionsFrame" frameStrata="HIGH" toplevel="true" enableMouse="true" movable="true" parent="UIParent" hidden="true">
		<Size>
			<AbsDimension x="230" y="400"/>
		</Size>
		<Anchors>
			<Anchor point="CENTER"/>
		</Anchors>
		<Backdrop bgFile="Interface\DialogFrame\UI-DialogBox-Background" edgeFile="Interface\DialogFrame\UI-DialogBox-Border" title="true">
			<EdgeSize>
				<AbsValue val="16"/>
			</EdgeSize>
			<TitleSize>
				<AbsValue val="32"/>
			</TitleSize>
			<BackgroundInsets>
				<AbsInset left="5" right="5" top="5" bottom="5"/>
			</BackgroundInsets>
		</Backdrop>
		<Layers>
			<Layer level="OVERLAY">
				<FontString name="$parentCaption" inherits="GameFontNormal" wraponspaces="true" text="brDamageText Options">
					<Size>
						<AbsDimension x="150" y="40"/>
					</Size>
					<Anchors>
						<Anchor point="TOP"/>
					</Anchors>
				</FontString>
			</Layer>
		</Layers>
		<Frames>
			<Frame name="$parentDropDown" inherits="UIDropDownMenuTemplate">
				<Anchors>
					<Anchor point="TOPLEFT">
						<Offset>
							<AbsDimension x="10" y="-55"/>
						</Offset>
					</Anchor>
				</Anchors>
				<Layers>
					<Layer level="BACKGROUND">
						<FontString name="$parentLabel" inherits="GameFontNormalSmall" text="Display">
							<Anchors>
								<Anchor point="BOTTOMLEFT" relativePoint="TOPLEFT">
									<Offset>
										<AbsDimension x="21" y="0"/>
									</Offset>
								</Anchor>
							</Anchors>
						</FontString>
					</Layer>
				</Layers>
				<Scripts>
					<OnLoad>
						brDamageTextOptionsFrameDropDown_OnLoad();
					</OnLoad>
					<OnEnter>
						GameTooltip:SetOwner(this, "ANCHOR_CURSOR");
						GameTooltip:SetText(this.tooltip, nil, nil, nil, nil, 1);
					</OnEnter>
					<OnLeave>
						GameTooltip:Hide();
					</OnLeave>
				</Scripts>
			</Frame>
			<CheckButton name="$parentCheckButtonBorder" inherits="OptionsCheckButtonTemplate" checked="true">
				<Anchors>
					<Anchor point="TOPLEFT">
						<Offset>
							<AbsDimension x="30" y="-90"/>
						</Offset>
					</Anchor>
				</Anchors>
				<Scripts>
					<OnLoad>
						if (BRDAMAGETEXT_OPTIONS_BORDER) then
							getglobal(this:GetName() .. "Text"):SetText(BRDAMAGETEXT_OPTIONS_BORDER);
						else
							getglobal(this:GetName() .. "Text"):SetText("show border");
						end
						if (BRDAMAGETEXT_TOOLTIP_BORDER) then
							this.tooltipText = BRDAMAGETEXT_TOOLTIP_BORDER;
						end
					</OnLoad>
					<OnClick>
						brDamageTextOptionsFrameCheckButtonBorder_OnClick()
					</OnClick>
				</Scripts>
			</CheckButton>
			<CheckButton name="$parentCheckButtonMoveable" inherits="OptionsCheckButtonTemplate" checked="false">
				<Anchors>
					<Anchor point="TOPLEFT">
						<Offset>
							<AbsDimension x="30" y="-120"/>
						</Offset>
					</Anchor>
				</Anchors>
				<Scripts>
					<OnLoad>
						if (BRDAMAGETEXT_OPTIONS_MOVEABLE) then
							getglobal(this:GetName() .. "Text"):SetText(BRDAMAGETEXT_OPTIONS_MOVEABLE);
						else
							getglobal(this:GetName() .. "Text"):SetText("Frame is moveable");
						end
						if (BRDAMAGETEXT_TOOLTIP_MOVEABLE) then
							this.tooltipText = BRDAMAGETEXT_TOOLTIP_MOVEABLE;
						end
					</OnLoad>
					<OnClick>
						brDamageTextOptionsFrameCheckButtonMoveable_OnClick()
					</OnClick>
				</Scripts>
			</CheckButton>
			<CheckButton name="$parentCheckButtonDots" inherits="OptionsCheckButtonTemplate" checked="true">
				<Anchors>
					<Anchor point="TOPLEFT">
						<Offset>
							<AbsDimension x="30" y="-150"/>
						</Offset>
					</Anchor>
				</Anchors>
				<Scripts>
					<OnLoad>
						if (BRDAMAGETEXT_OPTIONS_DOTS) then
							getglobal(this:GetName() .. "Text"):SetText(BRDAMAGETEXT_OPTIONS_DOTS);
						else
							getglobal(this:GetName() .. "Text"):SetText("show dots");
						end
						if (BRDAMAGETEXT_TOOLTIP_DOTS) then
							this.tooltipText = BRDAMAGETEXT_TOOLTIP_DOTS;
						end
					</OnLoad>
					<OnClick>
						brDamageTextOptionsFrameCheckButtonDots_OnClick()
					</OnClick>
				</Scripts>
			</CheckButton>
			<CheckButton name="$parentCheckButtonWord" inherits="OptionsCheckButtonTemplate" checked="true">
				<Anchors>
					<Anchor point="TOPLEFT">
						<Offset>
							<AbsDimension x="30" y="-180"/>
						</Offset>
					</Anchor>
				</Anchors>
				<Scripts>
					<OnLoad>
						if (BRDAMAGETEXT_OPTIONS_WORDS) then
							getglobal(this:GetName() .. "Text"):SetText(BRDAMAGETEXT_OPTIONS_WORDS);
						else
							getglobal(this:GetName() .. "Text"):SetText("show words (missed, etc)");
						end
						if (BRDAMAGETEXT_TOOLTIP_WORDS) then
							this.tooltipText = BRDAMAGETEXT_TOOLTIP_WORDS;
						end
					</OnLoad>
					<OnClick>
						brDamageTextOptionsFrameCheckButtonWord_OnClick()
					</OnClick>
				</Scripts>
			</CheckButton>
			<CheckButton name="$parentCheckButtonFade" inherits="OptionsCheckButtonTemplate" checked="false">
				<Anchors>
					<Anchor point="TOPLEFT">
						<Offset>
							<AbsDimension x="30" y="-210"/>
						</Offset>
					</Anchor>
				</Anchors>
				<Scripts>
					<OnLoad>
						if (BRDAMAGETEXT_OPTIONS_FADE) then
							getglobal(this:GetName() .. "Text"):SetText(BRDAMAGETEXT_OPTIONS_FADE);
						else
							getglobal(this:GetName() .. "Text"):SetText("fadeout with no target");
						end
						if (BRDAMAGETEXT_TOOLTIP_FADE) then
							this.tooltipText = BRDAMAGETEXT_TOOLTIP_FADE;
						end
					</OnLoad>
					<OnClick>
						brDamageTextOptionsFrameCheckButtonFade_OnClick()
					</OnClick>
				</Scripts>
			</CheckButton>
			<Frame name="$parentFontDropDown" inherits="UIDropDownMenuTemplate">
				<Anchors>
					<Anchor point="TOPLEFT">
						<Offset>
							<AbsDimension x="10" y="-260"/>
						</Offset>
					</Anchor>
				</Anchors>
				<Layers>
					<Layer level="BACKGROUND">
						<FontString name="$parentLabel" inherits="GameFontNormalSmall" text="Fontname">
							<Anchors>
								<Anchor point="BOTTOMLEFT" relativePoint="TOPLEFT">
									<Offset>
										<AbsDimension x="21" y="0"/>
									</Offset>
								</Anchor>
							</Anchors>
						</FontString>
					</Layer>
				</Layers>
				<Scripts>
					<OnLoad>
						brDamageTextOptionsFrameFontDropDown_OnLoad();
					</OnLoad>
					<OnEnter>
						GameTooltip:SetOwner(this, "ANCHOR_CURSOR");
						GameTooltip:SetText(this.tooltip, nil, nil, nil, nil, 1);
					</OnEnter>
					<OnLeave>
						GameTooltip:Hide();
					</OnLeave>
				</Scripts>
			</Frame>
			<Slider name="$parentSliderFontSize" inherits="OptionsSliderTemplate">
				<Anchors>
					<Anchor point="TOP">
						<Offset>
							<AbsDimension x="0" y="-310"/>
						</Offset>
					</Anchor>
				</Anchors>
				<Layers>
					<Layer level="ARTWORK">
						<FontString name="$parentMid" inherits="GameFontHighlightSmall" text="MID">
							<Anchors>
								<Anchor point="TOP" relativePoint="BOTTOM">
									<Offset>
										<AbsDimension x="0" y="3"/>
									</Offset>
								</Anchor>
							</Anchors>
						</FontString>
					</Layer>
				</Layers>
				<Scripts>
					<OnLoad>
						this:SetMinMaxValues(8,40);
						this:SetValueStep(8);
						this:SetValue(16);
						getglobal(this:GetName().."Low"):SetText(8);
						getglobal(this:GetName().."High"):SetText(40);
						if (BRDAMAGETEXT_OPTIONS_FONTSIZE) then
							getglobal(this:GetName().."Text"):SetText(BRDAMAGETEXT_OPTIONS_FONTSIZE);
						else
							getglobal(this:GetName().."Text"):SetText("Fontsize");
						end
						if (BRDAMAGETEXT_TOOLTIP_FONTSIZE) then
							this.tooltipText = BRDAMAGETEXT_TOOLTIP_FONTSIZE;
						end
					</OnLoad>
					<OnValueChanged>
						brDamageTextOptionsSliderFontSize_OnValueChanged();
					</OnValueChanged>
				</Scripts>
			</Slider>
			<Button name="$parentButtonClose" inherits="OptionsButtonTemplate" text="Close">
				<Anchors>
					<Anchor point="BOTTOMLEFT">
						<Offset>
							<Absdimension x="16" y="16"/>
						</Offset>
					</Anchor>
				</Anchors>
				<Scripts>
					<OnClick>
						brDamageTextOptions_OnClose();
					</OnClick>
				</Scripts>
			</Button>
			<Button name="$parentButtonReset" inherits="OptionsButtonTemplate" text="Reset">
				<Anchors>
					<Anchor point="BOTTOMRIGHT">
						<Offset>
							<Absdimension x="-16" y="16"/>
						</Offset>
					</Anchor>
				</Anchors>
				<Scripts>
					<OnClick>
						brDamageTextOptions_OnReset();
					</OnClick>
				</Scripts>
			</Button>
		</Frames>
		<Scripts>
			<OnLoad>
				brDamageTextOptions_OnLoad()
			</OnLoad>
			<OnDragStart>
				this:StartMoving();
			</OnDragStart>
			<OnDragStop>
				this:StopMovingOrSizing();
			</OnDragStop>
			<OnEvent>
				brDamageTextOptions_OnEvent()
			</OnEvent>
		</Scripts>
	</Frame>
</Ui>