<Ui xmlns="http://www.blizzard.com/wow/ui/" xmlns:xsi="http://www.w3.org/2001/XMLSchema-instance" xsi:schemaLocation="http://www.blizzard.com/wow/ui/
..\FrameXML\UI.xsd">
	<Frame name="brDamageTextFrame" frameStrata="HIGH" toplevel="true" movable="false" parent="UIParent">
		<Layers>
			<Layer level="OVERLAY">
				<FontString name="brDamageText" inherits="NumberFontNormalHuge">
					<Anchors>
						<Anchor point="CENTER" relativePoint="CENTER" relativeTo="TargetPortrait">
							<Offset>
								<AbsDimension x="0" y="0"/>
							</Offset>
						</Anchor>
					</Anchors>
				</FontString>
			</Layer>
		</Layers>
		<Scripts>
			<OnLoad>
				brDamageText_OnLoad();
			</OnLoad>
			<OnEvent>
				brDamageText_OnEvent();
			</OnEvent>
		</Scripts>
	</Frame>
	
	<Frame name="brDamageTextOwnFrame" frameStrata="LOW" toplevel="false" enableMouse="true" movable="true" parent="UIParent">
		<Size>
			<AbsDimension x="60" y="30"/>
		</Size>
		<Anchors>
			<Anchor point="CENTER"/>
		</Anchors>
		<Backdrop bgFile="Interface\DialogFrame\UI-DialogBox-Background" edgeFile="Interface\DialogFrame\UI-DialogBox-Border" title="true">
			<EdgeSize>
				<AbsValue val="16"/>
			</EdgeSize>
			<TitleSize>
				<AbsValue val="32"/>
			</TitleSize>
			<BackgroundInsets>
				<AbsInset left="5" right="5" top="5" bottom="5"/>
			</BackgroundInsets>
		</Backdrop>
		<Scripts>
			<OnLoad>
				brDamageTextOwnFrame_OnLoad()
			</OnLoad>
			<OnDragStart>
				if (BRDAMAGETEXT and BRDAMAGETEXT["FrameMoveable"] and BRDAMAGETEXT["FrameMoveable"]==1) then
					this:StartMoving();
				end
			</OnDragStart>
			<OnDragStop>
				this:StopMovingOrSizing();
			</OnDragStop>
			<OnEvent>
				brDamageTextOwnFrame_OnEvent()
			</OnEvent>
			<OnShow>
				brDamageTextOwnFrame_OnShow();
			</OnShow>
		</Scripts>
	</Frame>

	<Frame name="brDamageTextUpdateFrame">
		<Scripts>
			<OnUpdate>
				brDamageText_OnUpdate(elapsed);
			</OnUpdate>
		</Scripts>
	</Frame>
</Ui>