<Ui xmlns="http://www.blizzard.com/wow/ui/" xmlns:xsi="http://www.w3.org/2001/XMLSchema-instance" xsi:schemaLocation="http://www.blizzard.com/wow/ui/
C:\Projects\WoW\Bin\Interface\FrameXML\UI.xsd">
	<Script file="EX_MashManaConserve.lua"/>
	<Frame name="EXDetectSpellFrame" parent="UIParent">
		<Scripts>
			<OnLoad> EXDetectSpells_OnLoad(); </OnLoad>
			<OnEvent> EXDetectSpells_OnEvent(event); </OnEvent>
			<OnUpdate> EX_MMC_OnUpdate(arg1); </OnUpdate>
		</Scripts>
	</Frame>
	<GameTooltip name="EXDST" hidden="true" parent="WorldFrame" inherits="GameTooltipTemplate">
		<Scripts>
			<OnLoad>
				this:SetOwner(WorldFrame, "ANCHOR_NONE");
			</OnLoad>
		</Scripts>
	</GameTooltip>
</Ui>