<Ui xmlns="http://www.blizzard.com/wow/ui/" xmlns:xsi="http://www.w3.org/2001/XMLSchema-instance"
	xsi:schemaLocation="http://www.blizzard.com/wow/ui/ ..\..\FrameXML\UI.xsd">

	<!-- Aura Template -->
	<Button name="ArcHUDAuraTemplate" virtual="true">
		<Size>
			<AbsDimension x="16" y="16"/>
		</Size>
		<Layers>
			<Layer level="ARTWORK">
				<Texture name="$parentIcon" setAllPoints="true"/>
			</Layer>
			<Layer level="OVERLAY">
				<Texture name="$parentBorder" file="Interface\Buttons\UI-Debuff-Overlays" hidden="true">
					<Size>
						<AbsDimension x="17" y="17"/>
					</Size>
					<Anchors>
						<Anchor point="CENTER">
							<Offset>
								<AbsDimension x="0" y="0"/>
							</Offset>
						</Anchor>
					</Anchors>
					<TexCoords left="0.296875" right="0.5703125" top="0" bottom="0.515625"/>
				</Texture>
				<FontString name="$parentCount" inherits="NumberFontNormalSmall">
					<Anchors>
						<Anchor point="BOTTOMRIGHT">
							<Offset>
								<AbsDimension x="-1" y="0"/>
							</Offset>
						</Anchor>
					</Anchors>
				</FontString>
			</Layer>
		</Layers>
		<Scripts>
			<OnLoad>
				local icon = getglobal(this:GetName().."Icon");
				icon:SetTexture("Interface\\Icons\\INV_Misc_Ear_Human_02");
			</OnLoad>
			<OnEnter>
				ArcHUD:SetAuraTooltip(this);
			</OnEnter>
			<OnLeave>
				GameTooltip:Hide();
			</OnLeave>
		</Scripts>
	</Button>

	<Frame name="ArcHUDFrame" parent="UIParent" hidden="false" frameStrata="LOW">
		<Size>
			<AbsDimension x="50" y="350"/>
		</Size>
		<Anchors>
			<Anchor point="CENTER" relativeTo="WorldFrame">
				<Offset>
					<AbsDimension x="0" y="0"/>
				</Offset>
			</Anchor>
		</Anchors>
		<Layers>
			<Layer level = "BACKGROUND">
				<FontString name="$parentCombo" outline="NORMAL" font="Fonts\FRIZQT__.TTF" justifyH="CENTER">
					<FontHeight>
						<AbsValue val="30"/>
					</FontHeight>
					<Color r="1" g="1" b="0"/>
					<Size>
						<AbsDimension x="40" y="30"/>
					</Size>
					<Anchors>
						<Anchor point="BOTTOM">
							<Offset>
								<AbsDimension x="0" y="0"/>
							</Offset>
						</Anchor>
					</Anchors>
				</FontString>
			</Layer>
		</Layers>
		<Frames>
			<Button name="$parentPlayerNamePlate" toplevel="true">
				<Size>
					<AbsDimension x="50" y="14"/>
				</Size>
				<Anchors>
					<Anchor point="BOTTOM" relativeTo="$parentCombo" relativePoint="TOP">
						<Offset>
							<AbsDimension x="0" y="20"/>
						</Offset>
					</Anchor>
				</Anchors>
				<Layers>
					<Layer level="OVERLAY">
						<FontString name="$parentText" outline="NORMAL" font="Fonts\FRIZQT__.TTF" justifyH="CENTER">
							<FontHeight>
								<AbsValue val="14"/>
							</FontHeight>
							<Color r="1" g="1" b="1"/>
							<Size>
								<AbsDimension x="150" y="15"/>
							</Size>
							<Anchors>
								<Anchor point="TOP">
									<Offset>
										<AbsDimension x="0" y="0"/>
									</Offset>
								</Anchor>
							</Anchors>
						</FontString>
					</Layer>
				</Layers>
				<Scripts>
					<OnClick>
						this:OnClick();
					</OnClick>
					<OnEnter>
						this:OnEnter();
					</OnEnter>
					<OnLeave>
						this:OnLeave();
					</OnLeave>
				</Scripts>
			</Button>
			<Button name="$parentPetNamePlate" toplevel="true" hidden="true">
				<Size>
					<AbsDimension x="50" y="12"/>
				</Size>
				<Anchors>
					<Anchor point="BOTTOM" relativeTo="$parentCombo" relativePoint="TOP">
						<Offset>
							<AbsDimension x="0" y="5"/>
						</Offset>
					</Anchor>
				</Anchors>
				<Layers>
					<Layer level="OVERLAY">
						<FontString name="$parentText" outline="NORMAL" font="Fonts\FRIZQT__.TTF" justifyH="CENTER">
							<FontHeight>
								<AbsValue val="12"/>
							</FontHeight>
							<Color r="1" g="1" b="1"/>
							<Size>
								<AbsDimension x="150" y="13"/>
							</Size>
							<Anchors>
								<Anchor point="TOP">
									<Offset>
										<AbsDimension x="0" y="0"/>
									</Offset>
								</Anchor>
							</Anchors>
						</FontString>
					</Layer>
				</Layers>
				<Scripts>
					<OnClick>
						this:OnClick();
					</OnClick>
					<OnEnter>
						this:OnEnter();
					</OnEnter>
					<OnLeave>
						this:OnLeave();
					</OnLeave>
				</Scripts>
			</Button>
			<Frame name="ArcTargetHUD">
				<Size>
					<AbsDimension x="300" y="100"/>
				</Size>
				<Anchors>
					<Anchor point="TOP" relativeTo="$parent" relativePoint="BOTTOM">
						<Offset>
							<AbsDimension x="0" y="-50"/>
						</Offset>
					</Anchor>
				</Anchors>
				<Layers>
					<Layer level="OVERLAY">
						<FontString name="$parentName" outline="NORMAL" font="Fonts\FRIZQT__.TTF" justifyH="CENTER">
							<FontHeight>
								<AbsValue val="15"/>
							</FontHeight>
							<Color r="1" g="1" b="1"/>
							<Size>
								<AbsDimension x="400" y="16"/>
							</Size>
							<Anchors>
								<Anchor point="TOP">
									<Offset>
										<AbsDimension x="0" y="0"/>
									</Offset>
								</Anchor>
							</Anchors>
						</FontString>
						<FontString name="$parentHPText" outline="NORMAL" font="Fonts\FRIZQT__.TTF" justifyH="RIGHT">
							<FontHeight>
								<AbsValue val="13"/>
							</FontHeight>
							<Color r="1" g="1" b="1"/>
							<Size>
								<AbsDimension x="200" y="14"/>
							</Size>
							<Anchors>
								<Anchor point="TOPLEFT" relativeTo="$parentName" relativePoint="BOTTOMLEFT">
									<Offset>
										<AbsDimension x="-50" y="0"/>
									</Offset>
								</Anchor>
							</Anchors>
						</FontString>
						<FontString name="$parentMPText" outline="NORMAL" font="Fonts\FRIZQT__.TTF" justifyH="LEFT">
							<FontHeight>
								<AbsValue val="13"/>
							</FontHeight>
							<Color r="1" g="1" b="1"/>
							<Size>
								<AbsDimension x="200" y="14"/>
							</Size>
							<Anchors>
								<Anchor point="TOPRIGHT" relativeTo="$parentName" relativePoint="BOTTOMRIGHT">
									<Offset>
										<AbsDimension x="50" y="0"/>
									</Offset>
								</Anchor>
							</Anchors>
						</FontString>
						<FontString name="$parentLevel" outline="NORMAL" font="Fonts\FRIZQT__.TTF" justifyH="CENTER">
							<FontHeight>
								<AbsValue val="11"/>
							</FontHeight>
							<Color r="1" g="1" b="1"/>
							<Size>
								<AbsDimension x="100" y="13"/>
							</Size>
							<Anchors>
								<Anchor point="BOTTOMLEFT" relativeTo="$parentHPText" relativePoint="BOTTOMRIGHT">
									<Offset>
										<AbsDimension x="0" y="1"/>
									</Offset>
								</Anchor>
							</Anchors>
						</FontString>
						<Texture name="$parentLeaderIcon" file="Interface\GroupFrame\UI-Group-LeaderIcon" hidden="true">
							<Size>
								<AbsDimension x="16" y="16"/>
							</Size>
							<Anchors>
								<Anchor point="TOPRIGHT" relativeTo="$parentLevel" relativePoint="BOTTOMRIGHT">
									<Offset>
										<AbsDimension x="-5" y="0"/>
									</Offset>
								</Anchor>
							</Anchors>
						</Texture>
					</Layer>
				</Layers>
				<Frames>
					<Frame name="$parentPVP">
						<Size>
							<AbsDimension x="64" y="64"/>
						</Size>
						<Anchors>
							<Anchor point="TOPLEFT" relativeTo="$parentLevel" relativePoint="BOTTOMLEFT">
								<Offset>
									<AbsDimension x="3" y="0"/>
								</Offset>
							</Anchor>
						</Anchors>
						<Layers>
							<Layer level="OVERLAY">
								<Texture name="$parentIcon" hidden="true">
									<Size>
										<AbsDimension x="64" y="64"/>
									</Size>
									<Anchors>
										<Anchor point="TOPLEFT" />
									</Anchors>
								</Texture>
							</Layer>
						</Layers>
					</Frame>
					<Frame name="$parentRaidTarget">
						<Size>
							<AbsDimension x="26" y="26"/>
						</Size>
						<Anchors>
							<Anchor point="TOPLEFT" relativeTo="$parentLevel" relativePoint="BOTTOMLEFT">
								<Offset>
									<AbsDimension x="35" y="-3"/>
								</Offset>
							</Anchor>
						</Anchors>
						<Layers>
							<Layer level="OVERLAY">
								<Texture name="$parentIcon" file="Interface\TargetingFrame\UI-RaidTargetingIcons" hidden="true">
									<Size>
										<AbsDimension x="26" y="26"/>
									</Size>
									<Anchors>
										<Anchor point="TOPLEFT" />
									</Anchors>
								</Texture>
							</Layer>
						</Layers>
					</Frame>
					<Button name="$parentNamePlate" enableMouse="true" toplevel="true">
						<Size>
							<AbsDimension x="400" y="15"/>
						</Size>
						<Anchors>
							<Anchor point="TOPLEFT" relativeTo="$parentName">
								<Offset>
									<AbsDimension x="0" y="0"/>
								</Offset>
							</Anchor>
						</Anchors>
						<Scripts>
							<OnClick>
								this:OnClick();
							</OnClick>
							<OnEnter>
								this:OnEnter();
							</OnEnter>
							<OnLeave>
								this:OnLeave();
							</OnLeave>
						</Scripts>
					</Button>
					<Frame name="$parentTarget">
						<Size>
							<AbsDimension x="100" y="30"/>
						</Size>
						<Anchors>
							<Anchor point="TOPRIGHT" relativeTo="$parentHPText" relativePoint="BOTTOMRIGHT">
								<Offset>
									<AbsDimension x="0" y="-40"/>
								</Offset>
							</Anchor>
						</Anchors>
						<Layers>
							<Layer level="ARTWORK">
								<FontString name="$parentName" outline="NORMAL" font="Fonts\FRIZQT__.TTF" justifyH="RIGHT">
									<FontHeight>
										<AbsValue val="13"/>
									</FontHeight>
									<Color r="1" g="1" b="1"/>
									<Size>
										<AbsDimension x="100" y="14"/>
									</Size>
									<Anchors>
										<Anchor point="TOPLEFT" />
									</Anchors>
								</FontString>
								<FontString name="$parentHPText" outline="NORMAL" font="Fonts\FRIZQT__.TTF" justifyH="RIGHT">
									<FontHeight>
										<AbsValue val="10"/>
									</FontHeight>
									<Color r="1" g="1" b="1"/>
									<Size>
										<AbsDimension x="50" y="11"/>
									</Size>
									<Anchors>
										<Anchor point="TOPRIGHT" relativeTo="$parentName" relativePoint="BOTTOMRIGHT">
											<Offset>
												<AbsDimension x="0" y="-5"/>
											</Offset>
										</Anchor>
									</Anchors>
								</FontString>
								<FontString name="$parentMPText" outline="NORMAL" font="Fonts\FRIZQT__.TTF" justifyH="LEFT">
									<FontHeight>
										<AbsValue val="10"/>
									</FontHeight>
									<Color r="1" g="1" b="1"/>
									<Size>
										<AbsDimension x="50" y="11"/>
									</Size>
									<Anchors>
										<Anchor point="TOPLEFT" relativeTo="$parentName" relativePoint="BOTTOMLEFT">
											<Offset>
												<AbsDimension x="0" y="-5"/>
											</Offset>
										</Anchor>
									</Anchors>
								</FontString>
							</Layer>
						</Layers>
						<Frames>
							<Button name="$parentNamePlate" enableMouse="true" toplevel="true">
								<Size>
									<AbsDimension x="100" y="15"/>
								</Size>
								<Anchors>
									<Anchor point="TOPLEFT" relativeTo="$parentName">
										<Offset>
											<AbsDimension x="0" y="0"/>
										</Offset>
									</Anchor>
								</Anchors>
								<Scripts>
									<OnClick>
										this:OnClick();
									</OnClick>
									<OnEnter>
										this:OnEnter();
									</OnEnter>
									<OnLeave>
										this:OnLeave();
									</OnLeave>
								</Scripts>
							</Button>
						</Frames>
					</Frame>
					<Frame name="$parentTargetTarget">
						<Size>
							<AbsDimension x="100" y="30"/>
						</Size>
						<Anchors>
							<Anchor point="TOPLEFT" relativeTo="$parentMPText" relativePoint="BOTTOMLEFT">
								<Offset>
									<AbsDimension x="0" y="-40"/>
								</Offset>
							</Anchor>
						</Anchors>
						<Layers>
							<Layer level="ARTWORK">
								<FontString name="$parentName" outline="NORMAL" font="Fonts\FRIZQT__.TTF" justifyH="LEFT">
									<FontHeight>
										<AbsValue val="13"/>
									</FontHeight>
									<Color r="1" g="1" b="1"/>
									<Size>
										<AbsDimension x="100" y="14"/>
									</Size>
									<Anchors>
										<Anchor point="TOPLEFT" />
									</Anchors>
								</FontString>
								<FontString name="$parentHPText" outline="NORMAL" font="Fonts\FRIZQT__.TTF" justifyH="LEFT">
									<FontHeight>
										<AbsValue val="10"/>
									</FontHeight>
									<Color r="1" g="1" b="1"/>
									<Size>
										<AbsDimension x="50" y="11"/>
									</Size>
									<Anchors>
										<Anchor point="TOPLEFT" relativeTo="$parentName" relativePoint="BOTTOMLEFT">
											<Offset>
												<AbsDimension x="0" y="-5"/>
											</Offset>
										</Anchor>
									</Anchors>
								</FontString>
								<FontString name="$parentMPText" outline="NORMAL" font="Fonts\FRIZQT__.TTF" justifyH="RIGHT">
									<FontHeight>
										<AbsValue val="10"/>
									</FontHeight>
									<Color r="1" g="1" b="1"/>
									<Size>
										<AbsDimension x="50" y="11"/>
									</Size>
									<Anchors>
										<Anchor point="TOPRIGHT" relativeTo="$parentName" relativePoint="BOTTOMRIGHT">
											<Offset>
												<AbsDimension x="0" y="-5"/>
											</Offset>
										</Anchor>
									</Anchors>
								</FontString>
							</Layer>
						</Layers>
						<Frames>
							<Button name="$parentNamePlate" enableMouse="true" toplevel="true">
								<Size>
									<AbsDimension x="100" y="15"/>
								</Size>
								<Anchors>
									<Anchor point="TOPLEFT" relativeTo="$parentName">
										<Offset>
											<AbsDimension x="0" y="0"/>
										</Offset>
									</Anchor>
								</Anchors>
								<Scripts>
									<OnClick>
										this:OnClick();
									</OnClick>
									<OnEnter>
										this:OnEnter();
									</OnEnter>
									<OnLeave>
										this:OnLeave();
									</OnLeave>
								</Scripts>
							</Button>
						</Frames>
					</Frame>
					<PlayerModel name="ArcPlayerModelFrame" frameStrata="BACKGROUND">
						<Size>
							<AbsDimension x="100" y="100"/>
						</Size>
						<Anchors>
							<Anchor point="TOP" relativeTo="$parentName" relativePoint="BOTTOM">
								<Offset>
									<AbsDimension x="0" y="0"/>
								</Offset>
							</Anchor>
						</Anchors>
						<Scripts>
							<OnLoad>
								this:RegisterEvent("DISPLAY_SIZE_CHANGED");
								this:RegisterEvent("UNIT_MODEL_CHANGED");
							</OnLoad>
							<OnEvent>
								this:RefreshUnit();
							</OnEvent>
						</Scripts>
					</PlayerModel>
					<Button name="$parentBuff1" inherits="ArcHUDAuraTemplate" id="1" hidden="true">
						<Anchors>
							<Anchor point="TOPRIGHT" relativeTo="$parentHPText" relativePoint="BOTTOMRIGHT">
								<Offset>
									<AbsDimension x="0" y="-2"/>
								</Offset>
							</Anchor>
						</Anchors>
					</Button>
					<Button name="$parentBuff2" inherits="ArcHUDAuraTemplate" id="2" hidden="true">
						<Anchors>
							<Anchor point="RIGHT" relativeTo="$parentBuff1" relativePoint="LEFT">
								<Offset>
									<AbsDimension x="-1" y="0"/>
								</Offset>
							</Anchor>
						</Anchors>
					</Button>
					<Button name="$parentBuff3" inherits="ArcHUDAuraTemplate" id="3" hidden="true">
						<Anchors>
							<Anchor point="RIGHT" relativeTo="$parentBuff2" relativePoint="LEFT">
								<Offset>
									<AbsDimension x="-1" y="0"/>
								</Offset>
							</Anchor>
						</Anchors>
					</Button>
					<Button name="$parentBuff4" inherits="ArcHUDAuraTemplate" id="4" hidden="true">
						<Anchors>
							<Anchor point="RIGHT" relativeTo="$parentBuff3" relativePoint="LEFT">
								<Offset>
									<AbsDimension x="-1" y="0"/>
								</Offset>
							</Anchor>
						</Anchors>
					</Button>
					<Button name="$parentBuff5" inherits="ArcHUDAuraTemplate" id="5" hidden="true">
						<Anchors>
							<Anchor point="RIGHT" relativeTo="$parentBuff4" relativePoint="LEFT">
								<Offset>
									<AbsDimension x="-1" y="0"/>
								</Offset>
							</Anchor>
						</Anchors>
					</Button>
					<Button name="$parentBuff6" inherits="ArcHUDAuraTemplate" id="6" hidden="true">
						<Anchors>
							<Anchor point="RIGHT" relativeTo="$parentBuff5" relativePoint="LEFT">
								<Offset>
									<AbsDimension x="-1" y="0"/>
								</Offset>
							</Anchor>
						</Anchors>
					</Button>
					<Button name="$parentBuff7" inherits="ArcHUDAuraTemplate" id="7" hidden="true">
						<Anchors>
							<Anchor point="RIGHT" relativeTo="$parentBuff6" relativePoint="LEFT">
								<Offset>
									<AbsDimension x="-1" y="0"/>
								</Offset>
							</Anchor>
						</Anchors>
					</Button>
					<Button name="$parentBuff8" inherits="ArcHUDAuraTemplate" id="8" hidden="true">
						<Anchors>
							<Anchor point="RIGHT" relativeTo="$parentBuff7" relativePoint="LEFT">
								<Offset>
									<AbsDimension x="-1" y="0"/>
								</Offset>
							</Anchor>
						</Anchors>
					</Button>

					<Button name="$parentBuff9" inherits="ArcHUDAuraTemplate" id="9" hidden="true">
						<Anchors>
							<Anchor point="TOPRIGHT" relativeTo="$parentBuff1" relativePoint="BOTTOMRIGHT">
								<Offset>
									<AbsDimension x="0" y="-1"/>
								</Offset>
							</Anchor>
						</Anchors>
					</Button>
					<Button name="$parentBuff10" inherits="ArcHUDAuraTemplate" id="10" hidden="true">
						<Anchors>
							<Anchor point="RIGHT" relativeTo="$parentBuff9" relativePoint="LEFT">
								<Offset>
									<AbsDimension x="-1" y="0"/>
								</Offset>
							</Anchor>
						</Anchors>
					</Button>
					<Button name="$parentBuff11" inherits="ArcHUDAuraTemplate" id="11" hidden="true">
						<Anchors>
							<Anchor point="RIGHT" relativeTo="$parentBuff10" relativePoint="LEFT">
								<Offset>
									<AbsDimension x="-1" y="0"/>
								</Offset>
							</Anchor>
						</Anchors>
					</Button>
					<Button name="$parentBuff12" inherits="ArcHUDAuraTemplate" id="12" hidden="true">
						<Anchors>
							<Anchor point="RIGHT" relativeTo="$parentBuff11" relativePoint="LEFT">
								<Offset>
									<AbsDimension x="-1" y="0"/>
								</Offset>
							</Anchor>
						</Anchors>
					</Button>
					<Button name="$parentBuff13" inherits="ArcHUDAuraTemplate" id="13" hidden="true">
						<Anchors>
							<Anchor point="RIGHT" relativeTo="$parentBuff12" relativePoint="LEFT">
								<Offset>
									<AbsDimension x="-1" y="0"/>
								</Offset>
							</Anchor>
						</Anchors>
					</Button>
					<Button name="$parentBuff14" inherits="ArcHUDAuraTemplate" id="14" hidden="true">
						<Anchors>
							<Anchor point="RIGHT" relativeTo="$parentBuff13" relativePoint="LEFT">
								<Offset>
									<AbsDimension x="-1" y="0"/>
								</Offset>
							</Anchor>
						</Anchors>
					</Button>
					<Button name="$parentBuff15" inherits="ArcHUDAuraTemplate" id="15" hidden="true">
						<Anchors>
							<Anchor point="RIGHT" relativeTo="$parentBuff14" relativePoint="LEFT">
								<Offset>
									<AbsDimension x="-1" y="0"/>
								</Offset>
							</Anchor>
						</Anchors>
					</Button>
					<Button name="$parentBuff16" inherits="ArcHUDAuraTemplate" id="16" hidden="true">
						<Anchors>
							<Anchor point="RIGHT" relativeTo="$parentBuff15" relativePoint="LEFT">
								<Offset>
									<AbsDimension x="-1" y="0"/>
								</Offset>
							</Anchor>
						</Anchors>
					</Button>

					<Button name="$parentDeBuff1" inherits="ArcHUDAuraTemplate" id="1" hidden="true">
						<Anchors>
							<Anchor point="TOPLEFT" relativeTo="$parentMPText" relativePoint="BOTTOMLEFT">
								<Offset>
									<AbsDimension x="0" y="-2"/>
								</Offset>
							</Anchor>
						</Anchors>
					</Button>
					<Button name="$parentDeBuff2" inherits="ArcHUDAuraTemplate" id="2" hidden="true">
						<Anchors>
							<Anchor point="LEFT" relativeTo="$parentDeBuff1" relativePoint="RIGHT">
								<Offset>
									<AbsDimension x="-1" y="0"/>
								</Offset>
							</Anchor>
						</Anchors>
					</Button>
					<Button name="$parentDeBuff3" inherits="ArcHUDAuraTemplate" id="3" hidden="true">
						<Anchors>
							<Anchor point="LEFT" relativeTo="$parentDeBuff2" relativePoint="RIGHT">
								<Offset>
									<AbsDimension x="-1" y="0"/>
								</Offset>
							</Anchor>
						</Anchors>
					</Button>
					<Button name="$parentDeBuff4" inherits="ArcHUDAuraTemplate" id="4" hidden="true">
						<Anchors>
							<Anchor point="LEFT" relativeTo="$parentDeBuff3" relativePoint="RIGHT">
								<Offset>
									<AbsDimension x="-1" y="0"/>
								</Offset>
							</Anchor>
						</Anchors>
					</Button>
					<Button name="$parentDeBuff5" inherits="ArcHUDAuraTemplate" id="5" hidden="true">
						<Anchors>
							<Anchor point="LEFT" relativeTo="$parentDeBuff4" relativePoint="RIGHT">
								<Offset>
									<AbsDimension x="-1" y="0"/>
								</Offset>
							</Anchor>
						</Anchors>
					</Button>
					<Button name="$parentDeBuff6" inherits="ArcHUDAuraTemplate" id="6" hidden="true">
						<Anchors>
							<Anchor point="LEFT" relativeTo="$parentDeBuff5" relativePoint="RIGHT">
								<Offset>
									<AbsDimension x="-1" y="0"/>
								</Offset>
							</Anchor>
						</Anchors>
					</Button>
					<Button name="$parentDeBuff7" inherits="ArcHUDAuraTemplate" id="7" hidden="true">
						<Anchors>
							<Anchor point="LEFT" relativeTo="$parentDeBuff6" relativePoint="RIGHT">
								<Offset>
									<AbsDimension x="-1" y="0"/>
								</Offset>
							</Anchor>
						</Anchors>
					</Button>
					<Button name="$parentDeBuff8" inherits="ArcHUDAuraTemplate" id="8" hidden="true">
						<Anchors>
							<Anchor point="LEFT" relativeTo="$parentDeBuff7" relativePoint="RIGHT">
								<Offset>
									<AbsDimension x="-1" y="0"/>
								</Offset>
							</Anchor>
						</Anchors>
					</Button>

					<Button name="$parentDeBuff9" inherits="ArcHUDAuraTemplate" id="9" hidden="true">
						<Anchors>
							<Anchor point="TOPLEFT" relativeTo="$parentDeBuff1" relativePoint="BOTTOMLEFT">
								<Offset>
									<AbsDimension x="0" y="-1"/>
								</Offset>
							</Anchor>
						</Anchors>
					</Button>
					<Button name="$parentDeBuff10" inherits="ArcHUDAuraTemplate" id="10" hidden="true">
						<Anchors>
							<Anchor point="LEFT" relativeTo="$parentDeBuff9" relativePoint="RIGHT">
								<Offset>
									<AbsDimension x="-1" y="0"/>
								</Offset>
							</Anchor>
						</Anchors>
					</Button>
					<Button name="$parentDeBuff11" inherits="ArcHUDAuraTemplate" id="11" hidden="true">
						<Anchors>
							<Anchor point="LEFT" relativeTo="$parentDeBuff10" relativePoint="RIGHT">
								<Offset>
									<AbsDimension x="-1" y="0"/>
								</Offset>
							</Anchor>
						</Anchors>
					</Button>
					<Button name="$parentDeBuff12" inherits="ArcHUDAuraTemplate" id="12" hidden="true">
						<Anchors>
							<Anchor point="LEFT" relativeTo="$parentDeBuff11" relativePoint="RIGHT">
								<Offset>
									<AbsDimension x="-1" y="0"/>
								</Offset>
							</Anchor>
						</Anchors>
					</Button>
					<Button name="$parentDeBuff13" inherits="ArcHUDAuraTemplate" id="13" hidden="true">
						<Anchors>
							<Anchor point="LEFT" relativeTo="$parentDeBuff12" relativePoint="RIGHT">
								<Offset>
									<AbsDimension x="-1" y="0"/>
								</Offset>
							</Anchor>
						</Anchors>
					</Button>
					<Button name="$parentDeBuff14" inherits="ArcHUDAuraTemplate" id="14" hidden="true">
						<Anchors>
							<Anchor point="LEFT" relativeTo="$parentDeBuff13" relativePoint="RIGHT">
								<Offset>
									<AbsDimension x="-1" y="0"/>
								</Offset>
							</Anchor>
						</Anchors>
					</Button>
					<Button name="$parentDeBuff15" inherits="ArcHUDAuraTemplate" id="15" hidden="true">
						<Anchors>
							<Anchor point="LEFT" relativeTo="$parentDeBuff14" relativePoint="RIGHT">
								<Offset>
									<AbsDimension x="-1" y="0"/>
								</Offset>
							</Anchor>
						</Anchors>
					</Button>
					<Button name="$parentDeBuff16" inherits="ArcHUDAuraTemplate" id="16" hidden="true">
						<Anchors>
							<Anchor point="LEFT" relativeTo="$parentDeBuff15" relativePoint="RIGHT">
								<Offset>
									<AbsDimension x="-1" y="0"/>
								</Offset>
							</Anchor>
						</Anchors>
					</Button>
				</Frames>
			</Frame>
		</Frames>
	</Frame>
</Ui>
