<Ui xmlns="http://www.blizzard.com/wow/ui/" xmlns:xsi="http://www.w3.org/2001/XMLSchema-instance" xsi:schemaLocation="http://www.blizzard.com/wow/ui/
C:\Projects\WoW\Bin\Interface\FrameXML\UI.xsd">
	<Script file="localization.lua"/>
	<Script file="localization.ge.lua"/>
	<Script file="localization.fr.lua"/>
	<Script file="CT_UserNoteMap.lua"/>
	<Button name="CT_MapModTitleButtonTemplate" virtual="true">
		<Size>
			<AbsDimension x="170" y="16"/>
		</Size>
		<Scripts>
			<OnLoad>
				this:RegisterForClicks("LeftButtonUp", "RightButtonUp");
				this:SetFrameLevel(this:GetFrameLevel() + 1);
			</OnLoad>
			<OnClick>
				CT_MapMod_TitleButton_OnClick(arg1);
			</OnClick>
		</Scripts>
		<NormalText name="$parentNormalText" inherits="GameFontNormal" justifyH="LEFT" nonspacewrap="true">
			<Size>
				<AbsDimension x="275" y="10"/>
			</Size>
			<Anchors>
				<Anchor point="LEFT">
					<Offset>
						<AbsDimension x="20" y="0"/>
					</Offset>
				</Anchor>
			</Anchors> 
		</NormalText>
		<HighlightText name="$parentHighlightText" inherits="GameFontHighlight" justifyH="LEFT" nonspacewrap="true">
			<Size>
				<AbsDimension x="275" y="10"/>
			</Size>
			<Anchors>
				<Anchor point="LEFT">
					<Offset>
						<AbsDimension x="20" y="0"/>
					</Offset>
				</Anchor>
			</Anchors>
		</HighlightText>
	</Button>
	<EditBox name="CT_MapMod_OptionsEBTemplate" virtual="true">
		<Layers>
			<Layer level="BACKGROUND">
				<Texture name="$parentLeft" file="Interface\ChatFrame\UI-ChatInputBorder-Left">
					<Size>
						<AbsDimension x="65" y="32"/>
					</Size>
					<Anchors>
						<Anchor point="LEFT">
							<Offset>
								<AbsDimension x="-10" y="0"/>
							</Offset>
						</Anchor>
					</Anchors>
					<TexCoords left="0" right="0.2539" top="0" bottom="1.0"/>
				</Texture>
				<Texture name="$parentRight" file="Interface\ChatFrame\UI-ChatInputBorder-Right">
					<Size>
						<AbsDimension x="25" y="32"/>
					</Size>
					<Anchors>
						<Anchor point="RIGHT">
							<Offset>
								<AbsDimension x="10" y="0"/>
							</Offset>
						</Anchor>
					</Anchors>
					<TexCoords left="0.9" right="1.0" top="0" bottom="1.0"/>
				</Texture>
				<Texture file="Interface\ChatFrame\UI-ChatInputBorder-Left">
					<Size>
						<AbsDimension x="5" y="32"/>
					</Size>
					<Anchors>
						<Anchor point="LEFT" relativeTo="$parentLeft" relativePoint="RIGHT">
							<Offset>
								<AbsDimension x="0" y="0"/>
							</Offset>
						</Anchor>
						<Anchor point="RIGHT" relativeTo="$parentRight" relativePoint="LEFT">
							<Offset>
								<AbsDimension x="0" y="0"/>
							</Offset>
						</Anchor>
					</Anchors>
					<TexCoords left="0.29296875" right="1.0" top="0" bottom="1.0"/>
				</Texture>
			</Layer>
		</Layers>
		<FontString inherits="ChatFontNormal"/>
	</EditBox>
	<Button name="CT_UserMap_NoteTemplate" inherits="WorldMapUnitTemplate" virtual="true">
		<Scripts>
			<OnLoad>
				this:RegisterForClicks("LeftButtonUp", "RightButtonUp");
			</OnLoad>
			<OnEnter>
				CT_MapMod_OnNoteOver();
			</OnEnter>
			<OnLeave>
				WorldMapTooltip:Hide();
			</OnLeave>
			<OnClick>
				CT_MapMod_OnClick(arg1);
			</OnClick>
		</Scripts>
	</Button>
	<Button name="$parentCreateNoteOnPlayer" hidden="false" parent="WorldMapFrame" inherits="UIPanelButtonTemplate" text="Create note on player">
		<Size>
			<AbsDimension x="145" y="25"/>
		</Size>
		<Anchors>
			<Anchor point="RIGHT" relativeTo="WorldMapContinentDropDown" relativePoint="LEFT">
				<Offset>
					<AbsDimension x="10" y="3"/>
				</Offset>
			</Anchor>
		</Anchors>
		<Scripts>
			<OnClick>
				CT_MapMod_CreateNoteOnPlayer();
			</OnClick>
		</Scripts>
	</Button>
	<Frame name="CT_UserMapFrame" hidden="false" parent="WorldMapButton" enableMouse="true">
		<Frames>
			<!-- No, I used PHP to print these :) -->
			<Button name="CT_UserMap_Note1" inherits="CT_UserMap_NoteTemplate" hidden="true" id="1"/>
			<Button name="CT_UserMap_Note2" inherits="CT_UserMap_NoteTemplate" hidden="true" id="2"/>
			<Button name="CT_UserMap_Note3" inherits="CT_UserMap_NoteTemplate" hidden="true" id="3"/>
			<Button name="CT_UserMap_Note4" inherits="CT_UserMap_NoteTemplate" hidden="true" id="4"/>
			<Button name="CT_UserMap_Note5" inherits="CT_UserMap_NoteTemplate" hidden="true" id="5"/>
			<Button name="CT_UserMap_Note6" inherits="CT_UserMap_NoteTemplate" hidden="true" id="6"/>
			<Button name="CT_UserMap_Note7" inherits="CT_UserMap_NoteTemplate" hidden="true" id="7"/>
			<Button name="CT_UserMap_Note8" inherits="CT_UserMap_NoteTemplate" hidden="true" id="8"/>
			<Button name="CT_UserMap_Note9" inherits="CT_UserMap_NoteTemplate" hidden="true" id="9"/>
			<Button name="CT_UserMap_Note10" inherits="CT_UserMap_NoteTemplate" hidden="true" id="10"/>
			<Button name="CT_UserMap_Note11" inherits="CT_UserMap_NoteTemplate" hidden="true" id="11"/>
			<Button name="CT_UserMap_Note12" inherits="CT_UserMap_NoteTemplate" hidden="true" id="12"/>
			<Button name="CT_UserMap_Note13" inherits="CT_UserMap_NoteTemplate" hidden="true" id="13"/>
			<Button name="CT_UserMap_Note14" inherits="CT_UserMap_NoteTemplate" hidden="true" id="14"/>
			<Button name="CT_UserMap_Note15" inherits="CT_UserMap_NoteTemplate" hidden="true" id="15"/>
			<Button name="CT_UserMap_Note16" inherits="CT_UserMap_NoteTemplate" hidden="true" id="16"/>
			<Button name="CT_UserMap_Note17" inherits="CT_UserMap_NoteTemplate" hidden="true" id="17"/>
			<Button name="CT_UserMap_Note18" inherits="CT_UserMap_NoteTemplate" hidden="true" id="18"/>
			<Button name="CT_UserMap_Note19" inherits="CT_UserMap_NoteTemplate" hidden="true" id="19"/>
			<Button name="CT_UserMap_Note20" inherits="CT_UserMap_NoteTemplate" hidden="true" id="20"/>
			<Button name="CT_UserMap_Note21" inherits="CT_UserMap_NoteTemplate" hidden="true" id="21"/>
			<Button name="CT_UserMap_Note22" inherits="CT_UserMap_NoteTemplate" hidden="true" id="22"/>
			<Button name="CT_UserMap_Note23" inherits="CT_UserMap_NoteTemplate" hidden="true" id="23"/>
			<Button name="CT_UserMap_Note24" inherits="CT_UserMap_NoteTemplate" hidden="true" id="24"/>
			<Button name="CT_UserMap_Note25" inherits="CT_UserMap_NoteTemplate" hidden="true" id="25"/>
			<Button name="CT_UserMap_Note26" inherits="CT_UserMap_NoteTemplate" hidden="true" id="26"/>
			<Button name="CT_UserMap_Note27" inherits="CT_UserMap_NoteTemplate" hidden="true" id="27"/>
			<Button name="CT_UserMap_Note28" inherits="CT_UserMap_NoteTemplate" hidden="true" id="28"/>
			<Button name="CT_UserMap_Note29" inherits="CT_UserMap_NoteTemplate" hidden="true" id="29"/>
			<Button name="CT_UserMap_Note30" inherits="CT_UserMap_NoteTemplate" hidden="true" id="30"/>
			<Button name="CT_UserMap_Note31" inherits="CT_UserMap_NoteTemplate" hidden="true" id="31"/>
			<Button name="CT_UserMap_Note32" inherits="CT_UserMap_NoteTemplate" hidden="true" id="32"/>
			<Button name="CT_UserMap_Note33" inherits="CT_UserMap_NoteTemplate" hidden="true" id="33"/>
			<Button name="CT_UserMap_Note34" inherits="CT_UserMap_NoteTemplate" hidden="true" id="34"/>
			<Button name="CT_UserMap_Note35" inherits="CT_UserMap_NoteTemplate" hidden="true" id="35"/>
			<Button name="CT_UserMap_Note36" inherits="CT_UserMap_NoteTemplate" hidden="true" id="36"/>
			<Button name="CT_UserMap_Note37" inherits="CT_UserMap_NoteTemplate" hidden="true" id="37"/>
			<Button name="CT_UserMap_Note38" inherits="CT_UserMap_NoteTemplate" hidden="true" id="38"/>
			<Button name="CT_UserMap_Note39" inherits="CT_UserMap_NoteTemplate" hidden="true" id="39"/>
			<Button name="CT_UserMap_Note40" inherits="CT_UserMap_NoteTemplate" hidden="true" id="40"/>
			<Button name="CT_UserMap_Note41" inherits="CT_UserMap_NoteTemplate" hidden="true" id="41"/>
			<Button name="CT_UserMap_Note42" inherits="CT_UserMap_NoteTemplate" hidden="true" id="42"/>
			<Button name="CT_UserMap_Note43" inherits="CT_UserMap_NoteTemplate" hidden="true" id="43"/>
			<Button name="CT_UserMap_Note44" inherits="CT_UserMap_NoteTemplate" hidden="true" id="44"/>
			<Button name="CT_UserMap_Note45" inherits="CT_UserMap_NoteTemplate" hidden="true" id="45"/>
			<Button name="CT_UserMap_Note46" inherits="CT_UserMap_NoteTemplate" hidden="true" id="46"/>
			<Button name="CT_UserMap_Note47" inherits="CT_UserMap_NoteTemplate" hidden="true" id="47"/>
			<Button name="CT_UserMap_Note48" inherits="CT_UserMap_NoteTemplate" hidden="true" id="48"/>
			<Button name="CT_UserMap_Note49" inherits="CT_UserMap_NoteTemplate" hidden="true" id="49"/>
			<Button name="CT_UserMap_Note50" inherits="CT_UserMap_NoteTemplate" hidden="true" id="50"/>
			<Button name="CT_UserMap_Note51" inherits="CT_UserMap_NoteTemplate" hidden="true" id="51"/>
			<Button name="CT_UserMap_Note52" inherits="CT_UserMap_NoteTemplate" hidden="true" id="52"/>
			<Button name="CT_UserMap_Note53" inherits="CT_UserMap_NoteTemplate" hidden="true" id="53"/>
			<Button name="CT_UserMap_Note54" inherits="CT_UserMap_NoteTemplate" hidden="true" id="54"/>
			<Button name="CT_UserMap_Note55" inherits="CT_UserMap_NoteTemplate" hidden="true" id="55"/>
			<Button name="CT_UserMap_Note56" inherits="CT_UserMap_NoteTemplate" hidden="true" id="56"/>
			<Button name="CT_UserMap_Note57" inherits="CT_UserMap_NoteTemplate" hidden="true" id="57"/>
			<Button name="CT_UserMap_Note58" inherits="CT_UserMap_NoteTemplate" hidden="true" id="58"/>
			<Button name="CT_UserMap_Note59" inherits="CT_UserMap_NoteTemplate" hidden="true" id="59"/>
			<Button name="CT_UserMap_Note60" inherits="CT_UserMap_NoteTemplate" hidden="true" id="60"/>
			<Button name="CT_UserMap_Note61" inherits="CT_UserMap_NoteTemplate" hidden="true" id="61"/>
			<Button name="CT_UserMap_Note62" inherits="CT_UserMap_NoteTemplate" hidden="true" id="62"/>
			<Button name="CT_UserMap_Note63" inherits="CT_UserMap_NoteTemplate" hidden="true" id="63"/>
			<Button name="CT_UserMap_Note64" inherits="CT_UserMap_NoteTemplate" hidden="true" id="64"/>
			<Button name="CT_UserMap_Note65" inherits="CT_UserMap_NoteTemplate" hidden="true" id="65"/>
			<Button name="CT_UserMap_Note66" inherits="CT_UserMap_NoteTemplate" hidden="true" id="66"/>
			<Button name="CT_UserMap_Note67" inherits="CT_UserMap_NoteTemplate" hidden="true" id="67"/>
			<Button name="CT_UserMap_Note68" inherits="CT_UserMap_NoteTemplate" hidden="true" id="68"/>
			<Button name="CT_UserMap_Note69" inherits="CT_UserMap_NoteTemplate" hidden="true" id="69"/>
			<Button name="CT_UserMap_Note70" inherits="CT_UserMap_NoteTemplate" hidden="true" id="70"/>
			<Button name="CT_UserMap_Note71" inherits="CT_UserMap_NoteTemplate" hidden="true" id="71"/>
			<Button name="CT_UserMap_Note72" inherits="CT_UserMap_NoteTemplate" hidden="true" id="72"/>
			<Button name="CT_UserMap_Note73" inherits="CT_UserMap_NoteTemplate" hidden="true" id="73"/>
			<Button name="CT_UserMap_Note74" inherits="CT_UserMap_NoteTemplate" hidden="true" id="74"/>
			<Button name="CT_UserMap_Note75" inherits="CT_UserMap_NoteTemplate" hidden="true" id="75"/>
			<Button name="CT_UserMap_Note76" inherits="CT_UserMap_NoteTemplate" hidden="true" id="76"/>
			<Button name="CT_UserMap_Note77" inherits="CT_UserMap_NoteTemplate" hidden="true" id="77"/>
			<Button name="CT_UserMap_Note78" inherits="CT_UserMap_NoteTemplate" hidden="true" id="78"/>
			<Button name="CT_UserMap_Note79" inherits="CT_UserMap_NoteTemplate" hidden="true" id="79"/>
			<Button name="CT_UserMap_Note80" inherits="CT_UserMap_NoteTemplate" hidden="true" id="80"/>
			<Button name="CT_UserMap_Note81" inherits="CT_UserMap_NoteTemplate" hidden="true" id="81"/>
			<Button name="CT_UserMap_Note82" inherits="CT_UserMap_NoteTemplate" hidden="true" id="82"/>
			<Button name="CT_UserMap_Note83" inherits="CT_UserMap_NoteTemplate" hidden="true" id="83"/>
			<Button name="CT_UserMap_Note84" inherits="CT_UserMap_NoteTemplate" hidden="true" id="84"/>
			<Button name="CT_UserMap_Note85" inherits="CT_UserMap_NoteTemplate" hidden="true" id="85"/>
			<Button name="CT_UserMap_Note86" inherits="CT_UserMap_NoteTemplate" hidden="true" id="86"/>
			<Button name="CT_UserMap_Note87" inherits="CT_UserMap_NoteTemplate" hidden="true" id="87"/>
			<Button name="CT_UserMap_Note88" inherits="CT_UserMap_NoteTemplate" hidden="true" id="88"/>
			<Button name="CT_UserMap_Note89" inherits="CT_UserMap_NoteTemplate" hidden="true" id="89"/>
			<Button name="CT_UserMap_Note90" inherits="CT_UserMap_NoteTemplate" hidden="true" id="90"/>
			<Button name="CT_UserMap_Note91" inherits="CT_UserMap_NoteTemplate" hidden="true" id="91"/>
			<Button name="CT_UserMap_Note92" inherits="CT_UserMap_NoteTemplate" hidden="true" id="92"/>
			<Button name="CT_UserMap_Note93" inherits="CT_UserMap_NoteTemplate" hidden="true" id="93"/>
			<Button name="CT_UserMap_Note94" inherits="CT_UserMap_NoteTemplate" hidden="true" id="94"/>
			<Button name="CT_UserMap_Note95" inherits="CT_UserMap_NoteTemplate" hidden="true" id="95"/>
			<Button name="CT_UserMap_Note96" inherits="CT_UserMap_NoteTemplate" hidden="true" id="96"/>
			<Button name="CT_UserMap_Note97" inherits="CT_UserMap_NoteTemplate" hidden="true" id="97"/>
			<Button name="CT_UserMap_Note98" inherits="CT_UserMap_NoteTemplate" hidden="true" id="98"/>
			<Button name="CT_UserMap_Note99" inherits="CT_UserMap_NoteTemplate" hidden="true" id="99"/>
			<Button name="CT_UserMap_Note100" inherits="CT_UserMap_NoteTemplate" hidden="true" id="100"/>
			<Button name="CT_UserMap_Note101" inherits="CT_UserMap_NoteTemplate" hidden="true" id="101"/>
			<Button name="CT_UserMap_Note102" inherits="CT_UserMap_NoteTemplate" hidden="true" id="102"/>
			<Button name="CT_UserMap_Note103" inherits="CT_UserMap_NoteTemplate" hidden="true" id="103"/>
			<Button name="CT_UserMap_Note104" inherits="CT_UserMap_NoteTemplate" hidden="true" id="104"/>
			<Button name="CT_UserMap_Note105" inherits="CT_UserMap_NoteTemplate" hidden="true" id="105"/>
			<Button name="CT_UserMap_Note106" inherits="CT_UserMap_NoteTemplate" hidden="true" id="106"/>
			<Button name="CT_UserMap_Note107" inherits="CT_UserMap_NoteTemplate" hidden="true" id="107"/>
			<Button name="CT_UserMap_Note108" inherits="CT_UserMap_NoteTemplate" hidden="true" id="108"/>
			<Button name="CT_UserMap_Note109" inherits="CT_UserMap_NoteTemplate" hidden="true" id="109"/>
			<Button name="CT_UserMap_Note110" inherits="CT_UserMap_NoteTemplate" hidden="true" id="110"/>
			<Button name="CT_UserMap_Note111" inherits="CT_UserMap_NoteTemplate" hidden="true" id="111"/>
			<Button name="CT_UserMap_Note112" inherits="CT_UserMap_NoteTemplate" hidden="true" id="112"/>
			<Button name="CT_UserMap_Note113" inherits="CT_UserMap_NoteTemplate" hidden="true" id="113"/>
			<Button name="CT_UserMap_Note114" inherits="CT_UserMap_NoteTemplate" hidden="true" id="114"/>
			<Button name="CT_UserMap_Note115" inherits="CT_UserMap_NoteTemplate" hidden="true" id="115"/>
			<Button name="CT_UserMap_Note116" inherits="CT_UserMap_NoteTemplate" hidden="true" id="116"/>
			<Button name="CT_UserMap_Note117" inherits="CT_UserMap_NoteTemplate" hidden="true" id="117"/>
			<Button name="CT_UserMap_Note118" inherits="CT_UserMap_NoteTemplate" hidden="true" id="118"/>
			<Button name="CT_UserMap_Note119" inherits="CT_UserMap_NoteTemplate" hidden="true" id="119"/>
			<Button name="CT_UserMap_Note120" inherits="CT_UserMap_NoteTemplate" hidden="true" id="120"/>
			<Button name="CT_UserMap_Note121" inherits="CT_UserMap_NoteTemplate" hidden="true" id="121"/>
			<Button name="CT_UserMap_Note122" inherits="CT_UserMap_NoteTemplate" hidden="true" id="122"/>
			<Button name="CT_UserMap_Note123" inherits="CT_UserMap_NoteTemplate" hidden="true" id="123"/>
			<Button name="CT_UserMap_Note124" inherits="CT_UserMap_NoteTemplate" hidden="true" id="124"/>
			<Button name="CT_UserMap_Note125" inherits="CT_UserMap_NoteTemplate" hidden="true" id="125"/>
			<Button name="CT_UserMap_Note126" inherits="CT_UserMap_NoteTemplate" hidden="true" id="126"/>
			<Button name="CT_UserMap_Note127" inherits="CT_UserMap_NoteTemplate" hidden="true" id="127"/>
			<Button name="CT_UserMap_Note128" inherits="CT_UserMap_NoteTemplate" hidden="true" id="128"/>
			<Button name="CT_UserMap_Note129" inherits="CT_UserMap_NoteTemplate" hidden="true" id="129"/>
			<Button name="CT_UserMap_Note130" inherits="CT_UserMap_NoteTemplate" hidden="true" id="130"/>
			<Button name="CT_UserMap_Note131" inherits="CT_UserMap_NoteTemplate" hidden="true" id="131"/>
			<Button name="CT_UserMap_Note132" inherits="CT_UserMap_NoteTemplate" hidden="true" id="132"/>
			<Button name="CT_UserMap_Note133" inherits="CT_UserMap_NoteTemplate" hidden="true" id="133"/>
			<Button name="CT_UserMap_Note134" inherits="CT_UserMap_NoteTemplate" hidden="true" id="134"/>
			<Button name="CT_UserMap_Note135" inherits="CT_UserMap_NoteTemplate" hidden="true" id="135"/>
			<Button name="CT_UserMap_Note136" inherits="CT_UserMap_NoteTemplate" hidden="true" id="136"/>
			<Button name="CT_UserMap_Note137" inherits="CT_UserMap_NoteTemplate" hidden="true" id="137"/>
			<Button name="CT_UserMap_Note138" inherits="CT_UserMap_NoteTemplate" hidden="true" id="138"/>
			<Button name="CT_UserMap_Note139" inherits="CT_UserMap_NoteTemplate" hidden="true" id="139"/>
			<Button name="CT_UserMap_Note140" inherits="CT_UserMap_NoteTemplate" hidden="true" id="140"/>
			<Button name="CT_UserMap_Note141" inherits="CT_UserMap_NoteTemplate" hidden="true" id="141"/>
			<Button name="CT_UserMap_Note142" inherits="CT_UserMap_NoteTemplate" hidden="true" id="142"/>
			<Button name="CT_UserMap_Note143" inherits="CT_UserMap_NoteTemplate" hidden="true" id="143"/>
			<Button name="CT_UserMap_Note144" inherits="CT_UserMap_NoteTemplate" hidden="true" id="144"/>
			<Button name="CT_UserMap_Note145" inherits="CT_UserMap_NoteTemplate" hidden="true" id="145"/>
			<Button name="CT_UserMap_Note146" inherits="CT_UserMap_NoteTemplate" hidden="true" id="146"/>
			<Button name="CT_UserMap_Note147" inherits="CT_UserMap_NoteTemplate" hidden="true" id="147"/>
			<Button name="CT_UserMap_Note148" inherits="CT_UserMap_NoteTemplate" hidden="true" id="148"/>
			<Button name="CT_UserMap_Note149" inherits="CT_UserMap_NoteTemplate" hidden="true" id="149"/>
			<Button name="CT_UserMap_Note150" inherits="CT_UserMap_NoteTemplate" hidden="true" id="150"/>
			<Button name="CT_UserMap_Note151" inherits="CT_UserMap_NoteTemplate" hidden="true" id="151"/>
			<Button name="CT_UserMap_Note152" inherits="CT_UserMap_NoteTemplate" hidden="true" id="152"/>
			<Button name="CT_UserMap_Note153" inherits="CT_UserMap_NoteTemplate" hidden="true" id="153"/>
			<Button name="CT_UserMap_Note154" inherits="CT_UserMap_NoteTemplate" hidden="true" id="154"/>
			<Button name="CT_UserMap_Note155" inherits="CT_UserMap_NoteTemplate" hidden="true" id="155"/>
			<Button name="CT_UserMap_Note156" inherits="CT_UserMap_NoteTemplate" hidden="true" id="156"/>
			<Button name="CT_UserMap_Note157" inherits="CT_UserMap_NoteTemplate" hidden="true" id="157"/>
			<Button name="CT_UserMap_Note158" inherits="CT_UserMap_NoteTemplate" hidden="true" id="158"/>
			<Button name="CT_UserMap_Note159" inherits="CT_UserMap_NoteTemplate" hidden="true" id="159"/>
			<Button name="CT_UserMap_Note160" inherits="CT_UserMap_NoteTemplate" hidden="true" id="160"/>
			<Button name="CT_UserMap_Note161" inherits="CT_UserMap_NoteTemplate" hidden="true" id="161"/>
			<Button name="CT_UserMap_Note162" inherits="CT_UserMap_NoteTemplate" hidden="true" id="162"/>
			<Button name="CT_UserMap_Note163" inherits="CT_UserMap_NoteTemplate" hidden="true" id="163"/>
			<Button name="CT_UserMap_Note164" inherits="CT_UserMap_NoteTemplate" hidden="true" id="164"/>
			<Button name="CT_UserMap_Note165" inherits="CT_UserMap_NoteTemplate" hidden="true" id="165"/>
			<Button name="CT_UserMap_Note166" inherits="CT_UserMap_NoteTemplate" hidden="true" id="166"/>
			<Button name="CT_UserMap_Note167" inherits="CT_UserMap_NoteTemplate" hidden="true" id="167"/>
			<Button name="CT_UserMap_Note168" inherits="CT_UserMap_NoteTemplate" hidden="true" id="168"/>
			<Button name="CT_UserMap_Note169" inherits="CT_UserMap_NoteTemplate" hidden="true" id="169"/>
			<Button name="CT_UserMap_Note170" inherits="CT_UserMap_NoteTemplate" hidden="true" id="170"/>
			<Button name="CT_UserMap_Note171" inherits="CT_UserMap_NoteTemplate" hidden="true" id="171"/>
			<Button name="CT_UserMap_Note172" inherits="CT_UserMap_NoteTemplate" hidden="true" id="172"/>
			<Button name="CT_UserMap_Note173" inherits="CT_UserMap_NoteTemplate" hidden="true" id="173"/>
			<Button name="CT_UserMap_Note174" inherits="CT_UserMap_NoteTemplate" hidden="true" id="174"/>
			<Button name="CT_UserMap_Note175" inherits="CT_UserMap_NoteTemplate" hidden="true" id="175"/>
			<Button name="CT_UserMap_Note176" inherits="CT_UserMap_NoteTemplate" hidden="true" id="176"/>
			<Button name="CT_UserMap_Note177" inherits="CT_UserMap_NoteTemplate" hidden="true" id="177"/>
			<Button name="CT_UserMap_Note178" inherits="CT_UserMap_NoteTemplate" hidden="true" id="178"/>
			<Button name="CT_UserMap_Note179" inherits="CT_UserMap_NoteTemplate" hidden="true" id="179"/>
			<Button name="CT_UserMap_Note180" inherits="CT_UserMap_NoteTemplate" hidden="true" id="180"/>
			<Button name="CT_UserMap_Note181" inherits="CT_UserMap_NoteTemplate" hidden="true" id="181"/>
			<Button name="CT_UserMap_Note182" inherits="CT_UserMap_NoteTemplate" hidden="true" id="182"/>
			<Button name="CT_UserMap_Note183" inherits="CT_UserMap_NoteTemplate" hidden="true" id="183"/>
			<Button name="CT_UserMap_Note184" inherits="CT_UserMap_NoteTemplate" hidden="true" id="184"/>
			<Button name="CT_UserMap_Note185" inherits="CT_UserMap_NoteTemplate" hidden="true" id="185"/>
			<Button name="CT_UserMap_Note186" inherits="CT_UserMap_NoteTemplate" hidden="true" id="186"/>
			<Button name="CT_UserMap_Note187" inherits="CT_UserMap_NoteTemplate" hidden="true" id="187"/>
			<Button name="CT_UserMap_Note188" inherits="CT_UserMap_NoteTemplate" hidden="true" id="188"/>
			<Button name="CT_UserMap_Note189" inherits="CT_UserMap_NoteTemplate" hidden="true" id="189"/>
			<Button name="CT_UserMap_Note190" inherits="CT_UserMap_NoteTemplate" hidden="true" id="190"/>
			<Button name="CT_UserMap_Note191" inherits="CT_UserMap_NoteTemplate" hidden="true" id="191"/>
			<Button name="CT_UserMap_Note192" inherits="CT_UserMap_NoteTemplate" hidden="true" id="192"/>
			<Button name="CT_UserMap_Note193" inherits="CT_UserMap_NoteTemplate" hidden="true" id="193"/>
			<Button name="CT_UserMap_Note194" inherits="CT_UserMap_NoteTemplate" hidden="true" id="194"/>
			<Button name="CT_UserMap_Note195" inherits="CT_UserMap_NoteTemplate" hidden="true" id="195"/>
			<Button name="CT_UserMap_Note196" inherits="CT_UserMap_NoteTemplate" hidden="true" id="196"/>
			<Button name="CT_UserMap_Note197" inherits="CT_UserMap_NoteTemplate" hidden="true" id="197"/>
			<Button name="CT_UserMap_Note198" inherits="CT_UserMap_NoteTemplate" hidden="true" id="198"/>
			<Button name="CT_UserMap_Note199" inherits="CT_UserMap_NoteTemplate" hidden="true" id="199"/>
			<Button name="CT_UserMap_Note200" inherits="CT_UserMap_NoteTemplate" hidden="true" id="200"/>
			<Button name="CT_UserMap_Note201" inherits="CT_UserMap_NoteTemplate" hidden="true" id="201"/>
			<Button name="CT_UserMap_Note202" inherits="CT_UserMap_NoteTemplate" hidden="true" id="202"/>
			<Button name="CT_UserMap_Note203" inherits="CT_UserMap_NoteTemplate" hidden="true" id="203"/>
			<Button name="CT_UserMap_Note204" inherits="CT_UserMap_NoteTemplate" hidden="true" id="204"/>
			<Button name="CT_UserMap_Note205" inherits="CT_UserMap_NoteTemplate" hidden="true" id="205"/>
			<Button name="CT_UserMap_Note206" inherits="CT_UserMap_NoteTemplate" hidden="true" id="206"/>
			<Button name="CT_UserMap_Note207" inherits="CT_UserMap_NoteTemplate" hidden="true" id="207"/>
			<Button name="CT_UserMap_Note208" inherits="CT_UserMap_NoteTemplate" hidden="true" id="208"/>
			<Button name="CT_UserMap_Note209" inherits="CT_UserMap_NoteTemplate" hidden="true" id="209"/>
			<Button name="CT_UserMap_Note210" inherits="CT_UserMap_NoteTemplate" hidden="true" id="210"/>
			<Button name="CT_UserMap_Note211" inherits="CT_UserMap_NoteTemplate" hidden="true" id="211"/>
			<Button name="CT_UserMap_Note212" inherits="CT_UserMap_NoteTemplate" hidden="true" id="212"/>
			<Button name="CT_UserMap_Note213" inherits="CT_UserMap_NoteTemplate" hidden="true" id="213"/>
			<Button name="CT_UserMap_Note214" inherits="CT_UserMap_NoteTemplate" hidden="true" id="214"/>
			<Button name="CT_UserMap_Note215" inherits="CT_UserMap_NoteTemplate" hidden="true" id="215"/>
			<Button name="CT_UserMap_Note216" inherits="CT_UserMap_NoteTemplate" hidden="true" id="216"/>
			<Button name="CT_UserMap_Note217" inherits="CT_UserMap_NoteTemplate" hidden="true" id="217"/>
			<Button name="CT_UserMap_Note218" inherits="CT_UserMap_NoteTemplate" hidden="true" id="218"/>
			<Button name="CT_UserMap_Note219" inherits="CT_UserMap_NoteTemplate" hidden="true" id="219"/>
			<Button name="CT_UserMap_Note220" inherits="CT_UserMap_NoteTemplate" hidden="true" id="220"/>
			<Button name="CT_UserMap_Note221" inherits="CT_UserMap_NoteTemplate" hidden="true" id="221"/>
			<Button name="CT_UserMap_Note222" inherits="CT_UserMap_NoteTemplate" hidden="true" id="222"/>
			<Button name="CT_UserMap_Note223" inherits="CT_UserMap_NoteTemplate" hidden="true" id="223"/>
			<Button name="CT_UserMap_Note224" inherits="CT_UserMap_NoteTemplate" hidden="true" id="224"/>
			<Button name="CT_UserMap_Note225" inherits="CT_UserMap_NoteTemplate" hidden="true" id="225"/>
			<Button name="CT_UserMap_Note226" inherits="CT_UserMap_NoteTemplate" hidden="true" id="226"/>
			<Button name="CT_UserMap_Note227" inherits="CT_UserMap_NoteTemplate" hidden="true" id="227"/>
			<Button name="CT_UserMap_Note228" inherits="CT_UserMap_NoteTemplate" hidden="true" id="228"/>
			<Button name="CT_UserMap_Note229" inherits="CT_UserMap_NoteTemplate" hidden="true" id="229"/>
			<Button name="CT_UserMap_Note230" inherits="CT_UserMap_NoteTemplate" hidden="true" id="230"/>
			<Button name="CT_UserMap_Note231" inherits="CT_UserMap_NoteTemplate" hidden="true" id="231"/>
			<Button name="CT_UserMap_Note232" inherits="CT_UserMap_NoteTemplate" hidden="true" id="232"/>
			<Button name="CT_UserMap_Note233" inherits="CT_UserMap_NoteTemplate" hidden="true" id="233"/>
			<Button name="CT_UserMap_Note234" inherits="CT_UserMap_NoteTemplate" hidden="true" id="234"/>
			<Button name="CT_UserMap_Note235" inherits="CT_UserMap_NoteTemplate" hidden="true" id="235"/>
			<Button name="CT_UserMap_Note236" inherits="CT_UserMap_NoteTemplate" hidden="true" id="236"/>
			<Button name="CT_UserMap_Note237" inherits="CT_UserMap_NoteTemplate" hidden="true" id="237"/>
			<Button name="CT_UserMap_Note238" inherits="CT_UserMap_NoteTemplate" hidden="true" id="238"/>
			<Button name="CT_UserMap_Note239" inherits="CT_UserMap_NoteTemplate" hidden="true" id="239"/>
			<Button name="CT_UserMap_Note240" inherits="CT_UserMap_NoteTemplate" hidden="true" id="240"/>
			<Button name="CT_UserMap_Note241" inherits="CT_UserMap_NoteTemplate" hidden="true" id="241"/>
			<Button name="CT_UserMap_Note242" inherits="CT_UserMap_NoteTemplate" hidden="true" id="242"/>
			<Button name="CT_UserMap_Note243" inherits="CT_UserMap_NoteTemplate" hidden="true" id="243"/>
			<Button name="CT_UserMap_Note244" inherits="CT_UserMap_NoteTemplate" hidden="true" id="244"/>
			<Button name="CT_UserMap_Note245" inherits="CT_UserMap_NoteTemplate" hidden="true" id="245"/>
			<Button name="CT_UserMap_Note246" inherits="CT_UserMap_NoteTemplate" hidden="true" id="246"/>
			<Button name="CT_UserMap_Note247" inherits="CT_UserMap_NoteTemplate" hidden="true" id="247"/>
			<Button name="CT_UserMap_Note248" inherits="CT_UserMap_NoteTemplate" hidden="true" id="248"/>
			<Button name="CT_UserMap_Note249" inherits="CT_UserMap_NoteTemplate" hidden="true" id="249"/>
			<Button name="CT_UserMap_Note250" inherits="CT_UserMap_NoteTemplate" hidden="true" id="250"/>
		</Frames>
		<Scripts>
			<OnLoad>
				this:RegisterEvent("VARIABLES_LOADED");
			</OnLoad>
			<OnEvent>
				CT_MapMod_UpdateOldNotes();
			</OnEvent>
		</Scripts>
	</Frame>
	<Frame name="CT_UserMap_OptionsMenu" enableMouse="true" hidden="true" parent="WorldMapButton">
		<Size>
			<AbsDimension x="450" y="225"/>
		</Size>
		<Anchors>
			<Anchor point="CENTER"/>
		</Anchors>
		<Backdrop bgFile="Interface\DialogFrame\UI-DialogBox-Background" edgeFile="Interface\DialogFrame\UI-DialogBox-Border" tile="true">
			<BackgroundInsets>
				<AbsInset left="11" right="12" top="12" bottom="11"/>
			</BackgroundInsets>
			<TileSize>
				<AbsValue val="32"/>
			</TileSize>
			<EdgeSize>
				<AbsValue val="32"/>
			</EdgeSize>
		</Backdrop>
		<Anchors>
			<Anchor point="CENTER" relativeTo="WorldMapDetailFrame" relativePoint="CENTER">
				<Offset>
					<AbsDimension x="0" y="0"/>
				</Offset>
			</Anchor>
		</Anchors>
		<Layers>
			<Layer level="ARTWORK">
				<Texture name="$parentHeaderTexture" file="Interface\DialogFrame\UI-DialogBox-Header">
					<Size>
						<AbsDimension x="256" y="64"/>
					</Size>
					<Anchors>
						<Anchor point="TOP">
							<Offset>
								<AbsDimension x="0" y="12"/>
							</Offset>
						</Anchor>
					</Anchors>
				</Texture>
				<FontString name="CT_UserMap_OptionsMenuTitle" inherits="GameFontNormal">
					<Anchors>
						<Anchor point="TOP" relativeTo="$parentHeaderTexture">
							<Offset>
								<AbsDimension x="0" y="-14"/>
							</Offset>
						</Anchor>
					</Anchors>
				</FontString>
				<FontString name="CT_UserMap_OptionsMenuNameText" inherits="GameFontNormal">
					<Anchors>
						<Anchor point="TOPLEFT" relativePoint="TOPLEFT">
							<Offset>
								<AbsDimension x="25" y="-35"/>
							</Offset>
						</Anchor>
					</Anchors>
				</FontString>
				<FontString name="CT_UserMap_OptionsMenuDescriptText" inherits="GameFontNormal">
					<Anchors>
						<Anchor point="TOPLEFT" relativePoint="TOPLEFT" relativeTo="$parentNameText">
							<Offset>
								<AbsDimension x="0" y="-28"/>
							</Offset>
						</Anchor>
					</Anchors>
				</FontString>
				<FontString name="CT_UserMap_OptionsMenuGroupText" inherits="GameFontNormal">
					<Anchors>
						<Anchor point="TOPLEFT" relativePoint="TOPLEFT" relativeTo="$parentDescriptText">
							<Offset>
								<AbsDimension x="0" y="-45"/>
							</Offset>
						</Anchor>
					</Anchors>
				</FontString>
				<FontString name="CT_UserMap_OptionsMenuSendText" inherits="GameFontNormal">
					<Anchors>
						<Anchor point="TOPLEFT" relativePoint="TOPLEFT" relativeTo="$parentGroupText">
							<Offset>
								<AbsDimension x="0" y="-45"/>
							</Offset>
						</Anchor>
					</Anchors>
				</FontString>
			</Layer>
		</Layers>
		<Frames>
			<Button name="$parentOkayButton" hidden="false" inherits="GameMenuButtonTemplate">
				<Size>
					<AbsDimension x="80" y="25"/>
				</Size>
				<Anchors>
					<Anchor point="BOTTOMRIGHT" relativePoint="BOTTOM">
						<Offset>
							<AbsDimension x="-42" y="12"/>
						</Offset>
					</Anchor>
				</Anchors>
				<Scripts>
					<OnClick>
						CT_MapMod_UpdateNote();
						this:GetParent():Hide();
					</OnClick>
				</Scripts>
			</Button>
			<Button name="$parentCancelButton" hidden="false" inherits="GameMenuButtonTemplate">
				<Size>
					<AbsDimension x="80" y="25"/>
				</Size>
				<Anchors>
					<Anchor point="BOTTOM" relativePoint="BOTTOM">
						<Offset>
							<AbsDimension x="0" y="12"/>
						</Offset>
					</Anchor>
				</Anchors>
				<Scripts>
					<OnClick>
						this:GetParent():Hide();
					</OnClick>
				</Scripts>
			</Button>
			<Button name="$parentDeleteButton" hidden="false" inherits="GameMenuButtonTemplate">
				<Size>
					<AbsDimension x="80" y="25"/>
				</Size>
				<Anchors>
					<Anchor point="BOTTOMLEFT" relativePoint="BOTTOM">
						<Offset>
							<AbsDimension x="42" y="12"/>
						</Offset>
					</Anchor>
				</Anchors>
				<Scripts>
					<OnClick>
						CT_MapMod_DeleteNote();
						this:GetParent():Hide();
					</OnClick>
				</Scripts>
			</Button>
			<EditBox name="$parentNameEB" inherits="CT_MapMod_OptionsEBTemplate" historyLines="0" letters="50">
				<Size>
					<AbsDimension x="200" y="32"/>
				</Size>
				<Anchors>
					<Anchor point="LEFT" relativePoint="LEFT" relativeTo="$parentNameText">
						<Offset>
							<AbsDimension x="100" y="0"/>
						</Offset>
					</Anchor>
				</Anchors>
				<Scripts>
					<OnTabPressed>
						getglobal(this:GetParent():GetName() .. "DescriptEB"):SetFocus();
					</OnTabPressed>
					<OnEscapePressed>
						this:GetParent():Hide();
					</OnEscapePressed>
					<OnEnterPressed>
						CT_MapMod_UpdateNote();
						this:GetParent():Hide();
					</OnEnterPressed>
				</Scripts>
			</EditBox>
			<EditBox name="$parentDescriptEB" inherits="CT_MapMod_OptionsEBTemplate" historyLines="0" letters="200">
				<Size>
					<AbsDimension x="200" y="32"/>
				</Size>
				<Anchors>
					<Anchor point="LEFT" relativePoint="LEFT" relativeTo="$parentDescriptText">
						<Offset>
							<AbsDimension x="100" y="0"/>
						</Offset>
					</Anchor>
				</Anchors>
				<Scripts>
					<OnTabPressed>
						getglobal(this:GetParent():GetName() .. "SendEB"):SetFocus();
					</OnTabPressed>
					<OnEscapePressed>
						this:GetParent():Hide();
					</OnEscapePressed>
					<OnEnterPressed>
						CT_MapMod_UpdateNote();
						this:GetParent():Hide();
					</OnEnterPressed>
				</Scripts>
			</EditBox>
			<EditBox name="$parentSendEB" inherits="CT_MapMod_OptionsEBTemplate" historyLines="0" letters="100">
				<Size>
					<AbsDimension x="200" y="32"/>
				</Size>
				<Anchors>
					<Anchor point="LEFT" relativePoint="LEFT" relativeTo="$parentSendText">
						<Offset>
							<AbsDimension x="100" y="0"/>
						</Offset>
					</Anchor>
				</Anchors>
				<Scripts>
					<OnTextChanged>
						if ( this.lastsend == this:GetText() or this:GetText() == "" ) then
							getglobal(this:GetParent():GetName() .. "SendButton"):Disable();
						else
							getglobal(this:GetParent():GetName() .. "SendButton"):Enable();
						end
						this.lastsend = "";
					</OnTextChanged>
					<OnTabPressed>
						getglobal(this:GetParent():GetName() .. "NameEB"):SetFocus();
					</OnTabPressed>
					<OnEscapePressed>
						this:GetParent():Hide();
					</OnEscapePressed>
				</Scripts>
			</EditBox>
			<Frame name="$parentGroupDropDown" inherits="UIDropDownMenuTemplate" hidden="false">
				<Size>
					<AbsDimension x="128" y="16"/>
				</Size>
				<Anchors>
					<Anchor point="LEFT" relativePoint="LEFT" relativeTo="$parentGroupText">
						<Offset>
							<AbsDimension x="80" y="-3"/>
						</Offset>
					</Anchor>
				</Anchors>
				<Scripts>
					<OnShow>
						--CT_MapModDropDown_OnShow();
					</OnShow>
					<OnLoad>
						CT_MapModDropDown_OnLoad();
					</OnLoad>
				</Scripts>
			</Frame>
			<Button name="$parentEditButton" hidden="true" inherits="GameMenuButtonTemplate">
				<Size>
					<AbsDimension x="90" y="25"/>
				</Size>
				<Anchors>
					<Anchor point="LEFT" relativePoint="RIGHT" relativeTo="$parentGroupDropDown">
						<Offset>
							<AbsDimension x="16" y="0"/>
						</Offset>
					</Anchor>
				</Anchors>
				<Scripts>
					<OnClick>
						CT_MapMod_ShowEditGroups();
					</OnClick>
				</Scripts>
			</Button>
			<Button name="$parentSendButton" hidden="false" inherits="GameMenuButtonTemplate">
				<Size>
					<AbsDimension x="80" y="25"/>
				</Size>
				<Anchors>
					<Anchor point="LEFT" relativePoint="RIGHT" relativeTo="$parentSendEB">
						<Offset>
							<AbsDimension x="15" y="0"/>
						</Offset>
					</Anchor>
				</Anchors>
				<Scripts>
					<OnClick>
						CT_MapMod_SendNote();
					</OnClick>
				</Scripts>
			</Button>
		</Frames>
		<Scripts>
			<OnShow>
				CT_MapMod_OptionsMenu_OnShow();
				CT_MapModDropDown_OnShow();
			</OnShow>
			<OnHide>
				PlaySound("UChatScrollButton");
				CT_UserMapFrame:Show();
			</OnHide>
			<OnLoad>
				this.note = -1;
				CT_MapMod_OnLoad();
			</OnLoad>
		</Scripts>
	</Frame>
	<Frame name="CT_UserMap_OptionsMenuEditGroups" enableMouse="true" hidden="true" parent="CT_UserMap_OptionsMenu">
		<Size>
			<AbsDimension x="300" y="200"/>
		</Size>
		<Anchors>
			<Anchor point="CENTER"/>
		</Anchors>
		<Backdrop bgFile="Interface\DialogFrame\UI-DialogBox-Background" edgeFile="Interface\DialogFrame\UI-DialogBox-Border" tile="true">
			<BackgroundInsets>
				<AbsInset left="11" right="12" top="12" bottom="11"/>
			</BackgroundInsets>
			<TileSize>
				<AbsValue val="32"/>
			</TileSize>
			<EdgeSize>
				<AbsValue val="32"/>
			</EdgeSize>
		</Backdrop>
		<Anchors>
			<Anchor point="CENTER" relativePoint="CENTER"/>
		</Anchors>
		<Layers>
			<Layer level="ARTWORK">
				<Texture name="$parentHeaderTexture" file="Interface\DialogFrame\UI-DialogBox-Header">
					<Size>
						<AbsDimension x="256" y="64"/>
					</Size>
					<Anchors>
						<Anchor point="TOP">
							<Offset>
								<AbsDimension x="0" y="12"/>
							</Offset>
						</Anchor>
					</Anchors>
				</Texture>
				<FontString inherits="GameFontNormal" text="Edit Groups">
					<Anchors>
						<Anchor point="TOP" relativeTo="$parentHeaderTexture">
							<Offset>
								<AbsDimension x="0" y="-14"/>
							</Offset>
						</Anchor>
					</Anchors>
				</FontString>
			</Layer>
		</Layers>
		<Scripts>
			<OnShow>
				this:SetFrameLevel(this:GetParent():GetFrameLevel() + 2);
				PlaySound("UChatScrollButton");
				CT_MapMod_EditGroups_Update();
			</OnShow>
			<OnHide>
				PlaySound("UChatScrollButton");
			</OnHide>
		</Scripts>
		<Frames>
			<Button name="$parentTitle1" inherits="CT_MapModTitleButtonTemplate" id="1" hidden="true">
				<Anchors>
					<Anchor point="TOPLEFT" relativeTo="$parent">
						<Offset>
							<AbsDimension x="19" y="-75"/>
						</Offset>
					</Anchor>
				</Anchors>
			</Button>
			<Button name="$parentTitle2" inherits="CT_MapModTitleButtonTemplate" id="2" hidden="true">
				<Anchors>
					<Anchor point="TOPLEFT" relativeTo="$parentTitle1" relativePoint="BOTTOMLEFT">
						<Offset>
							<AbsDimension x="0" y="1"/>
						</Offset>
					</Anchor>
				</Anchors>
			</Button>
			<Button name="$parentTitle3" inherits="CT_MapModTitleButtonTemplate" id="3" hidden="true">
				<Anchors>
					<Anchor point="TOPLEFT" relativeTo="$parentTitle2" relativePoint="BOTTOMLEFT">
						<Offset>
							<AbsDimension x="0" y="1"/>
						</Offset>
					</Anchor>
				</Anchors>
			</Button>
			<Button name="$parentTitle4" inherits="CT_MapModTitleButtonTemplate" id="4" hidden="true">
				<Anchors>
					<Anchor point="TOPLEFT" relativeTo="$parentTitle3" relativePoint="BOTTOMLEFT">
						<Offset>
							<AbsDimension x="0" y="1"/>
						</Offset>
					</Anchor>
				</Anchors>
			</Button>
			<Button name="$parentTitle5" inherits="CT_MapModTitleButtonTemplate" id="5" hidden="true">
				<Anchors>
					<Anchor point="TOPLEFT" relativeTo="$parentTitle4" relativePoint="BOTTOMLEFT">
						<Offset>
							<AbsDimension x="0" y="1"/>
						</Offset>
					</Anchor>
				</Anchors>
			</Button>
			<Button name="$parentTitle6" inherits="CT_MapModTitleButtonTemplate" id="6" hidden="true">
				<Anchors>
					<Anchor point="TOPLEFT" relativeTo="$parentTitle5" relativePoint="BOTTOMLEFT">
						<Offset>
							<AbsDimension x="0" y="1"/>
						</Offset>
					</Anchor>
				</Anchors>
			</Button>
			<ScrollFrame name="$parentScrollFrame" inherits="FauxScrollFrameTemplate">
				<Size>
					<AbsDimension x="300" y="93"/>
				</Size>
				<Anchors>
					<Anchor point="TOPRIGHT">
						<Offset>
							<AbsDimension x="-5" y="0"/>
						</Offset>
					</Anchor>
				</Anchors>
				<Scripts>
					<OnVerticalScroll>
						FauxScrollFrame_OnVerticalScroll(16, CT_MapMod_EditGroups_Update);
					</OnVerticalScroll>
				</Scripts>
			</ScrollFrame>
		</Frames>
	</Frame>
	<Frame name="CT_MapModGatherFrame" parent="UIParent">
		<Scripts>
			<OnLoad>
				this:RegisterEvent("CHAT_MSG_SPELL_SELF_BUFF");
				this:RegisterEvent("UI_ERROR_MESSAGE");
				this:RegisterEvent("PLAYER_ENTERING_WORLD");
			</OnLoad>
			<OnEvent>
				CT_MapMod_OnEvent(event);
			</OnEvent>
		</Scripts>
	</Frame>
</Ui>