<Ui xmlns="http://www.blizzard.com/wow/ui/" xmlns:xsi="http://www.w3.org/2001/XMLSchema-instance" xsi:schemaLocation="http://www.blizzard.com/wow/ui/
..\FrameXML\UI.xsd">
	<Script file="BuffTimers.lua"/>
	<Frame name="BuffTimerTemplate" virtual="true">
		<Size>
			<AbsDimension x="30" y="30"/>
		</Size>
		<Layers>
			<Layer level="ARTWORK">
				<FontString name="$parentTime" inherits="GameFontNormalSmall" justifyH="CENTER">
					<Size>
						<AbsDimension x="36" y="10"/>
					</Size>
					<Anchors>
						<Anchor point="CENTER">
							<Offset>
								<AbsDimension x="0" y="-18"/>
							</Offset>
						</Anchor>
					</Anchors>
				</FontString>
			</Layer>
		</Layers>
	</Frame>
	<Frame name="BuffTimersFrame" parent="UIParent" frameStrata="LOW" toplevel="true">
		<Size>
			<AbsDimension x="50" y="50"/>
		</Size>
		<Anchors>
			<Anchor point="TOPRIGHT" relativeTo="BuffFrame" relativePoint="TOPRIGHT"/>
		</Anchors>
		<Frames>
			<Frame name="BuffTimer0" inherits="BuffTimerTemplate" id="0">
				<Anchors>
					<Anchor point="TOPRIGHT">
						<Offset>
							<AbsDimension x="0" y="0"/>
						</Offset>
					</Anchor>
				</Anchors>
			</Frame>
			<Frame name="BuffTimer1" inherits="BuffTimerTemplate" id="1">
				<Anchors>
					<Anchor point="RIGHT" relativeTo="BuffTimer0" relativePoint="LEFT">
						<Offset>
							<AbsDimension x="-5" y="0"/>
						</Offset>
					</Anchor>
				</Anchors>
			</Frame>
			<Frame name="BuffTimer2" inherits="BuffTimerTemplate" id="2">
				<Anchors>
					<Anchor point="RIGHT" relativeTo="BuffTimer1" relativePoint="LEFT">
						<Offset>
							<AbsDimension x="-5" y="0"/>
						</Offset>
					</Anchor>
				</Anchors>
			</Frame>
			<Frame name="BuffTimer3" inherits="BuffTimerTemplate" id="3">
				<Anchors>
					<Anchor point="RIGHT" relativeTo="BuffTimer2" relativePoint="LEFT">
						<Offset>
							<AbsDimension x="-5" y="0"/>
						</Offset>
					</Anchor>
				</Anchors>
			</Frame>
			<Frame name="BuffTimer4" inherits="BuffTimerTemplate" id="4">
				<Anchors>
					<Anchor point="RIGHT" relativeTo="BuffTimer3" relativePoint="LEFT">
						<Offset>
							<AbsDimension x="-5" y="0"/>
						</Offset>
					</Anchor>
				</Anchors>
			</Frame>
			<Frame name="BuffTimer5" inherits="BuffTimerTemplate" id="5">
				<Anchors>
					<Anchor point="RIGHT" relativeTo="BuffTimer4" relativePoint="LEFT">
						<Offset>
							<AbsDimension x="-5" y="0"/>
						</Offset>
					</Anchor>
				</Anchors>
			</Frame>
			<Frame name="BuffTimer6" inherits="BuffTimerTemplate" id="6">
				<Anchors>
					<Anchor point="RIGHT" relativeTo="BuffTimer5" relativePoint="LEFT">
						<Offset>
							<AbsDimension x="-5" y="0"/>
						</Offset>
					</Anchor>
				</Anchors>
			</Frame>
			<Frame name="BuffTimer7" inherits="BuffTimerTemplate" id="7">
				<Anchors>
					<Anchor point="RIGHT" relativeTo="BuffTimer6" relativePoint="LEFT">
						<Offset>
							<AbsDimension x="-5" y="0"/>
						</Offset>
					</Anchor>
				</Anchors>
			</Frame>
			<Frame name="BuffTimer8" inherits="BuffTimerTemplate" id="8">
				<Anchors>
					<Anchor point="TOP" relativeTo="BuffTimer0" relativePoint="BOTTOM">
						<Offset>
							<AbsDimension x="0" y="-11"/>
						</Offset>
					</Anchor>
				</Anchors>
			</Frame>
			<Frame name="BuffTimer9" inherits="BuffTimerTemplate" id="9">
				<Anchors>
					<Anchor point="RIGHT" relativeTo="BuffTimer8" relativePoint="LEFT">
						<Offset>
							<AbsDimension x="-5" y="0"/>
						</Offset>
					</Anchor>
				</Anchors>
			</Frame>
			<Frame name="BuffTimer10" inherits="BuffTimerTemplate" id="10">
				<Anchors>
					<Anchor point="RIGHT" relativeTo="BuffTimer9" relativePoint="LEFT">
						<Offset>
							<AbsDimension x="-5" y="0"/>
						</Offset>
					</Anchor>
				</Anchors>
			</Frame>
			<Frame name="BuffTimer11" inherits="BuffTimerTemplate" id="11">
				<Anchors>
					<Anchor point="RIGHT" relativeTo="BuffTimer10" relativePoint="LEFT">
						<Offset>
							<AbsDimension x="-5" y="0"/>
						</Offset>
					</Anchor>
				</Anchors>
			</Frame>
			<Frame name="BuffTimer12" inherits="BuffTimerTemplate" id="12">
				<Anchors>
					<Anchor point="RIGHT" relativeTo="BuffTimer11" relativePoint="LEFT">
						<Offset>
							<AbsDimension x="-5" y="0"/>
						</Offset>
					</Anchor>
				</Anchors>
			</Frame>
			<Frame name="BuffTimer13" inherits="BuffTimerTemplate" id="13">
				<Anchors>
					<Anchor point="RIGHT" relativeTo="BuffTimer12" relativePoint="LEFT">
						<Offset>
							<AbsDimension x="-5" y="0"/>
						</Offset>
					</Anchor>
				</Anchors>
			</Frame>
			<Frame name="BuffTimer14" inherits="BuffTimerTemplate" id="14">
				<Anchors>
					<Anchor point="RIGHT" relativeTo="BuffTimer13" relativePoint="LEFT">
						<Offset>
							<AbsDimension x="-5" y="0"/>
						</Offset>
					</Anchor>
				</Anchors>
			</Frame>
			<Frame name="BuffTimer15" inherits="BuffTimerTemplate" id="15">
				<Anchors>
					<Anchor point="RIGHT" relativeTo="BuffTimer14" relativePoint="LEFT">
						<Offset>
							<AbsDimension x="-5" y="0"/>
						</Offset>
					</Anchor>
				</Anchors>
			</Frame>
			<Frame name="BuffTimer16" inherits="BuffTimerTemplate" id="0">
				<Anchors>
					<Anchor point="TOP" relativeTo="BuffTimer8" relativePoint="BOTTOM">
						<Offset>
							<AbsDimension x="0" y="-11"/>
						</Offset>
					</Anchor>
				</Anchors>
			</Frame>
			<Frame name="BuffTimer17" inherits="BuffTimerTemplate" id="1">
				<Anchors>
					<Anchor point="RIGHT" relativeTo="BuffTimer16" relativePoint="LEFT">
						<Offset>
							<AbsDimension x="-5" y="0"/>
						</Offset>
					</Anchor>
				</Anchors>
			</Frame>
			<Frame name="BuffTimer18" inherits="BuffTimerTemplate" id="2">
				<Anchors>
					<Anchor point="RIGHT" relativeTo="BuffTimer17" relativePoint="LEFT">
						<Offset>
							<AbsDimension x="-5" y="0"/>
						</Offset>
					</Anchor>
				</Anchors>
			</Frame>
			<Frame name="BuffTimer19" inherits="BuffTimerTemplate" id="3">
				<Anchors>
					<Anchor point="RIGHT" relativeTo="BuffTimer18" relativePoint="LEFT">
						<Offset>
							<AbsDimension x="-5" y="0"/>
						</Offset>
					</Anchor>
				</Anchors>
			</Frame>
			<Frame name="BuffTimer20" inherits="BuffTimerTemplate" id="4">
				<Anchors>
					<Anchor point="RIGHT" relativeTo="BuffTimer19" relativePoint="LEFT">
						<Offset>
							<AbsDimension x="-5" y="0"/>
						</Offset>
					</Anchor>
				</Anchors>
			</Frame>
			<Frame name="BuffTimer21" inherits="BuffTimerTemplate" id="5">
				<Anchors>
					<Anchor point="RIGHT" relativeTo="BuffTimer20" relativePoint="LEFT">
						<Offset>
							<AbsDimension x="-5" y="0"/>
						</Offset>
					</Anchor>
				</Anchors>
			</Frame>
			<Frame name="BuffTimer22" inherits="BuffTimerTemplate" id="6">
				<Anchors>
					<Anchor point="RIGHT" relativeTo="BuffTimer21" relativePoint="LEFT">
						<Offset>
							<AbsDimension x="-5" y="0"/>
						</Offset>
					</Anchor>
				</Anchors>
			</Frame>
			<Frame name="BuffTimer23" inherits="BuffTimerTemplate" id="7">
				<Anchors>
					<Anchor point="RIGHT" relativeTo="BuffTimer22" relativePoint="LEFT">
						<Offset>
							<AbsDimension x="-5" y="0"/>
						</Offset>
					</Anchor>
				</Anchors>
			</Frame>
		</Frames>
		<Scripts>
			<OnLoad>
				BuffTimers_OnLoad();
			</OnLoad>
			<OnShow>
				BuffTimers_OnShow();
			</OnShow>
		</Scripts>
	</Frame>
</Ui>
