<Ui xmlns="http://www.blizzard.com/wow/ui/" xmlns:xsi="http://www.w3.org/2001/XMLSchema-instance" xsi:schemaLocation="http://www.blizzard.com/wow/ui/ ..\FrameXML\UI.xsd">
	<Script file="DruidBar.lua"/> 
	<Script file="GUI.lua"/>
	<Script file="localization.lua"/>
	<Include file="GUI.xml"/>
<GameTooltip name="DBarSpellCatch" frameStrata="TOOLTIP" inherits="GameTooltipTemplate"/>
 <Frame name="DruidBarUpdateFrame"><Scripts><OnLoad>DruidBar_OnLoad();</OnLoad><OnEvent>DruidBar_OnEvent(event, arg1, arg2, arg3);</OnEvent><OnUpdate>DruidBar_OnUpdate(arg1);</OnUpdate></Scripts></Frame>
 
 <Frame name="DruidBarFrame" hidden="true" frameStrata="BACKGROUND" enableMouse="true" movable="true" parent="UIParent">
	<Size>
		<AbsDimension x="160" y="18"/>
	</Size>
	<Anchors>
		<Anchor point="CENTER" relativeTo="UIParent" relativePoint="CENTER">
			<Offset>
				<AbsDimension x="0" y="-10"/>
			</Offset>
		</Anchor>
	</Anchors>
			<Layers>		
							<Layer level="BACKGROUND">
								<Texture name="DruidBarBorder" file="Interface\Tooltips\UI-StatusBar-Border"/>
							</Layer>
							<Layer level="BORDER">
								<Texture name="DruidBarManaBg">
									<Size><AbsDimension x="164" y="12"/></Size>
									<Anchors><Anchor point="CENTER" relativeTo="$Parent" relativePoint="CENTER"/></Anchors>
									<Color r="0" b="0" g="0" a="0.5"/>
								</Texture>
							</Layer>
							<Layer level="OVERLAY">
								<FontString name="DruidBarText" inherits="GameFontNormalSmall" wraponspaces="true">
									<Size>
										<AbsDimension x="0" y="60"/>
									</Size>
									<Anchors>
										<Anchor point="CENTER" relativeTo="$Parent" relativePoint="CENTER"/>
									</Anchors>
								</FontString>
								<FontString name="DruidBarText1" inherits="TextStatusBarText" wraponspaces="true">
									<Size>
										<AbsDimension x="0" y="60"/>
									</Size>
									<Anchors>
										<Anchor point="CENTER" relativeTo="$Parent" relativePoint="CENTER"/>
									</Anchors>
								</FontString>
							</Layer>
			</Layers>
	<TitleRegion setAllPoints="true"/>
	<Frames>
		<StatusBar name="DruidBarMana" movable="true" inherits="TextStatusBar">								
						<Size>
							<AbsDimension x="150" y="12"/>
						</Size>
						<Anchors>
							<Anchor point="CENTER" relativeTo="$Parent" relativePoint="CENTER">
								<Offset>
									<AbsDimension x="0" y="0"/>
								</Offset>
							</Anchor>
						</Anchors>
						<Layers>
						</Layers>
						<BarTexture name="$parentTex" file="Interface\TargetingFrame\UI-StatusBar"/>
						<BarColor r="1" g="1" b="1"/>
						<Scripts>
							<OnLoad>
								this:SetFrameLevel("1");
							</OnLoad>
						</Scripts>
		</StatusBar>
	</Frames>
  </Frame>
  <Button name="DruidBarDontMove" frameStrata="OVERLAY" toplevel="true" parent="DruidBarFrame" enableMouse="false" movable="false" hidden="true">
	<Size>
		<AbsDimension x="160" y="18"/>
	</Size>
	<Anchors>
		<Anchor point="CENTER" relativeTo="$parent" relativePoint="CENTER">
			<Offset>
				<AbsDimension x="0" y="0"/>
			</Offset>
		</Anchor>
	</Anchors>
  </Button>
<Frame name="DruidBarReplaceText" hidden="true" frameStrata="LOW" enableMouse="true" movable="true" parent="UIParent">
	<Size>
		<AbsDimension x="120" y="10"/>
	</Size>
	<Anchors>
		<Anchor point="TOPLEFT" relativeTo="PlayerFrame" relativePoint="TOPLEFT">
			<Offset>
				<AbsDimension x="116" y="-50"/>
			</Offset>
		</Anchor>
	</Anchors>
        <Layers>
			<Layer level="FOREGROUND">
				<FontString name="DEnergyText" inherits="GameFontNormalSmall" wraponspaces="true">
					<Size>
						<AbsDimension x="0" y="60"/>
					</Size>
					<Anchors>
						<Anchor point="CENTER" relativeTo="PlayerFrameManaBar" relativePoint="CENTER"/>
					</Anchors>
				</FontString>
				<FontString name="DEnergyText1" inherits="TextStatusBarText" wraponspaces="true">
					<Size>
						<AbsDimension x="0" y="60"/>
					</Size>
					<Anchors>
						<Anchor point="CENTER" relativeTo="PlayerFrameManaBar" relativePoint="CENTER"/>
					</Anchors>
				</FontString>
				<FontString name="DManaText" inherits="GameFontNormalSmall" wraponspaces="true">
					<Size>
						<AbsDimension x="0" y="60"/>
					</Size>
					<Anchors>
						<Anchor point="CENTER" relativeTo="DruidBarMana" relativePoint="CENTER"/>
					</Anchors>
				</FontString>
				<FontString name="DManaText1" inherits="TextStatusBarText" wraponspaces="true">
					<Size>
						<AbsDimension x="0" y="60"/>
					</Size>
					<Anchors>
						<Anchor point="CENTER" relativeTo="DruidBarMana" relativePoint="CENTER"/>
					</Anchors>
				</FontString>
			</Layer>
        </Layers>
  </Frame>
  
<Frame name="DruidBarKMG" frameStrata="LOW" enableMouse="true" movable="true" parent="UIParent" hidden="true">
	<Size>
		<AbsDimension x="1" y="18" /> 
	</Size>
	<Anchors>
		<Anchor point="CENTER" relativeTo="UIParent" relativePoint="CENTER">
			<Offset>
				<AbsDimension x="0" y="0" /> 
			</Offset>
		</Anchor>
	</Anchors>
	<TitleRegion setAllPoints="true" /> 
	<Frames>
		<StatusBar name="KMGDruidBar" movable="true" inherits="TextStatusBar">
			<Size>
				<AbsDimension x="150" y="12" /> 
			</Size>
			<Anchors>
				<Anchor point="CENTER" relativeTo="$Parent" relativePoint="CENTER">
					<Offset>
						<AbsDimension x="0" y="0" /> 
					</Offset>
				</Anchor>
			</Anchors>
			<Layers>
				<Layer level="BACKGROUND">
						<Texture name="$parent_ManaEndcapRight" file="Interface\AddOns\MiniGroup\Images\Endcap" hidden="false">
							<Size>
								<AbsDimension x="1" y="6"/>
							</Size>
							<Anchors>
								<Anchor point="TOPLEFT" relativeTo="$parent" relativepoint="TOPRIGHT">
									<Offset>
										<AbsDimension x="0" y="0"/>
									</Offset>
								</Anchor>
							</Anchors>
							<TexCoords left="0" right="0.0625" top="0" bottom="0.875"/>
						</Texture>
				</Layer>
			</Layers>
			<BarTexture file="Interface\TargetingFrame\UI-StatusBar" /> 
			<BarColor r="0" g="0" b="1" a="1" /> 
			<Frames>
				
				<Frame name="KMGDruidBarBackground">
					<Scripts>
						<OnLoad>DruidBarKMG:SetFrameLevel("1"); this:SetFrameLevel("1");</OnLoad> 
					</Scripts>
					<Layers>
						<Layer level="BACKGROUND">
							<Texture name="KMGDruidBarLowerBackground1">
								<Size>
									<AbsDimension x="140" y="12" /> 
								</Size>
								<Anchors>
									<Anchor point="CENTER" relativeTo="$Parent" relativePoint="CENTER">
										<Offset>
											<AbsDimension x="0" y="0" /> 
										</Offset>
									</Anchor>
								</Anchors>
								<Color r="0" g="0" b="0" a="0.5" /> 
							</Texture>
						</Layer>
					</Layers>
				</Frame>
			</Frames>
		</StatusBar>
	</Frames>
 </Frame>
 
</Ui>