<Ui xmlns="http://www.blizzard.com/wow/ui/" xmlns:xsi="http://www.w3.org/2001/XMLSchema-instance" xsi:schemaLocation="http://www.blizzard.com/wow/ui/
..\FrameXML\UI.xsd">
	<Frame name="DRUIDBAROptionsFrame" toplevel="true" frameStrata="DIALOG" movable="true" enableMouse="true" hidden="true" parent="UIParent">
		<Size>
			<AbsDimension x="460" y="550"/>
		</Size>
		<Anchors>
			<Anchor point="CENTER"/>
		</Anchors>
		<Backdrop bgFile="Interface\DialogFrame\UI-DialogBox-Background" edgeFile="Interface\DialogFrame\UI-DialogBox-Border" tile="true">
			<BackgroundInsets>
				<AbsInset left="11" right="12" top="12" bottom="11"/>
			</BackgroundInsets>
			<TileSize>
				<AbsValue val="32"/>
			</TileSize>
			<EdgeSize>
				<AbsValue val="32"/>
			</EdgeSize>
		</Backdrop>
		<Layers>
			<Layer level="ARTWORK">
				<Texture name="DRUIDBAROptionsFrameHeader" file="Interface\DialogFrame\UI-DialogBox-Header" movable="true" enableMouse="true">
					<Size>
						<AbsDimension x="256" y="64"/>
					</Size>
					<Anchors>
						<Anchor point="TOP">
							<Offset>
								<AbsDimension x="0" y="12"/>
							</Offset>
						</Anchor>
					</Anchors>
				</Texture>
				<FontString inherits="GameFontNormal" text="DRUIDBAR_OPTIONS_TITLE">
					<Anchors>
						<Anchor point="TOP" relativeTo="DRUIDBAROptionsFrameHeader">
							<Offset>
								<AbsDimension x="0" y="-14"/>
							</Offset>
						</Anchor>
					</Anchors>
				</FontString>
			</Layer>
		</Layers>
		<Frames>
			<Frame name="DRUIDBAROptions_Bar">
				<Size>
					<AbsDimension x="420" y="153"/>
				</Size>
				<Anchors>
					<Anchor point="TOPLEFT">
						<Offset>
							<AbsDimension x="20" y="-30"/>
						</Offset>
					</Anchor>
				</Anchors>			
				<Backdrop bgFile="Interface\Tooltips\UI-Tooltip-Background" edgeFile="Interface\Tooltips\UI-Tooltip-Border" tile="true">
					<EdgeSize>
						<AbsValue val="8"/>
					</EdgeSize>
					<TileSize>
						<AbsValue val="8"/>
					</TileSize>
					<BackgroundInsets>
						<AbsInset left="2" right="2" top="2" bottom="2"/>
					</BackgroundInsets>
				</Backdrop>
				<Layers>
					<Layer>
						<FontString inherits="GameFontHighlight" text="DRUIDBAR_OPTIONS_Bar">
							<Anchors>
								<Anchor point="TOP">
									<Offset>
										<AbsDimension x="0" y="-6"/>
									</Offset>
								</Anchor>
							</Anchors>
						</FontString>
					</Layer>
				</Layers>
				<Scripts>
					<OnLoad>
						this:SetBackdropBorderColor(0.4, 0.4, 0.4);
						this:SetBackdropColor(0.1, 0.1, 0.1);
					</OnLoad>
				</Scripts>
			</Frame>
			<CheckButton name="DRUIDBAROptionsToggle" inherits="OptionsCheckButtonTemplate">
				<Anchors>
					<Anchor point="TOPLEFT">
						<Offset>
							<AbsDimension x="30" y="-54"/>
						</Offset>
					</Anchor>
				</Anchors>
				<Scripts>
					<OnLoad>
						getglobal(this:GetName().."Text"):SetText(DRUIDBAR_OPTIONS_Toggle);
					</OnLoad>
					<OnClick>
						DRUIDBAROptions_Toggle();
					</OnClick>
				</Scripts>
			</CheckButton>
			<CheckButton name="DRUIDBAROptionsVis" inherits="OptionsCheckButtonTemplate">
				<Anchors>
					<Anchor point="TOPLEFT">
						<Offset>
							<AbsDimension x="170" y="-54"/>
						</Offset>
					</Anchor>
				</Anchors>
				<Scripts>
					<OnLoad>
						getglobal(this:GetName().."Text"):SetText(DRUIDBAR_OPTIONS_Vis);
					</OnLoad>
					<OnClick>
						DRUIDBAROptions_Vis();
					</OnClick>
					<OnEnter>
						GameTooltip:SetOwner(this, "ANCHOR_RIGHT");
						GameTooltip:SetText(DRUIDBAR_OPTIONS_VisTT);
						GameTooltip:Show();
					</OnEnter>
					<OnLeave>
						GameTooltip:Hide();
					</OnLeave>
				</Scripts>
			</CheckButton>
			<CheckButton name="DRUIDBAROptionsKMG" inherits="OptionsCheckButtonTemplate">
				<Anchors>
					<Anchor point="TOPLEFT">
						<Offset>
							<AbsDimension x="310" y="-54"/>
						</Offset>
					</Anchor>
				</Anchors>
				<Scripts>
					<OnLoad>
						getglobal(this:GetName().."Text"):SetText(DRUIDBAR_OPTIONS_KMG);
					</OnLoad>
					<OnClick>
						DRUIDBAROptions_KMG();
					</OnClick>
					<OnEnter>
						GameTooltip:SetOwner(this, "ANCHOR_RIGHT");
						GameTooltip:SetText(DRUIDBAR_OPTIONS_KMGTT);
						GameTooltip:Show();
					</OnEnter>
					<OnLeave>
						GameTooltip:Hide();
					</OnLeave>
				</Scripts>
			</CheckButton>
			<CheckButton name="DRUIDBAROptionsReplace" inherits="OptionsCheckButtonTemplate">
				<Anchors>
					<Anchor point="TOPLEFT">
						<Offset>
							<AbsDimension x="30" y="-80"/>
						</Offset>
					</Anchor>
				</Anchors>
				<Scripts>
					<OnLoad>
						getglobal(this:GetName().."Text"):SetText(DRUIDBAR_OPTIONS_Replace);
					</OnLoad>
					<OnClick>
						DRUIDBAROptions_Replace();
					</OnClick>
					<OnEnter>
						GameTooltip:SetOwner(this, "ANCHOR_RIGHT");
						GameTooltip:SetText(DRUIDBAR_OPTIONS_ReplaceTT);
						GameTooltip:Show();
					</OnEnter>
					<OnLeave>
						GameTooltip:Hide();
					</OnLeave>
				</Scripts>
			</CheckButton>
			<CheckButton name="DRUIDBAROptionsPlayer" inherits="OptionsCheckButtonTemplate">
				<Anchors>
					<Anchor point="TOPLEFT">
						<Offset>
							<AbsDimension x="170" y="-80"/>
						</Offset>
					</Anchor>
				</Anchors>
				<Scripts>
					<OnLoad>
						getglobal(this:GetName().."Text"):SetText(DRUIDBAR_OPTIONS_Player);
					</OnLoad>
					<OnClick>
						DRUIDBAROptions_Player();
					</OnClick>
					<OnEnter>
						GameTooltip:SetOwner(this, "ANCHOR_RIGHT");
						GameTooltip:SetText(DRUIDBAR_OPTIONS_PlayerTT);
						GameTooltip:Show();
					</OnEnter>
					<OnLeave>
						GameTooltip:Hide();
					</OnLeave>
				</Scripts>
			</CheckButton>
			<CheckButton name="DRUIDBAROptionsCustom" inherits="OptionsCheckButtonTemplate">
				<Anchors>
					<Anchor point="TOPLEFT">
						<Offset>
							<AbsDimension x="310" y="-80"/>
						</Offset>
					</Anchor>
				</Anchors>
				<Scripts>
					<OnLoad>
						getglobal(this:GetName().."Text"):SetText(DRUIDBAR_OPTIONS_Custom);
					</OnLoad>
					<OnClick>
						DRUIDBAROptions_Custom();
					</OnClick>
				</Scripts>
			</CheckButton>
			<EditBox name="DRUIDBAROptionsWeightEditBox" autoFocus="false" inherits="InputBoxTemplate">
				<Size>
					<AbsDimension x="34" y="16"/>
				</Size>
				<Anchors>
					<Anchor point="TOPLEFT">
						<Offset>
							<AbsDimension x="100" y="-108"/>
						</Offset>
					</Anchor>
				</Anchors>
				<Scripts>
					<OnLoad>
						this:SetMaxLetters(4);
					</OnLoad>
					<OnEnterPressed>
						this:ClearFocus();
					</OnEnterPressed>
					<OnEscapePressed>
						this:ClearFocus();
					</OnEscapePressed>
					<OnTextChanged>
						DRUIDBAROptions_CheckWeight();
					</OnTextChanged> 
				</Scripts>
				<FontString inherits="ChatFontNormal" bytes="64"/>
				<Layers>
					<Layer level="OVERLAY">
						<FontString name="DRUIDBAROptionsWeightText" inherits="GameFontNormalSmall" justifyH="RIGHT" text="DRUIDBAR_OPTIONS_Weight">
							<Size>
								<AbsDimension x="0" y="20"/>
							</Size>
							<Anchors>
								<Anchor point="RIGHT" relativeTo="DRUIDBAROptionsWeightEditBox" relativePoint="LEFT">
									<Offset>
										<AbsDimension x="-10" y="0"/>
									</Offset>
								</Anchor>
							</Anchors>
						</FontString>
					</Layer>
				</Layers>
			</EditBox>
			<EditBox name="DRUIDBAROptionsHeightEditBox" autoFocus="false" inherits="InputBoxTemplate">
				<Size>
					<AbsDimension x="28" y="16"/>
				</Size>
				<Anchors>
					<Anchor point="LEFT" relativeTo="DRUIDBAROptionsWeightEditBox" relativePoint="RIGHT">
						<Offset>
							<AbsDimension x="110" y="0"/>
						</Offset>
					</Anchor>
				</Anchors>
				<Scripts>
					<OnLoad>
						this:SetMaxLetters(3);
					</OnLoad>
					<OnEnterPressed>
						this:ClearFocus();
					</OnEnterPressed>
					<OnEscapePressed>
						this:ClearFocus();
					</OnEscapePressed>
					<OnTextChanged>
						DRUIDBAROptions_CheckHeight();
					</OnTextChanged> 
				</Scripts>
				<FontString inherits="ChatFontNormal" bytes="64"/>
				<Layers>
					<Layer level="OVERLAY">
						<FontString name="DRUIDBAROptionsHeightText" inherits="GameFontNormalSmall" justifyH="RIGHT" text="DRUIDBAR_OPTIONS_Height">
							<Size>
								<AbsDimension x="60" y="20"/>
							</Size>
							<Anchors>
								<Anchor point="RIGHT" relativeTo="DRUIDBAROptionsHeightEditBox" relativePoint="LEFT">
									<Offset>
										<AbsDimension x="-10" y="0"/>
									</Offset>
								</Anchor>
							</Anchors>
						</FontString>
					</Layer>
				</Layers>
			</EditBox>
			<CheckButton name="DRUIDBAROptionsLock" inherits="OptionsCheckButtonTemplate">
				<Anchors>
					<Anchor point="LEFT" relativeTo="DRUIDBAROptionsHeightEditBox" relativePoint="RIGHT">
						<Offset>
							<AbsDimension x="74" y="0"/>
						</Offset>
					</Anchor>
				</Anchors>
				<Scripts>
					<OnLoad>
						getglobal(this:GetName().."Text"):SetText(DRUIDBAR_OPTIONS_Lock);
					</OnLoad>
					<OnClick>
						DRUIDBAROptions_Lock();
					</OnClick>
				</Scripts>
			</CheckButton>
			<CheckButton name="DRUIDBAROptionsHide" inherits="OptionsCheckButtonTemplate">
				<Anchors>
					<Anchor point="TOPLEFT">
						<Offset>
							<AbsDimension x="30" y="-124"/>
						</Offset>
					</Anchor>
				</Anchors>
				<Scripts>
					<OnLoad>
						getglobal(this:GetName().."Text"):SetText(DRUIDBAR_OPTIONS_Hide);
					</OnLoad>
					<OnClick>
						DRUIDBAROptions_Hide();
					</OnClick>
				</Scripts>
			</CheckButton>
			<CheckButton name="DRUIDBAROptionsFull" inherits="OptionsCheckButtonTemplate">
				<Anchors>
					<Anchor point="TOPLEFT">
						<Offset>
							<AbsDimension x="230" y="-124"/>
						</Offset>
					</Anchor>
				</Anchors>
				<Scripts>
					<OnLoad>
						getglobal(this:GetName().."Text"):SetText(DRUIDBAR_OPTIONS_Full);
					</OnLoad>
					<OnClick>
						DRUIDBAROptions_Full();
					</OnClick>
				</Scripts>
			</CheckButton>
			<Frame name="DRUIDBAROptionsTextDropDown" inherits="UIDropDownMenuTemplate" enableMouse="true">
				<Anchors>
					<Anchor point="TOPLEFT">
						<Offset>
							<AbsDimension x="80" y="-150"/>
						</Offset>
					</Anchor>
				</Anchors>
				<Layers>
					<Layer level="BACKGROUND">
						<FontString name="$parentLabel" inherits="GameFontNormalSmall" text="DRUIDBAR_OPTIONS_Text">
							<Anchors>
								<Anchor point="RIGHT" relativeTo="DRUIDBAROptionsTextDropDown" relativePoint="LEFT">
									<Offset>
										<AbsDimension x="16" y="2"/>
									</Offset>
								</Anchor>
							</Anchors>
						</FontString>
					</Layer>
				</Layers>
				<Scripts>
					<OnShow>
						DRUIDBAROptions_Text_OnShow();
					</OnShow>
				</Scripts>
			</Frame>
			<Frame name="DRUIDBAROptionsPercentDropDown" inherits="UIDropDownMenuTemplate" enableMouse="true">
				<Anchors>
					<Anchor point="TOPLEFT">
						<Offset>
							<AbsDimension x="290" y="-150"/>
						</Offset>
					</Anchor>
				</Anchors>
				<Layers>
					<Layer level="BACKGROUND">
						<FontString name="$parentLabel" inherits="GameFontNormalSmall" text="DRUIDBAR_OPTIONS_Percent">
							<Anchors>
								<Anchor point="RIGHT" relativeTo="DRUIDBAROptionsPercentDropDown" relativePoint="LEFT">
									<Offset>
										<AbsDimension x="16" y="2"/>
									</Offset>
								</Anchor>
							</Anchors>
						</FontString>
					</Layer>
				</Layers>
				<Scripts>
					<OnShow>
						DRUIDBAROptions_Percent_OnShow();
					</OnShow>
				</Scripts>
			</Frame>
			
			
			<Frame name="DRUIDBAROptions_Message">
				<Size>
					<AbsDimension x="420" y="177"/>
				</Size>
				<Anchors>
					<Anchor point="TOPLEFT">
						<Offset>
							<AbsDimension x="20" y="-190"/>
						</Offset>
					</Anchor>
				</Anchors>			
				<Backdrop bgFile="Interface\Tooltips\UI-Tooltip-Background" edgeFile="Interface\Tooltips\UI-Tooltip-Border" tile="true">
					<EdgeSize>
						<AbsValue val="8"/>
					</EdgeSize>
					<TileSize>
						<AbsValue val="8"/>
					</TileSize>
					<BackgroundInsets>
						<AbsInset left="2" right="2" top="2" bottom="2"/>
					</BackgroundInsets>
				</Backdrop>
				<Layers>
					<Layer>
						<FontString inherits="GameFontHighlight" text="DRUIDBAR_OPTIONS_MessageO">
							<Anchors>
								<Anchor point="TOP">
									<Offset>
										<AbsDimension x="0" y="-6"/>
									</Offset>
								</Anchor>
							</Anchors>
						</FontString>
					</Layer>
				</Layers>
				<Scripts>
					<OnLoad>
						this:SetBackdropBorderColor(0.4, 0.4, 0.4);
						this:SetBackdropColor(0.1, 0.1, 0.1);
					</OnLoad>
				</Scripts>
			</Frame>
			<CheckButton name="DRUIDBAROptionsMessage" inherits="OptionsCheckButtonTemplate">
				<Anchors>
					<Anchor point="TOPLEFT">
						<Offset>
							<AbsDimension x="30" y="-204"/>
						</Offset>
					</Anchor>
				</Anchors>
				<Scripts>
					<OnLoad>
						getglobal(this:GetName().."Text"):SetText(DRUIDBAR_OPTIONS_Message);
					</OnLoad>
					<OnClick>
						DRUIDBAROptions_Message();
					</OnClick>
					<OnEnter>
						GameTooltip:SetOwner(this, "ANCHOR_RIGHT");
						GameTooltip:SetText(DRUIDBAR_OPTIONS_MessageTT);
						GameTooltip:Show();
					</OnEnter>
					<OnLeave>
						GameTooltip:Hide();
					</OnLeave>
				</Scripts>
			</CheckButton>
			<Frame name="Bear_Message" inherits="UIDropDownMenuTemplate" enableMouse="true">
				<Anchors>
					<Anchor point="TOPLEFT">
						<Offset>
							<AbsDimension x="80" y="-234"/>
						</Offset>
					</Anchor>
				</Anchors>
				<Layers>
					<Layer level="BACKGROUND">
						<FontString name="$parentLabel" inherits="GameFontNormalSmall" text="DRUIDBAR_OPTIONS_Message_Bear">
							<Anchors>
								<Anchor point="RIGHT" relativeTo="Bear_Message" relativePoint="LEFT">
									<Offset>
										<AbsDimension x="16" y="2"/>
									</Offset>
								</Anchor>
							</Anchors>
						</FontString>
					</Layer>
				</Layers>
				<Scripts>
					<OnShow>
						DRUIDBAROptions_MessageBear_OnShow();
					</OnShow>
				</Scripts>
			</Frame>
			<EditBox name="Bear_Message_EditBox" autoFocus="false" inherits="InputBoxTemplate">
				<Size>
					<AbsDimension x="230" y="16"/>
				</Size>
				<Anchors>
					<Anchor point="LEFT" relativeTo="Bear_Message" relativePoint="RIGHT">
						<Offset>
							<AbsDimension x="-8" y="2"/>
						</Offset>
					</Anchor>
				</Anchors>
				<Scripts>
					<OnLoad>
						this:SetMaxLetters(225);
					</OnLoad>
					<OnEnterPressed>
						this:ClearFocus();
					</OnEnterPressed>
					<OnEscapePressed>
						this:ClearFocus();
					</OnEscapePressed>
					<OnTextChanged>
						DruidBarKey.BearMessage[1] = this:GetText();
					</OnTextChanged> 
				</Scripts>
				<FontString inherits="ChatFontNormal" bytes="64"/>
			</EditBox>
			<Frame name="Aqua_Message" inherits="UIDropDownMenuTemplate" enableMouse="true">
				<Anchors>
					<Anchor point="TOP" relativeTo="Bear_Message" relativePoint="BOTTOM">
						<Offset>
							<AbsDimension x="0" y="8"/>
						</Offset>
					</Anchor>
				</Anchors>
				<Layers>
					<Layer level="BACKGROUND">
						<FontString name="$parentLabel" inherits="GameFontNormalSmall" text="DRUIDBAR_OPTIONS_Message_Aqua">
							<Anchors>
								<Anchor point="RIGHT" relativeTo="Aqua_Message" relativePoint="LEFT">
									<Offset>
										<AbsDimension x="16" y="2"/>
									</Offset>
								</Anchor>
							</Anchors>
						</FontString>
					</Layer>
				</Layers>
				<Scripts>
					<OnShow>
						DRUIDBAROptions_MessageAqua_OnShow();
					</OnShow>
				</Scripts>
			</Frame>
			<EditBox name="Aqua_Message_EditBox" autoFocus="false" inherits="InputBoxTemplate">
				<Size>
					<AbsDimension x="230" y="16"/>
				</Size>
				<Anchors>
					<Anchor point="LEFT" relativeTo="Aqua_Message" relativePoint="RIGHT">
						<Offset>
							<AbsDimension x="-8" y="2"/>
						</Offset>
					</Anchor>
				</Anchors>
				<Scripts>
					<OnLoad>
						this:SetMaxLetters(225);
					</OnLoad>
					<OnEnterPressed>
						this:ClearFocus();
					</OnEnterPressed>
					<OnEscapePressed>
						this:ClearFocus();
					</OnEscapePressed>
					<OnTextChanged>
						DruidBarKey.AquaMessage[1] = this:GetText();
					</OnTextChanged> 
				</Scripts>
				<FontString inherits="ChatFontNormal" bytes="64"/>
			</EditBox>
			<Frame name="Cat_Message" inherits="UIDropDownMenuTemplate" enableMouse="true">
				<Anchors>
					<Anchor point="TOP" relativeTo="Aqua_Message" relativePoint="BOTTOM">
						<Offset>
							<AbsDimension x="0" y="8"/>
						</Offset>
					</Anchor>
				</Anchors>
				<Layers>
					<Layer level="BACKGROUND">
						<FontString name="$parentLabel" inherits="GameFontNormalSmall" text="DRUIDBAR_OPTIONS_Message_Cat">
							<Anchors>
								<Anchor point="RIGHT" relativeTo="Cat_Message" relativePoint="LEFT">
									<Offset>
										<AbsDimension x="16" y="2"/>
									</Offset>
								</Anchor>
							</Anchors>
						</FontString>
					</Layer>
				</Layers>
				<Scripts>
					<OnShow>
						DRUIDBAROptions_MessageCat_OnShow();
					</OnShow>
				</Scripts>
			</Frame>
			<EditBox name="Cat_Message_EditBox" autoFocus="false" inherits="InputBoxTemplate">
				<Size>
					<AbsDimension x="230" y="16"/>
				</Size>
				<Anchors>
					<Anchor point="LEFT" relativeTo="Cat_Message" relativePoint="RIGHT">
						<Offset>
							<AbsDimension x="-8" y="2"/>
						</Offset>
					</Anchor>
				</Anchors>
				<Scripts>
					<OnLoad>
						this:SetMaxLetters(225);
					</OnLoad>
					<OnEnterPressed>
						this:ClearFocus();
					</OnEnterPressed>
					<OnEscapePressed>
						this:ClearFocus();
					</OnEscapePressed>
					<OnTextChanged>
						DruidBarKey.CatMessage[1] = this:GetText();
					</OnTextChanged> 
				</Scripts>
				<FontString inherits="ChatFontNormal" bytes="64"/>
			</EditBox>
			<Frame name="Trav_Message" inherits="UIDropDownMenuTemplate" enableMouse="true">
				<Anchors>
					<Anchor point="TOP" relativeTo="Cat_Message" relativePoint="BOTTOM">
						<Offset>
							<AbsDimension x="0" y="8"/>
						</Offset>
					</Anchor>
				</Anchors>
				<Layers>
					<Layer level="BACKGROUND">
						<FontString name="$parentLabel" inherits="GameFontNormalSmall" text="DRUIDBAR_OPTIONS_Message_Trav">
							<Anchors>
								<Anchor point="RIGHT" relativeTo="Trav_Message" relativePoint="LEFT">
									<Offset>
										<AbsDimension x="16" y="2"/>
									</Offset>
								</Anchor>
							</Anchors>
						</FontString>
					</Layer>
				</Layers>
				<Scripts>
					<OnShow>
						DRUIDBAROptions_MessageTrav_OnShow();
					</OnShow>
				</Scripts>
			</Frame>
			<EditBox name="Trav_Message_EditBox" autoFocus="false" inherits="InputBoxTemplate">
				<Size>
					<AbsDimension x="230" y="16"/>
				</Size>
				<Anchors>
					<Anchor point="LEFT" relativeTo="Trav_Message" relativePoint="RIGHT">
						<Offset>
							<AbsDimension x="-8" y="2"/>
						</Offset>
					</Anchor>
				</Anchors>
				<Scripts>
					<OnLoad>
						this:SetMaxLetters(225);
					</OnLoad>
					<OnEnterPressed>
						this:ClearFocus();
					</OnEnterPressed>
					<OnEscapePressed>
						this:ClearFocus();
					</OnEscapePressed>
					<OnTextChanged>
						DruidBarKey.TravMessage[1] = this:GetText();
					</OnTextChanged> 
				</Scripts>
				<FontString inherits="ChatFontNormal" bytes="64"/>
			</EditBox>
			
			<Frame name="OOM_Message" inherits="UIDropDownMenuTemplate" enableMouse="true">
				<Anchors>
					<Anchor point="TOP" relativeTo="Trav_Message" relativePoint="BOTTOM">
						<Offset>
							<AbsDimension x="0" y="8"/>
						</Offset>
					</Anchor>
				</Anchors>
				<Layers>
					<Layer level="BACKGROUND">
						<FontString name="$parentLabel" inherits="GameFontNormalSmall" text="DRUIDBAR_OPTIONS_Message_Oom">
							<Anchors>
								<Anchor point="RIGHT" relativeTo="OOM_Message" relativePoint="LEFT">
									<Offset>
										<AbsDimension x="16" y="2"/>
									</Offset>
								</Anchor>
							</Anchors>
						</FontString>
					</Layer>
				</Layers>
				<Scripts>
					<OnShow>
						DRUIDBAROptions_MessageOOM_OnShow();
					</OnShow>
				</Scripts>
			</Frame>
			<EditBox name="OOM_Message_EditBox" autoFocus="false" inherits="InputBoxTemplate">
				<Size>
					<AbsDimension x="230" y="16"/>
				</Size>
				<Anchors>
					<Anchor point="LEFT" relativeTo="OOM_Message" relativePoint="RIGHT">
						<Offset>
							<AbsDimension x="-8" y="2"/>
						</Offset>
					</Anchor>
				</Anchors>
				<Scripts>
					<OnLoad>
						this:SetMaxLetters(225);
					</OnLoad>
					<OnEnterPressed>
						this:ClearFocus();
					</OnEnterPressed>
					<OnEscapePressed>
						this:ClearFocus();
					</OnEscapePressed>
					<OnTextChanged>
						DruidBarKey.OOMMessage[1] = this:GetText();
					</OnTextChanged> 
				</Scripts>
				<FontString inherits="ChatFontNormal" bytes="64"/>
			</EditBox>


			<Frame name="DRUIDBAROptions_Misc">
				<Size>
					<AbsDimension x="420" y="100"/>
				</Size>
				<Anchors>
					<Anchor point="TOPLEFT">
						<Offset>
							<AbsDimension x="20" y="-380"/>
						</Offset>
					</Anchor>
				</Anchors>			
				<Backdrop bgFile="Interface\Tooltips\UI-Tooltip-Background" edgeFile="Interface\Tooltips\UI-Tooltip-Border" tile="true">
					<EdgeSize>
						<AbsValue val="8"/>
					</EdgeSize>
					<TileSize>
						<AbsValue val="8"/>
					</TileSize>
					<BackgroundInsets>
						<AbsInset left="2" right="2" top="2" bottom="2"/>
					</BackgroundInsets>
				</Backdrop>
				<Layers>
					<Layer>
						<FontString inherits="GameFontHighlight" text="DRUIDBAR_OPTIONS_MiscO">
							<Anchors>
								<Anchor point="TOP">
									<Offset>
										<AbsDimension x="0" y="-6"/>
									</Offset>
								</Anchor>
							</Anchors>
						</FontString>
					</Layer>
				</Layers>
				<Scripts>
					<OnLoad>
						this:SetBackdropBorderColor(0.4, 0.4, 0.4);
						this:SetBackdropColor(0.1, 0.1, 0.1);
					</OnLoad>
				</Scripts>
			</Frame>
			<Button name="DBColorSwatch" hidden="false" virtual="true">
				<Size>
					<AbsDimension x="20" y="20"/>
				</Size>
				<Anchors>
					<Anchor point="TOPLEFT">
						<Offset><AbsDimension x="35" y="-397"/></Offset>
					</Anchor>
				</Anchors>
				<Layers>
					<Layer level="ARTWORK">
						<Texture name="$parent_SwatchBg" file="Interface\TargetingFrame\UI-StatusBar">
							<Size>
								<AbsDimension x="14" y="14"/>
							</Size>
							<Anchors>
								<Anchor point="LEFT" relativeTo="$parent" relativePoint="CENTER">
									<Offset>
										<AbsDimension x="0" y="0"/>
									</Offset>
								</Anchor>
							</Anchors>
							<Color r="1.0" g="1.0" b="1.0"/>
						</Texture>
						<FontString name="$parentText" inherits="GameFontNormalSmall" text="Bar Color" JustifyH="LEFT">
							<Size>
								<AbsDimension x="75" y="16"/>
							</Size>
							<Anchors>
								<Anchor point="LEFT" relativeTo="$parent_SwatchBg" relativePoint="RIGHT">
									<Offset>
										<AbsDimension x="0" y="0"/>
									</Offset>
								</Anchor>
							</Anchors>
						</FontString>	
					</Layer>
				</Layers>
				<Scripts>
					<OnLoad>
						getglobal(this:GetName().."Text"):SetText(DRUIDBAR_OPTIONS_ColorBar);
					</OnLoad>
					<OnShow>
						DRUIDBAROptions_GetColor();
					</OnShow>
					<OnClick>
						DRUIDBAROptionsFrame:Hide();
						UIDropDownMenuButton_OpenColorPicker(this);
					</OnClick>
				</Scripts>
			</Button>
			<Button name="DBBGSwatch" hidden="false" virtual="true">
				<Size>
					<AbsDimension x="20" y="20"/>
				</Size>
				<Anchors>
					<Anchor point="LEFT" relativeTo="DBColorSwatchText" relativePoint="RIGHT">
						<Offset><AbsDimension x="0" y="0"/></Offset>
					</Anchor>
				</Anchors>
				<Layers>
					<Layer level="ARTWORK">
						<Texture name="$parent_SwatchBg" file="Interface\TargetingFrame\UI-StatusBar">
							<Size>
								<AbsDimension x="14" y="14"/>
							</Size>
							<Anchors>
								<Anchor point="LEFT" relativeTo="$parent" relativePoint="CENTER">
									<Offset>
										<AbsDimension x="0" y="0"/>
									</Offset>
								</Anchor>
							</Anchors>
							<Color r="1.0" g="1.0" b="1.0"/>
						</Texture>
						<FontString name="$parentText" inherits="GameFontNormalSmall" text="Background Color" JustifyH="LEFT">
							<Size>
								<AbsDimension x="75" y="16"/>
							</Size>
							<Anchors>
								<Anchor point="LEFT" relativeTo="$parent_SwatchBg" relativePoint="RIGHT">
									<Offset>
										<AbsDimension x="0" y="0"/>
									</Offset>
								</Anchor>
							</Anchors>
						</FontString>	
					</Layer>
				</Layers>
				<Scripts>
					<OnLoad>
						getglobal(this:GetName().."Text"):SetText(DRUIDBAR_OPTIONS_ColorBack);
					</OnLoad>
					<OnShow>
						DRUIDBAROptions_GetBGColor();
					</OnShow>
					<OnClick>
						DRUIDBAROptionsFrame:Hide();
						UIDropDownMenuButton_OpenColorPicker(this);
					</OnClick>
				</Scripts>
			</Button>
			
			<Button name="DBBorderSwatch" hidden="false" virtual="true">
				<Size>
					<AbsDimension x="20" y="20"/>
				</Size>
				<Anchors>
					<Anchor point="LEFT" relativeTo="DBBGSwatchText" relativePoint="RIGHT">
						<Offset><AbsDimension x="0" y="0"/></Offset>
					</Anchor>
				</Anchors>
				<Layers>
					<Layer level="ARTWORK">
						<Texture name="$parent_SwatchBg" file="Interface\TargetingFrame\UI-StatusBar">
							<Size>
								<AbsDimension x="14" y="14"/>
							</Size>
							<Anchors>
								<Anchor point="LEFT" relativeTo="$parent" relativePoint="CENTER">
									<Offset>
										<AbsDimension x="0" y="0"/>
									</Offset>
								</Anchor>
							</Anchors>
							<Color r="1.0" g="1.0" b="1.0"/>
						</Texture>
						<FontString name="$parentText" inherits="GameFontNormalSmall" text="Border Color" JustifyH="LEFT">
							<Size>
								<AbsDimension x="75" y="16"/>
							</Size>
							<Anchors>
								<Anchor point="LEFT" relativeTo="$parent_SwatchBg" relativePoint="RIGHT">
									<Offset>
										<AbsDimension x="0" y="0"/>
									</Offset>
								</Anchor>
							</Anchors>
						</FontString>	
					</Layer>
				</Layers>
				<Scripts>
					<OnLoad>
						getglobal(this:GetName().."Text"):SetText(DRUIDBAR_OPTIONS_ColorBorder);
					</OnLoad>
					<OnShow>
						DRUIDBAROptions_GetBorderColor();
					</OnShow>
					<OnClick>
						DRUIDBAROptionsFrame:Hide();
						UIDropDownMenuButton_OpenColorPicker(this);
					</OnClick>
				</Scripts>
			</Button>
			
			<Frame name="ManaBar_FrameLevel" inherits="UIDropDownMenuTemplate" enableMouse="true">
				<Anchors>
					<Anchor point="TOPLEFT" relativeTo="DBColorSwatch" relativePoint="BOTTOM">
						<Offset>
							<AbsDimension x="30" y="-5"/>
						</Offset>
					</Anchor>
				</Anchors>
				<Layers>
					<Layer level="BACKGROUND">
						<FontString name="$parentLabel" inherits="GameFontNormalSmall" text="DRUIDBAR_OPTIONS_Message_Mana">
							<Anchors>
								<Anchor point="RIGHT" relativeTo="ManaBar_FrameLevel" relativePoint="LEFT">
									<Offset>
										<AbsDimension x="16" y="2"/>
									</Offset>
								</Anchor>
							</Anchors>
						</FontString>
					</Layer>
				</Layers>
				<Scripts>
					<OnShow>
						DRUIDBAROptions_ManaBarFrameLevel_OnShow();
					</OnShow>
				</Scripts>
			</Frame>
			<EditBox name="ManaBar_FrameLevel_EditBox" autoFocus="false" inherits="InputBoxTemplate">
				<Size>
					<AbsDimension x="230" y="16"/>
				</Size>
				<Anchors>
					<Anchor point="LEFT" relativeTo="ManaBar_FrameLevel" relativePoint="RIGHT">
						<Offset>
							<AbsDimension x="-8" y="2"/>
						</Offset>
					</Anchor>
				</Anchors>
				<Scripts>
					<OnLoad>
						this:SetMaxLetters(225);
					</OnLoad>
					<OnEnterPressed>
						this:ClearFocus();
					</OnEnterPressed>
					<OnEscapePressed>
						this:ClearFocus();
					</OnEscapePressed>
					<OnTextChanged>
						DruidBarKey.manatexture = this:GetText();
					</OnTextChanged> 
				</Scripts>
				<FontString inherits="ChatFontNormal" bytes="64"/>
			</EditBox>
			
			<Frame name="ManaBorder_FrameLevel" inherits="UIDropDownMenuTemplate" enableMouse="true">
				<Anchors>
					<Anchor point="TOPLEFT" relativeTo="ManaBar_FrameLevel" relativePoint="BOTTOMLEFT">
						<Offset>
							<AbsDimension x="0" y="5"/>
						</Offset>
					</Anchor>
				</Anchors>
				<Layers>
					<Layer level="BACKGROUND">
						<FontString name="$parentLabel" inherits="GameFontNormalSmall" text="DRUIDBAR_OPTIONS_Message_border">
							<Anchors>
								<Anchor point="RIGHT" relativeTo="ManaBorder_FrameLevel" relativePoint="LEFT">
									<Offset>
										<AbsDimension x="16" y="2"/>
									</Offset>
								</Anchor>
							</Anchors>
						</FontString>
					</Layer>
				</Layers>
				<Scripts>
					<OnShow>
						DRUIDBAROptions_ManaBorderFrameLevel_OnShow();
					</OnShow>
				</Scripts>
			</Frame>
			<EditBox name="ManaBorder_FrameLevel_EditBox" autoFocus="false" inherits="InputBoxTemplate">
				<Size>
					<AbsDimension x="230" y="16"/>
				</Size>
				<Anchors>
					<Anchor point="LEFT" relativeTo="ManaBorder_FrameLevel" relativePoint="RIGHT">
						<Offset>
							<AbsDimension x="-8" y="2"/>
						</Offset>
					</Anchor>
				</Anchors>
				<Scripts>
					<OnLoad>
						this:SetMaxLetters(225);
					</OnLoad>
					<OnEnterPressed>
						this:ClearFocus();
					</OnEnterPressed>
					<OnEscapePressed>
						this:ClearFocus();
					</OnEscapePressed>
					<OnTextChanged>
						DruidBarKey.bordertexture = this:GetText();
					</OnTextChanged> 
				</Scripts>
				<FontString inherits="ChatFontNormal" bytes="64"/>
			</EditBox>
			

			<Button name="DRUIDBAROptionsFrameClose" inherits="OptionsButtonTemplate" text="DRUIDBAR_OPTIONS_Close">
				<Anchors>
					<Anchor point="BOTTOMRIGHT">
						<Offset>
							<AbsDimension x="-20" y="20"/>
						</Offset>
					</Anchor>
				</Anchors>
				<Scripts>
					<OnClick>
						DRUIDBAROptionsFrame_Toggle();
					</OnClick>
				</Scripts>
				<Layers>
					<Layer level="BACKGROUND">
						<FontString name="$parentLabel" inherits="GameFontNormalSmall" justifyH="LEFT" text="DRUIDBAR_OPTIONS_Version">
							<Anchors>
								<Anchor point="BOTTOMLEFT" relativeTo="DRUIDBAROptionsFrame">
									<Offset>
										<AbsDimension x="20" y="16"/>
									</Offset>
								</Anchor>
							</Anchors>
						</FontString>
					</Layer>
				</Layers>
			</Button>
		</Frames>
		<Scripts>
			<OnLoad>
				DRUIDBAROptions_OnLoad();
			</OnLoad>
			<OnMouseDown>
				if (arg1 == 'LeftButton') then
					this:StartMoving();
				end
			</OnMouseDown>
			<OnMouseUp>
				if (arg1 == 'LeftButton') then
					this:StopMovingOrSizing();
				end
			</OnMouseUp>			
		</Scripts>
	</Frame>
</Ui>
