<Bindings>
	<Binding name="Show/Hide Raid Windows" header="sRaidFrames">
		if not sRaidFrames.enabled then return end
		if sRaidFrames.master:IsVisible() then
			sRaidFrames.master:Hide();
		else
			sRaidFrames.master:Show();
		end
	</Binding>
	<Binding name="Toggle Sort">
		if sRaidFrames.opt.SortBy == "class" then
			sRaidFrames:chatSortBy("group");
		else
			sRaidFrames:chatSortBy("class");
		end
	</Binding>
	<Binding name="Sort by class">
		sRaidFrames:chatSortBy("class");
	</Binding>
	<Binding name="Sort by group">
		sRaidFrames:chatSortBy("group");
	</Binding>
	<Binding name="Toggle Buff/Debuff view">
		if sRaidFrames.opt.BuffType == "debuffs" then
			sRaidFrames:chatBuffType("buffs");
		else
			sRaidFrames:chatBuffType("debuffs");
		end
	</Binding>
	<Binding name="Toggle display of only dispellable debuffs">
		sRaidFrames:chatToggleDispellable(not sRaidFrames.opt.ShowOnlyDispellable);
	</Binding>
</Bindings>