<Ui xmlns="http://www.blizzard.com/wow/ui/" xmlns:xsi="http://www.w3.org/2001/XMLSchema-instance" xsi:schemaLocation="http://www.blizzard.com/wow/ui/..\FrameXML\UI.xsd">
<Script file="MageX.lua"/>

<Frame name="MageXOptionsFrame" frameStrata="MEDIUM" toplevel="true">
	<Size>
		<AbsDimension x="512" y="512"/>
	</Size>
	<Anchors>
		<Anchor point="CENTER"/>
	</Anchors>
	
       	<Scripts>
       		<OnLoad>
			MageXOptionsFrame:SetBackdropBorderColor(1, 1, 1);
			MageXOptionsFrame:SetBackdropColor(0, 0, 0, 1);
			this:Hide();
		</OnLoad>
		<OnShow>
			MX_UpdateOptionFrameUI();
		</OnShow>
	</Scripts>

	<Layers>
		<Layer level="BACKGROUND">
			<Texture file="Interface\AddOns\MageX\Images\MageX_Bkgnd">
				<Size>
					<AbsDimension x="512" y="512"/>
				</Size>
				<Anchors>
					<Anchor point="TOPLEFT"/>
				</Anchors>
			</Texture>
		</Layer>

		<Layer level="ARTWORK">
			<Texture name="$parentHeader" file="Interface\DialogFrame\UI-DialogBox-Header">
				<Size>
					<AbsDimension x="256" y="64"/>
				</Size>
				<Anchors>
					<Anchor point="TOP">
						<Offset>
							<AbsDimension x="0" y="12"/>
						</Offset>
					</Anchor>
				</Anchors>
			</Texture>
			<FontString name="$parentHeaderText" inherits="GameFontNormal" text=".: MageX :.">
				<Color r="1" g="1" b="1" a="1"/>
				<Anchors>
					<Anchor point="TOP" />
				</Anchors>
			</FontString>
		</Layer>
	</Layers>

	<Frames>
		<Button name="MXCloseButton" inherits="UIPanelCloseButton">
			<Anchors>
				<Anchor point="TOPRIGHT">
					<Offset>
						<AbsDimension x="1" y="1"/>
					</Offset>
				</Anchor>
			</Anchors>
			<Scripts>
				<OnClick>
					MX_ToggleOptions("off");
				</OnClick>
			</Scripts>
		</Button>
		
		<!--========================== SPELL MANAGEMENT OPTIONS SECTION =========================-->
		<Frame>
		<Layers>
			<Layer level="ARTWORK">
				<FontString name="MXSpellTitleText" inherits="GameFontNormal" text=".: Spell Management :.">
					<Color r=".18" g=".58" b=".76" a="1"/>
					<Anchors>
						<Anchor point="TOPLEFT" relativeTo="MageXOptionsFrame" relativeFrom="TOPLEFT">
							<Offset>
								<AbsDimension x="20" y="-40"/>
							</Offset>
						</Anchor>
					</Anchors>
				</FontString>
			</Layer>
		</Layers>
		</Frame>

		<!--========================== SPELL NAME =========================-->

		<Frame name="MageXOptionsSpellFrame" frameStrata="FOREGROUND" toplevel="true">
			<Size> <AbsDimension x="140" y="140"/> </Size>
			
			<Anchors>
				<Anchor point="TOPLEFT" relativeTo="MageXOptionsFrame" relativeFrom="TOPLEFT">
					<Offset>
						<AbsDimension x="20" y="-70"/>
					</Offset>
				</Anchor>
			</Anchors>
			
			<Layers>
				<Layer level="ARTWORK">
					<FontString name="MXSpellText" inherits="GameFontNormalSmall" text="Spell">
						<Color r="1" g="1" b="1" a="1"/>
						<Anchors>
							<Anchor point="TOPLEFT" relativeTo="MageXOptionsSpellFrame" relativeFrom="TOPLEFT">
								<Offset>
									<AbsDimension x="0" y="0"/>
								</Offset>
							</Anchor>
						</Anchors>
					</FontString>

					<!-- SPELL LIST -->

					<FontString name="MXOptArmorText" inherits="GameFontNormalSmall" text="Frost/Ice/Mage Armor :">
						<Color r="1" g="1" b="1" a="1"/>
						<Anchors>
							<Anchor point="TOPLEFT" relativeTo="MXSpellText" relativeFrom="TOPLEFT">
								<Offset>
									<AbsDimension x="0" y="-30"/>
								</Offset>
							</Anchor>
						</Anchors>
					</FontString>
					<FontString name="MXOptArcaneText" inherits="GameFontNormalSmall" text="Arcane Intellect :">
						<Color r="1" g="1" b="1" a="1"/>
						<Anchors>
							<Anchor point="TOPLEFT" relativeTo="MXOptArmorText" relativeFrom="TOPLEFT">
								<Offset>
									<AbsDimension x="0" y="-30"/>
								</Offset>
							</Anchor>
						</Anchors>
					</FontString>
					<FontString name="MXOptDampenText" inherits="GameFontNormalSmall" text="Dampen Magic :">
						<Color r="1" g="1" b="1" a="1"/>
						<Anchors>
							<Anchor point="TOPLEFT" relativeTo="MXOptArcaneText" relativeFrom="TOPLEFT">
								<Offset>
									<AbsDimension x="0" y="-30"/>
								</Offset>
							</Anchor>
						</Anchors>
					</FontString>
					<FontString name="MXOptCombustionText" inherits="GameFontNormalSmall" text="Combustion :">
						<Color r="1" g="1" b="1" a="1"/>
						<Anchors>
							<Anchor point="TOPLEFT" relativeTo="MXOptDampenText" relativeFrom="TOPLEFT">
								<Offset>
									<AbsDimension x="0" y="-30"/>
								</Offset>
							</Anchor>
						</Anchors>
					</FontString>
				</Layer>
			</Layers>		
		</Frame>

		<!--========================== AUTO-CAST CHECKS =========================-->

		<Frame name="MageXOptionsAutoCastFrame" frameStrata="FOREGROUND" toplevel="true">
			<Size> <AbsDimension x="60" y="140"/> </Size>
			
			<Anchors>
				<Anchor point="TOPLEFT" relativeTo="MageXOptionsSpellFrame" relativeFrom="TOPLEFT">
					<Offset>
						<AbsDimension x="160" y="0"/>
					</Offset>
				</Anchor>
			</Anchors>

			<Layers>
				<Layer level="ARTWORK">
					<FontString name="MXAutoCastText" inherits="GameFontNormalSmall" text="Auto-Cast">
						<Color r="1" g="1" b="1" a="1"/>
						<Anchors>
							<Anchor point="TOPLEFT" relativeTo="MageXOptionsAutoCastFrame" relativeFrom="TOPLEFT">
								<Offset>
									<AbsDimension x="0" y="0"/>
								</Offset>
							</Anchor>
						</Anchors>
					</FontString>
				</Layer>
			</Layers>

			<Frames>

			<CheckButton name="MXOptSpellArmor" enableMouse="true" inherits="UICheckButtonTemplate" checked="false">
				<Size>
					<AbsDimension x="24" y="24"/>
				</Size>
				<Anchors>
					<Anchor point="TOPLEFT" relativeTo="MageXOptionsAutoCastFrame" relativeFrom="TOPLEFT">
						<Offset>
							<AbsDimension x="0" y="-24"/>
						</Offset>
					</Anchor>
				</Anchors>
				<Scripts>
					<OnClick>
						MXConfig.Spell[MXSPELL_FROST_ARMOR].Enable = (this:GetChecked());
						MXConfig.Spell[MXSPELL_ICE_ARMOR].Enable = (this:GetChecked());
						MXConfig.Spell[MXSPELL_MAGE_ARMOR].Enable = (this:GetChecked());
					</OnClick>
				</Scripts>
			</CheckButton>
			<CheckButton name="MXOptSpellArcane" enableMouse="true" inherits="UICheckButtonTemplate" checked="false">
				<Size>
					<AbsDimension x="24" y="24"/>
				</Size>
				
				<Anchors>
					<Anchor point="TOPLEFT" relativeTo="MXOptSpellArmor" relativeFrom="TOPLEFT">
						<Offset>
							<AbsDimension x="0" y="-30"/>
						</Offset>
					</Anchor>
				</Anchors>
				<Scripts>
					<OnClick>
						MXConfig.Spell[MXSPELL_ARCANE_INTELLECT].Enable = (this:GetChecked());
						MXConfig.Spell[MXSPELL_ARCANE_BRILLIANCE].Enable = (this:GetChecked());
					</OnClick>
				</Scripts>
			</CheckButton>
			<CheckButton name="MXOptSpellDampen" enableMouse="true" inherits="UICheckButtonTemplate" checked="false">
				<Size>
					<AbsDimension x="24" y="24"/>
				</Size>
				<Anchors>
					<Anchor point="TOPLEFT" relativeTo="MXOptSpellArcane" relativeFrom="TOPLEFT">
						<Offset>
							<AbsDimension x="0" y="-30"/>
						</Offset>
					</Anchor>
				</Anchors>
				<Scripts>
					<OnClick>
						MXConfig.Spell[MXSPELL_DAMPEN_MAGIC].Enable = (this:GetChecked());
					</OnClick>
				</Scripts>
			</CheckButton>
			<CheckButton name="MXOptSpellCombustion" enableMouse="true" inherits="UICheckButtonTemplate" checked="false">
				<Size>
					<AbsDimension x="24" y="24"/>
				</Size>
				<Anchors>
					<Anchor point="TOPLEFT" relativeTo="MXOptSpellDampen" relativeFrom="TOPLEFT">
						<Offset>
							<AbsDimension x="0" y="-30"/>
						</Offset>
					</Anchor>
				</Anchors>
				<Scripts>
					<OnClick>
						MXConfig.Spell[MXSPELL_COMBUSTION].Enable = (this:GetChecked());
					</OnClick>
				</Scripts>
			</CheckButton>
			</Frames>	
		</Frame>
		
		<!--========================== DEFAULT SPELL SELECTION =========================-->

		<Frame name="MageXOptionsSpellTypeFrame" frameStrata="FOREGROUND" toplevel="true">
			<Size> <AbsDimension x="250" y="140"/> </Size>
			
			<Anchors>
				<Anchor point="TOPLEFT" relativeTo="MageXOptionsAutoCastFrame" relativeFrom="TOPLEFT">
					<Offset>
						<AbsDimension x="130" y="0"/>
					</Offset>
				</Anchor>
			</Anchors>
			
			<Layers>
				<Layer level="ARTWORK"> 
					<FontString name="MXSpellTypeText" inherits="GameFontNormalSmall" text="Armor Type">
						<Color r="1" g="1" b="1" a="1"/>
						<Anchors>
							<Anchor point="TOPLEFT" relativeTo="MageXOptionsSpellTypeFrame" relativeFrom="TOPLEFT">
								<Offset>
									<AbsDimension x="0" y="0"/>
								</Offset>
							</Anchor>
						</Anchors>
					</FontString>
				</Layer>
			</Layers>

			<Frames>
				<Frame name="MXDefaultArmorType" inherits="UIDropDownMenuTemplate">
					<Size>
						<AbsDimension x="100" y="150"/>
					</Size>
					<Anchors>
						<Anchor point="TOPLEFT" relativeTo="MXSpellTypeText" relativeFrom="TOPLEFT">
							<Offset x="-20" y="-20" />
						</Anchor>	
					</Anchors>
					<Scripts>
						<OnLoad>
							MX_ArmorType_OnLoad();
						</OnLoad>
						<OnShow>
							MX_ArmorType_OnLoad();
						</OnShow>
						<OnClick>
							MX_ArmorType_OnClick();
						</OnClick>						
					</Scripts>
				</Frame>
			</Frames>
		</Frame>

		<!--========================== OTHER OPTIONS SECTION =========================-->

		<Frame name="MageXOptionsMiscFrame" frameStrata="FOREGROUND" toplevel="true">
			<Size> <AbsDimension x="120" y="120"/> </Size>
			
			<Anchors>
				<Anchor point="TOPLEFT" relativeTo="MageXOptionsSpellFrame" relativeFrom="TOPLEFT">
					<Offset>
						<AbsDimension x="0" y="-160"/>
					</Offset>
				</Anchor>
			</Anchors>

			<Layers>
				<Layer level="ARTWORK">
					<FontString name="MXSpellTitleText" inherits="GameFontNormal" text=".: Miscellaneous Options :.">
						<Color r=".18" g=".58" b=".76" a="1"/>
						<Anchors>
							<Anchor point="TOPLEFT" relativeTo="MageXOptionsMiscFrame" relativeFrom="TOPLEFT">
								<Offset>
									<AbsDimension x="0" y="0"/>
								</Offset>
							</Anchor>
						</Anchors>
					</FontString>
				</Layer>
			</Layers>

			<Frames>
			<CheckButton name="MXOptShowPortalButtons" enableMouse="true" inherits="UICheckButtonTemplate" checked="false">
				<Size>
					<AbsDimension x="24" y="24"/>
				</Size>
				<Anchors>
					<Anchor point="TOPLEFT" relativeTo="MageXOptionsMiscFrame" relativeFrom="TOPLEFT">
						<Offset>
							<AbsDimension x="0" y="-30"/>
						</Offset>
					</Anchor>
				</Anchors>
				<Scripts>
					<OnClick>
						MXConfig.ShowPortalButtons = (this:GetChecked());
						MX_UpdateMainFrameUI();
					</OnClick>
				</Scripts>
				<Layers>
					<Layer level="ARTWORK">
						<FontString name="MXShowPortalButtonsText" inherits="GameFontNormalSmall" text="Show availaible teleport/portal buttons">
							<Color r="1" g="1" b="1" a="1"/>
							<Anchors>
								<Anchor point="TOPLEFT" relativeTo="MXOptShowPortalButtons" relativeFrom="TOPLEFT">
									<Offset>
										<AbsDimension x="30" y="-5"/>
									</Offset>
								</Anchor>
							</Anchors>
						</FontString>
					</Layer>
				</Layers>
			</CheckButton>

			<CheckButton name="MXOptUsePortalMessage" enableMouse="true" inherits="UICheckButtonTemplate" checked="false">
				<Size>
					<AbsDimension x="24" y="24"/>
				</Size>
				<Anchors>
					<Anchor point="TOPLEFT" relativeTo="MXOptShowPortalButtons" relativeFrom="TOPLEFT">
						<Offset>
							<AbsDimension x="0" y="-30"/>
						</Offset>
					</Anchor>
				</Anchors>
				<Scripts>
					<OnClick>
						MXConfig.UsePortalMessage = (this:GetChecked());
					</OnClick>
				</Scripts>

				<Layers>
					<Layer level="ARTWORK">
						<FontString name="MXUsePortalMessageText" inherits="GameFontNormalSmall" text="Show portal message on cast">
							<Color r="1" g="1" b="1" a="1"/>
							<Anchors>
								<Anchor point="TOPLEFT" relativeTo="MXOptUsePortalMessage" relativeFrom="TOPLEFT">
									<Offset>
										<AbsDimension x="30" y="-5"/>
									</Offset>
								</Anchor>
							</Anchors>
						</FontString>
					</Layer>
				</Layers>
			</CheckButton>

			<CheckButton name="MXOptPlaySoundCritical" enableMouse="true" inherits="UICheckButtonTemplate" checked="false">
				<Size>
					<AbsDimension x="24" y="24"/>
				</Size>
				<Anchors>
					<Anchor point="TOPLEFT" relativeTo="MXOptUsePortalMessage" relativeFrom="TOPLEFT">
						<Offset>
							<AbsDimension x="0" y="-30"/>
						</Offset>
					</Anchor>
				</Anchors>
				<Scripts>
					<OnClick>
						MXConfig.Sound[MXSOUND_CRITICAL].Enable = (this:GetChecked());
					</OnClick>
				</Scripts>

				<Layers>
					<Layer level="ARTWORK">
						<FontString name="MXPlaySoundCritical" inherits="GameFontNormalSmall" text="Play sound on critical hit">
							<Color r="1" g="1" b="1" a="1"/>
							<Anchors>
								<Anchor point="TOPLEFT" relativeTo="MXOptPlaySoundCritical" relativeFrom="TOPLEFT">
									<Offset>
										<AbsDimension x="30" y="-5"/>
									</Offset>
								</Anchor>
							</Anchors>
						</FontString>
					</Layer>
				</Layers>
			</CheckButton>

			</Frames>
		</Frame>

		<!--========================== INTERFACES OPTIONS =========================-->

		<Frame name="MageXOptionsUIFrame" frameStrata="FOREGROUND" toplevel="true">
			<Size> <AbsDimension x="200" y="80"/> </Size>
			
			<Anchors>
				<Anchor point="TOPLEFT" relativeTo="MageXOptionsMiscFrame" relativeFrom="TOPLEFT">
					<Offset>
						<AbsDimension x="0" y="-140"/>
					</Offset>
				</Anchor>
			</Anchors>

			<Layers>
				<Layer level="ARTWORK">
					<FontString name="MXUITitleText" inherits="GameFontNormal" text=".: Interface Options :.">
						<Color r=".18" g=".58" b=".76" a="1"/>
						<Anchors>
							<Anchor point="TOPLEFT" relativeTo="MageXOptionsUIFrame" relativeFrom="TOPLEFT">
								<Offset>
									<AbsDimension x="0" y="0"/>
								</Offset>
							</Anchor>
						</Anchors>
					</FontString>
				</Layer>
			</Layers>

			<Frames>

			<Slider name="MXButtonScale" inherits="OptionsSliderTemplate" minValue="0.5" maxValue="1.5" valueStep="0.01" defaultValue="1">
				<Size>
					<AbsDimension x="120" y="16"/>
				</Size>
				<Anchors>
					<Anchor point="TOPLEFT" relativeTo="MXUITitleText" relativePoint="TOPLEFT">
						<Offset>
							<AbsDimension x="0" y="-30"/>
						</Offset>
					</Anchor>
				</Anchors>
				<Layers>
					<Layer level="ARTWORK">
						<FontString name="MXButtonScaleText" inherits="GameFontNormalSmall" Text="Scale Portals Bar">
							<Color r="1" g="1" b="1" a="1"/>
							<Anchors>
								<Anchor point="LEFT" relativeTo="MXButtonScale" relativePoint="RIGHT">
									<Offset>
										<AbsDimension x="6" y="0"/>
									</Offset>
								</Anchor>
							</Anchors>
						</FontString>
					</Layer>
				</Layers>
				<Scripts>
					<OnLoad>
						getglobal(this:GetName().."Low"):SetText("0.5");
						getglobal(this:GetName().."High"):SetText("1.5");
					</OnLoad>

					<OnValueChanged>
						if MXConfig.ButtonScale ~= this:GetValue() then
							MXConfig.ButtonScale = this:GetValue();
						end
						MX_UpdateScale();
					</OnValueChanged>
				</Scripts>
			</Slider>

			<Slider name="MXMainButtonRotation" inherits="OptionsSliderTemplate" minValue="0" maxValue="360" valueStep="0.5" defaultValue="260">
				<Size>
					<AbsDimension x="120" y="16"/>
				</Size>
				<Anchors>
					<Anchor point="TOPLEFT" relativeTo="MXButtonScale" relativePoint="TOPLEFT">
						<Offset>
							<AbsDimension x="0" y="-30"/>
						</Offset>
					</Anchor>
				</Anchors>
				<Layers>
					<Layer level="ARTWORK">
						<FontString name="MXMainButtonRotationText" inherits="GameFontNormalSmall" Text="Set the position of the main button around minimap">
							<Color r="1" g="1" b="1" a="1"/>
							<Anchors>
								<Anchor point="LEFT" relativeTo="MXMainButtonRotation" relativePoint="RIGHT">
									<Offset>
										<AbsDimension x="6" y="0"/>
									</Offset>
								</Anchor>
							</Anchors>
						</FontString>
					</Layer>
				</Layers>
				<Scripts>
					<OnLoad>
						getglobal(this:GetName().."Low"):SetText("0");
						getglobal(this:GetName().."High"):SetText("360");
					</OnLoad>

					<OnValueChanged>
						if MXConfig.MainButtonRotation ~= this:GetValue() then
							MXConfig.MainButtonRotation = this:GetValue();
						end
						MX_UpdateMainButtonPosition();
					</OnValueChanged>
				</Scripts>
			</Slider>

			<Button name="MXResetPosition" inherits="GameMenuButtonTemplate" virtual="true" text="Reset Position">
				<Size>
					<AbsDimension x="130" y="24" />
				</Size>
				<Anchors>
					<Anchor point="TOPLEFT" relativeTo="MXMainButtonRotation" relativePoint="TOPLEFT" >
						<Offset>
							<AbsDimension x="0" y="-32"/>
						</Offset>
					</Anchor>
				</Anchors>
				<Scripts>
					<OnClick>
						MX_ResetPosition();
					</OnClick>
				</Scripts>
			</Button>

			<Button name="MXShowReagentOptions" inherits="GameMenuButtonTemplate" virtual="true" text="Reagents Options">
				<Size>
					<AbsDimension x="130" y="24" />
				</Size>
				<Anchors>
					<Anchor point="TOPLEFT" relativeTo="MXResetPosition" relativePoint="TOPLEFT" >
						<Offset>
							<AbsDimension x="140" y="0"/>
						</Offset>
					</Anchor>
				</Anchors>
				<Scripts>
					<OnClick>
						MX_ToggleOptions("off");
						MX_ToggleReagentsOptions("on");
					</OnClick>
				</Scripts>
			</Button>

			</Frames>
		</Frame>

	</Frames>
</Frame>

</Ui>