<Ui xmlns="http://www.blizzard.com/wow/ui/" xmlns:xsi="http://www.w3.org/2001/XMLSchema-instance" xsi:schemaLocation="http://www.blizzard.com/wow/ui/..\FrameXML\UI.xsd">
<Script file="MageX.lua"/>

<!-- =================================== Reagents Configuration window ============================================= -->

<Frame name="MageXReagentsOptionsFrame" frameStrata="MEDIUM" toplevel="true">
	<Size>
		<AbsDimension x="512" y="256"/>
	</Size>
	<Anchors>
		<Anchor point="CENTER"/>
	</Anchors>

	<Backdrop bgFile="Interface\DialogFrame\UI-DialogBox-Background" edgeFile="Interface\Tooltips\UI-Tooltip-Border" tile="true">
		<BackgroundInsets>
			<AbsInset left="5" right="5" top="5" bottom="5"/>
		</BackgroundInsets>
		<TileSize>
			<AbsValue val="16"/>
		</TileSize>
		<EdgeSize>
			<AbsValue val="16"/>
		</EdgeSize>
	</Backdrop>

       	<Scripts>
       		<OnLoad>
			MageXReagentsOptionsFrame:SetBackdropBorderColor(1, 1, 1);
			MageXReagentsOptionsFrame:SetBackdropColor(0, 0, 0, 1);
			this:Hide();
		</OnLoad>
		<OnShow>
			MX_UpdateReagentsOptionFrameUI();
		</OnShow>
	</Scripts>

	<Layers>
		<Layer level="ARTWORK">
			<Texture name="$parentHeader" file="Interface\DialogFrame\UI-DialogBox-Header">
				<Size>
					<AbsDimension x="384" y="64"/>
				</Size>
				<Anchors>
					<Anchor point="TOP">
						<Offset>
							<AbsDimension x="0" y="12"/>
						</Offset>
					</Anchor>
				</Anchors>
			</Texture>
			<FontString name="$parentHeaderText" inherits="GameFontNormal" text=".: MageX - Reagents :.">
				<Color r="1" g="1" b="1" a="1"/>
				<Anchors>
					<Anchor point="TOP" />
				</Anchors>
			</FontString>
		</Layer>
	</Layers>

	<Frames>
		<Button name="MXReagentsCloseButton" inherits="UIPanelCloseButton">
			<Anchors>
				<Anchor point="TOPRIGHT">
					<Offset>
						<AbsDimension x="1" y="1"/>
					</Offset>
				</Anchor>
			</Anchors>
			<Scripts>
				<OnClick>
					MX_ToggleReagentsOptions("off");
				</OnClick>
			</Scripts>
		</Button>
		
		<!--========================== REAGENTS OPTIONS SECTION =========================-->
		<Frame>
		<Layers>
			<Layer level="ARTWORK">
				<FontString name="MXReagentsTitleText" inherits="GameFontNormal" text=".: Reagents Management :.">
					<Color r=".18" g=".58" b=".76" a="1"/>
					<Anchors>
						<Anchor point="TOPLEFT" relativeTo="MageXReagentsOptionsFrame" relativeFrom="TOPLEFT">
							<Offset>
								<AbsDimension x="20" y="-40"/>
							</Offset>
						</Anchor>
					</Anchors>
				</FontString>
			</Layer>
		</Layers>
		</Frame>

		<!--========================== Reagents NAME =========================-->

		<Frame name="MageXReagentsNameFrame" frameStrata="FOREGROUND" toplevel="true">
			<Size> <AbsDimension x="140" y="200"/> </Size>
			
			<Anchors>
				<Anchor point="TOPLEFT" relativeTo="MageXReagentsOptionsFrame" relativeFrom="TOPLEFT">
					<Offset>
						<AbsDimension x="20" y="-70"/>
					</Offset>
				</Anchor>
			</Anchors>
			
			<Layers>
				<Layer level="ARTWORK">
					<FontString name="MXReagentText" inherits="GameFontNormalSmall" text="Reagent">
						<Color r="1" g="1" b="1" a="1"/>
						<Anchors>
							<Anchor point="TOPLEFT" relativeTo="MageXReagentsNameFrame" relativeFrom="TOPLEFT">
								<Offset>
									<AbsDimension x="0" y="0"/>
								</Offset>
							</Anchor>
						</Anchors>
					</FontString>

					<!-- REAGENT LIST -->

					<FontString name="MXReagentLFText" inherits="GameFontNormalSmall" text="Light Feather :">
						<Color r="1" g="1" b="1" a="1"/>
						<Anchors>
							<Anchor point="TOPLEFT" relativeTo="MXReagentText" relativeFrom="TOPLEFT">
								<Offset>
									<AbsDimension x="0" y="-30"/>
								</Offset>
							</Anchor>
						</Anchors>
					</FontString>
					<FontString name="MXReagentROTText" inherits="GameFontNormalSmall" text="Rune of Teleportation :">
						<Color r="1" g="1" b="1" a="1"/>
						<Anchors>
							<Anchor point="TOPLEFT" relativeTo="MXReagentLFText" relativeFrom="TOPLEFT">
								<Offset>
									<AbsDimension x="0" y="-30"/>
								</Offset>
							</Anchor>
						</Anchors>
					</FontString>
					<FontString name="MXReagentROPText" inherits="GameFontNormalSmall" text="Rune of Portals :">
						<Color r="1" g="1" b="1" a="1"/>
						<Anchors>
							<Anchor point="TOPLEFT" relativeTo="MXReagentROTText" relativeFrom="TOPLEFT">
								<Offset>
									<AbsDimension x="0" y="-30"/>
								</Offset>
							</Anchor>
						</Anchors>
					</FontString>
					<FontString name="MXReagentAPText" inherits="GameFontNormalSmall" text="Arcane Powder :">
						<Color r="1" g="1" b="1" a="1"/>
						<Anchors>
							<Anchor point="TOPLEFT" relativeTo="MXReagentROPText" relativeFrom="TOPLEFT">
								<Offset>
									<AbsDimension x="0" y="-30"/>
								</Offset>
							</Anchor>
						</Anchors>
					</FontString>
				</Layer>
			</Layers>		
		</Frame>

		<!--========================== ALWAYS DISPLAY CHECKS =========================-->

		<Frame name="MageXReagentDisplayFrame" frameStrata="FOREGROUND" toplevel="true">
			<Size> <AbsDimension x="60" y="200"/> </Size>
			
			<Anchors>
				<Anchor point="TOPLEFT" relativeTo="MageXReagentsNameFrame" relativeFrom="TOPLEFT">
					<Offset>
						<AbsDimension x="130" y="0"/>
					</Offset>
				</Anchor>
			</Anchors>

			<Layers>
				<Layer level="ARTWORK">
					<FontString name="MXReagentDisplayText" inherits="GameFontNormalSmall" text="Always Display">
						<Color r="0.9" g="0.9" b="0.9" a="1"/>
						<Anchors>
							<Anchor point="TOPLEFT" relativeTo="MageXReagentDisplayFrame" relativeFrom="TOPLEFT">
								<Offset>
									<AbsDimension x="0" y="0"/>
								</Offset>
							</Anchor>
						</Anchors>
					</FontString>
				</Layer>
			</Layers>

			<Frames>

			<CheckButton name="MXOptReagentDisplayLF" enableMouse="true" inherits="UICheckButtonTemplate" checked="false">
				<Size>
					<AbsDimension x="24" y="24"/>
				</Size>
				<Anchors>
					<Anchor point="CENTER" relativeTo="MXReagentDisplayText" relativeFrom="CENTER">
						<Offset>
							<AbsDimension x="0" y="-30"/>
						</Offset>
					</Anchor>
				</Anchors>
				<Scripts>
					<OnClick>
						MXReagent[MXREAGENT_LF].alwaysDisplay = (this:GetChecked());
					</OnClick>
				</Scripts>
			</CheckButton>
			<CheckButton name="MXOptReagentDisplayROT" enableMouse="true" inherits="UICheckButtonTemplate" checked="false">
				<Size>
					<AbsDimension x="24" y="24"/>
				</Size>
				<Anchors>
					<Anchor point="TOPLEFT" relativeTo="MXOptReagentDisplayLF" relativeFrom="TOPLEFT">
						<Offset>
							<AbsDimension x="0" y="-30"/>
						</Offset>
					</Anchor>
				</Anchors>
				<Scripts>
					<OnClick>
						MXReagent[MXREAGENT_ROT].alwaysDisplay = (this:GetChecked());
					</OnClick>
				</Scripts>
			</CheckButton>
			<CheckButton name="MXOptReagentDisplayROP" enableMouse="true" inherits="UICheckButtonTemplate" checked="false">
				<Size>
					<AbsDimension x="24" y="24"/>
				</Size>
				<Anchors>
					<Anchor point="TOPLEFT" relativeTo="MXOptReagentDisplayROT" relativeFrom="TOPLEFT">
						<Offset>
							<AbsDimension x="0" y="-30"/>
						</Offset>
					</Anchor>
				</Anchors>
				<Scripts>
					<OnClick>
						MXReagent[MXREAGENT_ROP].alwaysDisplay = (this:GetChecked());
					</OnClick>
				</Scripts>
			</CheckButton>

			<CheckButton name="MXOptReagentDisplayAP" enableMouse="true" inherits="UICheckButtonTemplate" checked="false">
				<Size>
					<AbsDimension x="24" y="24"/>
				</Size>
				
				<Anchors>
					<Anchor point="TOPLEFT" relativeTo="MXOptReagentDisplayROP" relativeFrom="TOPLEFT">
						<Offset>
							<AbsDimension x="0" y="-30"/>
						</Offset>
					</Anchor>
				</Anchors>
				<Scripts>
					<OnClick>
						MXReagent[MXREAGENT_AP].alwaysDisplay = (this:GetChecked());
					</OnClick>
				</Scripts>
			</CheckButton>
			</Frames>	
		</Frame>
		

		<!--========================== ENABLE ALERT CHECKS =========================-->

		<Frame name="MageXReagentAlertFrame" frameStrata="FOREGROUND" toplevel="true">
			<Size> <AbsDimension x="60" y="200"/> </Size>
			
			<Anchors>
				<Anchor point="TOPLEFT" relativeTo="MageXReagentDisplayFrame" relativeFrom="TOPLEFT">
					<Offset>
						<AbsDimension x="110" y="0"/>
					</Offset>
				</Anchor>
			</Anchors>

			<Layers>
				<Layer level="ARTWORK">
					<FontString name="MXReagentAlertText" inherits="GameFontNormalSmall" text="Enable Alert">
						<Color r="0.9" g="0.9" b="0.9" a="1"/>
						<Anchors>
							<Anchor point="TOPLEFT" relativeTo="MageXReagentAlertFrame" relativeFrom="TOPLEFT">
								<Offset>
									<AbsDimension x="0" y="0"/>
								</Offset>
							</Anchor>
						</Anchors>
					</FontString>
				</Layer>
			</Layers>

			<Frames>

			<CheckButton name="MXOptReagentAlertLF" enableMouse="true" inherits="UICheckButtonTemplate" checked="false">
				<Size>
					<AbsDimension x="24" y="24"/>
				</Size>
				<Anchors>
					<Anchor point="CENTER" relativeTo="MXReagentAlertText" relativeFrom="CENTER">
						<Offset>
							<AbsDimension x="0" y="-30"/>
						</Offset>
					</Anchor>
				</Anchors>
				<Scripts>
					<OnClick>
						MXReagent[MXREAGENT_LF].enableAlert = (this:GetChecked());
					</OnClick>
				</Scripts>
			</CheckButton>
			<CheckButton name="MXOptReagentAlertROT" enableMouse="true" inherits="UICheckButtonTemplate" checked="false">
				<Size>
					<AbsDimension x="24" y="24"/>
				</Size>
				<Anchors>
					<Anchor point="TOPLEFT" relativeTo="MXOptReagentAlertLF" relativeFrom="TOPLEFT">
						<Offset>
							<AbsDimension x="0" y="-30"/>
						</Offset>
					</Anchor>
				</Anchors>
				<Scripts>
					<OnClick>
						MXReagent[MXREAGENT_ROT].enableAlert = (this:GetChecked());
					</OnClick>
				</Scripts>
			</CheckButton>
			<CheckButton name="MXOptReagentAlertROP" enableMouse="true" inherits="UICheckButtonTemplate" checked="false">
				<Size>
					<AbsDimension x="24" y="24"/>
				</Size>
				<Anchors>
					<Anchor point="TOPLEFT" relativeTo="MXOptReagentAlertROT" relativeFrom="TOPLEFT">
						<Offset>
							<AbsDimension x="0" y="-30"/>
						</Offset>
					</Anchor>
				</Anchors>
				<Scripts>
					<OnClick>
						MXReagent[MXREAGENT_ROP].enableAlert = (this:GetChecked());
					</OnClick>
				</Scripts>
			</CheckButton>
			<CheckButton name="MXOptReagentAlertAP" enableMouse="true" inherits="UICheckButtonTemplate" checked="false">
				<Size>
					<AbsDimension x="24" y="24"/>
				</Size>
				
				<Anchors>
					<Anchor point="TOPLEFT" relativeTo="MXOptReagentAlertROP" relativeFrom="TOPLEFT">
						<Offset>
							<AbsDimension x="0" y="-30"/>
						</Offset>
					</Anchor>
				</Anchors>
				<Scripts>
					<OnClick>
						MXReagent[MXREAGENT_AP].enableAlert = (this:GetChecked());
					</OnClick>
				</Scripts>
			</CheckButton>
			</Frames>	
		</Frame>

		<!--========================== ALERT THRESHOLD SELECTION =========================-->

		<Frame name="MageXReagentAlertThresholdFrame" frameStrata="FOREGROUND" toplevel="true">
			<Size> <AbsDimension x="140" y="200"/> </Size>
			
			<Anchors>
				<Anchor point="TOPLEFT" relativeTo="MageXReagentAlertFrame" relativeFrom="TOPLEFT">
					<Offset>
						<AbsDimension x="100" y="0"/>
					</Offset>
				</Anchor>
			</Anchors>
			
			<Layers>
				<Layer level="ARTWORK"> 
					<FontString name="MXReagentAlertThresholdText" inherits="GameFontNormalSmall" text="Threshold">
						<Color r="0.9" g="0.9" b="0.9" a="0.9"/>
						<Anchors>
							<Anchor point="TOPLEFT" relativeTo="MageXReagentAlertThresholdFrame" relativeFrom="TOPLEFT">
								<Offset>
									<AbsDimension x="0" y="0"/>
								</Offset>
							</Anchor>
						</Anchors>
					</FontString>
				</Layer>
			</Layers>

			<Frames>
				<Slider name="MXOptReagentAlertTresholdLF" inherits="OptionsSliderTemplate" minValue="0" maxValue="10" valueStep="1" defaultValue="2">
					<Size>
						<AbsDimension x="120" y="16"/>
					</Size>

					<Anchors>
						<Anchor point="TOPLEFT" relativeTo="MageXReagentAlertThresholdFrame" relativePoint="TOPLEFT">
							<Offset>
								<AbsDimension x="0" y="-30"/>
							</Offset>
						</Anchor>
					</Anchors>
					<Layers>
						<Layer level="ARTWORK">
							<FontString name="MXReagentThresholdLFText" inherits="GameFontNormalSmall" Text="2">
								<Color r="1" g="1" b="1" a="1"/>
								<Anchors>
									<Anchor point="LEFT" relativeTo="MXOptReagentAlertTresholdLF" relativePoint="RIGHT">
										<Offset>
											<AbsDimension x="6" y="0"/>
										</Offset>
									</Anchor>
								</Anchors>
							</FontString>
						</Layer>
					</Layers>
					<Scripts>
						<OnLoad>
							getglobal(this:GetName().."Low"):SetText("0");
							getglobal(this:GetName().."High"):SetText("10");
							MXReagentThresholdLFText:SetText(this:GetValue());
						</OnLoad>
	
						<OnValueChanged>
							MXReagent[MXREAGENT_LF].threshold = this:GetValue();
							MXReagentThresholdLFText:SetText(this:GetValue());
						</OnValueChanged>
					</Scripts>
				</Slider>

				<Slider name="MXOptReagentAlertTresholdROT" inherits="OptionsSliderTemplate" minValue="0" maxValue="10" valueStep="1" defaultValue="2">
					<Size>
						<AbsDimension x="120" y="16"/>
					</Size>

					<Anchors>
						<Anchor point="TOPLEFT" relativeTo="MXOptReagentAlertTresholdLF" relativePoint="TOPLEFT">
							<Offset>
								<AbsDimension x="0" y="-30"/>
							</Offset>
						</Anchor>
					</Anchors>
					<Layers>
						<Layer level="ARTWORK">
							<FontString name="MXReagentThresholdROTText" inherits="GameFontNormalSmall" Text="2">
								<Color r="1" g="1" b="1" a="1"/>
								<Anchors>
									<Anchor point="LEFT" relativeTo="MXOptReagentAlertTresholdROT" relativePoint="RIGHT">
										<Offset>
											<AbsDimension x="6" y="0"/>
										</Offset>
									</Anchor>
								</Anchors>
							</FontString>
						</Layer>
					</Layers>
					<Scripts>
						<OnLoad>
							getglobal(this:GetName().."Low"):SetText("0");
							getglobal(this:GetName().."High"):SetText("10");
							MXReagentThresholdROTText:SetText(this:GetValue());
						</OnLoad>
	
						<OnValueChanged>
							MXReagent[MXREAGENT_ROT].threshold = this:GetValue();
							MXReagentThresholdROTText:SetText(this:GetValue());
						</OnValueChanged>
					</Scripts>
				</Slider>

				<Slider name="MXOptReagentAlertTresholdROP" inherits="OptionsSliderTemplate" minValue="0" maxValue="10" valueStep="1" defaultValue="2">
					<Size>
						<AbsDimension x="120" y="16"/>
					</Size>

					<Anchors>
						<Anchor point="TOPLEFT" relativeTo="MXOptReagentAlertTresholdROT" relativePoint="TOPLEFT">
							<Offset>
								<AbsDimension x="0" y="-30"/>
							</Offset>
						</Anchor>
					</Anchors>
					<Layers>
						<Layer level="ARTWORK">
							<FontString name="MXReagentThresholdROPText" inherits="GameFontNormalSmall" Text="2">
								<Color r="1" g="1" b="1" a="1"/>
								<Anchors>
									<Anchor point="LEFT" relativeTo="MXOptReagentAlertTresholdROP" relativePoint="RIGHT">
										<Offset>
											<AbsDimension x="6" y="0"/>
										</Offset>
									</Anchor>
								</Anchors>
							</FontString>
						</Layer>
					</Layers>
					<Scripts>
						<OnLoad>
							getglobal(this:GetName().."Low"):SetText("0");
							getglobal(this:GetName().."High"):SetText("10");
							MXReagentThresholdROPText:SetText(this:GetValue());
						</OnLoad>
	
						<OnValueChanged>
							MXReagent[MXREAGENT_ROP].threshold = this:GetValue();
							MXReagentThresholdROPText:SetText(this:GetValue());
						</OnValueChanged>
					</Scripts>
				</Slider>

				<Slider name="MXOptReagentAlertTresholdAP" inherits="OptionsSliderTemplate" minValue="0" maxValue="10" valueStep="1" defaultValue="2">
					<Size>
						<AbsDimension x="120" y="16"/>
					</Size>

					<Anchors>
						<Anchor point="TOPLEFT" relativeTo="MXOptReagentAlertTresholdROP" relativePoint="TOPLEFT">
							<Offset>
								<AbsDimension x="0" y="-30"/>
							</Offset>
						</Anchor>
					</Anchors>
					<Layers>
						<Layer level="ARTWORK">
							<FontString name="MXReagentThresholdAPText" inherits="GameFontNormalSmall" Text="2">
								<Color r="1" g="1" b="1" a="1"/>
								<Anchors>
									<Anchor point="LEFT" relativeTo="MXOptReagentAlertTresholdAP" relativePoint="RIGHT">
										<Offset>
											<AbsDimension x="6" y="0"/>
										</Offset>
									</Anchor>
								</Anchors>
							</FontString>
						</Layer>
					</Layers>
					<Scripts>
						<OnLoad>
							getglobal(this:GetName().."Low"):SetText("0");
							getglobal(this:GetName().."High"):SetText("10");
							MXReagentThresholdAPText:SetText(this:GetValue());
						</OnLoad>
	
						<OnValueChanged>
							MXReagent[MXREAGENT_AP].threshold = this:GetValue();
							MXReagentThresholdAPText:SetText(this:GetValue());
						</OnValueChanged>
					</Scripts>
				</Slider>
			</Frames>
		</Frame>

	</Frames>
</Frame>
</Ui>