<Ui xmlns="http://www.blizzard.com/wow/ui/" xmlns:xsi="http://www.w3.org/2001/XMLSchema-instance" xsi:schemaLocation="http://www.blizzard.com/wow/ui/ C:\Projects\WoW\Bin\Interface\FrameXML\UI.xsd">
<Script file="MageX.lua"/>

<Frame name="MX_ReagentCount" frameStrata="FOREGROUND" toplevel="true" virtual="true">
	<Layers>
		<Layer level="ARTWORK">
			<!--RUne Count Display-->
			<FontString name="ReagentCount" inherits="NumberFontNormal">
				<Anchors>
					<Anchor point="LEFT">
					</Anchor>
				</Anchors>
			</FontString>
		</Layer>
	</Layers>
</Frame>

<Frame name="MX_PortalButtonTip" frameStrata="FOREGROUND" toplevel="true" hidden="true">
	<Size>
		<AbsDimension x="170" y="40" />
	</Size>
	<Anchors>
		<Anchor point="BOTTOMLEFT" relativeTo="MXPortalButtonFrame" relativePoint="TOPLEFT">
			<Offset>
				<AbsDimension x="0" y="0"/>
			</Offset>
		</Anchor>
	</Anchors>
		
	<Backdrop bgFile="Interface\DialogFrame\UI-DialogBox-Background" edgeFile="Interface\Tooltips\UI-Tooltip-Border" tile="true">
		<BackgroundInsets>
			<AbsInset left="5" right="5" top="5" bottom="5"/>
		</BackgroundInsets>
		<TileSize>
			<AbsValue val="16"/>
		</TileSize>
		<EdgeSize>
			<AbsValue val="16"/>
		</EdgeSize>
	</Backdrop>

	<Layers>
		<Layer level="ARTWORK">
			<FontString name="MX_PortalName" inherits="GameFontNormalSmall">
				<Anchors>
					<Anchor point="TOPLEFT" relativeTo="$parent" relativePoint="TOPLEFT" >
						<Offset>
							<AbsDimension x="10" y="-10"/>
						</Offset>
					</Anchor>
				</Anchors>
			</FontString>
			<FontString name="MX_Info" inherits="GameFontNormalSmall" Text="(Shift + Left-click for Portal)">
				<Anchors>
					<Anchor point="TOPLEFT" relativeTo="MX_PortalName" relativePoint="BOTTOMLEFT" >
						<Offset>
							<AbsDimension x="0" y="-2"/>
						</Offset>
					</Anchor>
				</Anchors>
			</FontString>
		</Layer>
	</Layers>
</Frame>

<Frame name="MX_MainButtonTip" frameStrata="FOREGROUND" toplevel="true" hidden="true">
	<Size>
		<AbsDimension x="180" y="90" />
	</Size>
	<Anchors>
		<Anchor point="TOPRIGHT" relativeTo="MageXFrame" relativePoint="TOPLEFT">
			<Offset>
				<AbsDimension x="0" y="0"/>
			</Offset>
		</Anchor>
	</Anchors>
		
	<Backdrop bgFile="Interface\DialogFrame\UI-DialogBox-Background" edgeFile="Interface\Tooltips\UI-Tooltip-Border" tile="true">
		<BackgroundInsets>
			<AbsInset left="5" right="5" top="5" bottom="5"/>
		</BackgroundInsets>
		<TileSize>
			<AbsValue val="16"/>
		</TileSize>
		<EdgeSize>
			<AbsValue val="16"/>
		</EdgeSize>
	</Backdrop>

	<Layers>
		<Layer level="ARTWORK">
			<FontString name="MX_Title" inherits="GameFontNormal" Text="MageX">
				<Color r="1" g="1" b="1" a="1"/>
				<Anchors>
					<Anchor point="TOPLEFT" relativeTo="$parent" relativePoint="TOPLEFT" >
						<Offset>
							<AbsDimension x="10" y="-10"/>
						</Offset>
					</Anchor>
				</Anchors>
			</FontString>

			<FontString name="MX_TotalLF" inherits="GameFontNormal">
				<Anchors>
					<Anchor point="TOPLEFT" relativeTo="MX_Title" relativePoint="TOPLEFT" >
						<Offset>
							<AbsDimension x="0" y="-15"/>
						</Offset>
					</Anchor>
				</Anchors>
			</FontString>
			<FontString name="MX_TotalROT" inherits="GameFontNormal">
				<Anchors>
					<Anchor point="TOPLEFT" relativeTo="MX_Title" relativePoint="TOPLEFT" >
						<Offset>
							<AbsDimension x="0" y="-30"/>
						</Offset>
					</Anchor>
				</Anchors>
			</FontString>
			<FontString name="MX_TotalROP" inherits="GameFontNormal">
				<Anchors>
					<Anchor point="TOPLEFT" relativeTo="MX_Title" relativePoint="TOPLEFT" >
						<Offset>
							<AbsDimension x="0" y="-45"/>
						</Offset>
					</Anchor>
				</Anchors>
			</FontString>
			<FontString name="MX_TotalAP" inherits="GameFontNormal">
				<Anchors>
					<Anchor point="TOPLEFT" relativeTo="MX_Title" relativePoint="TOPLEFT" >
						<Offset>
							<AbsDimension x="0" y="-60"/>
						</Offset>
					</Anchor>
				</Anchors>
			</FontString>
		</Layer>
	</Layers>
</Frame>

<Frame name="MageXFrame" parent="Minimap" enableMouse="true" hidden="false" frameStrata="LOW">
	<Size>
		<AbsDimension x="32" y="32"/>
	</Size>
	<Anchors>
		<Anchor point="TOPLEFT" relativeTo="Minimap" relativePoint="RIGHT">
			<Offset>
				<AbsDimension x="2" y="0"/>
			</Offset>
		</Anchor>
	</Anchors>

	<Frames>
		<Button name="MX_MainButton">
			<Size>
				<AbsDimension x="32" y="32"/>
			</Size>
			<Anchors>
				<Anchor point="TOPLEFT">
					<Offset>
						<AbsDimension x="0" y="0"/>
					</Offset>
				</Anchor>
			</Anchors>

			<NormalTexture name="MainButtonNormalTex" file="Interface\AddOns\MageX\Images\MageX_Button_Up"/>
			<PushedTexture file="Interface\AddOns\MageX\Images\MageX_Button_Down"/>
			<HighlightTexture alphaMode="ADD" file="Interface\Minimap\UI-Minimap-ZoomButton-Highlight"/>

			<Scripts>
				<OnLoad>
					this:RegisterForClicks("LeftButtonUp", "RightButtonUp");
					MageXFrame:SetPoint("TOPLEFT", "Minimap", "TOPLEFT", 54 - (78 * cos(300)), (78 * sin(300)) - 55 );
				</OnLoad>
				<OnEnter>
					MX_DisplayMainButtonToolTip();
				</OnEnter>
				<OnLeave>
					MX_MainButtonTip:Hide();
				</OnLeave>
				<OnClick>
					if IsShiftKeyDown() then
						MX_ToggleOptions("off");
						MX_ToggleReagentsOptions("on");
					else
						MX_ToggleReagentsOptions("off");
						MX_ToggleOptions("on");
					end				
				</OnClick>
			</Scripts>
		</Button>
	</Frames>
	<Scripts>
		<OnLoad>
			MX_OnLoad();
		</OnLoad>
		<OnEvent>
			MX_OnEvent(event);
		</OnEvent>
		<OnUpdate>
			MX_OnUpdate();
		</OnUpdate>
	</Scripts>
</Frame>

<Frame name="MXPortalButtonFrame" frameStrata="FOREGROUND" toplevel="true" enableMouse="false" movable="true" parent="UIParent" hidden="false">

	<Size>
		<AbsDimension x="203" y="42" />
	</Size>

	<Anchors>
		<Anchor point="CENTER" />
	</Anchors>

	<Scripts>
		<OnLoad>
			MXPortalButtonFrame:SetBackdropBorderColor(1, 1, 1);
			MXPortalButtonFrame:SetBackdropColor(0, 0, 0, 1);
		</OnLoad>
	</Scripts>

	<Backdrop bgFile="Interface\Tooltips\UI-Tooltip-Background" edgeFile="Interface\Tooltips\UI-Tooltip-Border" tile="true">
		<EdgeSize>
			<AbsValue val="16"/>
		</EdgeSize>
		<TileSize>
			<AbsValue val="16"/>
		</TileSize>
		<BackgroundInsets>
			<AbsInset left="5" right="5" top="5" bottom="5"/>
		</BackgroundInsets>
	</Backdrop>

	<Frames>
		<Button name="MX_PortalIF" virtual="true" id="1">
			<Size>
				<AbsDimension x="32" y="32" />
			</Size>
			<Anchors>
				<Anchor point="TOPLEFT" relativeTo="MXPortalButtonFrame" relativePoint="TOPLEFT" >
					<Offset>
						<AbsDimension x="5" y="-5"/>
					</Offset>
				</Anchor>
			</Anchors>
			<Layers>
				<Layer level="BACKGROUND">
					<Texture file="Interface\Icons\Spell_Arcane_TeleportIronForge"/>
				</Layer>
			</Layers>

			<HighlightTexture alphaMode="ADD" file="Interface\Buttons\ButtonHilight-Square"/>

			<Scripts>
				<OnEnter>
					MX_DisplayPortalButtonToolTip(MXPORTAL_IF, "MXPortalButtonFrame");
				</OnEnter>
				<OnLeave>
					MX_PortalButtonTip:Hide();
					ResetCursor();
				</OnLeave>
				<OnClick>
					if IsShiftKeyDown() then
						MX_CastPortal(MXPORTAL_IF, MX.PortalPrefix);
					else
						MX_CastPortal(MXPORTAL_IF, MX.TeleportPrefix);
					end
				</OnClick>
			      	<OnMouseDown>
					if ( not MXPortalButtonFrame.isMoving ) and arg1=="RightButton" then
				  		MXPortalButtonFrame:StartMoving();
				  		MX_PortalButtonTip:Hide();
				  		MXPortalButtonFrame.isMoving = true;
				  		this.left=this:GetLeft();
				  		this.bottom=this:GetBottom();
					end
			      	</OnMouseDown>
			      	<OnMouseUp>
					if ( MXPortalButtonFrame.isMoving) and arg1=="RightButton" then
						MXPortalButtonFrame:StopMovingOrSizing();
						MXPortalButtonFrame.isMoving = false;
						MX_PortalButtonTip:Show();
					end
			      	</OnMouseUp>
			</Scripts>
		</Button>

		<Button name="MX_PortalSW" id="2">
			<Size>
				<AbsDimension x="32" y="32" />
			</Size>
			<Anchors>
				<Anchor point="TOPLEFT" relativeTo="MX_PortalIF" relativeFrom="TOPLEFT">
					<Offset>
						<AbsDimension x="32" y="0"/>
					</Offset>
				</Anchor>
			</Anchors>

			<Layers>
				<Layer level="BACKGROUND">
					<Texture file="Interface\Icons\Spell_Arcane_TeleportStormWind"/>
				</Layer>
			</Layers>

			<HighlightTexture alphaMode="ADD" file="Interface\Buttons\ButtonHilight-Square"/>

			<Scripts>
				<OnEnter>
					MX_DisplayPortalButtonToolTip(MXPORTAL_SW, "MXPortalButtonFrame");
				</OnEnter>
				<OnLeave>
					MX_PortalButtonTip:Hide();
					ResetCursor();
				</OnLeave>
			      	<OnClick>
					if IsShiftKeyDown() then
						MX_CastPortal(MXPORTAL_SW, MX.PortalPrefix);
					else
						MX_CastPortal(MXPORTAL_SW, MX.TeleportPrefix);
					end
			      	</OnClick>
			      	<OnMouseDown>
					if ( not MXPortalButtonFrame.isMoving ) and arg1=="RightButton" then
				  		MXPortalButtonFrame:StartMoving();
				  		MX_PortalButtonTip:Hide();
				  		MXPortalButtonFrame.isMoving = true;
				  		this.left=this:GetLeft();
				  		this.bottom=this:GetBottom();
					end
			      	</OnMouseDown>
			      	<OnMouseUp>
					if ( MXPortalButtonFrame.isMoving) and arg1=="RightButton" then
						MXPortalButtonFrame:StopMovingOrSizing();
						MXPortalButtonFrame.isMoving = false;
						MX_PortalButtonTip:Show();
					end
			      	</OnMouseUp>
			</Scripts>
		</Button>

		<Button name="MX_PortalDN" id="3">
			<Size>
				<AbsDimension x="32" y="32" />
			</Size>
			<Anchors>
				<Anchor point="TOPLEFT" relativeTo="MX_PortalSW" relativeFrom="TOPLEFT">
					<Offset>
						<AbsDimension x="32" y="0"/>
					</Offset>
				</Anchor>
			</Anchors>

			<Layers>
				<Layer level="BACKGROUND">
					<Texture file="Interface\Icons\Spell_Arcane_TeleportDarnassus"/>
				</Layer>
			</Layers>

			<HighlightTexture alphaMode="ADD" file="Interface\Buttons\ButtonHilight-Square"/>

			<Scripts>
				<OnEnter>
					MX_DisplayPortalButtonToolTip(MXPORTAL_DN, "MXPortalButtonFrame");
				</OnEnter>
				<OnLeave>
					MX_PortalButtonTip:Hide();
					ResetCursor();
				</OnLeave>
			      	<OnClick>
					if IsShiftKeyDown() then
						MX_CastPortal(MXPORTAL_DN, MX.PortalPrefix);

					else
						MX_CastPortal(MXPORTAL_DN, MX.TeleportPrefix);
					end
			      	</OnClick>
			      	<OnMouseDown>
					if ( not MXPortalButtonFrame.isMoving ) and arg1=="RightButton" then
				  		MXPortalButtonFrame:StartMoving();
				  		MX_PortalButtonTip:Hide();
				  		MXPortalButtonFrame.isMoving = true;
				  		this.left=this:GetLeft();
				  		this.bottom=this:GetBottom();
					end
			      	</OnMouseDown>
			      	<OnMouseUp>
					if ( MXPortalButtonFrame.isMoving) and arg1=="RightButton" then
						MXPortalButtonFrame:StopMovingOrSizing();
						MXPortalButtonFrame.isMoving = false;
						MX_PortalButtonTip:Show();
					end
			      	</OnMouseUp>
			</Scripts>
		</Button>

		<Button name="MX_PortalOG" id="4">
			<Size>
				<AbsDimension x="32" y="32" />
			</Size>
			<Anchors>
				<Anchor point="TOPLEFT" relativeTo="MX_PortalDN" relativeFrom="TOPLEFT">
					<Offset>
						<AbsDimension x="32" y="0"/>
					</Offset>
				</Anchor>
			</Anchors>

			<Layers>
				<Layer level="BACKGROUND">
					<Texture file="Interface\Icons\Spell_Arcane_TeleportOrgrimmar"/>
				</Layer>
			</Layers>

			<HighlightTexture alphaMode="ADD" file="Interface\Buttons\ButtonHilight-Square"/>

			<Scripts>
				<OnEnter>
					MX_DisplayPortalButtonToolTip(MXPORTAL_OG, "MXPortalButtonFrame");
				</OnEnter>
				<OnLeave>
					MX_PortalButtonTip:Hide();
					ResetCursor();
				</OnLeave>
			      	<OnClick>
					if IsShiftKeyDown() then
						MX_CastPortal(MXPORTAL_OG, MX.PortalPrefix);

					else
						MX_CastPortal(MXPORTAL_OG, MX.TeleportPrefix);
					end
			      	</OnClick>
			      	<OnMouseDown>
					if ( not MXPortalButtonFrame.isMoving ) and arg1=="RightButton" then
				  		MXPortalButtonFrame:StartMoving();
				  		MX_PortalButtonTip:Hide();
				  		MXPortalButtonFrame.isMoving = true;
				  		this.left=this:GetLeft();
				  		this.bottom=this:GetBottom();
					end
			      	</OnMouseDown>
			      	<OnMouseUp>
					if ( MXPortalButtonFrame.isMoving) and arg1=="RightButton" then
						MXPortalButtonFrame:StopMovingOrSizing();
						MXPortalButtonFrame.isMoving = false;
						MX_PortalButtonTip:Show();
					end
			      	</OnMouseUp>
			</Scripts>
		</Button>

		<Button name="MX_PortalUC" id="5">
			<Size>
				<AbsDimension x="32" y="32" />
			</Size>
			<Anchors>
				<Anchor point="TOPLEFT" relativeTo="MX_PortalOG" relativeFrom="TOPLEFT">
					<Offset>
						<AbsDimension x="32" y="0"/>
					</Offset>
				</Anchor>
			</Anchors>

			<Layers>
				<Layer level="BACKGROUND">
					<Texture file="Interface\Icons\Spell_Arcane_TeleportUnderCity"/>
				</Layer>
			</Layers>

			<HighlightTexture alphaMode="ADD" file="Interface\Buttons\ButtonHilight-Square"/>

			<Scripts>
				<OnEnter>
					MX_DisplayPortalButtonToolTip(MXPORTAL_UC, "MXPortalButtonFrame");
				</OnEnter>
				<OnLeave>
					MX_PortalButtonTip:Hide();
					ResetCursor();
				</OnLeave>
			      	<OnClick>
					if IsShiftKeyDown() then
						MX_CastPortal(MXPORTAL_UC, MX.PortalPrefix);

					else
						MX_CastPortal(MXPORTAL_UC, MX.TeleportPrefix);
					end
			      	</OnClick>
			      	<OnMouseDown>
					if ( not MXPortalButtonFrame.isMoving ) and arg1=="RightButton" then
				  		MXPortalButtonFrame:StartMoving();
				  		MX_PortalButtonTip:Hide();
				  		MXPortalButtonFrame.isMoving = true;
				  		this.left=this:GetLeft();
				  		this.bottom=this:GetBottom();
					end
			      	</OnMouseDown>
			      	<OnMouseUp>
					if ( MXPortalButtonFrame.isMoving) and arg1=="RightButton" then
						MXPortalButtonFrame:StopMovingOrSizing();
						MXPortalButtonFrame.isMoving = false;
						MX_PortalButtonTip:Show();
					end
			      	</OnMouseUp>
			</Scripts>
		</Button>

		<Button name="MX_PortalTB" id="6">
			<Size>
				<AbsDimension x="32" y="32" />
			</Size>
			<Anchors>
				<Anchor point="TOPLEFT" relativeTo="MX_PortalUC" relativeFrom="TOPLEFT">
					<Offset>
						<AbsDimension x="32" y="0"/>
					</Offset>
				</Anchor>
			</Anchors>

			<Layers>
				<Layer level="BACKGROUND">
					<Texture file="Interface\Icons\Spell_Arcane_PortalThunderBluff"/>
				</Layer>
			</Layers>

			<HighlightTexture alphaMode="ADD" file="Interface\Buttons\ButtonHilight-Square"/>

			<Scripts>
				<OnEnter>
					MX_DisplayPortalButtonToolTip(MXPORTAL_TB, "MXPortalButtonFrame");
				</OnEnter>
				<OnLeave>
					MX_PortalButtonTip:Hide();
					ResetCursor();
				</OnLeave>
			      	<OnClick>
					if IsShiftKeyDown() then
						MX_CastPortal(MXPORTAL_TB, MX.PortalPrefix);
					else
						MX_CastPortal(MXPORTAL_TB, MX.TeleportPrefix);
					end
			      	</OnClick>
			      	<OnMouseDown>
					if ( not MXPortalButtonFrame.isMoving ) and arg1=="RightButton" then
				  		MXPortalButtonFrame:StartMoving();
				  		MX_PortalButtonTip:Hide();
				  		MXPortalButtonFrame.isMoving = true;
				  		this.left=this:GetLeft();
				  		this.bottom=this:GetBottom();
					end
			      	</OnMouseDown>
			      	<OnMouseUp>
					if ( MXPortalButtonFrame.isMoving) and arg1=="RightButton" then
						MXPortalButtonFrame:StopMovingOrSizing();
						MXPortalButtonFrame.isMoving = false;
						MX_PortalButtonTip:Show();
					end
			      	</OnMouseUp>
			</Scripts>
		</Button>
	</Frames>
</Frame>

<GameTooltip name="MageXTooltip" frameStrata="LOW" toplevel="true" movable="true" parent="UIParent" inherits="GameTooltipTemplate"/>

</Ui>