
<Ui xmlns="http://www.blizzard.com/wow/ui/"
		xmlns:xsi="http://www.w3.org/2001/XMLSchema-instance"
		xsi:schemaLocation="http://www.blizzard.com/wow/ui/ ../../FrameXML/UI.xsd">
	<!--   
		$Revision: 1.4 $
		$Date: 2005/10/10 16:05:06 $
	-->
	<Script file="AHFavorites.lua"/>

    <Frame name="AHFavs" parent="AuctionFrameBrowse" id="1">
        <Size> <AbsDimension x="24" y="24"/> </Size>
        <Anchors>
            <Anchor point="RIGHT" relativeTo="BrowseName" relativePoint="RIGHT">
                <Offset> <AbsDimension x="6" y="0"/> </Offset>
            </Anchor>
        </Anchors>
        <Frames>
            <Button name="$parentButton">
                <Size> <AbsDimension x="24" y="24"/> </Size>
                <Anchors>
                    <Anchor point="RIGHT" relativeTo="AHFavs"/>
                </Anchors>
                <Scripts>
                    <OnClick> ToggleDropDownMenu(); </OnClick>
                    <OnShow> AHFav:SearchesDropDown_OnLoad(); </OnShow> 
                    <OnEnter>
                        GameTooltip:SetOwner(this, "ANCHOR_TOPRIGHT"); 
                        GameTooltip:SetText(AH_FAV.FAVORITES);
                    </OnEnter> 
                    <OnLeave> GameTooltip:Hide(); </OnLeave> 
                </Scripts>
                <NormalTexture name="$parentNormalTexture" file="Interface\ChatFrame\UI-ChatIcon-ScrollDown-Up">
                    <Size> <AbsDimension x="24" y="24"/> </Size>
                    <Anchors> <Anchor point="RIGHT"/> </Anchors>
                </NormalTexture>

                <HighlightTexture alphaMode="ADD" name="$parentHighlightTexture" file="Interface\Buttons\UI-Common-MouseHilight">
                    <Size> <AbsDimension x="24" y="24"/> </Size>
                    <Anchors> <Anchor point="RIGHT"/> </Anchors>
                </HighlightTexture>

                <PushedTexture name="$parentPushedTexture" file="Interface\ChatFrame\UI-ChatIcon-ScrollDown-Down">
                    <Size> <AbsDimension x="24" y="24"/> </Size>
                    <Anchors> <Anchor point="RIGHT"/> </Anchors>
                </PushedTexture>
            </Button>
        </Frames>
        <Scripts>
            <OnHide> CloseDropDownMenus(); </OnHide>
        </Scripts>
    </Frame>

</Ui>
