<Ui xmlns="http://www.blizzard.com/wow/ui/"
	xmlns:xsi="http://www.w3.org/2001/XMLSchema-instance"
	xsi:schemaLocation="http://www.blizzard.com/wow/ui/ ..\FrameXML\UI.xsd">
	<Script file="InventoryOnParUI.lua"/>
	
	<Frame name="InventoryOnParUITableColumnSummaryHeaderTemplate" virtual="true">
		<Size>
			<AbsDimension x="10" y="24"/>
		</Size>
		<Layers>
			<Layer level="BACKGROUND">
				<Texture name="$parentLeft" file="Interface\FriendsFrame\WhoFrame-ColumnTabs">
					<Size>
						<AbsDimension x="5" y="24"/>
					</Size>
					<Anchors>
						<Anchor point="TOPLEFT"/>
					</Anchors>
					<TexCoords left="0" right="0.078125" top="0" bottom="0.75"/>
				</Texture>
				<Texture name="$parentMiddle" file="Interface\FriendsFrame\WhoFrame-ColumnTabs">
					<Size>
						<AbsDimension x="53" y="24"/>
					</Size>
					<Anchors>
						<Anchor point="LEFT" relativeTo="$parentLeft" relativePoint="RIGHT"/>
					</Anchors>
					<TexCoords left="0.078125" right="0.90625" top="0" bottom="0.75"/>
				</Texture>
				<Texture name="$parentRight" file="Interface\FriendsFrame\WhoFrame-ColumnTabs">
					<Size>
						<AbsDimension x="4" y="24"/>
					</Size>
					<Anchors>
						<Anchor point="LEFT" relativeTo="$parentMiddle" relativePoint="RIGHT"/>
					</Anchors>
					<TexCoords left="0.90625" right="0.96875" top="0" bottom="0.75"/>
				</Texture>
			</Layer>
		</Layers>
	</Frame>
	
	<Button name="InventoryOnParUITableColumnHeaderTemplate" virtual="true">
		<Size>
			<AbsDimension x="10" y="24"/>
		</Size>
		<Layers>
			<Layer level="BACKGROUND">
				<Texture name="$parentLeft" file="Interface\FriendsFrame\WhoFrame-ColumnTabs">
					<Size>
						<AbsDimension x="5" y="24"/>
					</Size>
					<Anchors>
						<Anchor point="TOPLEFT"/>
					</Anchors>
					<TexCoords left="0" right="0.078125" top="0" bottom="0.75"/>
				</Texture>
				<Texture name="$parentMiddle" file="Interface\FriendsFrame\WhoFrame-ColumnTabs">
					<Size>
						<AbsDimension x="53" y="24"/>
					</Size>
					<Anchors>
						<Anchor point="LEFT" relativeTo="$parentLeft" relativePoint="RIGHT"/>
					</Anchors>
					<TexCoords left="0.078125" right="0.90625" top="0" bottom="0.75"/>
				</Texture>
				<Texture name="$parentRight" file="Interface\FriendsFrame\WhoFrame-ColumnTabs">
					<Size>
						<AbsDimension x="4" y="24"/>
					</Size>
					<Anchors>
						<Anchor point="LEFT" relativeTo="$parentMiddle" relativePoint="RIGHT"/>
					</Anchors>
					<TexCoords left="0.90625" right="0.96875" top="0" bottom="0.75"/>
				</Texture>
			</Layer>
		</Layers>
		<Scripts>
			<OnClick>
				if ( this.sortType ) then
					IOP_UI_SortPlayers(this.sortType);
				end
				PlaySound("igMainMenuOptionCheckBoxOn");
			</OnClick>
			<OnEnter>
				if (this.title and this.tooltip) then
					GameTooltip_SetDefaultAnchor(GameTooltip, this)
					GameTooltip:SetText(this.title, HIGHLIGHT_FONT_COLOR.r, HIGHLIGHT_FONT_COLOR.g, HIGHLIGHT_FONT_COLOR.b);
					GameTooltip:AddLine(this.tooltip, NORMAL_FONT_COLOR.r, NORMAL_FONT_COLOR.g, NORMAL_FONT_COLOR.b, 1);
					GameTooltip:Show();
				end
			</OnEnter>
			<OnLeave>
				GameTooltip:Hide();
			</OnLeave>
		</Scripts>
		<NormalText inherits="GameFontHighlightSmall">
			<Anchors>
				<Anchor point="LEFT">
					<Offset>
						<AbsDimension x="8" y="0"/>
					</Offset>
				</Anchor>
			</Anchors>
		</NormalText>
	</Button>

	<Button name="InventoryOnParUIRowButtonTemplate" virtual="true">
		<Size>
			<AbsDimension x="410" y="16"/>
		</Size>
		<Layers>
			<Layer level="OVERLAY">
				<FontString name="$parentPlayerName" inherits="GameFontNormalSmall" justifyH="LEFT">
					<Size>
						<AbsDimension x="98" y="14"/>
					</Size>
					<Anchors>
						<Anchor point="TOPLEFT">
							<Offset>
								<AbsDimension x="4" y="-2"/>
							</Offset>
						</Anchor>
					</Anchors>
				</FontString>
				<FontString name="$parentPlayerLevel" inherits="GameFontNormalSmall" justifyH="RIGHT">
					<Size>
						<AbsDimension x="25" y="14"/>
					</Size>
					<Anchors>
						<Anchor point="LEFT" relativeTo="$parentPlayerName" relativePoint="RIGHT">
							<Offset>
								<AbsDimension x="0" y="0"/>
							</Offset>
						</Anchor>
					</Anchors>
				</FontString>
				<FontString name="$parentPlayerClass" inherits="GameFontNormalSmall" justifyH="LEFT">
					<Size>
						<AbsDimension x="71" y="14"/>
					</Size>
					<Anchors>
						<Anchor point="LEFT" relativeTo="$parentPlayerLevel" relativePoint="RIGHT">
							<Offset>
								<AbsDimension x="5" y="0"/>
							</Offset>
						</Anchor>
					</Anchors>
				</FontString>
				<FontString name="$parentLastSeen" inherits="GameFontNormalSmall" justifyH="LEFT">
					<Size>
						<AbsDimension x="121" y="14"/>
					</Size>
					<Anchors>
						<Anchor point="LEFT" relativeTo="$parentPlayerClass" relativePoint="RIGHT">
							<Offset>
								<AbsDimension x="5" y="0"/>
							</Offset>
						</Anchor>
					</Anchors>
				</FontString>
				<FontString name="$parentIOPScore" inherits="GameFontNormalSmall" justifyH="RIGHT">
					<Size>
						<AbsDimension x="60" y="14"/>
					</Size>
					<Anchors>
						<Anchor point="LEFT" relativeTo="$parentLastSeen" relativePoint="RIGHT">
							<Offset>
								<AbsDimension x="0" y="0"/>
							</Offset>
						</Anchor>
					</Anchors>
				</FontString>
			</Layer>
		</Layers>
		<Scripts>
			<OnLoad>
				IOP_UI_RowOnLoad();
			</OnLoad>
			<OnClick>
				IOP_UI_RowClicked(arg1);
			</OnClick>
			<OnEnter>
				GameTooltip:SetOwner(this, "ANCHOR_CURSOR");
				GameTooltip:SetText("Left click to show the current players kit. Right click to delete the current player from the table", nil, nil, nil, nil, 1);
			</OnEnter>
			<OnLeave>
				GameTooltip:Hide();
			</OnLeave>
		</Scripts>
		<HighlightTexture name="$parentHighlight" file="Interface\QuestFrame\UI-QuestTitleHighlight" alphaMode="ADD">
			<Size>
				<AbsDimension x="340" y="16"></AbsDimension>
			</Size>
			<Anchors>
				<Anchor point="TOP">
				</Anchor>
			</Anchors>
		</HighlightTexture>
	</Button>

	<Frame name="InventoryOnParUITableTemplate" virtual="true">
		<Size>
			<AbsDimension x="416" y="453"/>
		</Size>
		<Anchors>
			<Anchor point="TOP">
				<Offset>
					<AbsDimension x="0" y="-64"/>
				</Offset>
			</Anchor>
		</Anchors>
		<Backdrop bgFile="Interface\DialogFrame\UI-DialogBox-Background" edgeFile="Interface\Tooltips\UI-Tooltip-Border" tile="true">
			<EdgeSize>
				<AbsValue val="16"/>
			</EdgeSize>
			<TileSize>
				<AbsValue val="16"/>
			</TileSize>
			<BackgroundInsets>
				<AbsInset left="5" right="5" top="5" bottom="5"/>
			</BackgroundInsets>
		</Backdrop>
		<Layers>
			<Layer level="OVERLAY">
				<FontString name="$parentTitle" inherits="GameTooltipHeaderText">
					<Anchors>
						<Anchor point="BOTTOM" relativeTo="$parent" relativePoint="TOP">
							<Offset>
								<AbsDimension x="0" y="5" />
							</Offset>
						</Anchor>
					</Anchors>
				</FontString><FontString name="$parentStatus" inherits="GameFontHighlightSmall">
					<Anchors>
						<Anchor point="BOTTOMRIGHT" relativeTo="$parent" relativePoint="TOPRIGHT">
							<Offset>
								<AbsDimension x="0" y="5" />
							</Offset>
						</Anchor>
					</Anchors>
				</FontString>
			</Layer>
		</Layers>
		<Frames>
			<Frame name="$parentHeaderPlayerInfo" inherits="InventoryOnParUITableColumnSummaryHeaderTemplate">
				<Anchors>
					<Anchor point="TOPLEFT" relativeTo="$parent" relativePoint="TOPLEFT">
						<Offset>
							<AbsDimension x="2" y="-3"/>
						</Offset>
					</Anchor>
				</Anchors>
				<Layers>
					<Layer level="ARTWORK">
						<FontString name="$parentText" inherits="GameFontHighlightSmall" text="Player Details">
							<Anchors>
								<Anchor point="TOP">
									<Offset>
										<AbsDimension x="0" y="-6"/>
									</Offset>
								</Anchor>
							</Anchors>
						</FontString>
					</Layer>
				</Layers>
				<Scripts>
					<OnLoad>
						IOP_UI_SetWidth(206);
					</OnLoad>
				</Scripts>
			</Frame>
			<Frame name="$parentHeaderScore" inherits="InventoryOnParUITableColumnSummaryHeaderTemplate">
				<Anchors>
					<Anchor point="LEFT" relativeTo="$parentHeaderPlayerInfo" relativePoint="RIGHT">
						<Offset>
							<AbsDimension x="-2" y="0"/>
						</Offset>
					</Anchor>
				</Anchors>
				<Layers>
					<Layer level="ARTWORK">
						<FontString name="$parentText" inherits="GameFontHighlightSmall" text="Data">
							<Anchors>
								<Anchor point="TOP">
									<Offset>
										<AbsDimension x="0" y="-6"/>
									</Offset>
								</Anchor>
							</Anchors>
						</FontString>
					</Layer>
				</Layers>
				<Scripts>
					<OnLoad>
						IOP_UI_SetWidth(185);
					</OnLoad>
				</Scripts>
			</Frame>
			<Button name="$parentHeaderPlayerName" inherits="InventoryOnParUITableColumnHeaderTemplate" text="Name">
				<Anchors>
					<Anchor point="TOPLEFT" relativeTo="$parent" relativePoint="TOPLEFT">
						<Offset>
							<AbsDimension x="2" y="-25"/>
						</Offset>
					</Anchor>
				</Anchors>
				<Scripts>
					<OnLoad>
						IOP_UI_SetWidth(100);
						this.sortType = "playerName";
					</OnLoad>
				</Scripts>
			</Button>
			<Button name="$parentHeaderPlayerLevel" inherits="InventoryOnParUITableColumnHeaderTemplate" text="Lvl">
				<Anchors>
					<Anchor point="LEFT" relativeTo="$parentHeaderPlayerName" relativePoint="RIGHT">
						<Offset>
							<AbsDimension x="-2" y="0"/>
						</Offset>
					</Anchor>
				</Anchors>
				<Scripts>
					<OnLoad>
					    this.title = "Level";
					    this.tooltip = "Player Level";
						IOP_UI_SetWidth(32);
						this.sortType = "playerLevel";
					</OnLoad>
				</Scripts>
			</Button>
			<Button name="$parentHeaderPlayerClass" inherits="InventoryOnParUITableColumnHeaderTemplate" text="Class">
				<Anchors>
					<Anchor point="LEFT" relativeTo="$parentHeaderPlayerLevel" relativePoint="RIGHT">
						<Offset>
							<AbsDimension x="-2" y="0"/>
						</Offset>
					</Anchor>
				</Anchors>
				<Scripts>
					<OnLoad>
					    this.title = "Class";
					    this.tooltip = "Player Class";
						IOP_UI_SetWidth(78);
						this.sortType = "playerClass";
					</OnLoad>
				</Scripts>
			</Button>
			<Button name="$parentHeaderLastSeen" inherits="InventoryOnParUITableColumnHeaderTemplate" text="Date Recorded">
				<Anchors>
					<Anchor point="LEFT" relativeTo="$parentHeaderPlayerClass" relativePoint="RIGHT">
						<Offset>
							<AbsDimension x="-2" y="0"/>
						</Offset>
					</Anchor>
				</Anchors>
				<Scripts>
					<OnLoad>
						this.title = "Date Recorded";
						this.tooltip = "Date the score was recorded on";
						IOP_UI_SetWidth(123);
						this.sortType = "recordedTime";
					</OnLoad>
				</Scripts>
			</Button>
			<Button name="$parentHeaderIOPScore" inherits="InventoryOnParUITableColumnHeaderTemplate" text="Par Score">
				<Anchors>
					<Anchor point="LEFT" relativeTo="$parentHeaderLastSeen" relativePoint="RIGHT">
						<Offset>
							<AbsDimension x="-2" y="0"/>
						</Offset>
					</Anchor>
				</Anchors>
				<Scripts>
					<OnLoad>
						this.title = "On Par Score";
						this.tooltip = "This should popup with Score details - not just this text";
						IOP_UI_SetWidth(64);
						this.sortType = "IOP_Score";
					</OnLoad>
				</Scripts>
			</Button>
			<Button name="$parentRowButton1" inherits="InventoryOnParUIRowButtonTemplate" id="1">
				<Anchors>
					<Anchor point="TOPLEFT" relativeTo="$parentHeaderPlayerName" relativePoint="BOTTOMLEFT">
						<Offset>
							<AbsDimension x="0" y="0"/>
						</Offset>
					</Anchor>
				</Anchors>
			</Button>
			<Button name="$parentRowButton2" inherits="InventoryOnParUIRowButtonTemplate" id="2">
				<Anchors>
					<Anchor point="TOPLEFT" relativeTo="$parentRowButton1" relativePoint="BOTTOMLEFT">
						<Offset>
							<AbsDimension x="0" y="0"/>
						</Offset>
					</Anchor>
				</Anchors>
			</Button>
			<Button name="$parentRowButton3" inherits="InventoryOnParUIRowButtonTemplate" id="3">
				<Anchors>
					<Anchor point="TOPLEFT" relativeTo="$parentRowButton2" relativePoint="BOTTOMLEFT">
						<Offset>
							<AbsDimension x="0" y="0"/>
						</Offset>
					</Anchor>
				</Anchors>
			</Button>
			<Button name="$parentRowButton4" inherits="InventoryOnParUIRowButtonTemplate" id="4">
				<Anchors>
					<Anchor point="TOPLEFT" relativeTo="$parentRowButton3" relativePoint="BOTTOMLEFT">
						<Offset>
							<AbsDimension x="0" y="0"/>
						</Offset>
					</Anchor>
				</Anchors>
			</Button>
			<Button name="$parentRowButton5" inherits="InventoryOnParUIRowButtonTemplate" id="5">
				<Anchors>
					<Anchor point="TOPLEFT" relativeTo="$parentRowButton4" relativePoint="BOTTOMLEFT">
						<Offset>
							<AbsDimension x="0" y="0"/>
						</Offset>
					</Anchor>
				</Anchors>
			</Button>
			<Button name="$parentRowButton6" inherits="InventoryOnParUIRowButtonTemplate" id="6">
				<Anchors>
					<Anchor point="TOPLEFT" relativeTo="$parentRowButton5" relativePoint="BOTTOMLEFT">
						<Offset>
							<AbsDimension x="0" y="0"/>
						</Offset>
					</Anchor>
				</Anchors>
			</Button>
			<Button name="$parentRowButton7" inherits="InventoryOnParUIRowButtonTemplate" id="7">
				<Anchors>
					<Anchor point="TOPLEFT" relativeTo="$parentRowButton6" relativePoint="BOTTOMLEFT">
						<Offset>
							<AbsDimension x="0" y="0"/>
						</Offset>
					</Anchor>
				</Anchors>
			</Button>
			<Button name="$parentRowButton8" inherits="InventoryOnParUIRowButtonTemplate" id="8">
				<Anchors>
					<Anchor point="TOPLEFT" relativeTo="$parentRowButton7" relativePoint="BOTTOMLEFT">
						<Offset>
							<AbsDimension x="0" y="0"/>
						</Offset>
					</Anchor>
				</Anchors>
			</Button>
			<Button name="$parentRowButton9" inherits="InventoryOnParUIRowButtonTemplate" id="9">
				<Anchors>
					<Anchor point="TOPLEFT" relativeTo="$parentRowButton8" relativePoint="BOTTOMLEFT">
						<Offset>
							<AbsDimension x="0" y="0"/>
						</Offset>
					</Anchor>
				</Anchors>
			</Button>
			<Button name="$parentRowButton10" inherits="InventoryOnParUIRowButtonTemplate" id="10">
				<Anchors>
					<Anchor point="TOPLEFT" relativeTo="$parentRowButton9" relativePoint="BOTTOMLEFT">
						<Offset>
							<AbsDimension x="0" y="0"/>
						</Offset>
					</Anchor>
				</Anchors>
			</Button>
			<Button name="$parentRowButton11" inherits="InventoryOnParUIRowButtonTemplate" id="11">
				<Anchors>
					<Anchor point="TOPLEFT" relativeTo="$parentRowButton10" relativePoint="BOTTOMLEFT">
						<Offset>
							<AbsDimension x="0" y="0"/>
						</Offset>
					</Anchor>
				</Anchors>
			</Button>
			<Button name="$parentRowButton12" inherits="InventoryOnParUIRowButtonTemplate" id="12">
				<Anchors>
					<Anchor point="TOPLEFT" relativeTo="$parentRowButton11" relativePoint="BOTTOMLEFT">
						<Offset>
							<AbsDimension x="0" y="0"/>
						</Offset>
					</Anchor>
				</Anchors>
			</Button>
			<Button name="$parentRowButton13" inherits="InventoryOnParUIRowButtonTemplate" id="13">
				<Anchors>
					<Anchor point="TOPLEFT" relativeTo="$parentRowButton12" relativePoint="BOTTOMLEFT">
						<Offset>
							<AbsDimension x="0" y="0"/>
						</Offset>
					</Anchor>
				</Anchors>
			</Button>
			<Button name="$parentRowButton14" inherits="InventoryOnParUIRowButtonTemplate" id="14">
				<Anchors>
					<Anchor point="TOPLEFT" relativeTo="$parentRowButton13" relativePoint="BOTTOMLEFT">
						<Offset>
							<AbsDimension x="0" y="0"/>
						</Offset>
					</Anchor>
				</Anchors>
			</Button>
			<Button name="$parentRowButton15" inherits="InventoryOnParUIRowButtonTemplate" id="15">
				<Anchors>
					<Anchor point="TOPLEFT" relativeTo="$parentRowButton14" relativePoint="BOTTOMLEFT">
						<Offset>
							<AbsDimension x="0" y="0"/>
						</Offset>
					</Anchor>
				</Anchors>
			</Button>
			<Button name="$parentRowButton16" inherits="InventoryOnParUIRowButtonTemplate" id="16">
				<Anchors>
					<Anchor point="TOPLEFT" relativeTo="$parentRowButton15" relativePoint="BOTTOMLEFT">
						<Offset>
							<AbsDimension x="0" y="0"/>
						</Offset>
					</Anchor>
				</Anchors>
			</Button>
			<Button name="$parentRowButton17" inherits="InventoryOnParUIRowButtonTemplate" id="17">
				<Anchors>
					<Anchor point="TOPLEFT" relativeTo="$parentRowButton16" relativePoint="BOTTOMLEFT">
						<Offset>
							<AbsDimension x="0" y="0"/>
						</Offset>
					</Anchor>
				</Anchors>
			</Button>
			<Button name="$parentRowButton18" inherits="InventoryOnParUIRowButtonTemplate" id="18">
				<Anchors>
					<Anchor point="TOPLEFT" relativeTo="$parentRowButton17" relativePoint="BOTTOMLEFT">
						<Offset>
							<AbsDimension x="0" y="0"/>
						</Offset>
					</Anchor>
				</Anchors>
			</Button>
			<Button name="$parentRowButton19" inherits="InventoryOnParUIRowButtonTemplate" id="19">
				<Anchors>
					<Anchor point="TOPLEFT" relativeTo="$parentRowButton18" relativePoint="BOTTOMLEFT">
						<Offset>
							<AbsDimension x="0" y="0"/>
						</Offset>
					</Anchor>
				</Anchors>
			</Button>
			<Button name="$parentRowButton20" inherits="InventoryOnParUIRowButtonTemplate" id="20">
				<Anchors>
					<Anchor point="TOPLEFT" relativeTo="$parentRowButton19" relativePoint="BOTTOMLEFT">
						<Offset>
							<AbsDimension x="0" y="0"/>
						</Offset>
					</Anchor>
				</Anchors>
			</Button>
			<Button name="$parentRowButton21" inherits="InventoryOnParUIRowButtonTemplate" id="21">
				<Anchors>
					<Anchor point="TOPLEFT" relativeTo="$parentRowButton20" relativePoint="BOTTOMLEFT">
						<Offset>
							<AbsDimension x="0" y="0"/>
						</Offset>
					</Anchor>
				</Anchors>
			</Button>
			<Button name="$parentRowButton22" inherits="InventoryOnParUIRowButtonTemplate" id="22">
				<Anchors>
					<Anchor point="TOPLEFT" relativeTo="$parentRowButton21" relativePoint="BOTTOMLEFT">
						<Offset>
							<AbsDimension x="0" y="0"/>
						</Offset>
					</Anchor>
				</Anchors>
			</Button>
			<Button name="$parentRowButton23" inherits="InventoryOnParUIRowButtonTemplate" id="23">
				<Anchors>
					<Anchor point="TOPLEFT" relativeTo="$parentRowButton22" relativePoint="BOTTOMLEFT">
						<Offset>
							<AbsDimension x="0" y="0"/>
						</Offset>
					</Anchor>
				</Anchors>
			</Button>
			<Button name="$parentRowButton24" inherits="InventoryOnParUIRowButtonTemplate" id="24">
				<Anchors>
					<Anchor point="TOPLEFT" relativeTo="$parentRowButton23" relativePoint="BOTTOMLEFT">
						<Offset>
							<AbsDimension x="0" y="0"/>
						</Offset>
					</Anchor>
				</Anchors>
			</Button>
			<Button name="$parentRowButton25" inherits="InventoryOnParUIRowButtonTemplate" id="25">
				<Anchors>
					<Anchor point="TOPLEFT" relativeTo="$parentRowButton24" relativePoint="BOTTOMLEFT">
						<Offset>
							<AbsDimension x="0" y="0"/>
						</Offset>
					</Anchor>
				</Anchors>
			</Button>
			<ScrollFrame name="$parentScrollFrame" inherits="FauxScrollFrameTemplate">
				<Size>
					<AbsDimension x="383" y="446"/>
				</Size>
				<Anchors>
					<Anchor point="TOPLEFT">
						<Offset>
							<AbsDimension x="5" y="-3"/>
						</Offset>
					</Anchor>
				</Anchors>
				<Scripts>
					<OnVerticalScroll>
						FauxScrollFrame_OnVerticalScroll(IOP_UI_TABLE_ROW_PIXEL_HEIGHT, IOP_UI_UpdateTable);
					</OnVerticalScroll>
				</Scripts>
			</ScrollFrame>
		</Frames>
	</Frame>

	<Frame name="InventoryOnParUIFrame" toplevel="true" frameStrata="MEDIUM" movable="true" enableMouse="true" hidden="true" parent="UIParent">
		<Size>
			<AbsDimension x="470" y="570"/>
		</Size>
		<Anchors>
			<Anchor point="CENTER"/>
		</Anchors>
		<Backdrop bgFile="Interface\DialogFrame\UI-DialogBox-Background" edgeFile="Interface\DialogFrame\UI-DialogBox-Border" tile="true">
			<BackgroundInsets>
				<AbsInset left="11" right="12" top="12" bottom="11"/>
			</BackgroundInsets>
			<TileSize>
				<AbsValue val="32"/>
			</TileSize>
			<EdgeSize>
				<AbsValue val="32"/>
			</EdgeSize>
		</Backdrop>

		<Frames>
			<Frame name="$parentTable" inherits="InventoryOnParUITableTemplate" hidden="false">
			</Frame>
			<Button name="$parentButtonClose" inherits="GameMenuButtonTemplate" text="Close">
				<Size>
					<AbsDimension x="100" y="30"/>
				</Size>
				<Anchors>
					<Anchor point="BOTTOMRIGHT">
						<Offset>
							<AbsDimension x="-16" y="16" />
						</Offset>
					</Anchor>
				</Anchors>
				<Scripts>
					<OnClick>IOP_UI_Close();</OnClick>
				</Scripts>
			</Button>
			<Button name="$parentButtonOptionMenu" inherits="GameMenuButtonTemplate" text="Options">
				<Size>
					<AbsDimension x="100" y="30"/>
				</Size>
				<Anchors>
					<Anchor point="RIGHT" relativeTo="$parentButtonClose" relativePoint="LEFT">
						<Offset>
							<AbsDimension x="-10" y="0" />
						</Offset>
					</Anchor>
				</Anchors>
				<Scripts>
					<OnClick>IOP_UI_OpenOptionMenu();</OnClick>
				</Scripts>
			</Button>
			<Button name="$parentButtonCleanUp" inherits="GameMenuButtonTemplate" text="Clean Up">
				<Size>
					<AbsDimension x="100" y="30"/>
				</Size>
				<Anchors>
					<Anchor point="RIGHT" relativeTo="$parentButtonOptionMenu" relativePoint="LEFT">
						<Offset>
							<AbsDimension x="-10" y="0" />
						</Offset>
					</Anchor>
				</Anchors>
				<Scripts>
					<OnClick>IOP_UI_CleanUpData();</OnClick>
				</Scripts>
			</Button>
		</Frames>
		<Layers>
			<Layer level="ARTWORK">
				<Texture name="$parentTitleTexture" file="Interface\DialogFrame\UI-DialogBox-Header">
					<Size>
						<AbsDimension x="275" y="74" />
					</Size>
					<Anchors>
						<Anchor point="TOP">
							<Offset>
								<AbsDimension x="0" y="12" />
							</Offset>
						</Anchor>
					</Anchors>
				</Texture>
			</Layer>
			<Layer level="OVERLAY">
				<FontString name="$parentTitleText" inherits="GameTooltipHeaderText" text="Inventory On Par">
					<Anchors>
						<Anchor point="TOP" relativeTo="$parentTitleTexture">
							<Offset>
								<AbsDimension x="0" y="-14" />
							</Offset>
						</Anchor>
					</Anchors>
				</FontString>
			</Layer>
		</Layers>
		<Scripts>
			<OnLoad>
				IOP_UI_OnLoad();
			</OnLoad>
			<OnShow>
				IOP_UI_OnShow();
			</OnShow>
		</Scripts>
	</Frame>
</Ui>