<!--

	InventoryOnPar : An Inventory addon that shows when you have outgrown your equipment
		copyright 2006 by Pericles

-->

<Ui xmlns="http://www.blizzard.com/wow/ui/"
	xmlns:xsi="http://www.w3.org/2001/XMLSchema-instance"
	xsi:schemaLocation="http://www.blizzard.com/wow/ui/ ..\FrameXML\UI.xsd">
	<Script file="InventoryOnPar.lua"/>
	<Script file="Localization.lua"/>
	<Script file="NumericData.lua"/>
	<Script file="StringData.lua"/>

	<Frame name="IOP_CPframe" toplevel="true" enableMouse="true" hidden="false" parent="CharacterNameFrame">
		<Size>
			<AbsDimension x="50" y="25"/>
		</Size>
		<Anchors>
			<Anchor point="LEFT">
				<Offset>
					<AbsDimension x="0" y="0"/>
				</Offset>
			</Anchor>
		</Anchors>
		<Frames>
			<Button name="IOP_Show" inherits="UIPanelButtonTemplate" text="On Par">
				<Size>
					<AbsDimension x="50" y="25"/>
				</Size>
				<Anchors>
					<Anchor point="CENTER">
						<Offset>
							<AbsDimension x="150" y="-30"/>
						</Offset>
					</Anchor>
				</Anchors>
				<Scripts>
					<OnClick>
						IOP_ShowItemLevels();
					</OnClick>
				</Scripts>
			</Button>
		</Frames>
		<Scripts>
			<OnHide>
				InventoryOnPar_OnHide();
			</OnHide>
		</Scripts>
	</Frame>
	<Frame name="InventoryOnParFrame" toplevel="true" frameStrata="DIALOG" enableMouse="true" parent="UIParent" enableKeyboard="false">
		<Size>
			<AbsDimension x="500" y="380"/>
		</Size>
		<Anchors>
			<Anchor point="CENTER"/>
		</Anchors>
		<Backdrop bgFile="Interface\DialogFrame\UI-DialogBox-Background" edgeFile="Interface\DialogFrame\UI-DialogBox-Border" tile="true">
			<BackgroundInsets>
				<AbsInset left="11" right="12" top="12" bottom="11"/>
			</BackgroundInsets>
			<TileSize>
				<AbsValue val="32"/>
			</TileSize>
			<EdgeSize>
				<AbsValue val="32"/>
			</EdgeSize>
		</Backdrop>
		<Layers>
			<Layer level="ARTWORK">
				<Texture name="InventoryOnParFrameHeader" file="Interface\DialogFrame\UI-DialogBox-Header">
					<Size>
						<AbsDimension x="256" y="64"/>
					</Size>
					<Anchors>
						<Anchor point="TOP">
							<Offset>
								<AbsDimension x="0" y="12"/>
							</Offset>
						</Anchor>
					</Anchors>
				</Texture>
				<FontString inherits="GameFontNormal" text="Inventory On Par">
					<Anchors>
						<Anchor point="TOP" relativeTo="InventoryOnParFrameHeader">
							<Offset>
								<AbsDimension x="0" y="-14"/>
							</Offset>
						</Anchor>
					</Anchors>
				</FontString>
			</Layer>
			<Layer level="ARTWORK">
				<FontString name="InventoryOnParText" inherits="GameFontNormal" wraponspaces="true">
					<Size>
						<AbsDimension x="460" y="360"/>
					</Size>
					<Anchors>
						<Anchor point="TOP"/>
					</Anchors>
				</FontString>
			</Layer>
		</Layers>
		<Frames>
			<Button name="InventoryOnParFrameOkay" inherits="UIPanelButtonTemplate" text="Okay">
				<Size>
					<AbsDimension x="90" y="21"/>
				</Size>
				<Anchors>
					<Anchor point="BOTTOMRIGHT">
						<Offset>
							<AbsDimension x="-12" y="16"/>
						</Offset>
					</Anchor>
				</Anchors>
				<Scripts>
					<OnClick>
						PlaySound("gsTitleOptionOK");
						InventoryOnParFrame:Hide();
					</OnClick>
				</Scripts>
			</Button>
		</Frames>
		<Scripts>
			<OnLoad>
				InventoryOnPar_OnLoad();
			</OnLoad>
			<OnEvent>
				InventoryOnPar_OnEvent();
			</OnEvent>
		</Scripts>
	</Frame>
</Ui>
