<Ui xmlns="http://www.blizzard.com/wow/ui/" xmlns:xsi="http://www.w3.org/2001/XMLSchema-instance" xsi:schemaLocation="http://www.blizzard.com/wow/ui/
C:\Projects\WoW\Bin\Interface\FrameXML\UI.xsd">
	<Script file="ArchiTotem.lua" />
	<Button name="ArchiTotem_ButtonTemplate" movable="true" virtual="true" inherits="ActionBarButtonTemplate">
		<Size>
			<AbsDimension x="40" y="40"/>
		</Size>
		<Scripts>
			<OnLoad>
				this:RegisterForDrag("RightButton");
				this.TimeSinceLastUpdate = 0;
			</OnLoad>
			<OnDragStart>
				ArchiTotem_OnDragStart();
			</OnDragStart>
			<OnDragStop>
				ArchiTotem_OnDragStop();
			</OnDragStop>
			<OnClick>
				ArchiTotem_OnClick();
			</OnClick>
			<OnEnter>
				ArchiTotem_OnEnter();
			</OnEnter>
			<OnLeave>
				this.updateTooltip = nil;
				GameTooltip:Hide();
				ArchiTotem_OnLeave();
			</OnLeave>
			<OnUpdate>
				ArchiTotem_OnUpdate(arg1);
			</OnUpdate>
		</Scripts>
		<Layers>
			<Layer level="BACKGROUND">
				<Texture name="$parentTexture"/>
			</Layer>
			<Layer level="ARTWORK">
				<Texture name="$parentCooldownBg" file="Interface\Tooltips\UI-Tooltip-Background" hidden="true">
					<Size>
						<AbsDimension x="34" y="16"/>
					</Size>
					<Anchors>
						<Anchor point="CENTER">
							<Offset>
								<AbsDimension x="0" y="-5"/>
							</Offset>
						</Anchor>
					</Anchors>
				</Texture>
			</Layer>
			<Layer level="OVERLAY">
				<FontString name="$parentCooldownText" inherits="GameFontNormal" text="">
					<Anchors>
						<Anchor point="CENTER" relativeTo="$parent" relativePoint="CENTER">
							<Offset>
								<AbsDimension x="0" y="-5"/>
							</Offset>
						</Anchor>
					</Anchors>
				</FontString>
			</Layer>
		</Layers>
		<HighlightTexture alphaMode="ADD" file="Interface\Buttons\ButtonHilight-Square"/>
	</Button>

  <Frame name="ArchiTotemFrame" toplevel="true" frameStrata="LOW" enableMouse="true" movable="true" parent="UIParent" visible="true">
	<Size>
		<AbsDimension x="1" y="1"/>
	</Size>
	<Anchors>
		<Anchor point="CENTER"/>
	</Anchors>
	<Scripts>
		<OnLoad>
			ArchiTotem_OnLoad();
		</OnLoad>
		<OnEvent>
			ArchiTotem_OnEvent(event, arg1);
		</OnEvent>
	</Scripts>
	<Frames>

--						EARTH

		<Button name="ArchiTotemButton_Earth1" inherits="ArchiTotem_ButtonTemplate">
			<Anchors>
				<Anchor point="CENTER"/>
			</Anchors>
		<Layers>
			<Layer level="ARTWORK">
				<FontString name="EarthDurationText" inherits="GameFontNormal" text="">
					<Anchors>
						<Anchor point="CENTER" relativeTo="$parent" relativePoint="CENTER">
							<Offset>
								<AbsDimension x="0" y="-26"/>
							</Offset>
						</Anchor>
					</Anchors>
				</FontString>
			</Layer>
		</Layers>
		</Button>
		<Button name="ArchiTotemButton_Earth2" inherits="ArchiTotem_ButtonTemplate" hidden="true"/>
		<Button name="ArchiTotemButton_Earth3" inherits="ArchiTotem_ButtonTemplate" hidden="true"/>
		<Button name="ArchiTotemButton_Earth4" inherits="ArchiTotem_ButtonTemplate" hidden="true"/>
		<Button name="ArchiTotemButton_Earth5" inherits="ArchiTotem_ButtonTemplate" hidden="true"/>

--					FIRE

		<Button name="ArchiTotemButton_Fire1" inherits="ArchiTotem_ButtonTemplate">
		<Layers>
			<Layer level="ARTWORK">
				<FontString name="FireDurationText" inherits="GameFontNormal" text="">
					<Anchors>
						<Anchor point="CENTER" relativeTo="$parent" relativePoint="CENTER">
							<Offset>
								<AbsDimension x="0" y="-26"/>
							</Offset>
						</Anchor>
					</Anchors>
				</FontString>
			</Layer>
		</Layers>
		</Button>
		<Button name="ArchiTotemButton_Fire2" inherits="ArchiTotem_ButtonTemplate" hidden="true"/>
		<Button name="ArchiTotemButton_Fire3" inherits="ArchiTotem_ButtonTemplate" hidden="true"/>
		<Button name="ArchiTotemButton_Fire4" inherits="ArchiTotem_ButtonTemplate" hidden="true"/>
		<Button name="ArchiTotemButton_Fire5" inherits="ArchiTotem_ButtonTemplate" hidden="true"/>

--					Water

		<Button name="ArchiTotemButton_Water1" inherits="ArchiTotem_ButtonTemplate">
		<Layers>
			<Layer level="ARTWORK">
				<FontString name="WaterDurationText" inherits="GameFontNormal" text="">
					<Anchors>
						<Anchor point="CENTER" relativeTo="$parent" relativePoint="CENTER">
							<Offset>
								<AbsDimension x="0" y="-26"/>
							</Offset>
						</Anchor>
					</Anchors>
				</FontString>
			</Layer>
		</Layers>
		</Button>
		<Button name="ArchiTotemButton_Water2" inherits="ArchiTotem_ButtonTemplate" hidden="true"/>
		<Button name="ArchiTotemButton_Water3" inherits="ArchiTotem_ButtonTemplate" hidden="true"/>
		<Button name="ArchiTotemButton_Water4" inherits="ArchiTotem_ButtonTemplate" hidden="true"/>
		<Button name="ArchiTotemButton_Water5" inherits="ArchiTotem_ButtonTemplate" hidden="true"/>
		<Button name="ArchiTotemButton_Water6" inherits="ArchiTotem_ButtonTemplate" hidden="true"/>

--					Air

		<Button name="ArchiTotemButton_Air1" inherits="ArchiTotem_ButtonTemplate">
		<Layers>
			<Layer level="ARTWORK">
				<FontString name="AirDurationText" inherits="GameFontNormal" text="">
					<Anchors>
						<Anchor point="CENTER" relativeTo="$parent" relativePoint="CENTER">
							<Offset>
								<AbsDimension x="0" y="-26"/>
							</Offset>
						</Anchor>
					</Anchors>
				</FontString>
			</Layer>
		</Layers>
		</Button>
		<Button name="ArchiTotemButton_Air2" inherits="ArchiTotem_ButtonTemplate" hidden="true"/>
		<Button name="ArchiTotemButton_Air3" inherits="ArchiTotem_ButtonTemplate" hidden="true"/>
		<Button name="ArchiTotemButton_Air4" inherits="ArchiTotem_ButtonTemplate" hidden="true"/>
		<Button name="ArchiTotemButton_Air5" inherits="ArchiTotem_ButtonTemplate" hidden="true"/>
		<Button name="ArchiTotemButton_Air6" inherits="ArchiTotem_ButtonTemplate" hidden="true"/>
		<Button name="ArchiTotemButton_Air7" inherits="ArchiTotem_ButtonTemplate" hidden="true"/>
	</Frames>
  </Frame>
</Ui>

