<Bindings>
	<Binding name="Cast Earth Totem" header="ATHEADER">
		ArchiTotemCasted = 1;
		ArchiTotemCastedTotem = ArchiTotem_TotemData["ArchiTotemButton_Earth1"];
		ArchiTotemCastedElement = "Earth";
		ArchiTotemCastedButton = "ArchiTotemButton_Earth1";
		CastSpellByName(ArchiTotem_TotemData["ArchiTotemButton_Earth1"].name);
	</Binding>
	<Binding name="Cast Fire Totem">
		ArchiTotemCasted = 1;
		ArchiTotemCastedTotem = ArchiTotem_TotemData["ArchiTotemButton_Fire1"];
		ArchiTotemCastedElement = "Fire";
		ArchiTotemCastedButton = "ArchiTotemButton_Fire1";
		CastSpellByName(ArchiTotem_TotemData["ArchiTotemButton_Fire1"].name);
	</Binding>
	<Binding name="Cast Water Totem">
		ArchiTotemCasted = 1;
		ArchiTotemCastedTotem = ArchiTotem_TotemData["ArchiTotemButton_Water1"];
		ArchiTotemCastedElement = "Water";
		ArchiTotemCastedButton = "ArchiTotemButton_Water1";
		CastSpellByName(ArchiTotem_TotemData["ArchiTotemButton_Water1"].name);
	</Binding>
	<Binding name="Cast Air Totem">
		ArchiTotemCasted = 1;
		ArchiTotemCastedTotem = ArchiTotem_TotemData["ArchiTotemButton_Air1"];
		ArchiTotemCastedElement = "Air";
		ArchiTotemCastedButton = "ArchiTotemButton_Air1";
		CastSpellByName(ArchiTotem_TotemData["ArchiTotemButton_Air1"].name);
	</Binding>
</Bindings>