<!--
	FearDance: Main XML File
-->
<Ui xmlns="http://www.blizzard.com/wow/ui/" xmlns:xsi="http://www.w3.org/2001/XMLSchema-instance" xsi:schemaLocation="http://www.blizzard.com/wow/ui/ ..\FrameXML\UI.xsd">
	<Script file="localization.lua"/>
	<Script file="FearDance.lua"/>

	<GameTooltip name="FearDanceTooltip" inherits="GameTooltipTemplate" parent="UIParent" hidden="true"/>

	<Frame name="FearDanceFrame" hidden="true">
		<Scripts>
			<OnLoad>
				FearDance_OnLoad();
			</OnLoad>
		</Scripts>
	</Frame>
</Ui>
