<Ui xmlns="http://www.blizzard.com/wow/ui/" xmlns:xsi="http://www.w3.org/2001/XMLSchema-instance" xsi:schemaLocation="http://www.blizzard.com/wow/ui/
..\FrameXML\UI.xsd">
	<Frame name="QuestHistoryDetailFrame" toplevel="true" parent="UIParent" movable="true" enableMouse="true" hidden="true">
		<Size>
			<AbsDimension x="384" y="512"/>
		</Size>
		<Anchors>
 			<Anchor point="TOPLEFT">
 				<Offset>
 					<AbsDimension x="0" y="-104"/>
 				</Offset>
 			</Anchor>
 		</Anchors>
		<HitRectInsets>
			<AbsInset left="0" right="35" top="0" bottom="75"/>
		</HitRectInsets>
		<Layers>
			<Layer level="BACKGROUND">
				<Texture file="Interface\QuestFrame\UI-QuestLog-BookIcon">
					<Size>
						<AbsDimension x="64" y="64"/>
					</Size>
					<Anchors>
						<Anchor point="TOPLEFT">
							<Offset>
								<AbsDimension x="4" y="-4"/>
							</Offset>
						</Anchor>
					</Anchors>
				</Texture>
			</Layer>
			<Layer level="ARTWORK">
				<Texture file="Interface\QuestFrame\UI-QuestLog-TopLeft">
					<Size>
						<AbsDimension x="256" y="256"/>
					</Size>
					<Anchors>
						<Anchor point="TOPLEFT">
							<Offset>
								<AbsDimension x="0" y="0"/>
							</Offset>
						</Anchor>
					</Anchors>
				</Texture>
				<Texture file="Interface\QuestFrame\UI-QuestLog-TopRight">
					<Size>
						<AbsDimension x="128" y="256"/>
					</Size>
					<Anchors>
						<Anchor point="TOPLEFT">
							<Offset>
								<AbsDimension x="256" y="0"/>
							</Offset>
						</Anchor>
					</Anchors>
				</Texture>
				<Texture file="Interface\QuestFrame\UI-QuestLog-BotLeft">
					<Size>
						<AbsDimension x="256" y="256"/>
					</Size>
					<Anchors>
						<Anchor point="TOPLEFT">
							<Offset>
								<AbsDimension x="0" y="-256"/>
							</Offset>
						</Anchor>
					</Anchors>
				</Texture>
				<Texture file="Interface\QuestFrame\UI-QuestLog-BotRight">
					<Size>
						<AbsDimension x="128" y="256"/>
					</Size>
					<Anchors>
						<Anchor point="TOPLEFT">
							<Offset>
								<AbsDimension x="256" y="-256"/>
							</Offset>
						</Anchor>
					</Anchors>
				</Texture>
				<FontString name="QuestHistoryDetailTitle" inherits="GameFontNormalSmall" text="QUESTHISTORY_DETAIL_TITLE">
					<Size>
						<AbsDimension x="260" y="14"/>
					</Size>
					<Anchors>
						<Anchor point="TOP" relativeTo="QuestHistoryDetailFrame" relativePoint="TOP">
							<Offset>
								<AbsDimension x="5" y="-15"/>
							</Offset>
						</Anchor>
					</Anchors>
				</FontString>
				<FontString name="QuestHistoryDetailLevelAcceptedTitle" inherits="GameFontHighlightSmall" text="QUESTHISTORY_LEVEL_ACCEPTED_TITLE" justifyH="RIGHT">
					<Size>
						<AbsDimension x="85" y="14"/>
					</Size>
					<Anchors>
						<Anchor point="TOPLEFT" relativeTo="QuestHistoryDetailTitle" relativePoint="BOTTOMLEFT">
							<Offset>
								<AbsDimension x="5" y="-8"/>
							</Offset>
						</Anchor>
					</Anchors>
				</FontString>
				<FontString name="QuestHistoryDetailLevelAcceptedText" inherits="GameFontHighlightSmall" justifyH="RIGHT">
					<Size>
						<AbsDimension x="20" y="14"/>
					</Size>
					<Anchors>
						<Anchor point="TOPLEFT" relativeTo="QuestHistoryDetailLevelAcceptedTitle" relativePoint="TOPRIGHT">
							<Offset>
								<AbsDimension x="0" y="0"/>
							</Offset>
						</Anchor>
					</Anchors>
				</FontString>
				<FontString name="QuestHistoryDetailLevelCompletedTitle" inherits="GameFontHighlightSmall" text="QUESTHISTORY_LEVEL_COMPLETED_TITLE" justifyH="RIGHT">
					<Size>
						<AbsDimension x="93" y="14"/>
					</Size>
					<Anchors>
						<Anchor point="TOPLEFT" relativeTo="QuestHistoryDetailLevelAcceptedTitle" relativePoint="BOTTOMLEFT">
							<Offset>
								<AbsDimension x="-8" y="-4"/>
							</Offset>
						</Anchor>
					</Anchors>
				</FontString>
				<FontString name="QuestHistoryDetailLevelCompletedText" inherits="GameFontHighlightSmall" justifyH="RIGHT">
					<Size>
						<AbsDimension x="20" y="14"/>
					</Size>
					<Anchors>
						<Anchor point="TOPLEFT" relativeTo="QuestHistoryDetailLevelCompletedTitle" relativePoint="TOPRIGHT">
							<Offset>
								<AbsDimension x="0" y="0"/>
							</Offset>
						</Anchor>
					</Anchors>
				</FontString>
				<FontString name="QuestHistoryDetailMoneyRewardedTitle" inherits="GameFontHighlightSmall" text="QUESTHISTORY_MONEY_REWARDED_TITLE" justifyH="RIGHT">
					<Size>
						<AbsDimension x="94" y="14"/>
					</Size>
					<Anchors>
						<Anchor point="TOPLEFT" relativeTo="QuestHistoryDetailLevelAcceptedText" relativePoint="TOPRIGHT">
							<Offset>
								<AbsDimension x="30" y="0"/>
							</Offset>
						</Anchor>
					</Anchors>
				</FontString>
				<FontString name="QuestHistoryDetailMoneyRewardedText" inherits="GameFontHighlightSmall" justifyH="RIGHT">
					<Size>
						<AbsDimension x="45" y="14"/>
					</Size>
					<Anchors>
						<Anchor point="TOPLEFT" relativeTo="QuestHistoryDetailMoneyRewardedTitle" relativePoint="TOPRIGHT">
							<Offset>
								<AbsDimension x="0" y="0"/>
							</Offset>
						</Anchor>
					</Anchors>
				</FontString>
				<FontString name="QuestHistoryDetailXPRewardedTitle" inherits="GameFontHighlightSmall" text="QUESTHISTORY_XP_REWARDED_TITLE" justifyH="RIGHT">
					<Size>
						<AbsDimension x="94" y="14"/>
					</Size>
					<Anchors>
						<Anchor point="TOPLEFT" relativeTo="QuestHistoryDetailLevelCompletedText" relativePoint="TOPRIGHT">
							<Offset>
								<AbsDimension x="30" y="0"/>
							</Offset>
						</Anchor>
					</Anchors>
				</FontString>
				<FontString name="QuestHistoryDetailXPRewardedText" inherits="GameFontHighlightSmall" justifyH="RIGHT">
					<Size>
						<AbsDimension x="45" y="14"/>
					</Size>
					<Anchors>
						<Anchor point="TOPLEFT" relativeTo="QuestHistoryDetailXPRewardedTitle" relativePoint="TOPRIGHT">
							<Offset>
								<AbsDimension x="0" y="0"/>
							</Offset>
						</Anchor>
					</Anchors>
				</FontString>
			</Layer>
		</Layers>
		<Frames>
			<Button name="QuestHistoryDetailFrameCloseButton" inherits="UIPanelCloseButton">
				<Anchors>
					<Anchor point="TOPRIGHT" relativeTo="QuestHistoryDetailFrame" relativePoint="TOPRIGHT">
						<Offset>
							<AbsDimension x="-29" y="-8"/>
						</Offset>
					</Anchor>
				</Anchors>
			</Button>
			<Button name="QuestHistoryDetailEditButton" inherits="UIPanelButtonTemplate" text="QUESTHISTORY_EDIT_TEXT">
				<Size>
					<AbsDimension x="40" y="15"/>
				</Size>
				<Anchors>
					<Anchor point="TOPLEFT" relativeTo="QuestHistoryDetailFrame" relativePoint="TOPLEFT">
						<Offset>
							<AbsDimension x="20" y="-153"/>
						</Offset>
					</Anchor>
				</Anchors>
				<NormalText name="QuestHistoryDetailEditButtonText" inherits="GameFontHighlightSmall"/>
				<HighlightText inherits="GameFontHighlightSmall"/>
				<Scripts>
					<OnClick>
						QuestHistory_Edit_Note();
					</OnClick>
				</Scripts>
			</Button>
			<Button name="QuestHistoryDetailSaveButton" inherits="UIPanelButtonTemplate" hidden="true" text="QUESTHISTORY_SAVE_TEXT">
				<Size>
					<AbsDimension x="40" y="15"/>
				</Size>
				<Anchors>
					<Anchor point="TOPLEFT" relativeTo="QuestHistoryDetailFrame" relativePoint="TOPLEFT">
						<Offset>
							<AbsDimension x="20" y="-153"/>
						</Offset>
					</Anchor>
				</Anchors>
				<NormalText name="QuestHistoryDetailSaveButtonText" inherits="GameFontHighlightSmall"/>
				<HighlightText inherits="GameFontHighlightSmall"/>
				<Scripts>
					<OnClick>
						QuestHistory_Save_Note();
					</OnClick>
				</Scripts>
			</Button>
			<Button name="QuestHistoryDetailPreviousButton" inherits="UIPanelButtonTemplate" text="QUESTHISTORY_PREVIOUS_TEXT">
				<Size>
					<AbsDimension x="125" y="21"/>
				</Size>
				<Anchors>
					<Anchor point="BOTTOMLEFT" relativeTo="QuestHistoryDetailFrame" relativePoint="BOTTOMLEFT">
						<Offset>
							<AbsDimension x="17" y="54"/>
						</Offset>
					</Anchor>
				</Anchors>
				<Scripts>
					<OnClick>
						QuestHistory_Change_Detailed_Quest(-1);
					</OnClick>
				</Scripts>
			</Button>
			<Button name="QuestHistoryDetailFrameExitButton" inherits="UIPanelButtonTemplate" text="QUESTHISTORY_EXIT_TEXT">
				<Size>
					<AbsDimension x="77" y="21"/>
				</Size>
				<Anchors>
					<Anchor point="BOTTOMRIGHT" relativeTo="QuestHistoryDetailFrame" relativePoint="BOTTOMRIGHT">
						<Offset>
							<AbsDimension x="-43" y="54"/>
						</Offset>
					</Anchor>
				</Anchors>
				<Scripts>
					<OnClick>
						HideUIPanel(QuestHistoryDetailFrame);
					</OnClick>
				</Scripts>
			</Button>
			<Button name="QuestHistoryDetailFrameNextButton" inherits="UIPanelButtonTemplate" text="QUESTHISTORY_NEXT_TEXT">
				<Size>
					<AbsDimension x="123" y="21"/>
				</Size>
				<Anchors>
					<Anchor point="RIGHT" relativeTo="QuestHistoryDetailFrameExitButton" relativePoint="LEFT">
						<Offset>
							<AbsDimension x="0" y="0"/>
						</Offset>
					</Anchor>
				</Anchors>
				<Scripts>
					<OnClick>
						QuestHistory_Change_Detailed_Quest(1);
					</OnClick>
				</Scripts>
			</Button>
			<ScrollFrame name="QuestHistoryDetailListScrollFrame" inherits="UIPanelScrollFrameTemplate">
				<Size>
					<AbsDimension x="300" y="93"/>
				</Size>
				<Anchors>
					<Anchor point="TOPLEFT" relativeTo="QuestHistoryDetailFrame">
						<Offset>
							<AbsDimension x="19" y="-75"/>
						</Offset>
					</Anchor>
				</Anchors>
				<ScrollChild>
					<Frame name="QuestHistoryDetailListScrollChildFrame">
						<Size>
							<AbsDimension x="300" y="93"/>
						</Size>
						<Layers>
							<Layer level="BACKGROUND">
								<FontString name="QuestHistoryDetailQuestGiverTitle" inherits="GameFontNormalSmall" text="QUESTHISTORY_QUEST_GIVER_TITLE" justifyH="LEFT">
									<Size>
										<AbsDimension x="69" y="12"/>
									</Size>
									<Anchors>
										<Anchor point="TOPLEFT">
											<Offset>
												<AbsDimension x="4" y="0"/>
											</Offset>
										</Anchor>
									</Anchors>
								</FontString>
								<FontString name="QuestHistoryDetailQuestGiverText" inherits="GameFontHighlightSmall" justifyH="LEFT">
									<Size>
										<AbsDimension x="231" y="12"/>
									</Size>
									<Anchors>
										<Anchor point="TOPLEFT" relativeTo="QuestHistoryDetailQuestGiverTitle" relativePoint = "TOPRIGHT">
											<Offset>
												<AbsDimension x="0" y="0"/>
											</Offset>
										</Anchor>
									</Anchors>
								</FontString>
								<FontString name="QuestHistoryDetailQuestCompleterTitle" inherits="GameFontNormalSmall" text="QUESTHISTORY_QUEST_COMPLETER_TITLE" justifyH="LEFT">
									<Size>
										<AbsDimension x="97" y="12"/>
									</Size>
									<Anchors>
										<Anchor point="TOPLEFT" relativeTo="QuestHistoryDetailQuestGiverTitle" relativePoint="BOTTOMLEFT">
											<Offset>
												<AbsDimension x="0" y="1"/>
											</Offset>
										</Anchor>
									</Anchors>
								</FontString>
								<FontString name="QuestHistoryDetailQuestCompleterText" inherits="GameFontHighlightSmall" justifyH="LEFT">
									<Size>
										<AbsDimension x="203" y="12"/>
									</Size>
									<Anchors>
										<Anchor point="TOPLEFT" relativeTo="QuestHistoryDetailQuestCompleterTitle" relativePoint="TOPRIGHT">
											<Offset>
												<AbsDimension x="0" y="0"/>
											</Offset>
										</Anchor>
									</Anchors>
								</FontString>
								<FontString name="QuestHistoryDetailAcceptedLocationTitle" inherits="GameFontNormalSmall" text="QUESTHISTORY_ACCEPTED_LOCATION_TITLE" justifyH="LEFT">
									<Size>
										<AbsDimension x="104" y="12"/>
									</Size>
									<Anchors>
										<Anchor point="TOPLEFT" relativeTo="QuestHistoryDetailQuestCompleterTitle" relativePoint="BOTTOMLEFT">
											<Offset>
												<AbsDimension x="0" y="1"/>
											</Offset>
										</Anchor>
									</Anchors>
								</FontString>
								<FontString name="QuestHistoryDetailCompletedLocationTitle" inherits="GameFontNormalSmall" text="QUESTHISTORY_COMPLETED_LOCATION_TITLE" justifyH="LEFT">
									<Size>
										<AbsDimension x="110" y="12"/>
									</Size>
									<Anchors>
										<Anchor point="TOPLEFT" relativeTo="QuestHistoryDetailAcceptedLocationTitle" relativePoint="BOTTOMLEFT">
											<Offset>
												<AbsDimension x="0" y="1"/>
											</Offset>
										</Anchor>
									</Anchors>
								</FontString>
								<FontString name="QuestHistoryDetailTimeAcceptedTitle" inherits="GameFontNormalSmall" text="QUESTHISTORY_TIME_ACCEPTED_TITLE" justifyH="LEFT">
									<Size>
										<AbsDimension x="79" y="12"/>
									</Size>
									<Anchors>
										<Anchor point="TOPLEFT" relativeTo="QuestHistoryDetailCompletedLocationTitle" relativePoint="BOTTOMLEFT">
											<Offset>
												<AbsDimension x="0" y="1"/>
											</Offset>
										</Anchor>
									</Anchors>
								</FontString>
								<FontString name="QuestHistoryDetailTimeAcceptedText" inherits="GameFontHighlightSmall" justifyH="LEFT">
									<Size>
										<AbsDimension x="67" y="12"/>
									</Size>
									<Anchors>
										<Anchor point="TOPLEFT" relativeTo="QuestHistoryDetailTimeAcceptedTitle" relativePoint="TOPRIGHT">
											<Offset>
												<AbsDimension x="-1" y="0"/>
											</Offset>
										</Anchor>
									</Anchors>
								</FontString>
								<FontString name="QuestHistoryDetailTimeCompletedTitle" inherits="GameFontNormalSmall" text="QUESTHISTORY_TIME_COMPLETED_TITLE" justifyH="LEFT">
									<Size>
										<AbsDimension x="85" y="12"/>
									</Size>
									<Anchors>
										<Anchor point="TOPLEFT" relativeTo="QuestHistoryDetailTimeAcceptedText" relativePoint="TOPRIGHT">
											<Offset>
												<AbsDimension x="0" y="0"/>
											</Offset>
										</Anchor>
									</Anchors>
								</FontString>
								<FontString name="QuestHistoryDetailTimeCompletedText" inherits="GameFontHighlightSmall" justifyH="LEFT">
									<Size>
										<AbsDimension x="70" y="12"/>
									</Size>
									<Anchors>
										<Anchor point="TOPLEFT" relativeTo="QuestHistoryDetailTimeCompletedTitle" relativePoint="TOPRIGHT">
											<Offset>
												<AbsDimension x="0" y="0"/>
											</Offset>
										</Anchor>
									</Anchors>
								</FontString>
								<FontString name="QuestHistoryDetailTimesAbandonedTitle" inherits="GameFontNormalSmall" text="QUESTHISTORY_TIMES_ABANDONED_TITLE" justifyH="LEFT">
									<Size>
										<AbsDimension x="100" y="12"/>
									</Size>
									<Anchors>
										<Anchor point="TOPLEFT" relativeTo="QuestHistoryDetailTimeAcceptedTitle" relativePoint="BOTTOMLEFT">
											<Offset>
												<AbsDimension x="0" y="1"/>
											</Offset>
										</Anchor>
									</Anchors>
								</FontString>
								<FontString name="QuestHistoryDetailTimesAbandonedText" inherits="GameFontHighlightSmall" justifyH="LEFT">
									<Size>
										<AbsDimension x="35" y="12"/>
									</Size>
									<Anchors>
										<Anchor point="TOPLEFT" relativeTo="QuestHistoryDetailTimesAbandonedTitle" relativePoint="TOPRIGHT">
											<Offset>
												<AbsDimension x="0" y="0"/>
											</Offset>
										</Anchor>
									</Anchors>
								</FontString>
								<FontString name="QuestHistoryDetailTimesFailedTitle" inherits="GameFontNormalSmall" text="QUESTHISTORY_TIMES_FAILED_TITLE" justifyH="LEFT">
									<Size>
										<AbsDimension x="71" y="12"/>
									</Size>
									<Anchors>
										<Anchor point="TOPLEFT" relativeTo="QuestHistoryDetailTimesAbandonedText" relativePoint="TOPRIGHT">
											<Offset>
												<AbsDimension x="10" y="0"/>
											</Offset>
										</Anchor>
									</Anchors>
								</FontString>
								<FontString name="QuestHistoryDetailTimesFailedText" inherits="GameFontHighlightSmall" justifyH="LEFT">
									<Size>
										<AbsDimension x="74" y="12"/>
									</Size>
									<Anchors>
										<Anchor point="TOPLEFT" relativeTo="QuestHistoryDetailTimesFailedTitle" relativePoint="TOPRIGHT">
											<Offset>
												<AbsDimension x="0" y="0"/>
											</Offset>
										</Anchor>
									</Anchors>
								</FontString>
								<FontString name="QuestHistoryDetailListNotesTitle" inherits="GameFontNormalSmall" text="QUESTHISTORY_DETAIL_NOTES_TITLE" justifyH="LEFT">
									<Size>
										<AbsDimension x="40" y="12"/>
									</Size>
									<Anchors>
										<Anchor point="TOPLEFT" relativeTo="QuestHistoryDetailTimesAbandonedTitle" relativePoint="BOTTOMLEFT">
											<Offset>
												<AbsDimension x="0" y="1"/>
											</Offset>
										</Anchor>
									</Anchors>
								</FontString>
								<FontString name="QuestHistoryDetailListNotes" inherits="GameFontHighlightSmall" justifyH="LEFT">
									<Size>
										<AbsDimension x="256" y="0"/>
									</Size>
									<Anchors>
										<Anchor point="TOPLEFT" relativeTo="QuestHistoryDetailListNotesTitle" relativePoint="TOPRIGHT">
											<Offset>
												<AbsDimension x="0" y="-1"/>
											</Offset>
										</Anchor>
									</Anchors>
								</FontString>
							</Layer>
						</Layers>
						<Frames>
							<Button name="QuestHistoryDetailAcceptedLocationButton">
								<Size>
									<AbsDimension x="196" y="12"/>
								</Size>
								<NormalText name="QuestHistoryDetailAcceptedLocationText" inherits="GameFontHighlightSmall" justifyH="LEFT">
									<Size>
										<AbsDimension x="196" y="12"/>
									</Size>
									<Anchors>
										<Anchor point="TOPLEFT" relativeTo="QuestHistoryDetailAcceptedLocationTitle" relativePoint="TOPRIGHT">
											<Offset>
												<AbsDimension x="0" y="0"/>
											</Offset>
										</Anchor>
									</Anchors>
								</NormalText>
								<Anchors>
									<Anchor point="TOPLEFT" relativeTo="QuestHistoryDetailFrame">
										<Offset>
											<AbsDimension x="127" y="-97"/>
										</Offset>
									</Anchor>
								</Anchors>
								<Scripts>
									<OnLoad>
										this:RegisterForClicks("LeftButtonUp", "RightButtonUp");
									</OnLoad>
									<OnClick>
										QuestHistory_SendToMapNotes(arg1, "a");
									</OnClick>
								</Scripts>
							</Button>
							<Button name="QuestHistoryDetailCompletedLocationButton">
								<Size>
									<AbsDimension x="196" y="12"/>
								</Size>
								<NormalText name="QuestHistoryDetailCompletedLocationText" inherits="GameFontHighlightSmall" justifyH="LEFT">
									<Size>
										<AbsDimension x="190" y="12"/>
									</Size>
									<Anchors>
										<Anchor point="TOPLEFT" relativeTo="QuestHistoryDetailCompletedLocationTitle" relativePoint="TOPRIGHT">
											<Offset>
												<AbsDimension x="0" y="0"/>
											</Offset>
										</Anchor>
									</Anchors>
								</NormalText>
								<Anchors>
									<Anchor point="TOPLEFT" relativeTo="QuestHistoryDetailFrame">
										<Offset>
											<AbsDimension x="133" y="-109"/>
										</Offset>
									</Anchor>
								</Anchors>
								<Scripts>
									<OnLoad>
										this:RegisterForClicks("LeftButtonUp", "RightButtonUp");
									</OnLoad>
									<OnClick>
										QuestHistory_SendToMapNotes(arg1, "c");
									</OnClick>
								</Scripts>
							</Button>
						</Frames>
					</Frame>
				</ScrollChild>
			</ScrollFrame>
			<ScrollFrame name="QuestHistoryDetailNotesScrollFrame" inherits="UIPanelScrollFrameTemplate" hidden="true">
				<Size>
					<AbsDimension x="256" y="96"/>
				</Size>
				<Anchors>
					<Anchor point="TOPLEFT" relativeTo="QuestHistoryDetailFrame">
						<Offset>
							<AbsDimension x="63" y="-75"/>
						</Offset>
					</Anchor>
				</Anchors>
				<ScrollChild>
					<EditBox name="QuestHistoryDetailNotesText" multiLine="true" letters="500">
						<Size>
							<AbsDimension x="256" y="96"/>
						</Size>
						<Scripts>
							<OnTextChanged>
								ScrollingEdit_OnTextChanged();
							</OnTextChanged>
							<OnCursorChanged>
								ScrollingEdit_OnCursorChanged(arg1, arg2, arg3, arg4);
							</OnCursorChanged>
							<OnUpdate>
								ScrollingEdit_OnUpdate();
							</OnUpdate>
							<OnEscapePressed>
								QuestHistoryDetailNotesScrollFrame:Hide();
								QuestHistoryDetailSaveButton:Hide();
								QuestHistoryDetailListScrollFrame:Show();
								QuestHistoryDetailEditButton:Show();
							</OnEscapePressed>
						</Scripts>
						<FontString inherits="GameFontHighlightSmall"/>
					</EditBox>
				</ScrollChild>
			</ScrollFrame>
			<ScrollFrame name="QuestHistoryDetailScrollFrame" inherits="UIPanelScrollFrameTemplate">
				<Size>
					<AbsDimension x="300" y="261"/>
				</Size>
				<Anchors>
					<Anchor point="TOPLEFT" relativeTo="QuestHistoryDetailListScrollFrame" relativePoint="BOTTOMLEFT">
						<Offset>
							<AbsDimension x="0" y="-7"/>
						</Offset>
					</Anchor>
				</Anchors>
				<ScrollChild>
					<Frame name="QuestHistoryDetailScrollChildFrame">
						<Size>
							<AbsDimension x="300" y="261"/>
						</Size>
						<Layers>
							<Layer level="BACKGROUND">
								<FontString name="QuestHistoryDetailQuestTitle" inherits="QuestTitleFont" justifyH="LEFT" text="Quest title">
									<Size>
										<AbsDimension x="285" y="0"/>
									</Size>
									<Anchors>
										<Anchor point="TOPLEFT">
											<Offset>
												<AbsDimension x="5" y="-5"/>
											</Offset>
										</Anchor>
									</Anchors>
								</FontString>
								<FontString name="QuestHistoryDetailObjectivesText" inherits="QuestFont" justifyH="LEFT">
									<Size>
										<AbsDimension x="275" y="0"/>
									</Size>
									<Anchors>
										<Anchor point="TOPLEFT" relativeTo="QuestHistoryDetailQuestTitle" relativePoint="BOTTOMLEFT">
											<Offset>
												<AbsDimension x="0" y="-5"/>
											</Offset>
										</Anchor>
									</Anchors>
								</FontString>
								<FontString name="QuestHistoryDetailObjective1" inherits="QuestFontNormalSmall" justifyH="LEFT" hidden="true">
									<Size>
										<AbsDimension x="285" y="0"/>
									</Size>
									<Anchors>
										<Anchor point="TOPLEFT" relativeTo="QuestHistoryDetailObjectivesText" relativePoint="BOTTOMLEFT">
											<Offset>
												<AbsDimension x="0" y="-10"/>
											</Offset>
										</Anchor>
									</Anchors>
								</FontString>
								<FontString name="QuestHistoryDetailObjective2" inherits="QuestFontNormalSmall" justifyH="LEFT" hidden="true">
									<Size>
										<AbsDimension x="285" y="0"/>
									</Size>
									<Anchors>
										<Anchor point="TOPLEFT" relativeTo="QuestHistoryDetailObjective1" relativePoint="BOTTOMLEFT">
											<Offset>
												<AbsDimension x="0" y="-2"/>
											</Offset>
										</Anchor>
									</Anchors>
								</FontString>
								<FontString name="QuestHistoryDetailObjective3" inherits="QuestFontNormalSmall" justifyH="LEFT" hidden="true">
									<Size>
										<AbsDimension x="285" y="0"/>
									</Size>
									<Anchors>
										<Anchor point="TOPLEFT" relativeTo="QuestHistoryDetailObjective2" relativePoint="BOTTOMLEFT">
											<Offset>
												<AbsDimension x="0" y="-2"/>
											</Offset>
										</Anchor>
									</Anchors>
								</FontString>
								<FontString name="QuestHistoryDetailObjective4" inherits="QuestFontNormalSmall" justifyH="LEFT" hidden="true">
									<Size>
										<AbsDimension x="285" y="0"/>
									</Size>
									<Anchors>
										<Anchor point="TOPLEFT" relativeTo="QuestHistoryDetailObjective3" relativePoint="BOTTOMLEFT">
											<Offset>
												<AbsDimension x="0" y="-2"/>
											</Offset>
										</Anchor>
									</Anchors>
								</FontString>
								<FontString name="QuestHistoryDetailObjective5" inherits="QuestFontNormalSmall" justifyH="LEFT" hidden="true">
									<Size>
										<AbsDimension x="285" y="0"/>
									</Size>
									<Anchors>
										<Anchor point="TOPLEFT" relativeTo="QuestHistoryDetailObjective4" relativePoint="BOTTOMLEFT">
											<Offset>
												<AbsDimension x="0" y="-2"/>
											</Offset>
										</Anchor>
									</Anchors>
								</FontString>
								<FontString name="QuestHistoryDetailObjective6" inherits="QuestFontNormalSmall" justifyH="LEFT" hidden="true">
									<Size>
										<AbsDimension x="285" y="0"/>
									</Size>
									<Anchors>
										<Anchor point="TOPLEFT" relativeTo="QuestHistoryDetailObjective5" relativePoint="BOTTOMLEFT">
											<Offset>
												<AbsDimension x="0" y="-2"/>
											</Offset>
										</Anchor>
									</Anchors>
								</FontString>
								<FontString name="QuestHistoryDetailObjective7" inherits="QuestFontNormalSmall" justifyH="LEFT" hidden="true">
									<Size>
										<AbsDimension x="285" y="0"/>
									</Size>
									<Anchors>
										<Anchor point="TOPLEFT" relativeTo="QuestHistoryDetailObjective6" relativePoint="BOTTOMLEFT">
											<Offset>
												<AbsDimension x="0" y="-2"/>
											</Offset>
										</Anchor>
									</Anchors>
								</FontString>
								<FontString name="QuestHistoryDetailObjective8" inherits="QuestFontNormalSmall" justifyH="LEFT" hidden="true">
									<Size>
										<AbsDimension x="285" y="0"/>
									</Size>
									<Anchors>
										<Anchor point="TOPLEFT" relativeTo="QuestHistoryDetailObjective7" relativePoint="BOTTOMLEFT">
											<Offset>
												<AbsDimension x="0" y="-2"/>
											</Offset>
										</Anchor>
									</Anchors>
								</FontString>
								<FontString name="QuestHistoryDetailObjective9" inherits="QuestFontNormalSmall" justifyH="LEFT" hidden="true">
									<Size>
										<AbsDimension x="285" y="0"/>
									</Size>
									<Anchors>
										<Anchor point="TOPLEFT" relativeTo="QuestHistoryDetailObjective8" relativePoint="BOTTOMLEFT">
											<Offset>
												<AbsDimension x="0" y="-2"/>
											</Offset>
										</Anchor>
									</Anchors>
								</FontString>
								<FontString name="QuestHistoryDetailObjective10" inherits="QuestFontNormalSmall" justifyH="LEFT" hidden="true">
									<Size>
										<AbsDimension x="285" y="0"/>
									</Size>
									<Anchors>
										<Anchor point="TOPLEFT" relativeTo="QuestHistoryDetailObjective9" relativePoint="BOTTOMLEFT">
											<Offset>
												<AbsDimension x="0" y="-2"/>
											</Offset>
										</Anchor>
									</Anchors>
								</FontString>
								<FontString name="QuestHistoryDetailRequiredMoneyText" inherits="QuestFontNormalSmall" text="REQUIRED_MONEY">
									<Anchors>
										<Anchor point="TOPLEFT"/>
									</Anchors>
								</FontString>
								<FontString name="QuestHistoryDetailDescriptionTitle" inherits="QuestTitleFont" justifyH="LEFT" text="QUEST_DESCRIPTION">
									<Size>
										<AbsDimension x="285" y="0"/>
									</Size>
									<Anchors>
										<Anchor point="TOPLEFT" relativeTo="QuestHistoryDetailObjective10" relativePoint="BOTTOMLEFT">
											<Offset>
												<AbsDimension x="0" y="-10"/>
											</Offset>
										</Anchor>
									</Anchors>
								</FontString>
								<FontString name="QuestHistoryDetailQuestDescription" inherits="QuestFont" justifyH="LEFT">
									<Size>
										<AbsDimension x="270" y="0"/>
									</Size>
									<Anchors>
										<Anchor point="TOPLEFT" relativeTo="QuestHistoryDetailDescriptionTitle" relativePoint="BOTTOMLEFT">
											<Offset>
												<AbsDimension x="0" y="-5"/>
											</Offset>
										</Anchor>
									</Anchors>
								</FontString>
								<FontString name="QuestHistoryDetailRewardTitleText" inherits="QuestTitleFont" text="QUEST_REWARDS" justifyH="LEFT">
									<Size>
										<AbsDimension x="300" y="18"/>
									</Size>
									<Anchors>
										<Anchor point="TOPLEFT" relativeTo="QuestHistoryDetailQuestDescription" relativePoint="BOTTOMLEFT">
											<Offset>
												<AbsDimension x="0" y="-15"/>
											</Offset>
										</Anchor>
									</Anchors>
								</FontString>
								<FontString name="QuestHistoryDetailItemChooseText" inherits="QuestFont" text="REWARD_CHOICES" hidden="true" justifyH="LEFT">
									<Size>
										<AbsDimension x="295" y="0"/>
									</Size>
									<Anchors>
										<Anchor point="TOPLEFT" relativeTo="QuestHistoryDetailRewardTitleText" relativePoint="BOTTOMLEFT">
											<Offset>
												<AbsDimension x="0" y="-5"/>
											</Offset>
										</Anchor>
									</Anchors>
								</FontString>
								<FontString name="QuestHistoryDetailItemReceiveText" inherits="QuestFont" text="Reward receive text" hidden="true" justifyH="LEFT">
									<Anchors>
										<Anchor point="TOPLEFT"/>
									</Anchors>
								</FontString>
							</Layer>
						</Layers>
						<Frames>
							<Button name="QuestHistoryDetailItem1" inherits="QuestHistoryDetailItemTemplate" hidden="true">
								<Anchors>
									<Anchor point="TOPLEFT"/>
								</Anchors>
							</Button>
							<Button name="QuestHistoryDetailItem2" inherits="QuestHistoryDetailItemTemplate" hidden="true">
								<Anchors>
									<Anchor point="TOPLEFT"/>
								</Anchors>
							</Button>
							<Button name="QuestHistoryDetailItem3" inherits="QuestHistoryDetailItemTemplate" hidden="true">
								<Anchors>
									<Anchor point="TOPLEFT"/>
								</Anchors>
							</Button>
							<Button name="QuestHistoryDetailItem4" inherits="QuestHistoryDetailItemTemplate" hidden="true">
								<Anchors>
									<Anchor point="TOPLEFT"/>
								</Anchors>
							</Button>
							<Button name="QuestHistoryDetailItem5" inherits="QuestHistoryDetailItemTemplate" hidden="true">
								<Anchors>
									<Anchor point="TOPLEFT"/>
								</Anchors>
							</Button>
							<Button name="QuestHistoryDetailItem6" inherits="QuestHistoryDetailItemTemplate" hidden="true">
								<Anchors>
									<Anchor point="TOPLEFT"/>
								</Anchors>
							</Button>
							<Button name="QuestHistoryDetailItem7" inherits="QuestHistoryDetailItemTemplate" hidden="true">
								<Anchors>
									<Anchor point="TOPLEFT"/>
								</Anchors>
							</Button>
							<Button name="QuestHistoryDetailItem8" inherits="QuestHistoryDetailItemTemplate" hidden="true">
								<Anchors>
									<Anchor point="TOPLEFT"/>
								</Anchors>
							</Button>
							<Button name="QuestHistoryDetailItem9" inherits="QuestHistoryDetailItemTemplate" hidden="true">
								<Anchors>
									<Anchor point="TOPLEFT"/>
								</Anchors>
							</Button>
							<Button name="QuestHistoryDetailItem10" inherits="QuestHistoryDetailItemTemplate" hidden="true">
								<Anchors>
									<Anchor point="TOPLEFT"/>
								</Anchors>
							</Button>
							<Frame name="QuestHistoryDetailMoneyFrame" inherits="MoneyFrameTemplate">
								<Anchors>
									<Anchor point="LEFT" relativeTo="QuestHistoryDetailItemReceiveText" relativePoint="RIGHT">
										<Offset>
											<AbsDimension x="15" y="0"/>
										</Offset>
									</Anchor>
								</Anchors>
								<Scripts>
									<OnLoad>
										MoneyFrame_OnLoad();
										MoneyFrame_SetType("STATIC");
									</OnLoad>
								</Scripts>
							</Frame>
							<Frame name="QuestHistoryDetailRequiredMoneyFrame" inherits="MoneyFrameTemplate">
								<Anchors>
									<Anchor point="LEFT" relativeTo="QuestHistoryDetailRequiredMoneyText" relativePoint="RIGHT">
										<Offset>
											<AbsDimension x="10" y="0"/>
										</Offset>
									</Anchor>
								</Anchors>
								<Scripts>
									<OnLoad>
										SmallMoneyFrame_OnLoad();
										MoneyFrame_SetType("STATIC");
									</OnLoad>
								</Scripts>
							</Frame>
							<Frame name="QuestHistoryDetailSpacerFrame">
								<Size>
									<AbsDimension x="5" y="25"/>
								</Size>
								<Anchors>
									<Anchor point="TOP">
										<Offset>
											<AbsDimension x="0" y="0"/>
										</Offset>
									</Anchor>
								</Anchors>
							</Frame>
						</Frames>
					</Frame>
				</ScrollChild>
			</ScrollFrame>
		</Frames>
		<Scripts>
			<OnLoad>
				QuestHistoryDetailFrame_OnLoad();
			</OnLoad>
			<OnEvent>
				QuestHistoryDetailFrame_OnEvent(event);
			</OnEvent>
			<OnShow>
				PlaySound("igQuestLogOpen");
			</OnShow>
			<OnHide>
				PlaySound("igQuestLogClose");
			</OnHide>
		</Scripts>
	</Frame>
</Ui>