<Ui xmlns="http://www.blizzard.com/wow/ui/" xmlns:xsi="http://www.w3.org/2001/XMLSchema-instance" xsi:schemaLocation="http://www.blizzard.com/wow/ui/
..\FrameXML\UI.xsd">
	<Frame name="QuestHistoryFrame" toplevel="true" parent="UIParent" movable="true" enableMouse="true" hidden="true">
		<Size>
			<AbsDimension x="640" y="512"/>
		</Size>
		<Anchors>
			<Anchor point="TOPLEFT">
				<Offset>
					<AbsDimension x="0" y="-104"/>
				</Offset>
			</Anchor>
		</Anchors>
		<HitRectInsets>
			<AbsInset left="0" right="44" top="0" bottom="13"/>
		</HitRectInsets>
		<Layers>
			<Layer level="BACKGROUND">
				<Texture file="Interface\HelpFrame\HelpFrame-TopLeft">
					<Size>
						<AbsDimension x="256" y="256"/>
					</Size>
					<Anchors>
						<Anchor point="TOPLEFT">
							<Offset>
								<AbsDimension x="0" y="0"/>
							</Offset>
						</Anchor>
					</Anchors>
				</Texture>
				<Texture file="Interface\HelpFrame\HelpFrame-Top">
					<Size>
						<AbsDimension x="256" y="256"/>
					</Size>
					<Anchors>
						<Anchor point="TOPLEFT">
							<Offset>
								<AbsDimension x="256" y="0"/>
							</Offset>
						</Anchor>
					</Anchors>
				</Texture>
				<Texture file="Interface\HelpFrame\HelpFrame-TopRight">
					<Size>
						<AbsDimension x="128" y="256"/>
					</Size>
					<Anchors>
						<Anchor point="TOPLEFT">
							<Offset>
								<AbsDimension x="512" y="0"/>
							</Offset>
						</Anchor>
					</Anchors>
				</Texture>
				<Texture file="Interface\HelpFrame\HelpFrame-BotLeft">
					<Size>
						<AbsDimension x="256" y="256"/>
					</Size>
					<Anchors>
						<Anchor point="TOPLEFT">
							<Offset>
								<AbsDimension x="0" y="-256"/>
							</Offset>
						</Anchor>
					</Anchors>
				</Texture>
				<Texture file="Interface\HelpFrame\HelpFrame-Bottom">
					<Size>
						<AbsDimension x="256" y="256"/>
					</Size>
					<Anchors>
						<Anchor point="TOPLEFT">
							<Offset>
								<AbsDimension x="256" y="-256"/>
							</Offset>
						</Anchor>
					</Anchors>
				</Texture>
				<Texture file="Interface\HelpFrame\HelpFrame-BotRight">
					<Size>
						<AbsDimension x="128" y="256"/>
					</Size>
					<Anchors>
						<Anchor point="TOPLEFT">
							<Offset>
								<AbsDimension x="512" y="-256"/>
							</Offset>
						</Anchor>
					</Anchors>
				</Texture>
			</Layer>
			<Layer level="ARTWORK">
				<Texture name="QuestHistoryFrameHeader" file="Interface\DialogFrame\UI-DialogBox-Header">
					<Size>
						<AbsDimension x="336" y="64"/>
					</Size>
					<Anchors>
						<Anchor point="TOP">
							<Offset>
								<AbsDimension x="-12" y="16"/>
							</Offset>
						</Anchor>
					</Anchors>
				</Texture>
				<FontString name="QuestHistoryFrameTitleText" inherits="GameFontNormal" text="QUESTHISTORY_FRAME_TITLE">
					<Anchors>
						<Anchor point="TOP" relativeTo="QuestHistoryFrameHeader">
							<Offset>
								<AbsDimension x="0" y="-14"/>
							</Offset>
						</Anchor>
					</Anchors>
				</FontString>
				<FontString name="QuestHistoryTitleText" inherits="GameFontHighlight" text="QUESTHISTORY_TITLE">
					<Anchors>
						<Anchor point="TOP" relativeTo="QuestHistoryFrame" relativePoint="TOP">
							<Offset>
								<AbsDimension x="-12" y="-20"/>
							</Offset>
						</Anchor>
					</Anchors>
				</FontString>
			</Layer>
		</Layers>
		<Frames>
			<Button name="QuestHistoryFrameCloseButton" inherits="UIPanelCloseButton">
				<Anchors>
					<Anchor point="TOPRIGHT">
						<Offset>
							<AbsDimension x="-42" y="-3"/>
						</Offset>
					</Anchor>
				</Anchors>
			</Button>
			<Button name="QuestHistoryFrameAcceptedSortButton" inherits="QuestHistorySortButtonTemplate" text="QUESTHISTORY_ACCEPTEDSORT_TEXT" id="1">
				<Size>
					<AbsDimension x="25" y="18"/>
				</Size>
				<Anchors>
					<Anchor point="TOPLEFT">
						<Offset>
							<AbsDimension x="23" y="-36"/>
						</Offset>
					</Anchor>
				</Anchors>
			</Button>
			<Button name="QuestHistoryFrameTitleSortButton" inherits="QuestHistorySortButtonTemplate" text="QUESTHISTORY_TITLESORT_TEXT" id="2">
				<Size>
					<AbsDimension x="75" y="18"/>
				</Size>
				<Anchors>
					<Anchor point="TOPLEFT">
						<Offset>
							<AbsDimension x="102" y="-36"/>
						</Offset>
					</Anchor>
				</Anchors>
			</Button>
			<Button name="QuestHistoryFrameLevelSortButton" inherits="QuestHistorySortButtonTemplate" text="QUESTHISTORY_LEVELSORT_TEXT" id="3">
				<Size>
					<AbsDimension x="50" y="18"/>
				</Size>
				<Anchors>
					<Anchor point="TOPLEFT">
						<Offset>
							<AbsDimension x="245" y="-36"/>
						</Offset>
					</Anchor>
				</Anchors>
			</Button>
			<Button name="QuestHistoryFrameCategorySortButton" inherits="QuestHistorySortButtonTemplate" text="QUESTHISTORY_CATEGORYSORT_TEXT" id="4">
				<Size>
					<AbsDimension x="75" y="18"/>
				</Size>
				<Anchors>
					<Anchor point="TOPLEFT">
						<Offset>
							<AbsDimension x="335" y="-36"/>
						</Offset>
					</Anchor>
				</Anchors>
			</Button>
			<Button name="QuestHistoryFrameTagSortButton" inherits="QuestHistorySortButtonTemplate" text="QUESTHISTORY_TAGSORT_TEXT" id="5">
				<Size>
					<AbsDimension x="40" y="18"/>
				</Size>
				<Anchors>
					<Anchor point="TOPLEFT">
						<Offset>
							<AbsDimension x="447" y="-36"/>
						</Offset>
					</Anchor>
				</Anchors>
			</Button>
			<Button name="QuestHistoryFrameCompletedSortButton" inherits="QuestHistorySortButtonTemplate" text="QUESTHISTORY_COMPLETEDSORT_TEXT" id="6">
				<Size>
					<AbsDimension x="75" y="18"/>
				</Size>
				<Anchors>
					<Anchor point="TOPLEFT">
						<Offset>
							<AbsDimension x="487" y="-36"/>
						</Offset>
					</Anchor>
				</Anchors>
			</Button>
			<Frame name="QuestHistoryFrameSortDropDown" inherits="UIDropDownMenuTemplate" id="1">
				<Anchors>
					<Anchor point="TOPLEFT">
						<Offset>
							<AbsDimension x="40" y="-8"/>
						</Offset>
					</Anchor>
				</Anchors>
				<Layers>
					<Layer level="OVERLAY">
						<FontString inherits="GameFontNormalSmall" text="QUESTHISTORY_SORT_DROPDOWN_TEXT">
							<Anchors>
								<Anchor point="RIGHT" relativeTo="QuestHistoryFrameSortDropDown" relativePoint="LEFT">
									<Offset>
										<AbsDimension x="15" y="2"/>
									</Offset>
								</Anchor>
							</Anchors>
						</FontString>
					</Layer>
				</Layers>
				<Scripts>
					<OnLoad>
						QuestHistoryFrameSortDropDown_OnLoad();
					</OnLoad>
					<OnShow>
						QuestHistoryFrameSortDropDown_OnLoad();
					</OnShow>
				</Scripts>
			</Frame>
			<Button name="QuestHistoryFrameCancelButton" inherits="UIPanelButtonTemplate" text="QUESTHISTORY_CANCEL_TEXT">
				<Size>
					<AbsDimension x="75" y="22"/>
				</Size>
				<Anchors>
					<Anchor point="BOTTOMRIGHT">
						<Offset>
							<AbsDimension x="-53" y="21"/>
						</Offset>
					</Anchor>
				</Anchors>
				<Scripts>
					<OnClick>
						HideUIPanel(QuestHistoryFrame);
					</OnClick>
				</Scripts>
			</Button>
			<Button name="QuestHistoryFrameOptionsButton" inherits="UIPanelButtonTemplate" text="QUESTHISTORY_OPTIONS_TEXT">
				<Size>
					<AbsDimension x="75" y="22"/>
				</Size>
				<Anchors>
					<Anchor point="RIGHT" relativeTo="QuestHistoryFrameCancelButton" relativePoint="LEFT">
						<Offset>
							<AbsDimension x="0" y="0"/>
						</Offset>
					</Anchor>
				</Anchors>
				<Scripts>
					<OnClick>
						ShowUIPanel(QuestHistoryOptionsFrame);
					</OnClick>
				</Scripts>
			</Button>
			<Button name="QuestHistoryFrameSearchButton" inherits="UIPanelButtonTemplate" text="QUESTHISTORY_SEARCH_TEXT">
				<Size>
					<AbsDimension x="75" y="22"/>
				</Size>
				<Anchors>
					<Anchor point="BOTTOMLEFT">
						<Offset>
							<AbsDimension x="13" y="21"/>
						</Offset>
					</Anchor>
				</Anchors>
				<Scripts>
					<OnShow>
						QuestHistoryFrameClearButton:Hide();
						QuestHistoryFrameSearchEditBox:Hide();
						QuestHistoryFrameSubmitButton:Hide();
					</OnShow>
					<OnClick>
						QuestHistoryFrameSearchButton_OnClick();
					</OnClick>
				</Scripts>
			</Button>
			<Button name="QuestHistoryFrameClearButton" inherits="UIPanelButtonTemplate" text="QUESTHISTORY_CLEAR_TEXT" hidden="true">
				<Size>
					<AbsDimension x="75" y="22"/>
				</Size>
				<Anchors>
					<Anchor point="BOTTOMLEFT">
						<Offset>
							<AbsDimension x="13" y="21"/>
						</Offset>
					</Anchor>
				</Anchors>
				<Scripts>
					<OnShow>
						QuestHistoryFrameSearchButton:Hide();
						QuestHistoryFrameSearchEditBox:Show();
						QuestHistoryFrameSubmitButton:Show();
					</OnShow>
					<OnClick>
						QuestHistoryFrameClearButton_OnClick();
					</OnClick>
				</Scripts>
			</Button>
			<EditBox name="QuestHistoryFrameSearchEditBox" letters="256" historyLines="10" hidden="true">
				<Size>
					<AbsDimension x="200" y="20"/>
				</Size>
				<Anchors>
					<Anchor point="LEFT" relativeTo="QuestHistoryFrameClearButton" relativePoint="RIGHT">
						<Offset>
							<AbsDimension x="10" y="0"/>
						</Offset>
					</Anchor>
				</Anchors>
				<Layers>
					<Layer level="BACKGROUND">
						<Texture name="QuestHistoryFrameSearchEditBoxLeft" file="Interface\ClassTrainerFrame\UI-ClassTrainer-FilterBorder">
							<Size>
								<AbsDimension x="12" y="29"/>
							</Size>
							<Anchors>
								<Anchor point="TOPLEFT">
									<Offset>
										<AbsDimension x="-11" y="2"/>
									</Offset>
								</Anchor>
							</Anchors>
							<TexCoords left="0" right="0.09375" top="0" bottom="1.0"/>
						</Texture>
						<Texture name="QuestHistoryFrameSearchEditBoxMiddle" file="Interface\ClassTrainerFrame\UI-ClassTrainer-FilterBorder">
							<Size>
								<AbsDimension x="195" y="29"/>
							</Size>
							<Anchors>
								<Anchor point="LEFT" relativeTo="QuestHistoryFrameSearchEditBoxLeft" relativePoint="RIGHT"/>
							</Anchors>
							<TexCoords left="0.09375" right="0.90625" top="0" bottom="1.0"/>
						</Texture>
						<Texture name="QuestHistoryFrameSearchEditBoxRight" file="Interface\ClassTrainerFrame\UI-ClassTrainer-FilterBorder">
							<Size>
								<AbsDimension x="12" y="29"/>
							</Size>
							<Anchors>
								<Anchor point="LEFT" relativeTo="QuestHistoryFrameSearchEditBoxMiddle" relativePoint="RIGHT"/>
							</Anchors>
							<TexCoords left="0.90625" right="1.0" top="0" bottom="1.0"/>
						</Texture>
					</Layer>
				</Layers>
				<Scripts>
					<OnEscapePressed>
						QuestHistoryFrameSearchEditBox:SetText("");
						QuestHistoryFrameSearchButton:Show();
					</OnEscapePressed>
					<OnEnterPressed>
						QuestHistoryFrameSearchEditBox_OnEnterPressed();
					</OnEnterPressed>
				</Scripts>
				<FontString inherits="ChatFontNormal"/>
			</EditBox>
			<Button name="QuestHistoryFrameSubmitButton" inherits="UIPanelButtonTemplate" text="QUESTHISTORY_SUBMIT_TEXT" hidden="true">
				<Size>
					<AbsDimension x="75" y="22"/>
				</Size>
				<Anchors>
					<Anchor point="BOTTOMLEFT">
						<Offset>
							<AbsDimension x="306" y="21"/>
						</Offset>
					</Anchor>
				</Anchors>
				<Scripts>
					<OnClick>
						QuestHistoryFrameSearchEditBox_OnEnterPressed();
					</OnClick>
				</Scripts>
			</Button>
			<Frame name="QuestHistoryListHighlightFrame" hidden="true">
				<Size>
					<AbsDimension x="545" y="14"/>
				</Size>
				<Layers>
					<Layer level="ARTWORK">
						<Texture name="QuestHistoryListHighlight" file="Interface\QuestFrame\UI-QuestTitleHighlight" alphaMode="ADD">
							<Size>
								<AbsDimension x="545" y="14"/>
							</Size>
						</Texture>
					</Layer>
				</Layers>
			</Frame>
			<Button name="QuestHistoryListFrame1" inherits="QuestHistoryListFrameTemplate" hidden="true" id="1">
				<Anchors>
					<Anchor point="TOPLEFT">
						<Offset>
							<AbsDimension x="15" y="-55"/>
						</Offset>
					</Anchor>
				</Anchors>
			</Button>
			<Button name="QuestHistoryListFrame2" inherits="QuestHistoryListFrameTemplate" hidden="true" id="2">
				<Anchors>
					<Anchor point="TOPLEFT" relativeTo="QuestHistoryListFrame1" relativePoint="BOTTOMLEFT">
						<Offset>
							<AbsDimension x="0" y="1"/>
						</Offset>
					</Anchor>
				</Anchors>
			</Button>
			<Button name="QuestHistoryListFrame3" inherits="QuestHistoryListFrameTemplate" hidden="true" id="3">
				<Anchors>
					<Anchor point="TOPLEFT" relativeTo="QuestHistoryListFrame2" relativePoint="BOTTOMLEFT">
						<Offset>
							<AbsDimension x="0" y="1"/>
						</Offset>
					</Anchor>
				</Anchors>
			</Button>
			<Button name="QuestHistoryListFrame4" inherits="QuestHistoryListFrameTemplate" hidden="true" id="4">
				<Anchors>
					<Anchor point="TOPLEFT" relativeTo="QuestHistoryListFrame3" relativePoint="BOTTOMLEFT">
						<Offset>
							<AbsDimension x="0" y="1"/>
						</Offset>
					</Anchor>
				</Anchors>
			</Button>
			<Button name="QuestHistoryListFrame5" inherits="QuestHistoryListFrameTemplate" hidden="true" id="5">
				<Anchors>
					<Anchor point="TOPLEFT" relativeTo="QuestHistoryListFrame4" relativePoint="BOTTOMLEFT">
						<Offset>
							<AbsDimension x="0" y="1"/>
						</Offset>
					</Anchor>
				</Anchors>
			</Button>
			<Button name="QuestHistoryListFrame6" inherits="QuestHistoryListFrameTemplate" hidden="true" id="6">
				<Anchors>
					<Anchor point="TOPLEFT" relativeTo="QuestHistoryListFrame5" relativePoint="BOTTOMLEFT">
						<Offset>
							<AbsDimension x="0" y="1"/>
						</Offset>
					</Anchor>
				</Anchors>
			</Button>
			<Button name="QuestHistoryListFrame7" inherits="QuestHistoryListFrameTemplate" hidden="true" id="7">
				<Anchors>
					<Anchor point="TOPLEFT" relativeTo="QuestHistoryListFrame6" relativePoint="BOTTOMLEFT">
						<Offset>
							<AbsDimension x="0" y="1"/>
						</Offset>
					</Anchor>
				</Anchors>
			</Button>
			<Button name="QuestHistoryListFrame8" inherits="QuestHistoryListFrameTemplate" hidden="true" id="8">
				<Anchors>
					<Anchor point="TOPLEFT" relativeTo="QuestHistoryListFrame7" relativePoint="BOTTOMLEFT">
						<Offset>
							<AbsDimension x="0" y="1"/>
						</Offset>
					</Anchor>
				</Anchors>
			</Button>
			<Button name="QuestHistoryListFrame9" inherits="QuestHistoryListFrameTemplate" hidden="true" id="9">
				<Anchors>
					<Anchor point="TOPLEFT" relativeTo="QuestHistoryListFrame8" relativePoint="BOTTOMLEFT">
						<Offset>
							<AbsDimension x="0" y="1"/>
						</Offset>
					</Anchor>
				</Anchors>
			</Button>
			<Button name="QuestHistoryListFrame10" inherits="QuestHistoryListFrameTemplate" hidden="true" id="10">
				<Anchors>
					<Anchor point="TOPLEFT" relativeTo="QuestHistoryListFrame9" relativePoint="BOTTOMLEFT">
						<Offset>
							<AbsDimension x="0" y="1"/>
						</Offset>
					</Anchor>
				</Anchors>
			</Button>
			<Button name="QuestHistoryListFrame11" inherits="QuestHistoryListFrameTemplate" hidden="true" id="11">
				<Anchors>
					<Anchor point="TOPLEFT" relativeTo="QuestHistoryListFrame10" relativePoint="BOTTOMLEFT">
						<Offset>
							<AbsDimension x="0" y="1"/>
						</Offset>
					</Anchor>
				</Anchors>
			</Button>
			<Button name="QuestHistoryListFrame12" inherits="QuestHistoryListFrameTemplate" hidden="true" id="12">
				<Anchors>
					<Anchor point="TOPLEFT" relativeTo="QuestHistoryListFrame11" relativePoint="BOTTOMLEFT">
						<Offset>
							<AbsDimension x="0" y="1"/>
						</Offset>
					</Anchor>
				</Anchors>
			</Button>
			<Button name="QuestHistoryListFrame13" inherits="QuestHistoryListFrameTemplate" hidden="true" id="13">
				<Anchors>
					<Anchor point="TOPLEFT" relativeTo="QuestHistoryListFrame12" relativePoint="BOTTOMLEFT">
						<Offset>
							<AbsDimension x="0" y="1"/>
						</Offset>
					</Anchor>
				</Anchors>
			</Button>
			<Button name="QuestHistoryListFrame14" inherits="QuestHistoryListFrameTemplate" hidden="true" id="14">
				<Anchors>
					<Anchor point="TOPLEFT" relativeTo="QuestHistoryListFrame13" relativePoint="BOTTOMLEFT">
						<Offset>
							<AbsDimension x="0" y="1"/>
						</Offset>
					</Anchor>
				</Anchors>
			</Button>
			<Button name="QuestHistoryListFrame15" inherits="QuestHistoryListFrameTemplate" hidden="true" id="15">
				<Anchors>
					<Anchor point="TOPLEFT" relativeTo="QuestHistoryListFrame14" relativePoint="BOTTOMLEFT">
						<Offset>
							<AbsDimension x="0" y="1"/>
						</Offset>
					</Anchor>
				</Anchors>
			</Button>
			<Button name="QuestHistoryListFrame16" inherits="QuestHistoryListFrameTemplate" hidden="true" id="16">
				<Anchors>
					<Anchor point="TOPLEFT" relativeTo="QuestHistoryListFrame15" relativePoint="BOTTOMLEFT">
						<Offset>
							<AbsDimension x="0" y="1"/>
						</Offset>
					</Anchor>
				</Anchors>
			</Button>
			<Button name="QuestHistoryListFrame17" inherits="QuestHistoryListFrameTemplate" hidden="true" id="17">
				<Anchors>
					<Anchor point="TOPLEFT" relativeTo="QuestHistoryListFrame16" relativePoint="BOTTOMLEFT">
						<Offset>
							<AbsDimension x="0" y="1"/>
						</Offset>
					</Anchor>
				</Anchors>
			</Button>
			<Button name="QuestHistoryListFrame18" inherits="QuestHistoryListFrameTemplate" hidden="true" id="18">
				<Anchors>
					<Anchor point="TOPLEFT" relativeTo="QuestHistoryListFrame17" relativePoint="BOTTOMLEFT">
						<Offset>
							<AbsDimension x="0" y="1"/>
						</Offset>
					</Anchor>
				</Anchors>
			</Button>
			<Button name="QuestHistoryListFrame19" inherits="QuestHistoryListFrameTemplate" hidden="true" id="19">
				<Anchors>
					<Anchor point="TOPLEFT" relativeTo="QuestHistoryListFrame18" relativePoint="BOTTOMLEFT">
						<Offset>
							<AbsDimension x="0" y="1"/>
						</Offset>
					</Anchor>
				</Anchors>
			</Button>
			<Button name="QuestHistoryListFrame20" inherits="QuestHistoryListFrameTemplate" hidden="true" id="20">
				<Anchors>
					<Anchor point="TOPLEFT" relativeTo="QuestHistoryListFrame19" relativePoint="BOTTOMLEFT">
						<Offset>
							<AbsDimension x="0" y="1"/>
						</Offset>
					</Anchor>
				</Anchors>
			</Button>
			<Button name="QuestHistoryListFrame21" inherits="QuestHistoryListFrameTemplate" hidden="true" id="21">
				<Anchors>
					<Anchor point="TOPLEFT" relativeTo="QuestHistoryListFrame20" relativePoint="BOTTOMLEFT">
						<Offset>
							<AbsDimension x="0" y="1"/>
						</Offset>
					</Anchor>
				</Anchors>
			</Button>
			<Button name="QuestHistoryListFrame22" inherits="QuestHistoryListFrameTemplate" hidden="true" id="22">
				<Anchors>
					<Anchor point="TOPLEFT" relativeTo="QuestHistoryListFrame21" relativePoint="BOTTOMLEFT">
						<Offset>
							<AbsDimension x="0" y="1"/>
						</Offset>
					</Anchor>
				</Anchors>
			</Button>
			<Button name="QuestHistoryListFrame23" inherits="QuestHistoryListFrameTemplate" hidden="true" id="23">
				<Anchors>
					<Anchor point="TOPLEFT" relativeTo="QuestHistoryListFrame22" relativePoint="BOTTOMLEFT">
						<Offset>
							<AbsDimension x="0" y="1"/>
						</Offset>
					</Anchor>
				</Anchors>
			</Button>
			<Button name="QuestHistoryListFrame24" inherits="QuestHistoryListFrameTemplate" hidden="true" id="24">
				<Anchors>
					<Anchor point="TOPLEFT" relativeTo="QuestHistoryListFrame23" relativePoint="BOTTOMLEFT">
						<Offset>
							<AbsDimension x="0" y="1"/>
						</Offset>
					</Anchor>
				</Anchors>
			</Button>
			<Button name="QuestHistoryListFrame25" inherits="QuestHistoryListFrameTemplate" hidden="true" id="25">
				<Anchors>
					<Anchor point="TOPLEFT" relativeTo="QuestHistoryListFrame24" relativePoint="BOTTOMLEFT">
						<Offset>
							<AbsDimension x="0" y="1"/>
						</Offset>
					</Anchor>
				</Anchors>
			</Button>
			<Button name="QuestHistoryListFrame26" inherits="QuestHistoryListFrameTemplate" hidden="true" id="26">
				<Anchors>
					<Anchor point="TOPLEFT" relativeTo="QuestHistoryListFrame25" relativePoint="BOTTOMLEFT">
						<Offset>
							<AbsDimension x="0" y="1"/>
						</Offset>
					</Anchor>
				</Anchors>
			</Button>
			<Button name="QuestHistoryListFrame27" inherits="QuestHistoryListFrameTemplate" hidden="true" id="27">
				<Anchors>
					<Anchor point="TOPLEFT" relativeTo="QuestHistoryListFrame26" relativePoint="BOTTOMLEFT">
						<Offset>
							<AbsDimension x="0" y="1"/>
						</Offset>
					</Anchor>
				</Anchors>
			</Button>
			<Button name="QuestHistoryListFrame28" inherits="QuestHistoryListFrameTemplate" hidden="true" id="28">
				<Anchors>
					<Anchor point="TOPLEFT" relativeTo="QuestHistoryListFrame27" relativePoint="BOTTOMLEFT">
						<Offset>
							<AbsDimension x="0" y="1"/>
						</Offset>
					</Anchor>
				</Anchors>
			</Button>
			<Button name="QuestHistoryListFrame29" inherits="QuestHistoryListFrameTemplate" hidden="true" id="29">
				<Anchors>
					<Anchor point="TOPLEFT" relativeTo="QuestHistoryListFrame28" relativePoint="BOTTOMLEFT">
						<Offset>
							<AbsDimension x="0" y="1"/>
						</Offset>
					</Anchor>
				</Anchors>
			</Button>
			<Button name="QuestHistoryListFrame30" inherits="QuestHistoryListFrameTemplate" hidden="true" id="30">
				<Anchors>
					<Anchor point="TOPLEFT" relativeTo="QuestHistoryListFrame29" relativePoint="BOTTOMLEFT">
						<Offset>
							<AbsDimension x="0" y="1"/>
						</Offset>
					</Anchor>
				</Anchors>
			</Button>
			<Button name="QuestHistoryListFrame31" inherits="QuestHistoryListFrameTemplate" hidden="true" id="31">
				<Anchors>
					<Anchor point="TOPLEFT" relativeTo="QuestHistoryListFrame30" relativePoint="BOTTOMLEFT">
						<Offset>
							<AbsDimension x="0" y="1"/>
						</Offset>
					</Anchor>
				</Anchors>
			</Button>
			<ScrollFrame name="QuestHistoryListScrollFrame" inherits="FauxScrollFrameTemplate">
				<Size>
					<AbsDimension x="551" y="408"/>
				</Size>
				<Anchors>
					<Anchor point="TOPLEFT">
						<Offset>
							<AbsDimension x="9" y="-54"/>
						</Offset>
					</Anchor>
				</Anchors>
				<Layers>
					<Layer level="ARTWORK">
						<Texture name="$parentScrollBarTop" file="Interface\PaperDollInfoFrame\UI-Character-ScrollBar">
							<Size>
								<AbsDimension x="31" y="301"/>
							</Size>
							<Anchors>
								<Anchor point="TOP" relativePoint="TOPRIGHT">
									<Offset>
										<AbsDimension x="13" y="7"/>
									</Offset>
								</Anchor>
							</Anchors>
							<TexCoords left="0" right="0.484375" top="0" bottom="1.0"/>
						</Texture>
						<Texture file="Interface\PaperDollInfoFrame\UI-Character-ScrollBar">
							<Size>
								<AbsDimension x="31" y="118"/>
							</Size>
							<Anchors>
								<Anchor point="BOTTOM" relativePoint="BOTTOMRIGHT">
									<Offset>
										<AbsDimension x="13" y="-3"/>
									</Offset>
								</Anchor>
							</Anchors>
							<TexCoords left="0.515625" right="1.0" top="0" bottom="0.4140625"/>
						</Texture>
					</Layer>
				</Layers>
				<Scripts>
					<OnVerticalScroll>
						FauxScrollFrame_OnVerticalScroll(QUESTHISTORY_ITEM_HEIGHT, QuestHistory_Update);
					</OnVerticalScroll>
				</Scripts>
			</ScrollFrame>
		</Frames>
		<Scripts>
		  	<OnLoad>
		  		QuestHistory_OnLoad();
		  	</OnLoad>
  			<OnEvent>
  				QuestHistory_OnEvent(event);
  			</OnEvent>
			<OnShow>
				QuestHistory_OnShow();
			</OnShow>
			<OnHide>
				QuestHistory_OnHide();
			</OnHide>
		</Scripts>
	</Frame>
	
	<Frame name="QuestHistoryDelayedFrame" toplevel="true" parent="UIParent" movable="true" enableMouse="true" hidden="true">
		<Scripts>
			<OnUpdate>
				QuestHistory_DelayedConfigInit_OnUpdate(arg1);
			</OnUpdate>
		</Scripts>
	</Frame>
</Ui>