<Ui xmlns="http://www.blizzard.com/wow/ui/" xmlns:xsi="http://www.w3.org/2001/XMLSchema-instance" xsi:schemaLocation="http://www.blizzard.com/wow/ui/
..\FrameXML\UI.xsd">
	<Frame name="QuestHistoryEditFrame" toplevel="true" parent="UIParent" movable="true" enableMouse="true" hidden="true">
		<Size>
			<AbsDimension x="384" y="512"/>
		</Size>
		<Anchors>
 			<Anchor point="TOPLEFT">
 				<Offset>
 					<AbsDimension x="0" y="-104"/>
 				</Offset>
 			</Anchor>
 		</Anchors>
		<HitRectInsets>
			<AbsInset left="0" right="35" top="0" bottom="75"/>
		</HitRectInsets>
		<Layers>
			<Layer level="BACKGROUND">
				<Texture file="Interface\QuestFrame\UI-QuestLog-BookIcon">
					<Size>
						<AbsDimension x="64" y="64"/>
					</Size>
					<Anchors>
						<Anchor point="TOPLEFT">
							<Offset>
								<AbsDimension x="4" y="-4"/>
							</Offset>
						</Anchor>
					</Anchors>
				</Texture>
			</Layer>
			<Layer level="ARTWORK">
				<Texture file="Interface\QuestFrame\UI-QuestLog-TopLeft">
					<Size>
						<AbsDimension x="256" y="256"/>
					</Size>
					<Anchors>
						<Anchor point="TOPLEFT">
							<Offset>
								<AbsDimension x="0" y="0"/>
							</Offset>
						</Anchor>
					</Anchors>
				</Texture>
				<Texture file="Interface\QuestFrame\UI-QuestLog-TopRight">
					<Size>
						<AbsDimension x="128" y="256"/>
					</Size>
					<Anchors>
						<Anchor point="TOPLEFT">
							<Offset>
								<AbsDimension x="256" y="0"/>
							</Offset>
						</Anchor>
					</Anchors>
				</Texture>
				<Texture file="Interface\QuestFrame\UI-QuestLog-BotLeft">
					<Size>
						<AbsDimension x="256" y="256"/>
					</Size>
					<Anchors>
						<Anchor point="TOPLEFT">
							<Offset>
								<AbsDimension x="0" y="-256"/>
							</Offset>
						</Anchor>
					</Anchors>
				</Texture>
				<Texture file="Interface\QuestFrame\UI-QuestLog-BotRight">
					<Size>
						<AbsDimension x="128" y="256"/>
					</Size>
					<Anchors>
						<Anchor point="TOPLEFT">
							<Offset>
								<AbsDimension x="256" y="-256"/>
							</Offset>
						</Anchor>
					</Anchors>
				</Texture>
				<FontString name="QuestHistoryEditTitle" inherits="GameFontNormalSmall">
					<Size>
						<AbsDimension x="260" y="14"/>
					</Size>
					<Anchors>
						<Anchor point="TOP" relativeTo="QuestHistoryEditFrame" relativePoint="TOP">
							<Offset>
								<AbsDimension x="5" y="-15"/>
							</Offset>
						</Anchor>
					</Anchors>
				</FontString>
				<FontString name="QuestHistoryEditLevelAcceptedTitle" inherits="GameFontHighlightSmall" text="QUESTHISTORY_LEVEL_ACCEPTED_TITLE" justifyH="RIGHT">
					<Size>
						<AbsDimension x="85" y="14"/>
					</Size>
					<Anchors>
						<Anchor point="TOPLEFT" relativeTo="QuestHistoryEditTitle" relativePoint="BOTTOMLEFT">
							<Offset>
								<AbsDimension x="5" y="-8"/>
							</Offset>
						</Anchor>
					</Anchors>
				</FontString>
				<FontString name="QuestHistoryEditLevelCompletedTitle" inherits="GameFontHighlightSmall" text="QUESTHISTORY_LEVEL_COMPLETED_TITLE" justifyH="RIGHT">
					<Size>
						<AbsDimension x="93" y="14"/>
					</Size>
					<Anchors>
						<Anchor point="TOPLEFT" relativeTo="QuestHistoryEditLevelAcceptedTitle" relativePoint="BOTTOMLEFT">
							<Offset>
								<AbsDimension x="-8" y="-4"/>
							</Offset>
						</Anchor>
					</Anchors>
				</FontString>
				<FontString name="QuestHistoryEditMoneyRewardedTitle" inherits="GameFontHighlightSmall" text="QUESTHISTORY_MONEY_REWARDED_TITLE" justifyH="RIGHT">
					<Size>
						<AbsDimension x="94" y="14"/>
					</Size>
					<Anchors>
						<Anchor point="TOPLEFT" relativeTo="QuestHistoryEditLevelAcceptedTitle" relativePoint="TOPRIGHT">
							<Offset>
								<AbsDimension x="50" y="0"/>
							</Offset>
						</Anchor>
					</Anchors>
				</FontString>
				<FontString name="QuestHistoryEditXPRewardedTitle" inherits="GameFontHighlightSmall" text="QUESTHISTORY_XP_REWARDED_TITLE" justifyH="RIGHT">
					<Size>
						<AbsDimension x="94" y="14"/>
					</Size>
					<Anchors>
						<Anchor point="TOPLEFT" relativeTo="QuestHistoryEditLevelCompletedTitle" relativePoint="TOPRIGHT">
							<Offset>
								<AbsDimension x="50" y="0"/>
							</Offset>
						</Anchor>
					</Anchors>
				</FontString>
			</Layer>
		</Layers>
		<Frames>
			<Button name="QuestHistoryEditFrameCloseButton" inherits="UIPanelCloseButton">
				<Anchors>
					<Anchor point="TOPRIGHT" relativeTo="QuestHistoryEditFrame" relativePoint="TOPRIGHT">
						<Offset>
							<AbsDimension x="-29" y="-8"/>
						</Offset>
					</Anchor>
				</Anchors>
			</Button>
			<EditBox name="QuestHistoryEditLevelAcceptedEditBox" inherits="QuestHistoryEditFrameEditBoxTemplate" multiLine="false" letters="2" id="1">
				<Size>
					<AbsDimension x="20" y="14"/>
				</Size>
				<Anchors>
					<Anchor point="TOPLEFT" relativeTo="QuestHistoryEditLevelAcceptedTitle" relativePoint="TOPRIGHT">
						<Offset>
							<AbsDimension x="10" y="0"/>
						</Offset>
					</Anchor>
				</Anchors>
			</EditBox>
			<EditBox name="QuestHistoryEditLevelCompletedEditBox" inherits="QuestHistoryEditFrameEditBoxTemplate" multiLine="false" letters="2" id="2">
				<Size>
					<AbsDimension x="20" y="14"/>
				</Size>
				<Anchors>
					<Anchor point="TOPLEFT" relativeTo="QuestHistoryEditLevelCompletedTitle" relativePoint="TOPRIGHT">
						<Offset>
							<AbsDimension x="10" y="0"/>
						</Offset>
					</Anchor>
				</Anchors>
			</EditBox>
			<EditBox name="QuestHistoryEditMoneyRewardedEditBox" inherits="QuestHistoryEditFrameEditBoxTemplate" multiLine="false" letters="7" id="3">
				<Size>
					<AbsDimension x="46" y="14"/>
				</Size>
				<Anchors>
					<Anchor point="TOPLEFT" relativeTo="QuestHistoryEditMoneyRewardedTitle" relativePoint="TOPRIGHT">
						<Offset>
							<AbsDimension x="1" y="0"/>
						</Offset>
					</Anchor>
				</Anchors>
			</EditBox>
			<EditBox name="QuestHistoryEditXPRewardedEditBox" inherits="QuestHistoryEditFrameEditBoxTemplate" multiLine="false" letters="7" id="4">
				<Size>
					<AbsDimension x="46" y="14"/>
				</Size>
				<Anchors>
					<Anchor point="TOPLEFT" relativeTo="QuestHistoryEditXPRewardedTitle" relativePoint="TOPRIGHT">
						<Offset>
							<AbsDimension x="1" y="0"/>
						</Offset>
					</Anchor>
				</Anchors>
			</EditBox>
			<Button name="QuestHistoryEditFrameAddButton" inherits="UIPanelButtonTemplate" text="QUESTHISTORY_ADD_TEXT">
				<Size>
					<AbsDimension x="125" y="21"/>
				</Size>
				<Anchors>
					<Anchor point="BOTTOMLEFT" relativeTo="QuestHistoryEditFrame" relativePoint="BOTTOMLEFT">
						<Offset>
							<AbsDimension x="17" y="54"/>
						</Offset>
					</Anchor>
				</Anchors>
				<Scripts>
					<OnClick>
						QuestHistoryEditFrameAddButton_OnClick();
					</OnClick>
				</Scripts>
			</Button>
			<Button name="QuestHistoryEditFrameSaveButton" inherits="UIPanelButtonTemplate" text="QUESTHISTORY_SAVE_TEXT">
				<Size>
					<AbsDimension x="125" y="21"/>
				</Size>
				<Anchors>
					<Anchor point="BOTTOMLEFT" relativeTo="QuestHistoryEditFrame" relativePoint="BOTTOMLEFT">
						<Offset>
							<AbsDimension x="17" y="54"/>
						</Offset>
					</Anchor>
				</Anchors>
				<Scripts>
					<OnClick>
						QuestHistoryEditFrameSaveButton_OnClick();
					</OnClick>
				</Scripts>
			</Button>
			<Button name="QuestHistoryEditFrameExitButton" inherits="UIPanelButtonTemplate" text="QUESTHISTORY_EXIT_TEXT">
				<Size>
					<AbsDimension x="77" y="21"/>
				</Size>
				<Anchors>
					<Anchor point="BOTTOMRIGHT" relativeTo="QuestHistoryEditFrame" relativePoint="BOTTOMRIGHT">
						<Offset>
							<AbsDimension x="-43" y="54"/>
						</Offset>
					</Anchor>
				</Anchors>
				<Scripts>
					<OnClick>
						HideUIPanel(QuestHistoryEditFrame);
					</OnClick>
				</Scripts>
			</Button>
			<Button name="QuestHistoryEditFrameClearButton" inherits="UIPanelButtonTemplate" text="QUESTHISTORY_CLEAR_TEXT">
				<Size>
					<AbsDimension x="123" y="21"/>
				</Size>
				<Anchors>
					<Anchor point="RIGHT" relativeTo="QuestHistoryEditFrameExitButton" relativePoint="LEFT">
						<Offset>
							<AbsDimension x="0" y="0"/>
						</Offset>
					</Anchor>
				</Anchors>
				<Scripts>
					<OnClick>
						QuestHistory_ClearQuest();
					</OnClick>
				</Scripts>
			</Button>
			<ScrollFrame name="QuestHistoryEditListScrollFrame" inherits="UIPanelScrollFrameTemplate">
				<Size>
					<AbsDimension x="300" y="93"/>
				</Size>
				<Anchors>
					<Anchor point="TOPLEFT" relativeTo="QuestHistoryEditFrame">
						<Offset>
							<AbsDimension x="19" y="-75"/>
						</Offset>
					</Anchor>
				</Anchors>
				<ScrollChild>
					<Frame name="QuestHistoryEditListScrollChildFrame">
						<Size>
							<AbsDimension x="300" y="93"/>
						</Size>
						<Layers>
							<Layer level="BACKGROUND">
								<FontString name="QuestHistoryEditAcceptedOrderTitle" inherits="GameFontNormalSmall" text="QUESTHISTORY_ACCEPTED_TITLE" justifyH="LEFT">
									<Size>
										<AbsDimension x="60" y="12"/>
									</Size>
									<Anchors>
										<Anchor point="TOPLEFT">
											<Offset>
												<AbsDimension x="4" y="-2"/>
											</Offset>
										</Anchor>
									</Anchors>
								</FontString>
								<FontString name="QuestHistoryEditLevelTitle" inherits="GameFontNormalSmall" text="QUESTHISTORY_LEVEL_TITLE" justifyH="LEFT">
									<Size>
										<AbsDimension x="40" y="12"/>
									</Size>
									<Anchors>
										<Anchor point="TOPLEFT" relativeTo="QuestHistoryEditAcceptedOrderTitle" relativePoint="TOPRIGHT">
											<Offset>
												<AbsDimension x="55" y="0"/>
											</Offset>
										</Anchor>
									</Anchors>
								</FontString>
								<FontString name="QuestHistoryEditCompletedOrderTitle" inherits="GameFontNormalSmall" text="QUESTHISTORY_COMPLETED_TITLE" justifyH="LEFT">
									<Size>
										<AbsDimension x="65" y="12"/>
									</Size>
									<Anchors>
										<Anchor point="TOPLEFT" relativeTo="QuestHistoryEditLevelTitle" relativePoint="TOPRIGHT">
											<Offset>
												<AbsDimension x="45" y="0"/>
											</Offset>
										</Anchor>
									</Anchors>
								</FontString>
								<FontString name="QuestHistoryEditCategoryTitle" inherits="GameFontNormalSmall" text="QUESTHISTORY_CATEGORY_TITLE" justifyH="LEFT">
									<Size>
										<AbsDimension x="55" y="12"/>
									</Size>
									<Anchors>
										<Anchor point="TOPLEFT" relativeTo="QuestHistoryEditAcceptedOrderTitle" relativePoint="BOTTOMLEFT">
											<Offset>
												<AbsDimension x="0" y="-4"/>
											</Offset>
										</Anchor>
									</Anchors>
								</FontString>
								<FontString name="QuestHistoryEditTagTitle" inherits="GameFontNormalSmall" text="QUESTHISTORY_TAG_TITLE" justifyH="LEFT">
									<Size>
										<AbsDimension x="25" y="12"/>
									</Size>
									<Anchors>
										<Anchor point="TOPLEFT" relativeTo="QuestHistoryEditCategoryTitle" relativePoint="TOPRIGHT">
											<Offset>
												<AbsDimension x="160" y="0"/>
											</Offset>
										</Anchor>
									</Anchors>
								</FontString>
								<FontString name="QuestHistoryEditQuestGiverTitle" inherits="GameFontNormalSmall" text="QUESTHISTORY_QUEST_GIVER_TITLE" justifyH="LEFT">
									<Size>
										<AbsDimension x="69" y="12"/>
									</Size>
									<Anchors>
										<Anchor point="TOPLEFT" relativeTo="QuestHistoryEditCategoryTitle" relativePoint="BOTTOMLEFT">
											<Offset>
												<AbsDimension x="0" y="-4"/>
											</Offset>
										</Anchor>
									</Anchors>
								</FontString>
								<FontString name="QuestHistoryEditQuestCompleterTitle" inherits="GameFontNormalSmall" text="QUESTHISTORY_QUEST_COMPLETER_TITLE" justifyH="LEFT">
									<Size>
										<AbsDimension x="97" y="12"/>
									</Size>
									<Anchors>
										<Anchor point="TOPLEFT" relativeTo="QuestHistoryEditQuestGiverTitle" relativePoint="BOTTOMLEFT">
											<Offset>
												<AbsDimension x="0" y="-4"/>
											</Offset>
										</Anchor>
									</Anchors>
								</FontString>
								<FontString name="QuestHistoryEditAcceptedLocationTitle" inherits="GameFontNormalSmall" text="QUESTHISTORY_ACCEPTED_TITLE" justifyH="LEFT">
									<Size>
										<AbsDimension x="53" y="12"/>
									</Size>
									<Anchors>
										<Anchor point="TOPLEFT" relativeTo="QuestHistoryEditQuestCompleterTitle" relativePoint="BOTTOMLEFT">
											<Offset>
												<AbsDimension x="0" y="-4"/>
											</Offset>
										</Anchor>
									</Anchors>
								</FontString>
								<FontString name="QuestHistoryEditAcceptedZoneTitle" inherits="GameFontNormalSmall" text="QUESTHISTORY_ZONE_TITLE" justifyH="LEFT">
									<Size>
										<AbsDimension x="30" y="12"/>
									</Size>
									<Anchors>
										<Anchor point="TOPLEFT" relativeTo="QuestHistoryEditAcceptedLocationTitle" relativePoint="TOPRIGHT">
											<Offset>
												<AbsDimension x="0" y="0"/>
											</Offset>
										</Anchor>
									</Anchors>
								</FontString>
								<FontString name="QuestHistoryEditAcceptedXTitle" inherits="GameFontNormalSmall" text="QUESTHISTORY_X_TITLE" justifyH="LEFT">
									<Size>
										<AbsDimension x="12" y="12"/>
									</Size>
									<Anchors>
										<Anchor point="TOPLEFT" relativeTo="QuestHistoryEditAcceptedZoneTitle" relativePoint="TOPRIGHT">
											<Offset>
												<AbsDimension x="128" y="0"/>
											</Offset>
										</Anchor>
									</Anchors>
								</FontString>
								<FontString name="QuestHistoryEditAcceptedYTitle" inherits="GameFontNormalSmall" text="QUESTHISTORY_Y_TITLE" justifyH="LEFT">
									<Size>
										<AbsDimension x="12" y="12"/>
									</Size>
									<Anchors>
										<Anchor point="TOPLEFT" relativeTo="QuestHistoryEditAcceptedXTitle" relativePoint="TOPRIGHT">
											<Offset>
												<AbsDimension x="30" y="0"/>
											</Offset>
										</Anchor>
									</Anchors>
								</FontString>
								<FontString name="QuestHistoryEditCompletedLocationTitle" inherits="GameFontNormalSmall" text="QUESTHISTORY_COMPLETED_TITLE" justifyH="LEFT">
									<Size>
										<AbsDimension x="59" y="12"/>
									</Size>
									<Anchors>
										<Anchor point="TOPLEFT" relativeTo="QuestHistoryEditAcceptedLocationTitle" relativePoint="BOTTOMLEFT">
											<Offset>
												<AbsDimension x="0" y="-4"/>
											</Offset>
										</Anchor>
									</Anchors>
								</FontString>
								<FontString name="QuestHistoryEditCompletedZoneTitle" inherits="GameFontNormalSmall" text="QUESTHISTORY_ZONE_TITLE" justifyH="LEFT">
									<Size>
										<AbsDimension x="30" y="12"/>
									</Size>
									<Anchors>
										<Anchor point="TOPLEFT" relativeTo="QuestHistoryEditCompletedLocationTitle" relativePoint="TOPRIGHT">
											<Offset>
												<AbsDimension x="0" y="0"/>
											</Offset>
										</Anchor>
									</Anchors>
								</FontString>
								<FontString name="QuestHistoryEditCompletedXTitle" inherits="GameFontNormalSmall" text="QUESTHISTORY_X_TITLE" justifyH="LEFT">
									<Size>
										<AbsDimension x="12" y="12"/>
									</Size>
									<Anchors>
										<Anchor point="TOPLEFT" relativeTo="QuestHistoryEditCompletedZoneTitle" relativePoint="TOPRIGHT">
											<Offset>
												<AbsDimension x="122" y="0"/>
											</Offset>
										</Anchor>
									</Anchors>
								</FontString>
								<FontString name="QuestHistoryEditCompletedYTitle" inherits="GameFontNormalSmall" text="QUESTHISTORY_Y_TITLE" justifyH="LEFT">
									<Size>
										<AbsDimension x="12" y="12"/>
									</Size>
									<Anchors>
										<Anchor point="TOPLEFT" relativeTo="QuestHistoryEditCompletedXTitle" relativePoint="TOPRIGHT">
											<Offset>
												<AbsDimension x="30" y="0"/>
											</Offset>
										</Anchor>
									</Anchors>
								</FontString>
								<FontString name="QuestHistoryEditTimeAcceptedTitle" inherits="GameFontNormalSmall" text="QUESTHISTORY_TIME_ACCEPTED_TITLE" justifyH="LEFT">
									<Size>
										<AbsDimension x="79" y="12"/>
									</Size>
									<Anchors>
										<Anchor point="TOPLEFT" relativeTo="QuestHistoryEditCompletedLocationTitle" relativePoint="BOTTOMLEFT">
											<Offset>
												<AbsDimension x="0" y="-4"/>
											</Offset>
										</Anchor>
									</Anchors>
								</FontString>
								<FontString name="QuestHistoryEditTimeCompletedTitle" inherits="GameFontNormalSmall" text="QUESTHISTORY_TIME_COMPLETED_TITLE" justifyH="LEFT">
									<Size>
										<AbsDimension x="85" y="12"/>
									</Size>
									<Anchors>
										<Anchor point="TOPLEFT" relativeTo="QuestHistoryEditTimeAcceptedTitle" relativePoint="TOPRIGHT">
											<Offset>
												<AbsDimension x="66" y="0"/>
											</Offset>
										</Anchor>
									</Anchors>
								</FontString>
								<FontString name="QuestHistoryEditTimesAbandonedTitle" inherits="GameFontNormalSmall" text="QUESTHISTORY_TIMES_ABANDONED_TITLE" justifyH="LEFT">
									<Size>
										<AbsDimension x="100" y="12"/>
									</Size>
									<Anchors>
										<Anchor point="TOPLEFT" relativeTo="QuestHistoryEditTimeAcceptedTitle" relativePoint="BOTTOMLEFT">
											<Offset>
												<AbsDimension x="0" y="-4"/>
											</Offset>
										</Anchor>
									</Anchors>
								</FontString>
								<FontString name="QuestHistoryEditTimesFailedTitle" inherits="GameFontNormalSmall" text="QUESTHISTORY_TIMES_FAILED_TITLE" justifyH="LEFT">
									<Size>
										<AbsDimension x="71" y="12"/>
									</Size>
									<Anchors>
										<Anchor point="TOPLEFT" relativeTo="QuestHistoryEditTimesAbandonedTitle" relativePoint="TOPRIGHT">
											<Offset>
												<AbsDimension x="45" y="0"/>
											</Offset>
										</Anchor>
									</Anchors>
								</FontString>
							</Layer>
						</Layers>
						<Frames>
							<EditBox name="QuestHistoryEditAcceptedOrderEditBox" inherits="QuestHistoryEditFrameEditBoxTemplate" multiLine="false" letters="4" id="5">
								<Size>
									<AbsDimension x="30" y="12"/>
								</Size>
								<Anchors>
									<Anchor point="TOPLEFT" relativeTo="QuestHistoryEditAcceptedOrderTitle" relativePoint="TOPRIGHT">
										<Offset>
											<AbsDimension x="1" y="0"/>
										</Offset>
									</Anchor>
								</Anchors>
							</EditBox>
							<EditBox name="QuestHistoryEditLevelEditBox" inherits="QuestHistoryEditFrameEditBoxTemplate" multiLine="false" letters="2" id="6">
								<Size>
									<AbsDimension x="20" y="12"/>
								</Size>
								<Anchors>
									<Anchor point="TOPLEFT" relativeTo="QuestHistoryEditLevelTitle" relativePoint="TOPRIGHT">
										<Offset>
											<AbsDimension x="1" y="0"/>
										</Offset>
									</Anchor>
								</Anchors>
							</EditBox>
							<EditBox name="QuestHistoryEditCompletedOrderEditBox" inherits="QuestHistoryEditFrameEditBoxTemplate" multiLine="false" letters="4" id="7">
								<Size>
									<AbsDimension x="30" y="12"/>
								</Size>
								<Anchors>
									<Anchor point="TOPLEFT" relativeTo="QuestHistoryEditCompletedOrderTitle" relativePoint="TOPRIGHT">
										<Offset>
											<AbsDimension x="1" y="0"/>
										</Offset>
									</Anchor>
								</Anchors>
							</EditBox>
							<EditBox name="QuestHistoryEditCategoryEditBox" inherits="QuestHistoryEditFrameEditBoxTemplate" multiLine="false" letters="25" id="8">
								<Size>
									<AbsDimension x="155" y="12"/>
								</Size>
								<Anchors>
									<Anchor point="TOPLEFT" relativeTo="QuestHistoryEditCategoryTitle" relativePoint="TOPRIGHT">
										<Offset>
											<AbsDimension x="1" y="0"/>
										</Offset>
									</Anchor>
								</Anchors>
							</EditBox>
							<EditBox name="QuestHistoryEditTagEditBox" inherits="QuestHistoryEditFrameEditBoxTemplate" multiLine="false" letters="10" id="9">
								<Size>
									<AbsDimension x="55" y="12"/>
								</Size>
								<Anchors>
									<Anchor point="TOPLEFT" relativeTo="QuestHistoryEditTagTitle" relativePoint="TOPRIGHT">
										<Offset>
											<AbsDimension x="1" y="0"/>
										</Offset>
									</Anchor>
								</Anchors>
							</EditBox>
							<EditBox name="QuestHistoryEditQuestGiverEditBox" inherits="QuestHistoryEditFrameEditBoxTemplate" multiLine="false" letters="50" id="10">
								<Size>
									<AbsDimension x="226" y="12"/>
								</Size>
								<Anchors>
									<Anchor point="TOPLEFT" relativeTo="QuestHistoryEditQuestGiverTitle" relativePoint="TOPRIGHT">
										<Offset>
											<AbsDimension x="1" y="0"/>
										</Offset>
									</Anchor>
								</Anchors>
							</EditBox>
							<EditBox name="QuestHistoryEditQuestCompleterEditBox" inherits="QuestHistoryEditFrameEditBoxTemplate" multiLine="false" letters="50" id="11">
								<Size>
									<AbsDimension x="198" y="12"/>
								</Size>
								<Anchors>
									<Anchor point="TOPLEFT" relativeTo="QuestHistoryEditQuestCompleterTitle" relativePoint="TOPRIGHT">
										<Offset>
											<AbsDimension x="1" y="0"/>
										</Offset>
									</Anchor>
								</Anchors>
							</EditBox>
							<EditBox name="QuestHistoryEditAcceptedZoneEditBox" inherits="QuestHistoryEditFrameEditBoxTemplate" multiLine="false" letters="25" id="12">
								<Size>
									<AbsDimension x="128" y="12"/>
								</Size>
								<Anchors>
									<Anchor point="TOPLEFT" relativeTo="QuestHistoryEditAcceptedZoneTitle" relativePoint="TOPRIGHT">
										<Offset>
											<AbsDimension x="1" y="0"/>
										</Offset>
									</Anchor>
								</Anchors>
							</EditBox>
							<EditBox name="QuestHistoryEditAcceptedXEditBox" inherits="QuestHistoryEditFrameEditBoxTemplate" multiLine="false" letters="5" id="13">
								<Size>
									<AbsDimension x="30" y="12"/>
								</Size>
								<Anchors>
									<Anchor point="TOPLEFT" relativeTo="QuestHistoryEditAcceptedXTitle" relativePoint="TOPRIGHT">
										<Offset>
											<AbsDimension x="1" y="0"/>
										</Offset>
									</Anchor>
								</Anchors>
							</EditBox>
							<EditBox name="QuestHistoryEditAcceptedYEditBox" inherits="QuestHistoryEditFrameEditBoxTemplate" multiLine="false" letters="5" id="14">
								<Size>
									<AbsDimension x="30" y="12"/>
								</Size>
								<Anchors>
									<Anchor point="TOPLEFT" relativeTo="QuestHistoryEditAcceptedYTitle" relativePoint="TOPRIGHT">
										<Offset>
											<AbsDimension x="1" y="0"/>
										</Offset>
									</Anchor>
								</Anchors>
							</EditBox>
							<EditBox name="QuestHistoryEditCompletedZoneEditBox" inherits="QuestHistoryEditFrameEditBoxTemplate" multiLine="false" letters="25" id="15">
								<Size>
									<AbsDimension x="122" y="12"/>
								</Size>
								<Anchors>
									<Anchor point="TOPLEFT" relativeTo="QuestHistoryEditCompletedZoneTitle" relativePoint="TOPRIGHT">
										<Offset>
											<AbsDimension x="1" y="0"/>
										</Offset>
									</Anchor>
								</Anchors>
							</EditBox>
							<EditBox name="QuestHistoryEditCompletedXEditBox" inherits="QuestHistoryEditFrameEditBoxTemplate" multiLine="false" letters="5" id="16">
								<Size>
									<AbsDimension x="30" y="12"/>
								</Size>
								<Anchors>
									<Anchor point="TOPLEFT" relativeTo="QuestHistoryEditCompletedXTitle" relativePoint="TOPRIGHT">
										<Offset>
											<AbsDimension x="1" y="0"/>
										</Offset>
									</Anchor>
								</Anchors>
							</EditBox>
							<EditBox name="QuestHistoryEditCompletedYEditBox" inherits="QuestHistoryEditFrameEditBoxTemplate" multiLine="false" letters="5" id="17">
								<Size>
									<AbsDimension x="30" y="12"/>
								</Size>
								<Anchors>
									<Anchor point="TOPLEFT" relativeTo="QuestHistoryEditCompletedYTitle" relativePoint="TOPRIGHT">
										<Offset>
											<AbsDimension x="1" y="0"/>
										</Offset>
									</Anchor>
								</Anchors>
							</EditBox>
							<EditBox name="QuestHistoryEditTimeAcceptedEditBox" inherits="QuestHistoryEditFrameEditBoxTemplate" multiLine="false" letters="11" id="18">
								<Size>
									<AbsDimension x="66" y="12"/>
								</Size>
								<Anchors>
									<Anchor point="TOPLEFT" relativeTo="QuestHistoryEditTimeAcceptedTitle" relativePoint="TOPRIGHT">
										<Offset>
											<AbsDimension x="1" y="0"/>
										</Offset>
									</Anchor>
								</Anchors>
							</EditBox>
							<EditBox name="QuestHistoryEditTimeCompletedEditBox" inherits="QuestHistoryEditFrameEditBoxTemplate" multiLine="false" letters="11" id="19">
								<Size>
									<AbsDimension x="66" y="12"/>
								</Size>
								<Anchors>
									<Anchor point="TOPLEFT" relativeTo="QuestHistoryEditTimeCompletedTitle" relativePoint="TOPRIGHT">
										<Offset>
											<AbsDimension x="1" y="0"/>
										</Offset>
									</Anchor>
								</Anchors>
							</EditBox>
							<EditBox name="QuestHistoryEditTimesAbandonedEditBox" inherits="QuestHistoryEditFrameEditBoxTemplate" multiLine="false" letters="3" id="20">
								<Size>
									<AbsDimension x="25" y="12"/>
								</Size>
								<Anchors>
									<Anchor point="TOPLEFT" relativeTo="QuestHistoryEditTimesAbandonedTitle" relativePoint="TOPRIGHT">
										<Offset>
											<AbsDimension x="1" y="0"/>
										</Offset>
									</Anchor>
								</Anchors>
							</EditBox>
							<EditBox name="QuestHistoryEditTimesFailedEditBox" inherits="QuestHistoryEditFrameEditBoxTemplate" multiLine="false" letters="3" id="21">
								<Size>
									<AbsDimension x="25" y="12"/>
								</Size>
								<Anchors>
									<Anchor point="TOPLEFT" relativeTo="QuestHistoryEditTimesFailedTitle" relativePoint="TOPRIGHT">
										<Offset>
											<AbsDimension x="1" y="0"/>
										</Offset>
									</Anchor>
								</Anchors>
							</EditBox>
						</Frames>
					</Frame>
				</ScrollChild>
			</ScrollFrame>
			<ScrollFrame name="QuestHistoryEditScrollFrame" inherits="UIPanelScrollFrameTemplate">
				<Size>
					<AbsDimension x="300" y="261"/>
				</Size>
				<Anchors>
					<Anchor point="TOPLEFT">
						<Offset>
							<AbsDimension x="19" y="-175"/>
						</Offset>
					</Anchor>
				</Anchors>
				<ScrollChild>
					<Frame name="QuestHistoryEditScrollChildFrame">
						<Size>
							<AbsDimension x="300" y="261"/>
						</Size>
						<Frames>
							<Button name="QuestHistoryEditTitleButton" inherits="UIPanelButtonTemplate" text="QUESTHISTORY_EDIT_TITLE_TEXT">
								<Size>
									<AbsDimension x="70" y="12"/>
								</Size>
								<Anchors>
									<Anchor point="TOPLEFT">
										<Offset>
											<AbsDimension x="3" y="-2"/>
										</Offset>
									</Anchor>
								</Anchors>
								<NormalText name="QuestHistoryEditTitleButtonText" inherits="GameFontHighlightSmall"/>
								<HighlightText inherits="GameFontHighlightSmall"/>
								<Scripts>
									<OnClick>
										QuestHistoryEditTitleEditBox:SetFocus();
									</OnClick>
								</Scripts>
							</Button>
							<EditBox name="QuestHistoryEditTitleEditBox" multiLine="false" letters="60" id="22">
								<Size>
									<AbsDimension x="285" y="14"/>
								</Size>
								<Anchors>
									<Anchor point="TOPLEFT" relativeTo="QuestHistoryEditTitleButton" relativePoint="BOTTOMLEFT">
										<Offset>
											<AbsDimension x="2" y="-2"/>
										</Offset>
									</Anchor>
								</Anchors>
								<Scripts>
									<OnEscapePressed>
										HideUIPanel(QuestHistoryEditFrame);
									</OnEscapePressed>
									<OnTabPressed>
										QuestHistoryEditBox_OnTabPressed();
									</OnTabPressed>
									<OnEnterPressed>
										QuestHistoryEditBox_OnTabPressed();
									</OnEnterPressed>
								</Scripts>
								<FontString inherits="QuestTitleFont"/>
							</EditBox>
							<Button name="QuestHistoryEditObjectivesButton" inherits="UIPanelButtonTemplate" text="QUESTHISTORY_EDIT_OBJECTIVES_TEXT">
								<Size>
									<AbsDimension x="70" y="12"/>
								</Size>
								<Anchors>
									<Anchor point="TOPLEFT" relativeTo="QuestHistoryEditTitleEditBox" relativePoint="BOTTOMLEFT">
										<Offset>
											<AbsDimension x="-2" y="-2"/>
										</Offset>
									</Anchor>
								</Anchors>
								<NormalText name="QuestHistoryEditObjectivesButtonText" inherits="GameFontHighlightSmall"/>
								<HighlightText inherits="GameFontHighlightSmall"/>
								<Scripts>
									<OnClick>
										QuestHistoryEditObjectivesEditBox:SetFocus();
									</OnClick>
								</Scripts>
							</Button>
							<EditBox name="QuestHistoryEditObjectivesEditBox" multiLine="true" letters="2000" id="23">
								<Size>
									<AbsDimension x="285" y="14"/>
								</Size>
								<Anchors>
									<Anchor point="TOPLEFT" relativeTo="QuestHistoryEditObjectivesButton" relativePoint="BOTTOMLEFT">
										<Offset>
											<AbsDimension x="2" y="-2"/>
										</Offset>
									</Anchor>
								</Anchors>
								<Scripts>
									<OnEscapePressed>
										HideUIPanel(QuestHistoryEditFrame);
									</OnEscapePressed>
									<OnTabPressed>
										QuestHistoryEditBox_OnTabPressed();
									</OnTabPressed>
									<OnEnterPressed>
										QuestHistoryEditBox_OnTabPressed();
									</OnEnterPressed>
								</Scripts>
								<FontString inherits="QuestFont"/>
							</EditBox>
							<Button name="QuestHistoryEditDescriptionButton" inherits="UIPanelButtonTemplate" text="QUESTHISTORY_EDIT_DESCRIPTION_TEXT">
								<Size>
									<AbsDimension x="70" y="12"/>
								</Size>
								<Anchors>
									<Anchor point="TOPLEFT" relativeTo="QuestHistoryEditObjectivesEditBox" relativePoint="BOTTOMLEFT">
										<Offset>
											<AbsDimension x="-2" y="-16"/>
										</Offset>
									</Anchor>
								</Anchors>
								<NormalText name="QuestHistoryEditDescriptionButtonText" inherits="GameFontHighlightSmall"/>
								<HighlightText inherits="GameFontHighlightSmall"/>
								<Scripts>
									<OnClick>
										QuestHistoryEditDescriptionEditBox:SetFocus();
									</OnClick>
								</Scripts>
							</Button>
							<EditBox name="QuestHistoryEditDescriptionEditBox" multiLine="true" letters="2000" id="24">
								<Size>
									<AbsDimension x="285" y="462"/>
								</Size>
								<Anchors>
									<Anchor point="TOPLEFT" relativeTo="QuestHistoryEditDescriptionButton" relativePoint="BOTTOMLEFT">
										<Offset>
											<AbsDimension x="2" y="-2"/>
										</Offset>
									</Anchor>
								</Anchors>
								<Scripts>
									<OnEscapePressed>
										HideUIPanel(QuestHistoryEditFrame);
									</OnEscapePressed>
									<OnTabPressed>
										QuestHistoryEditBox_OnTabPressed();
									</OnTabPressed>
									<OnEnterPressed>
										QuestHistoryEditBox_OnTabPressed();
									</OnEnterPressed>
								</Scripts>
								<FontString inherits="QuestFont"/>
							</EditBox>
						</Frames>
					</Frame>
				</ScrollChild>
			</ScrollFrame>
		</Frames>
		<Scripts>
			<OnShow>
				PlaySound("igQuestLogOpen");
			</OnShow>
			<OnHide>
				PlaySound("igQuestLogClose");
			</OnHide>
		</Scripts>
	</Frame>
</Ui>