<Ui xmlns="http://www.blizzard.com/wow/ui/" xmlns:xsi="http://www.w3.org/2001/XMLSchema-instance" xsi:schemaLocation="http://www.blizzard.com/wow/ui/">

	<Button name="CH_ColorPickerColor" virtual="true">
		<Size>
			<AbsDimension x="80" y="20"/>
		</Size>
		<Layers>
			<Layer level="BACKGROUND">
				<Texture name="$parentBackground" setAllpoints="true">
					<Color r="0" g="0" b="0" a="0"/>
				</Texture>
			</Layer>
			<Layer level="ARTWORK">
				<FontString name="$parentLabel" inherits="GameFontNormal" text="COLOR">
					<Anchors>
						<Anchor point="TOPLEFT" relativePoint="TOPLEFT" />
						<Anchor point="BOTTOMRIGHT" relativePoint="BOTTOMRIGHT" />
					</Anchors>
					<Color r="1" g="1" b="1" />
				</FontString>
			</Layer>
		</Layers>
		<Scripts>
			<OnClick>
				CH_ColorPickerColorClicked( this.colorPickerColor );
			</OnClick>
		</Scripts>
	</Button>

	<Frame name="CH_ColorPicker" toplevel="true" frameStrata="HIGH" movable="false" enableMouse="true" hidden="true" parent="UIParent">
		<Size>
			<AbsDimension x="662" y="124"/>
		</Size>
		<Anchors>
			<Anchor point="TOP" relativeTo="ColorPickerFrame" relativePoint="BOTTOM" />
		</Anchors>
		<Backdrop bgFile="Interface\DialogFrame\UI-DialogBox-Background" edgeFile="Interface\DialogFrame\UI-DialogBox-Border" tile="true">
			<BackgroundInsets>
				<AbsInset left="11" right="12" top="12" bottom="11" />	
				<Size>
					<AbsDimension x="128" y="17" />
				</Size>
			</BackgroundInsets>
			<TileSize>
				<AbsValue val="32" />
			</TileSize>
			<EdgeSize>
				<AbsValue val="32" />
			</EdgeSize>
		</Backdrop>
		<Frames>
			<!-- column 1 -->
			<Button name="CH_ColorPickerBLACK" inherits="CH_ColorPickerColor">
				<Anchors>
					<Anchor point="TOPLEFT" relativePoint="TOPLEFT">
						<Offset>
							<AbsDimension x="12" y="-12" />
						</Offset>
					</Anchor>
				</Anchors>
			</Button>
			<Button name="CH_ColorPickerDARKRED" inherits="CH_ColorPickerColor">
				<Anchors>
					<Anchor point="TOP" relativeTo="CH_ColorPickerBLACK" relativePoint="BOTTOM" />
				</Anchors>
			</Button>
			<Button name="CH_ColorPickerRED" inherits="CH_ColorPickerColor">
				<Anchors>
					<Anchor point="TOP" relativeTo="CH_ColorPickerDARKRED" relativePoint="BOTTOM" />
				</Anchors>
			</Button>
			<Button name="CH_ColorPickerPINK" inherits="CH_ColorPickerColor">
				<Anchors>
					<Anchor point="TOP" relativeTo="CH_ColorPickerRED" relativePoint="BOTTOM" />
				</Anchors>
			</Button>
			<Button name="CH_ColorPickerROSE" inherits="CH_ColorPickerColor">
				<Anchors>
					<Anchor point="TOP" relativeTo="CH_ColorPickerPINK" relativePoint="BOTTOM" />
				</Anchors>
			</Button>
			<!-- column 2 -->
			<Button name="CH_ColorPickerBROWN" inherits="CH_ColorPickerColor">
				<Anchors>
					<Anchor point="LEFT" relativeTo="CH_ColorPickerBLACK" relativePoint="RIGHT" />
				</Anchors>
			</Button>
			<Button name="CH_ColorPickerORANGE" inherits="CH_ColorPickerColor">
				<Anchors>
					<Anchor point="TOP" relativeTo="CH_ColorPickerBROWN" relativePoint="BOTTOM" />
				</Anchors>
			</Button>
			<Button name="CH_ColorPickerLIGHTORANGE" inherits="CH_ColorPickerColor">
				<Anchors>
					<Anchor point="TOP" relativeTo="CH_ColorPickerORANGE" relativePoint="BOTTOM" />
				</Anchors>
			</Button>
			<Button name="CH_ColorPickerGOLD" inherits="CH_ColorPickerColor">
				<Anchors>
					<Anchor point="TOP" relativeTo="CH_ColorPickerLIGHTORANGE" relativePoint="BOTTOM" />
				</Anchors>
			</Button>
			<Button name="CH_ColorPickerTAN" inherits="CH_ColorPickerColor">
				<Anchors>
					<Anchor point="TOP" relativeTo="CH_ColorPickerGOLD" relativePoint="BOTTOM" />
				</Anchors>
			</Button>
			<!-- column 3 -->
			<Button name="CH_ColorPickerOLIVEGREEN" inherits="CH_ColorPickerColor">
				<Anchors>
					<Anchor point="LEFT" relativeTo="CH_ColorPickerBROWN" relativePoint="RIGHT" />
				</Anchors>
			</Button>
			<Button name="CH_ColorPickerDARKYELLOW" inherits="CH_ColorPickerColor">
				<Anchors>
					<Anchor point="TOP" relativeTo="CH_ColorPickerOLIVEGREEN" relativePoint="BOTTOM" />
				</Anchors>
			</Button>
			<Button name="CH_ColorPickerLIME" inherits="CH_ColorPickerColor">
				<Anchors>
					<Anchor point="TOP" relativeTo="CH_ColorPickerDARKYELLOW" relativePoint="BOTTOM" />
				</Anchors>
			</Button>
			<Button name="CH_ColorPickerYELLOW" inherits="CH_ColorPickerColor">
				<Anchors>
					<Anchor point="TOP" relativeTo="CH_ColorPickerLIME" relativePoint="BOTTOM" />
				</Anchors>
			</Button>
			<Button name="CH_ColorPickerLIGHTYELLOW" inherits="CH_ColorPickerColor">
				<Anchors>
					<Anchor point="TOP" relativeTo="CH_ColorPickerYELLOW" relativePoint="BOTTOM" />
				</Anchors>
			</Button>
			<!-- column 4 -->
			<Button name="CH_ColorPickerDARKGREEN" inherits="CH_ColorPickerColor">
				<Anchors>
					<Anchor point="LEFT" relativeTo="CH_ColorPickerOLIVEGREEN" relativePoint="RIGHT" />
				</Anchors>
			</Button>
			<Button name="CH_ColorPickerGREEN" inherits="CH_ColorPickerColor">
				<Anchors>
					<Anchor point="TOP" relativeTo="CH_ColorPickerDARKGREEN" relativePoint="BOTTOM" />
				</Anchors>
			</Button>
			<Button name="CH_ColorPickerSEAGREEN" inherits="CH_ColorPickerColor">
				<Anchors>
					<Anchor point="TOP" relativeTo="CH_ColorPickerGREEN" relativePoint="BOTTOM" />
				</Anchors>
			</Button>
			<Button name="CH_ColorPickerBRIGHTGREEN" inherits="CH_ColorPickerColor">
				<Anchors>
					<Anchor point="TOP" relativeTo="CH_ColorPickerSEAGREEN" relativePoint="BOTTOM" />
				</Anchors>
			</Button>
			<Button name="CH_ColorPickerLIGHTGREEN" inherits="CH_ColorPickerColor">
				<Anchors>
					<Anchor point="TOP" relativeTo="CH_ColorPickerBRIGHTGREEN" relativePoint="BOTTOM" />
				</Anchors>
			</Button>
			<!-- column 5 -->
			<Button name="CH_ColorPickerDARKTEAL" inherits="CH_ColorPickerColor">
				<Anchors>
					<Anchor point="LEFT" relativeTo="CH_ColorPickerDARKGREEN" relativePoint="RIGHT" />
				</Anchors>
			</Button>
			<Button name="CH_ColorPickerTEAL" inherits="CH_ColorPickerColor">
				<Anchors>
					<Anchor point="TOP" relativeTo="CH_ColorPickerDARKTEAL" relativePoint="BOTTOM" />
				</Anchors>
			</Button>
			<Button name="CH_ColorPickerAQUA" inherits="CH_ColorPickerColor">
				<Anchors>
					<Anchor point="TOP" relativeTo="CH_ColorPickerTEAL" relativePoint="BOTTOM" />
				</Anchors>
			</Button>
			<Button name="CH_ColorPickerTURQUOISE" inherits="CH_ColorPickerColor">
				<Anchors>
					<Anchor point="TOP" relativeTo="CH_ColorPickerAQUA" relativePoint="BOTTOM" />
				</Anchors>
			</Button>
			<Button name="CH_ColorPickerLIGHTTURQUOISE" inherits="CH_ColorPickerColor">
				<Anchors>
					<Anchor point="TOP" relativeTo="CH_ColorPickerTURQUOISE" relativePoint="BOTTOM" />
				</Anchors>
			</Button>
			<!-- column 6 -->
			<Button name="CH_ColorPickerDARKBLUE" inherits="CH_ColorPickerColor">
				<Anchors>
					<Anchor point="LEFT" relativeTo="CH_ColorPickerDARKTEAL" relativePoint="RIGHT" />
				</Anchors>
			</Button>
			<Button name="CH_ColorPickerBLUE" inherits="CH_ColorPickerColor">
				<Anchors>
					<Anchor point="TOP" relativeTo="CH_ColorPickerDARKBLUE" relativePoint="BOTTOM" />
				</Anchors>
			</Button>
			<Button name="CH_ColorPickerLIGHTBLUE" inherits="CH_ColorPickerColor">
				<Anchors>
					<Anchor point="TOP" relativeTo="CH_ColorPickerBLUE" relativePoint="BOTTOM" />
				</Anchors>
			</Button>
			<Button name="CH_ColorPickerSKYBLUE" inherits="CH_ColorPickerColor">
				<Anchors>
					<Anchor point="TOP" relativeTo="CH_ColorPickerLIGHTBLUE" relativePoint="BOTTOM" />
				</Anchors>
			</Button>
			<Button name="CH_ColorPickerPALEBLUE" inherits="CH_ColorPickerColor">
				<Anchors>
					<Anchor point="TOP" relativeTo="CH_ColorPickerSKYBLUE" relativePoint="BOTTOM" />
				</Anchors>
			</Button>
			<!-- column 7 -->
			<Button name="CH_ColorPickerINDIGO" inherits="CH_ColorPickerColor">
				<Anchors>
					<Anchor point="LEFT" relativeTo="CH_ColorPickerDARKBLUE" relativePoint="RIGHT" />
				</Anchors>
			</Button>
			<Button name="CH_ColorPickerBLUEGRAY" inherits="CH_ColorPickerColor">
				<Anchors>
					<Anchor point="TOP" relativeTo="CH_ColorPickerINDIGO" relativePoint="BOTTOM" />
				</Anchors>
			</Button>
			<Button name="CH_ColorPickerVIOLET" inherits="CH_ColorPickerColor">
				<Anchors>
					<Anchor point="TOP" relativeTo="CH_ColorPickerBLUEGRAY" relativePoint="BOTTOM" />
				</Anchors>
			</Button>
			<Button name="CH_ColorPickerPLUM" inherits="CH_ColorPickerColor">
				<Anchors>
					<Anchor point="TOP" relativeTo="CH_ColorPickerVIOLET" relativePoint="BOTTOM" />
				</Anchors>
			</Button>
			<Button name="CH_ColorPickerLAVENDER" inherits="CH_ColorPickerColor">
				<Anchors>
					<Anchor point="TOP" relativeTo="CH_ColorPickerPLUM" relativePoint="BOTTOM" />
				</Anchors>
			</Button>
			<!-- column 8 -->
			<Button name="CH_ColorPickerGRAY80" inherits="CH_ColorPickerColor">
				<Anchors>
					<Anchor point="LEFT" relativeTo="CH_ColorPickerINDIGO" relativePoint="RIGHT" />
				</Anchors>
			</Button>
			<Button name="CH_ColorPickerGRAY50" inherits="CH_ColorPickerColor">
				<Anchors>
					<Anchor point="TOP" relativeTo="CH_ColorPickerGRAY80" relativePoint="BOTTOM" />
				</Anchors>
			</Button>
			<Button name="CH_ColorPickerGRAY40" inherits="CH_ColorPickerColor">
				<Anchors>
					<Anchor point="TOP" relativeTo="CH_ColorPickerGRAY50" relativePoint="BOTTOM" />
				</Anchors>
			</Button>
			<Button name="CH_ColorPickerGRAY25" inherits="CH_ColorPickerColor">
				<Anchors>
					<Anchor point="TOP" relativeTo="CH_ColorPickerGRAY40" relativePoint="BOTTOM" />
				</Anchors>
			</Button>
			<Button name="CH_ColorPickerWHITE" inherits="CH_ColorPickerColor">
				<Anchors>
					<Anchor point="TOP" relativeTo="CH_ColorPickerGRAY25" relativePoint="BOTTOM" />
				</Anchors>
			</Button>
		</Frames>
		<Scripts>
			<OnLoad>
				CH_ColorPickerOnLoad();
			</OnLoad>
		</Scripts>

	</Frame>

</Ui>
