<Ui xmlns="http://www.blizzard.com/wow/ui/" xmlns:xsi="http://www.w3.org/2001/XMLSchema-instance" xsi:schemaLocation="http://www.blizzard.com/wow/ui/">

	<!-- ##################################################################################################################################### -->
	<!-- # CONFIG MISC 1                                                                                                                     # -->
	<!-- ##################################################################################################################################### -->

	<Frame name="CHH_ConfigMiscAddonsLineTemplate" virtual="true">
		<Size>
			<AbsDimension x="360" y="30"/>
		</Size>
		<Layers>
			<Layer>
				<FontString name="$parentName" inherits="GameFontNormal" text="Addon Title">
                 			<Anchors>
                    				<Anchor point="TOPLEFT" relativePoint="TOPLEFT">
							<Offset>
								<AbsDimension x="50" y="-10" />
							</Offset>
						</Anchor>
					</Anchors>
					<Color r="1" g="1" b="1" />
				</FontString>
			</Layer>
		</Layers>
		<Frames>
			<CheckButton name="$parentEnabled" inherits="HintOptionsCheckButtonTemplate" checked="true">
				<Anchors>
					<Anchor point="TOPLEFT" relativePoint="TOPLEFT">
						<Offset>
							<AbsDimension x="20" y="0" />
						</Offset>
						
					</Anchor>
				</Anchors>
			</CheckButton>
			<Button name="$parentConfig" inherits="OptionsButtonTemplate" text="CHHT_LABEL_CONFIGURE">
				<Anchors>
					<Anchor point="TOPLEFT" relativePoint="TOPLEFT">
						<Offset>
							<AbsDimension x="250" y="-5" />
						</Offset>
					</Anchor>
				</Anchors>
				<Scripts>
					<OnShow>
						CHH_MiscAddonCheckInstall( this:GetParent().chAddonID );
					</OnShow>
					<OnClick>
						CHH_MiscAddonConfigure( this:GetParent().chAddonID );
					</OnClick>
				</Scripts>
			</Button>
		</Frames>
	</Frame>

	<Frame name="CHH_ConfigMiscAddonsTemplate" inherits="CHH_FrameBoxTemplate" virtual="true">
		<Size>
			<AbsDimension x="360" y="340"/>
		</Size>
		<Anchors>
			<Anchor point="TOPLEFT" relativePoint="TOPLEFT">
				<Offset>
					<AbsDimension x="20" y="-40"/>
				</Offset>
			</Anchor>
		</Anchors>
		<Layers>
			<Layer>
				<FontString name="$parentName" inherits="GameFontNormal" justifyH='LEFT' text="CHHT_MISC_ADDON_INFO">
                 			<Anchors>
                    				<Anchor point="TOPLEFT" relativePoint="BOTTOMLEFT">
							<Offset>
								<AbsDimension x="20" y="50" />
							</Offset>
						</Anchor>
                    				<Anchor point="BOTTOMRIGHT" relativePoint="BOTTOMRIGHT">
							<Offset>
								<AbsDimension x="-20" y="10" />
							</Offset>
						</Anchor>
					</Anchors>
					<Color r="1" g="1" b="1" />
				</FontString>
			</Layer>
		</Layers>
		<Scripts>
			<OnLoad>
				getglobal(this:GetName()..'TitleText'):SetText( CHHT_MISC_ADDONS );
				this:SetBackdropBorderColor(0.4, 0.4, 0.4);
				this:SetBackdropColor(0.15, 0.15, 0.15);
			</OnLoad>
		</Scripts>
		<Frames>
			<Frame name="$parentDCR" inherits="CHH_ConfigMiscAddonsLineTemplate">
				<Anchors>
					<Anchor point="TOPLEFT" relativePoint="TOPLEFT">
						<Offset>
							<AbsDimension x="0" y="-40" />
						</Offset>
						
					</Anchor>
				</Anchors>
				<Scripts>
					<OnLoad>
						this.chAddonID = 'DCR';
						this.chOptionID = 'DcrEnabled';
						getglobal(this:GetName()..'Name'):SetText( CHHT_MISC_DECURSIVE );
						CHH_HintOptionCheckBoxLoad( this.chOptionID, nil, getglobal(this:GetName()..'Enabled') );
					</OnLoad>
				</Scripts>
			</Frame>
			<Frame name="$parentCTRA" inherits="CHH_ConfigMiscAddonsLineTemplate">
				<Anchors>
					<Anchor point="TOPLEFT" relativePoint="TOPLEFT">
						<Offset>
							<AbsDimension x="0" y="-70" />
						</Offset>
						
					</Anchor>
				</Anchors>
				<Scripts>
					<OnLoad>
						this.chAddonID = 'CTRA';
						this.chOptionID = 'CTRAEnabled';
						getglobal(this:GetName()..'Name'):SetText( CHHT_MISC_CTRA );
						CHH_HintOptionCheckBoxLoad( this.chOptionID, nil, getglobal(this:GetName()..'Enabled') );
					</OnLoad>
				</Scripts>
			</Frame>
			<Frame name="$parentORA" inherits="CHH_ConfigMiscAddonsLineTemplate">
				<Anchors>
					<Anchor point="TOPLEFT" relativePoint="TOPLEFT">
						<Offset>
							<AbsDimension x="0" y="-100" />
						</Offset>
						
					</Anchor>
				</Anchors>
				<Scripts>
					<OnLoad>
						this.chAddonID = 'ORA';
						this.chOptionID = 'ORAEnabled';
						getglobal(this:GetName()..'Name'):SetText( CHHT_MISC_ORA );
						CHH_HintOptionCheckBoxLoad( this.chOptionID, nil, getglobal(this:GetName()..'Enabled') );
					</OnLoad>
				</Scripts>
			</Frame>
			<Frame name="$parentDUF" inherits="CHH_ConfigMiscAddonsLineTemplate">
				<Anchors>
					<Anchor point="TOPLEFT" relativePoint="TOPLEFT">
						<Offset>
							<AbsDimension x="0" y="-130" />
						</Offset>
						
					</Anchor>
				</Anchors>
				<Scripts>
					<OnLoad>
						this.chAddonID = 'DUF';
						this.chOptionID = 'DUFEnabled';
						getglobal(this:GetName()..'Name'):SetText( CHHT_MISC_DUF );
						CHH_HintOptionCheckBoxLoad( this.chOptionID, nil, getglobal(this:GetName()..'Enabled') );
					</OnLoad>
				</Scripts>
			</Frame>
			<Frame name="$parentPCUF" inherits="CHH_ConfigMiscAddonsLineTemplate">
				<Anchors>
					<Anchor point="TOPLEFT" relativePoint="TOPLEFT">
						<Offset>
							<AbsDimension x="0" y="-160" />
						</Offset>
						
					</Anchor>
				</Anchors>
				<Scripts>
					<OnLoad>
						this.chAddonID = 'PCUF';
						this.chOptionID = 'PCUFEnabled';
						getglobal(this:GetName()..'Name'):SetText( CHHT_MISC_PCUF );
						CHH_HintOptionCheckBoxLoad( this.chOptionID, nil, getglobal(this:GetName()..'Enabled') );
					</OnLoad>
				</Scripts>
			</Frame>
			<Frame name="$parentNeedyList" inherits="CHH_ConfigMiscAddonsLineTemplate">
				<Anchors>
					<Anchor point="TOPLEFT" relativePoint="TOPLEFT">
						<Offset>
							<AbsDimension x="0" y="-190" />
						</Offset>
						
					</Anchor>
				</Anchors>
				<Scripts>
					<OnLoad>
						this.chAddonID = 'NeedyList';
						this.chOptionID = 'NeedyListEnabled';
						getglobal(this:GetName()..'Name'):SetText( CHHT_MISC_NEEDYLIST );
						CHH_HintOptionCheckBoxLoad( this.chOptionID, nil, getglobal(this:GetName()..'Enabled') );
					</OnLoad>
				</Scripts>
			</Frame>
			<Frame name="$parentBonusScanner" inherits="CHH_ConfigMiscAddonsLineTemplate">
				<Anchors>
					<Anchor point="TOPLEFT" relativePoint="TOPLEFT">
						<Offset>
							<AbsDimension x="0" y="-220" />
						</Offset>
						
					</Anchor>
				</Anchors>
				<Scripts>
					<OnLoad>
						this.chAddonID = 'BONUSSCANNER';
						this.chOptionID = nil;
						getglobal(this:GetName()..'Name'):SetText( CHHT_MISC_BONUSSCANNER );
						CHH_ConfigMiscAddonsBonusScannerEnabled:Hide();
					</OnLoad>
				</Scripts>
			</Frame>
			<Frame name="$parentWoW" inherits="CHH_ConfigMiscAddonsLineTemplate">
				<Anchors>
					<Anchor point="TOPLEFT" relativePoint="TOPLEFT">
						<Offset>
							<AbsDimension x="0" y="-250" />
						</Offset>
						
					</Anchor>
				</Anchors>
				<Scripts>
					<OnLoad>
						this.chAddonID = 'WoWGui';
						this.chOptionID = 'WoWGuiEnabled';
						getglobal(this:GetName()..'Name'):SetText( CHHT_MISC_WOWGUI );
						CHH_HintOptionCheckBoxLoad( this.chOptionID, nil, getglobal(this:GetName()..'Enabled') );
					</OnLoad>
				</Scripts>
			</Frame>
		</Frames>
	</Frame>
	
	<Frame name="CHH_ConfigMiscFrameTemplate" inherits="CHH_FrameBoxTemplate" virtual="true">
		<Anchors>
			<Anchor point="TOPLEFT" relativePoint="TOPLEFT">
				<Offset>
					<AbsDimension x="10" y="-10"/>
				</Offset>
			</Anchor>
			<Anchor point="BOTTOMRIGHT" relativePoint="BOTTOMRIGHT">
				<Offset>
					<AbsDimension x="-10" y="40"/>
				</Offset>
			</Anchor>
		</Anchors>
		<Scripts>
			<OnLoad>
				getglobal(this:GetName()..'TitleText'):SetText( CHHT_MISC_OPTIONS );
				this:SetBackdropBorderColor(0.4, 0.4, 0.4);
				this:SetBackdropColor(0.15, 0.15, 0.15);
			</OnLoad>
		</Scripts>
		<Layers>
			<Layer level="ARTWORK">
				<FontString name="$parentDebugLevelMyText" inherits="GameFontNormal" justifyH="CENTER" text="CHHT_MISC_DEBUG_LEVEL">
					<Anchors>
						<Anchor point="TOPLEFT" relativePoint="TOP">
							<Offset>
								<AbsDimension x="0" y="-80" />
							</Offset>
						</Anchor>
						<Anchor point="BOTTOMRIGHT" relativePoint="TOPRIGHT">
							<Offset>
								<AbsDimension x="0" y="-100" />
							</Offset>
						</Anchor>
					</Anchors>
					<Color r="1" g="1" b="1" />
				</FontString>
			</Layer>
		</Layers>
		<Frames>
			<Frame name="CHH_ConfigMiscAddons" inherits="CHH_ConfigMiscAddonsTemplate" />
			<CheckButton name="$parentCastSpellByNameOnSelf" inherits="HintOptionsCheckButtonTemplate" checked="true">
				<Anchors>
					<Anchor point="TOPLEFT" relativePoint="TOPLEFT">
						<Offset>
							<AbsDimension x="400" y="-180" />
						</Offset>
					</Anchor>
				</Anchors>
				<Layers>
					<Layer>
						<FontString name="$parentName" justifyH='LEFT' inherits="GameFontNormal" text="CHHT_CAST_SPELL_BY_NAME_ON_SELF">
	                 				<Anchors>
	                    					<Anchor point="LEFT" relativePoint="RIGHT" />
       							</Anchors>
							<Size>
								<AbsDimension x="230" y="32"/>
							</Size>
							<Color r="1" g="1" b="1" />
						</FontString>
					</Layer>
				</Layers>
				<Scripts>
					<OnLoad>
						CHH_HintOptionCheckBoxLoad( 'castSpellByNameOnSelf' );
					</OnLoad>
				</Scripts>
			</CheckButton>
			<CheckButton name="$parentResetAll" inherits="OptionsCheckButtonTemplate" checked="false">
				<Anchors>
					<Anchor point="BOTTOMLEFT" relativePoint="BOTTOMLEFT">
						<Offset>
							<AbsDimension x="20" y="30" />
						</Offset>
						
					</Anchor>
				</Anchors>
				<Layers>
					<Layer>
						<FontString name="$parentName" inherits="GameFontNormal" justifyH="LEFT" text="CHHT_MISC_RESETALL_Q">
							<Size>
								<AbsDimension x="500" y="32"/>
							</Size>
		                 			<Anchors>
		                    				<Anchor point="LEFT" relativePoint="RIGHT" />
       							</Anchors>
							<Color r="1" g="1" b="1" />
						</FontString>
					</Layer>
				</Layers>
				<Scripts>
					<OnShow>
						this:SetChecked( false );
					</OnShow>
				</Scripts>
			</CheckButton>
			<Frame name="$parentDebugLevel" inherits="HintDropDownMenuTemplate">
				<Anchors>
					<Anchor point="TOP" relativeTo="$parentDebugLevelMyText" relativePoint="BOTTOM" />
				</Anchors>
				<Scripts>
					<OnLoad>
						CHH_HintDropDownLoad( 'debugLevel' );
					</OnLoad>
				</Scripts>
			</Frame>
			<Button name="$parentResetAllButton" inherits="OptionsButtonTemplate" text="CHHT_MISC_RESETALL">
				<Anchors>
					<Anchor point="LEFT" relativeTo="$parentResetAllName" relativePoint="RIGHT">
						<Offset>
							<AbsDimension x="20" y="0"/>
						</Offset>
					</Anchor>
				</Anchors>
				<Scripts>
					<OnClick>
						CHH_ConfigResetAll();
					</OnClick>
				</Scripts>
			</Button>
		</Frames>
	</Frame>

	<!-- ##################################################################################################################################### -->
	<!-- # PLUGINS                                                                                                                           # -->
	<!-- ##################################################################################################################################### -->

	<Button name="CHH_MiscPluginsListEntryTemplate" hidden="true" virtual="true">
		<Size>
			<AbsDimension x="630" y="20" />
		</Size>
    		<Layers>
			<Layer level="BACKGROUND">
				<Texture name="$parentBackground" setAllpoints="true" hidden="true">
					<Anchors>
						<Anchor point="TOPLEFT" relativePoint="TOPLEFT">
							<Offset>
								<AbsDimension x="0" y="0" />
							</Offset>
						</Anchor>
						<Anchor point="BOTTOMRIGHT" relativePoint="BOTTOMRIGHT">
							<Offset>
								<AbsDimension x="0" y="0" />
							</Offset>
						</Anchor>
					</Anchors>
					<Color r="0.5" g="0.5" b="0.5" a="0.5"/>
				</Texture>
			</Layer>
			<Layer level="ARTWORK">
				<FontString name="$parentName" inherits="GameFontNormal" justifyH="LEFT" justifyV="CENTER" text="Plugin Name">
					<Size>
						<AbsDimension x="200" y="20"/>
					</Size>
                 			<Anchors>
                    				<Anchor point="TOPLEFT" relativePoint="TOPLEFT">
							<Offset>
								<AbsDimension x="5" y="0" />
							</Offset>
						</Anchor>
     					</Anchors>
					<Color r="1" g="1" b="1" />
				</FontString>
				<FontString name="$parentVersion" inherits="GameFontNormal" justifyH="LEFT" justifyV="CENTER" text="Plugin Version">
					<Size>
						<AbsDimension x="100" y="20"/>
					</Size>
                 			<Anchors>
						<Anchor point="LEFT" relativeTo="$parentName" relativePoint="RIGHT" />
     					</Anchors>
					<Color r="1" g="1" b="1" />
				</FontString>
				<FontString name="$parentLabel" inherits="GameFontNormal" justifyH="LEFT" justifyV="CENTER" text="Plugin Label">
					<Size>
						<AbsDimension x="200" y="20"/>
					</Size>
                 			<Anchors>
						<Anchor point="LEFT" relativeTo="$parentVersion" relativePoint="RIGHT" />
     					</Anchors>
					<Color r="1" g="1" b="1" />
				</FontString>
				<FontString name="$parentActionID" inherits="GameFontNormal" justifyH="LEFT" justifyV="CENTER" text="Plugin ActionID">
					<Size>
						<AbsDimension x="100" y="20"/>
					</Size>
                 			<Anchors>
						<Anchor point="LEFT" relativeTo="$parentLabel" relativePoint="RIGHT" />
     					</Anchors>
					<Color r="1" g="1" b="1" />
				</FontString>
			</Layer>
		</Layers>
	</Button>

	<Frame name="CHH_ConfigPluginsFrameTemplate" inherits="CHH_FrameBoxTemplate" virtual="true">
		<Anchors>
			<Anchor point="TOPLEFT" relativePoint="TOPLEFT">
				<Offset>
					<AbsDimension x="10" y="-10"/>
				</Offset>
			</Anchor>
			<Anchor point="BOTTOMRIGHT" relativePoint="BOTTOMRIGHT">
				<Offset>
					<AbsDimension x="-10" y="40"/>
				</Offset>
			</Anchor>
		</Anchors>
		<Scripts>
			<OnLoad>
				getglobal(this:GetName()..'TitleText'):SetText( CHHT_MISC_PLUGINS );
				this:SetBackdropBorderColor(0.4, 0.4, 0.4);
				this:SetBackdropColor(0.15, 0.15, 0.15);
			</OnLoad>
		</Scripts>
		<Layers>
			<Layer level="ARTWORK">
				<FontString name="$parentInfo" inherits="GameFontNormal" justifyV="TOP" text="CHHT_CONFIG_PLUGIN_INFO_MSG">
                 			<Anchors>
                    				<Anchor point="TOPLEFT" relativePoint="TOPLEFT">
							<Offset>
								<AbsDimension x="20" y="-300" />
							</Offset>
						</Anchor>
                    				<Anchor point="BOTTOMRIGHT" relativePoint="TOPRIGHT">
							<Offset>
								<AbsDimension x="-20" y="-350" />
							</Offset>
						</Anchor>
     					</Anchors>
				</FontString>
			</Layer>
		</Layers>
		<Frames>
			<Frame name="$parentList" inherits="OptionFrameBoxTemplate">
				<Anchors>
					<Anchor point="TOPLEFT" relativePoint="TOPLEFT">
						<Offset>
							<AbsDimension x="10" y="-40" />
						</Offset>
					</Anchor>
					<Anchor point="BOTTOMRIGHT" relativePoint="TOPRIGHT">
						<Offset>
							<AbsDimension x="-40" y="-251" />
						</Offset>
					</Anchor>
				</Anchors>
				<Scripts>
					<OnLoad>
						this:SetBackdropBorderColor(0.4, 0.4, 0.4);
						this:SetBackdropColor(0.15, 0.15, 0.15);
					</OnLoad>
				</Scripts>
				<Frames>
					<ScrollFrame name="$parentScrollBar" inherits="FauxScrollFrameTemplate">
						<Anchors>
							<Anchor point="TOPLEFT" relativePoint="TOPLEFT">
								<Offset>
									<AbsDimension x="0" y="-10" />
								</Offset>
							</Anchor>
							<Anchor point="BOTTOMRIGHT" relativePoint="BOTTOMRIGHT">
								<Offset>
									<AbsDimension x="0" y="10" />
								</Offset>
							</Anchor>
						</Anchors>
						<Scripts>
							<OnVerticalScroll>
								FauxScrollFrame_OnVerticalScroll( 20, CHH_ConfigPluginsListUpdate ); 
							</OnVerticalScroll>
							<OnShow>
								CHH_ConfigPluginsListUpdate();
							</OnShow>
						</Scripts>
					</ScrollFrame>
					<Button name="$parentEntry1" inherits="CHH_MiscPluginsListEntryTemplate">
						<Anchors>
							<Anchor point="TOPLEFT" relativePoint="TOPLEFT">
								<Offset>
									<AbsDimension x="5" y="-5"/>
								</Offset>
							</Anchor>
						</Anchors>
					</Button>
					<Button name="$parentEntry2" inherits="CHH_MiscPluginsListEntryTemplate">
						<Anchors>
							<Anchor point="TOPLEFT" relativeTo="$parentEntry1" relativePoint="BOTTOMLEFT"/>
						</Anchors>
					</Button>
					<Button name="$parentEntry3" inherits="CHH_MiscPluginsListEntryTemplate">
						<Anchors>
							<Anchor point="TOPLEFT" relativeTo="$parentEntry2" relativePoint="BOTTOMLEFT"/>
						</Anchors>
					</Button>
					<Button name="$parentEntry4" inherits="CHH_MiscPluginsListEntryTemplate">
						<Anchors>
							<Anchor point="TOPLEFT" relativeTo="$parentEntry3" relativePoint="BOTTOMLEFT"/>
						</Anchors>
					</Button>
					<Button name="$parentEntry5" inherits="CHH_MiscPluginsListEntryTemplate">
						<Anchors>
							<Anchor point="TOPLEFT" relativeTo="$parentEntry4" relativePoint="BOTTOMLEFT"/>
						</Anchors>
					</Button>
					<Button name="$parentEntry6" inherits="CHH_MiscPluginsListEntryTemplate">
						<Anchors>
							<Anchor point="TOPLEFT" relativeTo="$parentEntry5" relativePoint="BOTTOMLEFT"/>
						</Anchors>
					</Button>
					<Button name="$parentEntry7" inherits="CHH_MiscPluginsListEntryTemplate">
						<Anchors>
							<Anchor point="TOPLEFT" relativeTo="$parentEntry6" relativePoint="BOTTOMLEFT"/>
						</Anchors>
					</Button>
					<Button name="$parentEntry8" inherits="CHH_MiscPluginsListEntryTemplate">
						<Anchors>
							<Anchor point="TOPLEFT" relativeTo="$parentEntry7" relativePoint="BOTTOMLEFT"/>
						</Anchors>
					</Button>
					<Button name="$parentEntry9" inherits="CHH_MiscPluginsListEntryTemplate">
						<Anchors>
							<Anchor point="TOPLEFT" relativeTo="$parentEntry8" relativePoint="BOTTOMLEFT"/>
						</Anchors>
					</Button>
					<Button name="$parentEntry10" inherits="CHH_MiscPluginsListEntryTemplate">
						<Anchors>
							<Anchor point="TOPLEFT" relativeTo="$parentEntry9" relativePoint="BOTTOMLEFT"/>
						</Anchors>
					</Button>
				</Frames>
			</Frame>
		</Frames>
	</Frame>

	<!-- ##################################################################################################################################### -->
	<!-- # CONFIG COMBAT                                                                                                                     # -->
	<!-- ##################################################################################################################################### -->

	<Frame name="CHH_ConfigCombatCombatFrameTemplate" inherits="CHH_FrameBoxTemplate" virtual="true">
		<Anchors>
			<Anchor point="TOPLEFT" relativePoint="TOPLEFT">
				<Offset>
					<AbsDimension x="0" y="0"/>
				</Offset>
			</Anchor>
			<Anchor point="BOTTOMRIGHT" relativePoint="BOTTOMRIGHT">
				<Offset>
					<AbsDimension x="0" y="240"/>
				</Offset>
			</Anchor>
		</Anchors>
		<Frames>
			<CheckButton name="$parentSafeTaunt" inherits="HintOptionsCheckButtonTemplate" checked="true">
				<Anchors>
					<Anchor point="TOPLEFT" relativePoint="TOPLEFT">
						<Offset>
							<AbsDimension x="20" y="-50" />
						</Offset>
						
					</Anchor>
				</Anchors>
				<Layers>
					<Layer>
		                		<FontString name="$parentName" inherits="GameFontNormal" text="CHHT_MISC_COMBAT_SAFE_TAUNT">
		                 			<Anchors>
		                    				<Anchor point="LEFT" relativePoint="RIGHT" />
       							</Anchors>
							<Color r="1" g="1" b="1" />
						</FontString>
					</Layer>
				</Layers>
				<Scripts>
					<OnLoad>
						CHH_HintOptionCheckBoxLoad( 'safeTaunt' );
					</OnLoad>
				</Scripts>
			</CheckButton>
		</Frames>
		<Scripts>
			<OnLoad>
				getglobal(this:GetName()..'TitleText'):SetText( CHHT_MISC_COMBAT );
				this:SetBackdropBorderColor(0.4, 0.4, 0.4);
				this:SetBackdropColor(0.15, 0.15, 0.15);
			</OnLoad>
		</Scripts>
	</Frame>

	<Frame name="CHH_ConfigSelfDefenseFrameTemplate" inherits="CHH_FrameBoxTemplate" virtual="true">
		<Anchors>
			<Anchor point="TOPLEFT" relativePoint="TOPLEFT">
				<Offset>
					<AbsDimension x="0" y="-260"/>
				</Offset>
			</Anchor>
			<Anchor point="BOTTOMRIGHT" relativePoint="BOTTOMRIGHT">
				<Offset>
					<AbsDimension x="0" y="0"/>
				</Offset>
			</Anchor>
		</Anchors>
		<Scripts>
			<OnLoad>
				getglobal(this:GetName()..'TitleText'):SetText( CHHT_MISC_COMBAT_SD );
				this:SetBackdropBorderColor(0.4, 0.4, 0.4);
				this:SetBackdropColor(0.15, 0.15, 0.15);
			</OnLoad>
		</Scripts>
		<Frames>
			<CheckButton name="$parentAttackTarget" inherits="HintOptionsCheckButtonTemplate" checked="true">
				<Anchors>
					<Anchor point="TOPLEFT" relativePoint="TOPLEFT">
						<Offset>
							<AbsDimension x="20" y="-50" />
						</Offset>
						
					</Anchor>
				</Anchors>
				<Layers>
					<Layer>
		                		<FontString name="$parentName" inherits="GameFontNormal" text="CHHT_MISC_COMBAT_SD_ATTACK">
		                 			<Anchors>
		                    				<Anchor point="LEFT" relativePoint="RIGHT" />
       							</Anchors>
							<Color r="1" g="1" b="1" />
						</FontString>
					</Layer>
				</Layers>
				<Scripts>
					<OnLoad>
						CHH_HintOptionCheckBoxLoad( 'selfDefenseAttackTarget' );
					</OnLoad>
				</Scripts>
			</CheckButton>
			<CheckButton name="$parentPetAttackTarget" inherits="HintOptionsCheckButtonTemplate" checked="true">
				<Anchors>
					<Anchor point="TOPLEFT" relativePoint="TOPLEFT">
						<Offset>
							<AbsDimension x="20" y="-80" />
						</Offset>
						
					</Anchor>
				</Anchors>
				<Layers>
					<Layer>
						<FontString name="$parentName" inherits="GameFontNormal" text="CHHT_MISC_COMBAT_SD_PET">
		                 			<Anchors>
		                    				<Anchor point="LEFT" relativePoint="RIGHT" />
       							</Anchors>
							<Color r="1" g="1" b="1" />
						</FontString>
					</Layer>
				</Layers>
				<Scripts>
					<OnLoad>
						CHH_HintOptionCheckBoxLoad( 'selfDefensePetAttackTarget' );
					</OnLoad>
				</Scripts>
			</CheckButton>
			<CheckButton name="$parentDirectAttack" inherits="HintOptionsCheckButtonTemplate" checked="true">
				<Anchors>
					<Anchor point="TOPLEFT" relativePoint="TOPLEFT">
						<Offset>
							<AbsDimension x="20" y="-110" />
						</Offset>
						
					</Anchor>
				</Anchors>
				<Layers>
					<Layer>
						<FontString name="$parentName" inherits="GameFontNormal" text="CHHT_MISC_COMBAT_SD_HIT">
		                 			<Anchors>
		                    				<Anchor point="LEFT" relativePoint="RIGHT" />
       							</Anchors>
							<Color r="1" g="1" b="1" />
						</FontString>
					</Layer>
				</Layers>
				<Scripts>
					<OnLoad>
						CHH_HintOptionCheckBoxLoad( 'selfDefenseDirectAttack' );
					</OnLoad>
				</Scripts>
			</CheckButton>
			<CheckButton name="$parentNoMesmerize" inherits="HintOptionsCheckButtonTemplate" checked="true">
				<Anchors>
					<Anchor point="TOPLEFT" relativePoint="TOPLEFT">
						<Offset>
							<AbsDimension x="20" y="-140" />
						</Offset>
						
					</Anchor>
				</Anchors>
				<Layers>
					<Layer>
						<FontString name="$parentName" inherits="GameFontNormal" text="CHHT_MISC_COMBAT_SD_MES">
		                 			<Anchors>
		                    				<Anchor point="LEFT" relativePoint="RIGHT" />
       							</Anchors>
							<Color r="1" g="1" b="1" />
						</FontString>
					</Layer>
				</Layers>
				<Scripts>
					<OnLoad>
						CHH_HintOptionCheckBoxLoad( 'selfDefenseNoMesmerize' );
					</OnLoad>
				</Scripts>
			</CheckButton>
			<CheckButton name="$parentNotInParty" inherits="HintOptionsCheckButtonTemplate" checked="true">
				<Anchors>
					<Anchor point="TOPLEFT" relativePoint="TOPLEFT">
						<Offset>
							<AbsDimension x="20" y="-170" />
						</Offset>
						
					</Anchor>
				</Anchors>
				<Layers>
					<Layer>
						<FontString name="$parentName" inherits="GameFontNormal" text="CHHT_MISC_COMBAT_SD_SWITCH">
		                 			<Anchors>
		                    				<Anchor point="LEFT" relativePoint="RIGHT" />
       							</Anchors>
							<Color r="1" g="1" b="1" />
						</FontString>
					</Layer>
				</Layers>
				<Scripts>
					<OnLoad>
						CHH_HintOptionCheckBoxLoad( 'selfDefenseNotInParty' );
					</OnLoad>
				</Scripts>
			</CheckButton>
		</Frames>
	</Frame>

	<Frame name="CHH_ConfigCombatFrameTemplate" virtual="true">
		<Anchors>
			<Anchor point="TOPLEFT" relativePoint="TOPLEFT">
				<Offset>
					<AbsDimension x="10" y="-10"/>
				</Offset>
			</Anchor>
			<Anchor point="BOTTOMRIGHT" relativePoint="BOTTOMRIGHT">
				<Offset>
					<AbsDimension x="-10" y="40"/>
				</Offset>
			</Anchor>
		</Anchors>
		<Frames>
			<Frame name="$parentCombat" inherits="CHH_ConfigCombatCombatFrameTemplate" />
			<Frame name="$parentSelfDefense" inherits="CHH_ConfigSelfDefenseFrameTemplate" />
		</Frames>
	</Frame>

	<!-- ##################################################################################################################################### -->
	<!-- # COOLDOWN                                                                                                                          # -->
	<!-- ##################################################################################################################################### -->

	<Frame name="CHH_ConfigCooldownWatchFrameTemplate" inherits="CHH_FrameBoxTemplate" virtual="true">
		<Anchors>
			<Anchor point="TOPLEFT" relativePoint="TOPLEFT">
				<Offset>
					<AbsDimension x="10" y="-10"/>
				</Offset>
			</Anchor>
			<Anchor point="BOTTOMRIGHT" relativePoint="BOTTOMRIGHT">
				<Offset>
					<AbsDimension x="-10" y="40"/>
				</Offset>
			</Anchor>
		</Anchors>
		<Scripts>
			<OnLoad>
				getglobal(this:GetName()..'TitleText'):SetText( CHHT_MISC_CDW );
				this:SetBackdropBorderColor(0.4, 0.4, 0.4);
				this:SetBackdropColor(0.15, 0.15, 0.15);
			</OnLoad>
		</Scripts>
		<Frames>
			<Frame name="$parentExtra1" inherits="CHH_FrameBoxTemplate" virtual="true">
				<Size>
					<AbsDimension x="230" y="90"/>
				</Size>
				<Anchors>
					<Anchor point="TOPLEFT" relativePoint="TOPLEFT">
						<Offset>
							<AbsDimension x="20" y="-50"/>
						</Offset>
					</Anchor>
				</Anchors>
				<Scripts>
					<OnLoad>
						getglobal(this:GetName()..'TitleText'):SetText( CHHT_MISC_CDW_EXTRA1 );
						this:SetBackdropBorderColor(0.4, 0.4, 0.4);
						this:SetBackdropColor(0.15, 0.15, 0.15);
					</OnLoad>
				</Scripts>
				<Frames>
					<Frame name="$parentCD" inherits="UIDropDownMenuTemplate">
						<Anchors>
							<Anchor point="TOP" relativePoint="TOP">
								<Offset>
									<AbsDimension x="0" y="-50"/>
								</Offset>
							</Anchor>
						</Anchors>
					</Frame>
				</Frames>
			</Frame>
			<Frame name="$parentExtra2" inherits="CHH_FrameBoxTemplate" virtual="true">
				<Size>
					<AbsDimension x="230" y="90"/>
				</Size>
				<Anchors>
					<Anchor point="TOP" relativeTo="$parentExtra1" relativePoint="BOTTOM">
						<Offset>
							<AbsDimension x="0" y="-10"/>
						</Offset>
					</Anchor>
				</Anchors>
				<Scripts>
					<OnLoad>
						getglobal(this:GetName()..'TitleText'):SetText( CHHT_MISC_CDW_EXTRA2 );
						this:SetBackdropBorderColor(0.4, 0.4, 0.4);
						this:SetBackdropColor(0.15, 0.15, 0.15);
					</OnLoad>
				</Scripts>
				<Frames>
					<Frame name="$parentCD" inherits="UIDropDownMenuTemplate">
						<Anchors>
							<Anchor point="TOP" relativePoint="TOP">
								<Offset>
									<AbsDimension x="0" y="-50"/>
								</Offset>
							</Anchor>
						</Anchors>
					</Frame>
				</Frames>
			</Frame>
			<Frame name="$parentExtra3" inherits="CHH_FrameBoxTemplate" virtual="true">
				<Size>
					<AbsDimension x="230" y="90"/>
				</Size>
				<Anchors>
					<Anchor point="TOP" relativeTo="$parentExtra2" relativePoint="BOTTOM">
						<Offset>
							<AbsDimension x="0" y="-10"/>
						</Offset>
					</Anchor>
				</Anchors>
				<Scripts>
					<OnLoad>
						getglobal(this:GetName()..'TitleText'):SetText( CHHT_MISC_CDW_EXTRA3 );
						this:SetBackdropBorderColor(0.4, 0.4, 0.4);
						this:SetBackdropColor(0.15, 0.15, 0.15);
					</OnLoad>
				</Scripts>
				<Frames>
					<Frame name="$parentCD" inherits="UIDropDownMenuTemplate">
						<Anchors>
							<Anchor point="TOP" relativePoint="TOP">
								<Offset>
									<AbsDimension x="0" y="-50"/>
								</Offset>
							</Anchor>
						</Anchors>
					</Frame>
				</Frames>
			</Frame>
			<Frame name="$parentExtra4" inherits="CHH_FrameBoxTemplate" virtual="true">
				<Size>
					<AbsDimension x="230" y="90"/>
				</Size>
				<Anchors>
					<Anchor point="TOP" relativeTo="$parentExtra3" relativePoint="BOTTOM">
						<Offset>
							<AbsDimension x="0" y="-10"/>
						</Offset>
					</Anchor>
				</Anchors>
				<Scripts>
					<OnLoad>
						getglobal(this:GetName()..'TitleText'):SetText( CHHT_MISC_CDW_EXTRA4 );
						this:SetBackdropBorderColor(0.4, 0.4, 0.4);
						this:SetBackdropColor(0.15, 0.15, 0.15);
					</OnLoad>
				</Scripts>
				<Frames>
					<Frame name="$parentCD" inherits="UIDropDownMenuTemplate">
						<Anchors>
							<Anchor point="TOP" relativePoint="TOP">
								<Offset>
									<AbsDimension x="0" y="-50"/>
								</Offset>
							</Anchor>
						</Anchors>
					</Frame>
				</Frames>
			</Frame>
			<Frame name="$parentSpells" inherits="CHH_FrameBoxTemplate" virtual="true">
				<Size>
					<AbsDimension x="410" y="390"/>
				</Size>
				<Anchors>
					<Anchor point="TOPLEFT" relativeTo="$parentExtra1" relativePoint="TOPRIGHT">
						<Offset>
							<AbsDimension x="10" y="0"/>
						</Offset>
					</Anchor>
				</Anchors>
				<Scripts>
					<OnLoad>
						getglobal(this:GetName()..'TitleText'):SetText( CHHT_MISC_CDW_SPELLS );
						this:SetBackdropBorderColor(0.4, 0.4, 0.4);
						this:SetBackdropColor(0.15, 0.15, 0.15);
					</OnLoad>
				</Scripts>
				<Frames>
					<Frame name="$parentCD1" inherits="UIDropDownMenuTemplate">
						<Anchors>
							<Anchor point="TOPLEFT" relativePoint="TOPLEFT">
								<Offset>
									<AbsDimension x="10" y="-50"/>
								</Offset>
							</Anchor>
						</Anchors>
					</Frame>
					<Frame name="$parentCD2" inherits="UIDropDownMenuTemplate">
						<Anchors>
							<Anchor point="LEFT" relativeTo="$parentCD1" relativePoint="RIGHT">
								<Offset>
									<AbsDimension x="-10" y="0"/>
								</Offset>
							</Anchor>
						</Anchors>
					</Frame>
					<Frame name="$parentCD3" inherits="UIDropDownMenuTemplate">
						<Anchors>
							<Anchor point="TOP" relativeTo="$parentCD1" relativePoint="BOTTOM">
								<Offset>
									<AbsDimension x="0" y="-10"/>
								</Offset>
							</Anchor>
						</Anchors>
					</Frame>
					<Frame name="$parentCD4" inherits="UIDropDownMenuTemplate">
						<Anchors>
							<Anchor point="LEFT" relativeTo="$parentCD3" relativePoint="RIGHT">
								<Offset>
									<AbsDimension x="-10" y="0"/>
								</Offset>
							</Anchor>
						</Anchors>
					</Frame>
					<Frame name="$parentCD5" inherits="UIDropDownMenuTemplate">
						<Anchors>
							<Anchor point="TOP" relativeTo="$parentCD3" relativePoint="BOTTOM">
								<Offset>
									<AbsDimension x="0" y="-10"/>
								</Offset>
							</Anchor>
						</Anchors>
					</Frame>
					<Frame name="$parentCD6" inherits="UIDropDownMenuTemplate">
						<Anchors>
							<Anchor point="LEFT" relativeTo="$parentCD5" relativePoint="RIGHT">
								<Offset>
									<AbsDimension x="-10" y="0"/>
								</Offset>
							</Anchor>
						</Anchors>
					</Frame>
					<Frame name="$parentCD7" inherits="UIDropDownMenuTemplate">
						<Anchors>
							<Anchor point="TOP" relativeTo="$parentCD5" relativePoint="BOTTOM">
								<Offset>
									<AbsDimension x="0" y="-10"/>
								</Offset>
							</Anchor>
						</Anchors>
					</Frame>
					<Frame name="$parentCD8" inherits="UIDropDownMenuTemplate">
						<Anchors>
							<Anchor point="LEFT" relativeTo="$parentCD7" relativePoint="RIGHT">
								<Offset>
									<AbsDimension x="-10" y="0"/>
								</Offset>
							</Anchor>
						</Anchors>
					</Frame>
					<Frame name="$parentCD9" inherits="UIDropDownMenuTemplate">
						<Anchors>
							<Anchor point="TOP" relativeTo="$parentCD7" relativePoint="BOTTOM">
								<Offset>
									<AbsDimension x="0" y="-10"/>
								</Offset>
							</Anchor>
						</Anchors>
					</Frame>
					<Frame name="$parentCD10" inherits="UIDropDownMenuTemplate">
						<Anchors>
							<Anchor point="LEFT" relativeTo="$parentCD9" relativePoint="RIGHT">
								<Offset>
									<AbsDimension x="-10" y="0"/>
								</Offset>
							</Anchor>
						</Anchors>
					</Frame>
					<Frame name="$parentCD11" inherits="UIDropDownMenuTemplate">
						<Anchors>
							<Anchor point="TOP" relativeTo="$parentCD9" relativePoint="BOTTOM">
								<Offset>
									<AbsDimension x="0" y="-10"/>
								</Offset>
							</Anchor>
						</Anchors>
					</Frame>
					<Frame name="$parentCD12" inherits="UIDropDownMenuTemplate">
						<Anchors>
							<Anchor point="LEFT" relativeTo="$parentCD11" relativePoint="RIGHT">
								<Offset>
									<AbsDimension x="-10" y="0"/>
								</Offset>
							</Anchor>
						</Anchors>
					</Frame>
					<Frame name="$parentCD13" inherits="UIDropDownMenuTemplate">
						<Anchors>
							<Anchor point="TOP" relativeTo="$parentCD11" relativePoint="BOTTOM">
								<Offset>
									<AbsDimension x="0" y="-10"/>
								</Offset>
							</Anchor>
						</Anchors>
					</Frame>
					<Frame name="$parentCD14" inherits="UIDropDownMenuTemplate">
						<Anchors>
							<Anchor point="LEFT" relativeTo="$parentCD13" relativePoint="RIGHT">
								<Offset>
									<AbsDimension x="-10" y="0"/>
								</Offset>
							</Anchor>
						</Anchors>
					</Frame>
					<Frame name="$parentCD15" inherits="UIDropDownMenuTemplate">
						<Anchors>
							<Anchor point="TOP" relativeTo="$parentCD13" relativePoint="BOTTOM">
								<Offset>
									<AbsDimension x="0" y="-10"/>
								</Offset>
							</Anchor>
						</Anchors>
					</Frame>
					<Frame name="$parentCD16" inherits="UIDropDownMenuTemplate">
						<Anchors>
							<Anchor point="LEFT" relativeTo="$parentCD15" relativePoint="RIGHT">
								<Offset>
									<AbsDimension x="-10" y="0"/>
								</Offset>
							</Anchor>
						</Anchors>
					</Frame>
				</Frames>
			</Frame>
			<CheckButton name="$parentShowBagCooldown" inherits="HintOptionsCheckButtonTemplate" checked="true">
				<Anchors>
					<Anchor point="TOPLEFT" relativePoint="TOPLEFT">
						<Offset>
							<AbsDimension x="20" y="-445" />
						</Offset>
						
					</Anchor>
				</Anchors>
				<Layers>
					<Layer>
						<FontString name="$parentName" inherits="GameFontNormal" text="CHHT_MISC_CDW_BAG">
		                 			<Anchors>
		                    				<Anchor point="LEFT" relativePoint="RIGHT" />
       							</Anchors>
							<Color r="1" g="1" b="1" />
						</FontString>
					</Layer>
				</Layers>
				<Scripts>
					<OnLoad>
						CHH_HintOptionCheckBoxLoad( 'showBagCooldown' );
					</OnLoad>
				</Scripts>
			</CheckButton>
		</Frames>
	</Frame>

	<!-- ##################################################################################################################################### -->
	<!-- # OVERHEALING                                                                                                                       # -->
	<!-- ##################################################################################################################################### -->

	<Frame name="CHH_OverhealOptionsTemplate" virtual="true">
		<Size>
			<AbsDimension x="180" y="180"/>
		</Size>
		<Layers>
			<Layer level="ARTWORK">
				<FontString name="$parentTitleText" inherits="GameFontNormal" text="Title">
					<Anchors>
						<Anchor point="TOP" relativePoint="TOP">
							<Offset>
								<AbsDimension x="0" y="-10" />
							</Offset>
						</Anchor>
					</Anchors>
				</FontString>
			</Layer>
		</Layers>
		<Frames>
			<Slider name="$parentStart" inherits="OptionsSliderTemplate">
				<Size>
					<AbsDimension x="160" y="16"/>
				</Size>
				<Anchors>
					<Anchor point="TOPLEFT" relativePoint="TOPLEFT">
						<Offset>
							<AbsDimension x="10" y="-50"/>
						</Offset>
					</Anchor>
				</Anchors>
				<Scripts>
					<OnLoad>
						getglobal(this:GetName().."Text"):SetText("Health Percent");
						getglobal(this:GetName().."High"):SetText("100%");
						getglobal(this:GetName().."Low"):SetText("0%");
						this:SetMinMaxValues(0,100);
						this:SetValueStep(1);
					</OnLoad>
					<OnValueChanged>
						CHH_ConfigOverhealStartClicked( this:GetParent().actionIndex );
					</OnValueChanged>
				</Scripts>
			</Slider>
			<Slider name="$parentClickAbortPercentage" inherits="OptionsSliderTemplate">
				<Size>
					<AbsDimension x="160" y="16"/>
				</Size>
				<Anchors>
					<Anchor point="TOPLEFT" relativePoint="TOPLEFT">
						<Offset>
							<AbsDimension x="10" y="-85"/>
						</Offset>
					</Anchor>
				</Anchors>
				<Scripts>
					<OnLoad>
						getglobal(this:GetName().."Text"):SetText("Health Percent");
						getglobal(this:GetName().."High"):SetText( CHHT_LABEL_NEVER );
						getglobal(this:GetName().."Low"):SetText( CHHT_LABEL_ALWAYS );
						this:SetMinMaxValues(0,101);
						this:SetValueStep(1);
					</OnLoad>
					<OnValueChanged>
						CHH_ConfigOverhealClickAbortPercentageClicked( this:GetParent().actionIndex );
					</OnValueChanged>
				</Scripts>
			</Slider>
			<Slider name="$parentLomDowngradeRanks" inherits="OptionsSliderTemplate">
				<Size>
					<AbsDimension x="160" y="16"/>
				</Size>
				<Anchors>
					<Anchor point="TOPLEFT" relativePoint="TOPLEFT">
						<Offset>
							<AbsDimension x="10" y="-120"/>
						</Offset>
					</Anchor>
				</Anchors>
				<Scripts>
					<OnLoad>
						getglobal(this:GetName().."Text"):SetText("n ranks");
						getglobal(this:GetName().."High"):SetText(CHHT_MISC_OVERHEAL_LOM_MAX);
						getglobal(this:GetName().."Low"):SetText(CHHT_MISC_OVERHEAL_LOM_NONE);
						this:SetMinMaxValues(0,15);
						this:SetValueStep(1);
					</OnLoad>
					<OnValueChanged>
						CHH_ConfigOverhealLomDowngradeRanksClicked( this:GetParent().actionIndex );
					</OnValueChanged>
				</Scripts>
			</Slider>
			<CheckButton name="$parentDowngrade" inherits="OptionsCheckButtonTemplate" checked="true">
				<Anchors>
					<Anchor point="TOPLEFT" relativePoint="TOPLEFT">
						<Offset>
							<AbsDimension x="10" y="-155" />
						</Offset>
						
					</Anchor>
				</Anchors>
				<Scripts>
					<OnClick>
						CHH_ConfigOverhealDowngradeClicked( this:GetParent().actionIndex );
					</OnClick>
				</Scripts>
			</CheckButton>
			<CheckButton name="$parentCombatDowngrade" inherits="OptionsCheckButtonTemplate" checked="true">
				<Anchors>
					<Anchor point="TOPLEFT" relativePoint="TOPLEFT">
						<Offset>
							<AbsDimension x="10" y="-190" />
						</Offset>
						
					</Anchor>
				</Anchors>
				<Scripts>
					<OnClick>
						CHH_ConfigOverhealCombatDowngradeClicked( this:GetParent().actionIndex );
					</OnClick>
				</Scripts>
			</CheckButton>
			<Slider name="$parentDPSCheck" inherits="OptionsSliderTemplate">
				<Size>
					<AbsDimension x="160" y="16"/>
				</Size>
				<Anchors>
					<Anchor point="TOPLEFT" relativePoint="TOPLEFT">
						<Offset>
							<AbsDimension x="10" y="-230"/>
						</Offset>
					</Anchor>
				</Anchors>
				<Scripts>
					<OnLoad>
						getglobal(this:GetName().."Text"):SetText("hit n seconds ago");
						getglobal(this:GetName().."High"):SetText(CHHT_LABEL_ALWAYS);
						getglobal(this:GetName().."Low"):SetText(CHHT_LABEL_NEVER);
						this:SetMinMaxValues(0,10);
						this:SetValueStep(1);
					</OnLoad>
					<OnValueChanged>
						CHH_ConfigOverhealDPSCheckClicked( this:GetParent().actionIndex );
					</OnValueChanged>
				</Scripts>
			</Slider>
			<Slider name="$parentHealAvg" inherits="OptionsSliderTemplate">
				<Size>
					<AbsDimension x="160" y="16"/>
				</Size>
				<Anchors>
					<Anchor point="TOPLEFT" relativePoint="TOPLEFT">
						<Offset>
							<AbsDimension x="10" y="-265"/>
						</Offset>
					</Anchor>
				</Anchors>
				<Scripts>
					<OnLoad>
						getglobal(this:GetName().."Text"):SetText("heal potential");
						getglobal(this:GetName().."High"):SetText(CHHT_LABEL_MAX);
						getglobal(this:GetName().."Low"):SetText(CHHT_LABEL_MIN);
						this:SetMinMaxValues(0,100);
						this:SetValueStep(1);
					</OnLoad>
					<OnValueChanged>
						CHH_ConfigOverhealHealAvgClicked( this:GetParent().actionIndex );
					</OnValueChanged>
				</Scripts>
			</Slider>
			<Slider name="$parentHot" inherits="OptionsSliderTemplate">
				<Size>
					<AbsDimension x="160" y="16"/>
				</Size>
				<Anchors>
					<Anchor point="TOPLEFT" relativePoint="TOPLEFT">
						<Offset>
							<AbsDimension x="10" y="-300"/>
						</Offset>
					</Anchor>
				</Anchors>
				<Scripts>
					<OnLoad>
						getglobal(this:GetName().."Text"):SetText("HOT percentage");
						getglobal(this:GetName().."High"):SetText("100%");
						getglobal(this:GetName().."Low"):SetText("0%");
						this:SetMinMaxValues(0,100);
						this:SetValueStep(1);
					</OnLoad>
					<OnValueChanged>
						CHH_ConfigOverhealHotClicked( this:GetParent().actionIndex );
					</OnValueChanged>
				</Scripts>
			</Slider>
			<Slider name="$parentModifyTotalPerc" inherits="OptionsSliderTemplate">
				<Size>
					<AbsDimension x="160" y="16"/>
				</Size>
				<Anchors>
					<Anchor point="TOPLEFT" relativePoint="TOPLEFT">
						<Offset>
							<AbsDimension x="10" y="-335"/>
						</Offset>
					</Anchor>
				</Anchors>
				<Scripts>
					<OnLoad>
						getglobal(this:GetName().."Text"):SetText("modify result: ");
						getglobal(this:GetName().."High"):SetText("200%");
						getglobal(this:GetName().."Low"):SetText("10%");
						this:SetMinMaxValues(10,200);
						this:SetValueStep(5);
					</OnLoad>
					<OnValueChanged>
						CHH_ConfigOverhealModifyTotalPercClicked( this:GetParent().actionIndex );
					</OnValueChanged>
				</Scripts>
			</Slider>
			<Slider name="$parentOverhealAllowance" inherits="OptionsSliderTemplate">
				<Size>
					<AbsDimension x="160" y="16"/>
				</Size>
				<Anchors>
					<Anchor point="TOPLEFT" relativePoint="TOPLEFT">
						<Offset>
							<AbsDimension x="10" y="-370"/>
						</Offset>
					</Anchor>
				</Anchors>
				<Scripts>
					<OnLoad>
						getglobal(this:GetName().."Text"):SetText("overheal allowance: ");
						getglobal(this:GetName().."High"):SetText("100%");
						getglobal(this:GetName().."Low"):SetText("0%");
						this:SetMinMaxValues(0,100);
						this:SetValueStep(1);
					</OnLoad>
					<OnValueChanged>
						CHH_ConfigOverhealOverhealAllowance( this:GetParent().actionIndex );
					</OnValueChanged>
				</Scripts>
			</Slider>
		</Frames>
	</Frame>

	<Frame name="CHH_ConfigOverhealFrameTemplate" inherits="CHH_ContentTemplate" virtual="true">
		<Anchors>
			<Anchor point="TOPLEFT" relativePoint="TOPLEFT">
				<Offset>
					<AbsDimension x="10" y="-10"/>
				</Offset>
			</Anchor>
			<Anchor point="BOTTOMRIGHT" relativePoint="BOTTOMRIGHT">
				<Offset>
					<AbsDimension x="-10" y="40"/>
				</Offset>
			</Anchor>
		</Anchors>
		<Layers>
			<Layer level="ARTWORK">
				<FontString name="$parentStartMyText" inherits="GameFontNormal" justifyH="RIGHT" text="CHHT_MISC_OVERHEAL_COMBAT">
					<Anchors>
						<Anchor point="TOPRIGHT" relativePoint="TOP">
							<Offset>
								<AbsDimension x="-60" y="-50" />
							</Offset>
						</Anchor>
						<Anchor point="BOTTOMLEFT" relativePoint="TOPLEFT">
							<Offset>
								<AbsDimension x="10" y="-85" />
							</Offset>
						</Anchor>
					</Anchors>
					<Color r="1" g="1" b="1" />
				</FontString>
				<FontString name="$parentClickAbortPercentageMyText" inherits="GameFontNormal" justifyH="RIGHT" text="CHHT_MISC_OVERHEAL_CLICK_ABORT_PERC">
					<Anchors>
						<Anchor point="TOPRIGHT" relativePoint="TOP">
							<Offset>
								<AbsDimension x="-60" y="-85" />
							</Offset>
						</Anchor>
						<Anchor point="BOTTOMLEFT" relativePoint="TOPLEFT">
							<Offset>
								<AbsDimension x="10" y="-120" />
							</Offset>
						</Anchor>
					</Anchors>
					<Color r="1" g="1" b="1" />
				</FontString>
				<FontString name="$parentLomDowngradeMyText" inherits="GameFontNormal" justifyH="RIGHT" text="CHHT_MISC_OVERHEAL_LOM_DOWNSCALE">
					<Anchors>
						<Anchor point="TOPRIGHT" relativePoint="TOP">
							<Offset>
								<AbsDimension x="-60" y="-120" />
							</Offset>
						</Anchor>
						<Anchor point="BOTTOMLEFT" relativePoint="TOPLEFT">
							<Offset>
								<AbsDimension x="10" y="-145" />
							</Offset>
						</Anchor>
					</Anchors>
					<Color r="1" g="1" b="1" />
				</FontString>
				<FontString name="$parentDowngradeMyText" inherits="GameFontNormal" justifyH="RIGHT" text="CHHT_MISC_OVERHEAL_NOCOMBAT">
					<Anchors>
						<Anchor point="TOPRIGHT" relativePoint="TOP">
							<Offset>
								<AbsDimension x="-60" y="-160" />
							</Offset>
						</Anchor>
						<Anchor point="BOTTOMLEFT" relativePoint="TOPLEFT">
							<Offset>
								<AbsDimension x="10" y="-195" />
							</Offset>
						</Anchor>
					</Anchors>
					<Color r="1" g="1" b="1" />
				</FontString>
				<FontString name="$parentCombatDowngradeMyText" inherits="GameFontNormal" justifyH="RIGHT" text="CHHT_MISC_OVERHEAL_DOWNSCALE">
					<Anchors>
						<Anchor point="TOPRIGHT" relativePoint="TOP">
							<Offset>
								<AbsDimension x="-60" y="-195" />
							</Offset>
						</Anchor>
						<Anchor point="BOTTOMLEFT" relativePoint="TOPLEFT">
							<Offset>
								<AbsDimension x="10" y="-230" />
							</Offset>
						</Anchor>
					</Anchors>
					<Color r="1" g="1" b="1" />
				</FontString>
				<FontString name="$parentDPSCheckMyText" inherits="GameFontNormal" justifyH="RIGHT" text="CHHT_MISC_OVERHEAL_DPSCHECK">
					<Anchors>
						<Anchor point="TOPRIGHT" relativePoint="TOP">
							<Offset>
								<AbsDimension x="-60" y="-230" />
							</Offset>
						</Anchor>
						<Anchor point="BOTTOMLEFT" relativePoint="TOPLEFT">
							<Offset>
								<AbsDimension x="10" y="-265" />
							</Offset>
						</Anchor>
					</Anchors>
					<Color r="1" g="1" b="1" />
				</FontString>
				<FontString name="$parentHealAvgMyText" inherits="GameFontNormal" justifyH="RIGHT" text="CHHT_MISC_OVERHEAL_BASE">
					<Anchors>
						<Anchor point="TOPRIGHT" relativePoint="TOP">
							<Offset>
								<AbsDimension x="-60" y="-265" />
							</Offset>
						</Anchor>
						<Anchor point="BOTTOMLEFT" relativePoint="TOPLEFT">
							<Offset>
								<AbsDimension x="10" y="-300" />
							</Offset>
						</Anchor>
					</Anchors>
					<Color r="1" g="1" b="1" />
				</FontString>
				<FontString name="$parentHotMyText" inherits="GameFontNormal" justifyH="RIGHT" text="CHHT_MISC_OVERHEAL_HOT">
					<Anchors>
						<Anchor point="TOPRIGHT" relativePoint="TOP">
							<Offset>
								<AbsDimension x="-60" y="-300" />
							</Offset>
						</Anchor>
						<Anchor point="BOTTOMLEFT" relativePoint="TOPLEFT">
							<Offset>
								<AbsDimension x="10" y="-335" />
							</Offset>
						</Anchor>
					</Anchors>
					<Color r="1" g="1" b="1" />
				</FontString>
				<FontString name="$parentModifyTotalPercMyText" inherits="GameFontNormal" justifyH="RIGHT" text="CHHT_MISC_OVERHEAL_MODIFY_TOTAL_PERC">
					<Anchors>
						<Anchor point="TOPRIGHT" relativePoint="TOP">
							<Offset>
								<AbsDimension x="-60" y="-335" />
							</Offset>
						</Anchor>
						<Anchor point="BOTTOMLEFT" relativePoint="TOPLEFT">
							<Offset>
								<AbsDimension x="10" y="-370" />
							</Offset>
						</Anchor>
					</Anchors>
					<Color r="1" g="1" b="1" />
				</FontString>
				<FontString name="$parentOverhealAllowanceMyText" inherits="GameFontNormal" justifyH="RIGHT" text="CHHT_MISC_OVERHEAL_OVERHEAL_ALLOWANCE">
					<Anchors>
						<Anchor point="TOPRIGHT" relativePoint="TOP">
							<Offset>
								<AbsDimension x="-60" y="-370" />
							</Offset>
						</Anchor>
						<Anchor point="BOTTOMLEFT" relativePoint="TOPLEFT">
							<Offset>
								<AbsDimension x="10" y="-405" />
							</Offset>
						</Anchor>
					</Anchors>
					<Color r="1" g="1" b="1" />
				</FontString>
				<FontString name="$parentFormulaQUICKTitle" inherits="GameFontNormal" justifyH="RIGHT" text="CHHT_MISC_OVERHEAL_FORMULA_QUICK">
					<Anchors>
						<Anchor point="TOPLEFT" relativePoint="TOPLEFT">
							<Offset>
								<AbsDimension x="20" y="-440" />
							</Offset>
						</Anchor>
						<Anchor point="BOTTOMRIGHT" relativePoint="TOPLEFT">
							<Offset>
								<AbsDimension x="140" y="-460" />
							</Offset>
						</Anchor>
					</Anchors>
					<Color r="1" g="1" b="1" />
				</FontString>
				<FontString name="$parentFormulaQUICK" inherits="GameFontNormal" justifyH="LEFT" text="a+b=c">
					<Anchors>
						<Anchor point="TOPLEFT" relativePoint="TOPLEFT">
							<Offset>
								<AbsDimension x="150" y="-440" />
							</Offset>
						</Anchor>
						<Anchor point="BOTTOMRIGHT" relativePoint="TOPRIGHT">
							<Offset>
								<AbsDimension x="-10" y="-460" />
							</Offset>
						</Anchor>
					</Anchors>
					<Color r="1" g="1" b="1" />
				</FontString>
				<FontString name="$parentFormulaSLOWTitle" inherits="GameFontNormal" justifyH="RIGHT" text="CHHT_MISC_OVERHEAL_FORMULA_SLOW">
					<Anchors>
						<Anchor point="TOPLEFT" relativePoint="TOPLEFT">
							<Offset>
								<AbsDimension x="20" y="-460" />
							</Offset>
						</Anchor>
						<Anchor point="BOTTOMRIGHT" relativePoint="TOPLEFT">
							<Offset>
								<AbsDimension x="140" y="-480" />
							</Offset>
						</Anchor>
					</Anchors>
					<Color r="1" g="1" b="1" />
				</FontString>
				<FontString name="$parentFormulaSLOW" inherits="GameFontNormal" justifyH="LEFT" text="a+b=c">
					<Anchors>
						<Anchor point="TOPLEFT" relativePoint="TOPLEFT">
							<Offset>
								<AbsDimension x="150" y="-460" />
							</Offset>
						</Anchor>
						<Anchor point="BOTTOMRIGHT" relativePoint="TOPRIGHT">
							<Offset>
								<AbsDimension x="-10" y="-480" />
							</Offset>
						</Anchor>
					</Anchors>
					<Color r="1" g="1" b="1" />
				</FontString>
			</Layer>
		</Layers>
		<Frames>
			<Frame name="$parentQUICK" inherits="CHH_OverhealOptionsTemplate">
				<Anchors>
					<Anchor point="TOPLEFT" relativePoint="TOPLEFT">
						<Offset>
							<AbsDimension x="300" y="-10"/>
						</Offset>
					</Anchor>
				</Anchors>
				<Scripts>
					<OnLoad>
						this.actionIndex = 'QUICK';
						getglobal( this:GetName().."TitleText" ):SetText( CHHT_MISC_OVERHEAL_QUICK );
					</OnLoad>
				</Scripts>
			</Frame>
			<Frame name="$parentSLOW" inherits="CHH_OverhealOptionsTemplate">
				<Anchors>
					<Anchor point="LEFT" relativeTo="$parentQUICK" relativePoint="RIGHT" />
				</Anchors>
				<Scripts>
					<OnLoad>
						this.actionIndex = 'SLOW';
						getglobal( this:GetName().."TitleText" ):SetText( CHHT_MISC_OVERHEAL_SLOW );
					</OnLoad>
				</Scripts>
			</Frame>
			<CheckButton name="$parentIncludeEquipHealBonus" inherits="HintOptionsCheckButtonTemplate" checked="true">
				<Anchors>
					<Anchor point="TOPLEFT" relativePoint="TOPLEFT">
						<Offset>
							<AbsDimension x="20" y="-400" />
						</Offset>
						
					</Anchor>
				</Anchors>
				<Layers>
					<Layer>
						<FontString name="$parentName" inherits="GameFontNormal" text="CHHT_MISC_OVERHEAL_GEAR">
		                 			<Anchors>
		                    				<Anchor point="LEFT" relativePoint="RIGHT" />
       							</Anchors>
							<Color r="1" g="1" b="1" />
						</FontString>
					</Layer>
				</Layers>
				<Scripts>
					<OnLoad>
						CHH_HintOptionCheckBoxLoad( 'includeEquipHealBonus');
						CHH_HintOptionCheckBoxSetPostClickFunc( CHH_ConfigOverhealEquipHealBonusPostClick );
					</OnLoad>
				</Scripts>
			</CheckButton>
		</Frames>
	</Frame>

	<!-- ##################################################################################################################################### -->
	<!-- # CONFIG NOTIFY (1 and 2)                                                                                                           # -->
	<!-- ##################################################################################################################################### -->

	<!-- ===== Notify Hit ==================================================================================================================== -->
	<Frame name="CHH_ConfigNotifyHitFrameTemplate" inherits="CHH_FrameBoxTemplate" virtual="true">
		<Anchors>
			<Anchor point="TOPLEFT" relativePoint="TOPLEFT">
				<Offset>
					<AbsDimension x="0" y="0"/>
				</Offset>
			</Anchor>
			<Anchor point="BOTTOMRIGHT" relativePoint="TOPRIGHT">
				<Offset>
					<AbsDimension x="0" y="-260"/>
				</Offset>
			</Anchor>
		</Anchors>
		<Scripts>
			<OnLoad>
				getglobal(this:GetName()..'TitleText'):SetText( CHHT_MISC_NOTIFY_HIT );
				this:SetBackdropBorderColor(0.4, 0.4, 0.4);
				this:SetBackdropColor(0.15, 0.15, 0.15);
			</OnLoad>
		</Scripts>
		<Frames>
			<CheckButton name="$parentSound" inherits="HintOptionsCheckButtonTemplate" checked="true">
				<Anchors>
					<Anchor point="TOPLEFT" relativePoint="TOPLEFT">
						<Offset>
							<AbsDimension x="20" y="-40" />
						</Offset>
						
					</Anchor>
				</Anchors>
				<Layers>
					<Layer>
						<FontString name="$parentName" inherits="GameFontNormal" text="CHHT_MISC_NOTIFY_HIT_SOUND">
		                 			<Anchors>
		                    				<Anchor point="LEFT" relativePoint="RIGHT" />
       							</Anchors>
							<Color r="1" g="1" b="1" />
						</FontString>
					</Layer>
				</Layers>
				<Scripts>
					<OnLoad>
						CHH_HintOptionCheckBoxLoad( 'playerHitSound' );
					</OnLoad>
				</Scripts>
			</CheckButton>
			<Slider name="$parentSoundDelay" inherits="HintOptionsSliderTemplate">
				<Size>
					<AbsDimension x="160" y="16"/>
				</Size>
				<Anchors>
					<Anchor point="TOPLEFT" relativePoint="TOPLEFT">
						<Offset>
							<AbsDimension x="480" y="-50"/>
						</Offset>
					</Anchor>
				</Anchors>
				<Layers>
					<Layer>
						<FontString name="$parentName" inherits="GameFontNormal" text="CHHT_MISC_NOTIFY_HIT_SOUND_REPEAT">
		                 			<Anchors>
								<Anchor point="RIGHT" relativePoint="LEFT">
									<Offset>
										<AbsDimension x="-27" y="0"/>
									</Offset>
								</Anchor>
       							</Anchors>
							<Color r="1" g="1" b="1" />
						</FontString>
					</Layer>
				</Layers>
				<Scripts>
					<OnLoad>
						CHH_HintOptionSliderLoad( 'playerHitSoundDelay', 0, 61, 1, CHHT_LABEL_NEVER, CHHT_LABEL_ALWAYS, 
						                          CHHT_MISC_SECONDS_TITLE_FORMAT, CHHT_LABEL_NEVER, CHHT_LABEL_ALWAYS );
					</OnLoad>
				</Scripts>
			</Slider>
			<CheckButton name="$parentPlayeEmote" inherits="HintOptionsCheckButtonTemplate" checked="true">
				<Anchors>
					<Anchor point="TOPLEFT" relativePoint="TOPLEFT">
						<Offset>
							<AbsDimension x="20" y="-80" />
						</Offset>
						
					</Anchor>
				</Anchors>
				<Layers>
					<Layer>
		                		<FontString name="$parentName" inherits="GameFontNormal" text="CHHT_MISC_NOTIFY_HIT_ANNOUNCE_PLAY_EMOTE">
		                 			<Anchors>
		                    				<Anchor point="LEFT" relativePoint="RIGHT" />
       							</Anchors>
							<Color r="1" g="1" b="1" />
						</FontString>
					</Layer>
				</Layers>
				<Scripts>
					<OnLoad>
						CHH_HintOptionCheckBoxLoad( 'announceHitPlayEmote' );
					</OnLoad>
				</Scripts>
			</CheckButton>
			<CheckButton name="$parentParty" inherits="HintOptionsCheckButtonTemplate" checked="true">
				<Anchors>
					<Anchor point="TOPLEFT" relativePoint="TOPLEFT">
						<Offset>
							<AbsDimension x="20" y="-105" />
						</Offset>
						
					</Anchor>
				</Anchors>
				<Layers>
					<Layer>
		                		<FontString name="$parentName" inherits="GameFontNormal" text="CHHT_MISC_NOTIFY_HIT_ANNOUNCE_PARTY">
		                 			<Anchors>
		                    				<Anchor point="LEFT" relativePoint="RIGHT" />
       							</Anchors>
							<Color r="1" g="1" b="1" />
						</FontString>
					</Layer>
				</Layers>
				<Scripts>
					<OnLoad>
						CHH_HintOptionCheckBoxLoad( 'announceHitToParty' );
					</OnLoad>
				</Scripts>
			</CheckButton>
			<Slider name="$parentPartyHP" inherits="HintOptionsSliderTemplate">
				<Size>
					<AbsDimension x="160" y="16"/>
				</Size>
				<Anchors>
					<Anchor point="TOPLEFT" relativePoint="TOPLEFT">
						<Offset>
							<AbsDimension x="480" y="-90"/>
						</Offset>
					</Anchor>
				</Anchors>
				<Layers>
					<Layer>
						<FontString name="$parentName" inherits="GameFontNormal" text="CHHT_MISC_NOTIFY_HIT_HITPOINTS">
							<Size>
								<AbsDimension x="200" y="40"/>
							</Size>
		                 			<Anchors>
								<Anchor point="RIGHT" relativePoint="LEFT">
									<Offset>
										<AbsDimension x="-27" y="0"/>
									</Offset>
								</Anchor>
       							</Anchors>
							<Color r="1" g="1" b="1" />
						</FontString>
					</Layer>
				</Layers>
				<Scripts>
					<OnLoad>
						CHH_HintOptionSliderLoad( 'announceHitToPartyHP', 0, 100, 1, '0', '100', 
						                          CHHT_MISC_NOTIFY_HIT_HITPOINT_SLIDER_TITLE );
					</OnLoad>
				</Scripts>
			</Slider>
			<Slider name="$parentPartyHPFade" inherits="HintOptionsSliderTemplate">
				<Size>
					<AbsDimension x="160" y="16"/>
				</Size>
				<Anchors>
					<Anchor point="TOPLEFT" relativePoint="TOPLEFT">
						<Offset>
							<AbsDimension x="480" y="-130"/>
						</Offset>
					</Anchor>
				</Anchors>
				<Layers>
					<Layer>
						<FontString name="$parentName" inherits="GameFontNormal" text="CHHT_MISC_NOTIFY_HIT_HITPOINTS_FADE">
							<Size>
								<AbsDimension x="200" y="40"/>
							</Size>
		                 			<Anchors>
								<Anchor point="RIGHT" relativePoint="LEFT">
									<Offset>
										<AbsDimension x="-27" y="0"/>
									</Offset>
								</Anchor>
       							</Anchors>
							<Color r="1" g="1" b="1" />
						</FontString>
					</Layer>
				</Layers>
				<Scripts>
					<OnLoad>
						CHH_HintOptionSliderLoad( 'announceHitToPartyHPFade', 0, 100, 1, '0', '100', 
						                          CHHT_MISC_NOTIFY_HIT_HITPOINT_SLIDER_TITLE );
					</OnLoad>
				</Scripts>
			</Slider>
			<Slider name="$parentPartyDelay" inherits="HintOptionsSliderTemplate">
				<Size>
					<AbsDimension x="160" y="16"/>
				</Size>
				<Anchors>
					<Anchor point="TOPLEFT" relativePoint="TOPLEFT">
						<Offset>
							<AbsDimension x="480" y="-170"/>
						</Offset>
					</Anchor>
				</Anchors>
				<Layers>
					<Layer>
						<FontString name="$parentName" inherits="GameFontNormal" text="CHHT_MISC_NOTIFY_HIT_REPEAT">
		                 			<Anchors>
								<Anchor point="RIGHT" relativePoint="LEFT">
									<Offset>
										<AbsDimension x="-27" y="0"/>
									</Offset>
								</Anchor>
       							</Anchors>
							<Color r="1" g="1" b="1" />
						</FontString>
					</Layer>
				</Layers>
				<Scripts>
					<OnLoad>
						CHH_HintOptionSliderLoad( 'announceHitToPartyDelay', 0, 61, 1, CHHT_LABEL_NEVER, CHHT_LABEL_ALWAYS, 
									   CHHT_MISC_SECONDS_TITLE_FORMAT, CHHT_LABEL_NEVER, CHHT_LABEL_ALWAYS );
					</OnLoad>
				</Scripts>
			</Slider>
			<EditBox name="$parentPartyMsg" letters="200" inherits="HintEditBox">
				<Size>
					<AbsDimension x="120" y="32"></AbsDimension>
				</Size>
				<Anchors>
					<Anchor point="TOPLEFT" relativePoint="TOPLEFT">
						<Offset>
							<AbsDimension x="480" y="-210"></AbsDimension>
						</Offset>
					</Anchor>
				</Anchors>
				<Layers>
					<Layer level="BACKGROUND">
		                		<FontString name="$parentName" inherits="GameFontNormal" text="CHHT_MISC_NOTIFY_HIT_MSG">
		                 			<Anchors>
								<Anchor point="RIGHT" relativePoint="LEFT">
									<Offset>
										<AbsDimension x="-27" y="0"/>
									</Offset>
								</Anchor>
       							</Anchors>
							<Color r="1" g="1" b="1" />
						</FontString>
						<Texture file="Interface\ChatFrame\UI-ChatInputBorder-Left">
							<Size>
								<AbsDimension x="75" y="32"></AbsDimension>
							</Size>
							<Anchors>
								<Anchor point="LEFT">
									<Offset>
										<AbsDimension x="-10" y="0"></AbsDimension>
									</Offset>
								</Anchor>
							</Anchors>
							<TexCoords left="0" right="0.2" top="0" bottom="1.0"></TexCoords>
						</Texture>
						<Texture file="Interface\ChatFrame\UI-ChatInputBorder-Right">
							<Size>
								<AbsDimension x="75" y="32"></AbsDimension>
							</Size>
							<Anchors>
								<Anchor point="RIGHT">
									<Offset>
										<AbsDimension x="10" y="0"></AbsDimension>
									</Offset>
								</Anchor>
							</Anchors>
							<TexCoords left="0.7" right="1.0" top="0" bottom="1.0"></TexCoords>
						</Texture>
					</Layer>
				</Layers>
				<Scripts>
					<OnLoad>
						CHH_HintEditBoxLoad( 'announceHitToPartyMsg' );
					</OnLoad>
					<OnEnterPressed>
						CHH_ConfigNotifyHitPartyMsgClicked( );
					</OnEnterPressed>
					<OnTextChanged>
						CHH_ConfigNotifyHitPartyMsgClicked( );
					</OnTextChanged>
				</Scripts>
				<FontString inherits="GameFontNormal">
					<Color r="1" g="1" b="1" />
				</FontString>
			</EditBox>
		</Frames>
	</Frame>

	<!-- ===== Notify OOM (Out of mana) ====================================================================================================== -->
	<Frame name="CHH_ConfigNotifyOOMFrameTemplate" inherits="CHH_FrameBoxTemplate" virtual="true">
		<Anchors>
			<Anchor point="TOPLEFT" relativePoint="TOPLEFT">
				<Offset>
					<AbsDimension x="0" y="-265"/>
				</Offset>
			</Anchor>
			<Anchor point="BOTTOMRIGHT" relativePoint="TOPRIGHT">
				<Offset>
					<AbsDimension x="0" y="-400"/>
				</Offset>
			</Anchor>
		</Anchors>
		<Scripts>
			<OnLoad>
				getglobal(this:GetName()..'TitleText'):SetText( CHHT_MISC_NOTIFY_OOM );
				this:SetBackdropBorderColor(0.4, 0.4, 0.4);
				this:SetBackdropColor(0.15, 0.15, 0.15);
			</OnLoad>
		</Scripts>
		<Frames>
			<CheckButton name="$parentPlayEmote" inherits="HintOptionsCheckButtonTemplate" checked="true">
				<Anchors>
					<Anchor point="TOPLEFT" relativePoint="TOPLEFT">
						<Offset>
							<AbsDimension x="20" y="-20" />
						</Offset>
						
					</Anchor>
				</Anchors>
				<Layers>
					<Layer>
		                		<FontString name="$parentName" inherits="GameFontNormal" text="CHHT_MISC_NOTIFY_OOM_PLAY_EMOTE">
		                 			<Anchors>
		                    				<Anchor point="LEFT" relativePoint="RIGHT" />
       							</Anchors>
							<Color r="1" g="1" b="1" />
						</FontString>
					</Layer>
				</Layers>
				<Scripts>
					<OnLoad>
						CHH_HintOptionCheckBoxLoad( 'announceOOMPlayEmote' );
					</OnLoad>
				</Scripts>
			</CheckButton>
			<CheckButton name="$parentParty" inherits="HintOptionsCheckButtonTemplate" checked="true">
				<Anchors>
					<Anchor point="TOPLEFT" relativePoint="TOPLEFT">
						<Offset>
							<AbsDimension x="20" y="-45" />
						</Offset>
						
					</Anchor>
				</Anchors>
				<Layers>
					<Layer>
		                		<FontString name="$parentName" inherits="GameFontNormal" text="CHHT_MISC_NOTIFY_OOM_PARTY">
		                 			<Anchors>
		                    				<Anchor point="LEFT" relativePoint="RIGHT" />
       							</Anchors>
							<Color r="1" g="1" b="1" />
						</FontString>
					</Layer>
				</Layers>
				<Scripts>
					<OnLoad>
						CHH_HintOptionCheckBoxLoad( 'announceOOMToParty' );
					</OnLoad>
				</Scripts>
			</CheckButton>
			<CheckButton name="$parentRaid" inherits="HintOptionsCheckButtonTemplate" checked="true">
				<Anchors>
					<Anchor point="TOPLEFT" relativePoint="TOPLEFT">
						<Offset>
							<AbsDimension x="20" y="-70" />
						</Offset>
						
					</Anchor>
				</Anchors>
				<Layers>
					<Layer>
		                		<FontString name="$parentName" inherits="GameFontNormal" text="CHHT_MISC_NOTIFY_OOM_RAID">
		                 			<Anchors>
		                    				<Anchor point="LEFT" relativePoint="RIGHT" />
       							</Anchors>
							<Color r="1" g="1" b="1" />
						</FontString>
					</Layer>
				</Layers>
				<Scripts>
					<OnLoad>
						CHH_HintOptionCheckBoxLoad( 'announceOOMToRaid' );
					</OnLoad>
				</Scripts>
			</CheckButton>
			<CheckButton name="$parentCustomChannel" inherits="HintOptionsCheckButtonTemplate" checked="true">
				<Anchors>
					<Anchor point="TOPLEFT" relativePoint="TOPLEFT">
						<Offset>
							<AbsDimension x="20" y="-95" />
						</Offset>
						
					</Anchor>
				</Anchors>
				<Layers>
					<Layer>
		                		<FontString name="$parentName" inherits="GameFontNormal" text="CHHT_MISC_NOTIFY_OOM_CUSTOM_CHANNEL">
		                 			<Anchors>
		                    				<Anchor point="LEFT" relativePoint="RIGHT" />
       							</Anchors>
							<Color r="1" g="1" b="1" />
						</FontString>
					</Layer>
				</Layers>
				<Scripts>
					<OnLoad>
						CHH_HintOptionCheckBoxLoad( 'announceOOMToCustomChannel' );
					</OnLoad>
				</Scripts>
			</CheckButton>
			<Slider name="$parentPartyMana" inherits="HintOptionsSliderTemplate">
				<Size>
					<AbsDimension x="160" y="16"/>
				</Size>
				<Anchors>
					<Anchor point="TOPLEFT" relativePoint="TOPLEFT">
						<Offset>
							<AbsDimension x="480" y="-50"/>
						</Offset>
					</Anchor>
				</Anchors>
				<Layers>
					<Layer>
						<FontString name="$parentName" inherits="GameFontNormal" text="CHHT_MISC_NOTIFY_OOM_MANA">
							<Size>
								<AbsDimension x="200" y="40"/>
							</Size>
		                 			<Anchors>
								<Anchor point="RIGHT" relativePoint="LEFT">
									<Offset>
										<AbsDimension x="-27" y="0"/>
									</Offset>
								</Anchor>
       							</Anchors>
							<Color r="1" g="1" b="1" />
						</FontString>
					</Layer>
				</Layers>
				<Scripts>
					<OnLoad>
						CHH_HintOptionSliderLoad( 'announceOOMToPartyMana', 0, 100, 1, '0', '100', 
									   CHHT_MISC_NOTIFY_OOM_SLIDER_TITLE );
					</OnLoad>
				</Scripts>
			</Slider>
			<Slider name="$parentPartyDelay" inherits="HintOptionsSliderTemplate">
				<Size>
					<AbsDimension x="160" y="16"/>
				</Size>
				<Anchors>
					<Anchor point="TOPLEFT" relativePoint="TOPLEFT">
						<Offset>
							<AbsDimension x="480" y="-90"/>
						</Offset>
					</Anchor>
				</Anchors>
				<Layers>
					<Layer>
						<FontString name="$parentName" inherits="GameFontNormal" text="CHHT_MISC_NOTIFY_OOM_REPEAT">
		                 			<Anchors>
								<Anchor point="RIGHT" relativePoint="LEFT">
									<Offset>
										<AbsDimension x="-27" y="0"/>
									</Offset>
								</Anchor>
       							</Anchors>
							<Color r="1" g="1" b="1" />
						</FontString>
					</Layer>
				</Layers>
				<Scripts>
					<OnLoad>
						CHH_HintOptionSliderLoad( 'announceOOMToPartyDelay', 0, 61, 1, CHHT_LABEL_NEVER, CHHT_LABEL_ALWAYS, 
									   CHHT_MISC_SECONDS_TITLE_FORMAT, CHHT_LABEL_NEVER, CHHT_LABEL_ALWAYS );
					</OnLoad>
				</Scripts>
			</Slider>
		</Frames>
	</Frame>

	<!-- ===== Notify Custom Channel ========================================================================================================= -->
	<Frame name="CHH_ConfigNotifyCustomChannelFrameTemplate" inherits="CHH_FrameBoxTemplate" virtual="true">
		<Anchors>
			<Anchor point="TOPLEFT" relativePoint="TOPLEFT">
				<Offset>
					<AbsDimension x="0" y="-400"/>
				</Offset>
			</Anchor>
			<Anchor point="BOTTOMRIGHT" relativePoint="TOPRIGHT">
				<Offset>
					<AbsDimension x="0" y="-495"/>
				</Offset>
			</Anchor>
		</Anchors>
		<Scripts>
			<OnLoad>
				getglobal(this:GetName()..'TitleText'):SetText( CHHT_MISC_NOTIFY_CUSTOM_CHANNEL );
				this:SetBackdropBorderColor(0.4, 0.4, 0.4);
				this:SetBackdropColor(0.15, 0.15, 0.15);
			</OnLoad>
		</Scripts>
		<Layers>
			<Layer level="BACKGROUND">
                		<FontString name="$parentChatBoxMyText" inherits="GameFontNormal" justifyH="RIGHT" text="CHHT_MISC_NOTIFY_CUSTOM_CHANNEL_CHAT_BOX">
					<Size>
						<AbsDimension x="80" y="32"></AbsDimension>
					</Size>
                 			<Anchors>
						<Anchor point="TOPLEFT" relativePoint="TOPLEFT">
							<Offset>
								<AbsDimension x="430" y="-50"/>
							</Offset>
						</Anchor>
       					</Anchors>
					<Color r="1" g="1" b="1" />
				</FontString>
			</Layer>
		</Layers>
		<Frames>
			<EditBox name="$parentName" letters="200" inherits="HintEditBox">
				<Size>
					<AbsDimension x="120" y="32"></AbsDimension>
				</Size>
				<Anchors>
					<Anchor point="TOPLEFT" relativePoint="TOPLEFT">
						<Offset>
							<AbsDimension x="70" y="-50"></AbsDimension>
						</Offset>
					</Anchor>
				</Anchors>
				<Layers>
					<Layer level="BACKGROUND">
		                		<FontString name="$parentName" inherits="GameFontNormal" text="CHHT_MISC_NOTIFY_CUSTOM_CHANNEL_NAME">
		                 			<Anchors>
								<Anchor point="RIGHT" relativePoint="LEFT">
									<Offset>
										<AbsDimension x="-20" y="0"/>
									</Offset>
								</Anchor>
       							</Anchors>
							<Color r="1" g="1" b="1" />
						</FontString>
						<Texture file="Interface\ChatFrame\UI-ChatInputBorder-Left">
							<Size>
								<AbsDimension x="75" y="32"></AbsDimension>
							</Size>
							<Anchors>
								<Anchor point="LEFT">
									<Offset>
										<AbsDimension x="-10" y="0"></AbsDimension>
									</Offset>
								</Anchor>
							</Anchors>
							<TexCoords left="0" right="0.2" top="0" bottom="1.0"></TexCoords>
						</Texture>
						<Texture file="Interface\ChatFrame\UI-ChatInputBorder-Right">
							<Size>
								<AbsDimension x="75" y="32"></AbsDimension>
							</Size>
							<Anchors>
								<Anchor point="RIGHT">
									<Offset>
										<AbsDimension x="10" y="0"></AbsDimension>
									</Offset>
								</Anchor>
							</Anchors>
							<TexCoords left="0.7" right="1.0" top="0" bottom="1.0"></TexCoords>
						</Texture>
					</Layer>
				</Layers>
				<Scripts>
					<OnLoad>
						CHH_HintEditBoxLoad( 'notifyCustomChannelName' );
					</OnLoad>
					<OnEnterPressed>
						CHH_ConfigNotifyCustomChannelNameClicked( );
					</OnEnterPressed>
					<OnTextChanged>
						CHH_ConfigNotifyCustomChannelNameClicked( );
					</OnTextChanged>
				</Scripts>
				<FontString inherits="GameFontNormal">
					<Color r="1" g="1" b="1" />
				</FontString>
			</EditBox>
			<EditBox name="$parentPassword" letters="200" inherits="HintEditBox">
				<Size>
					<AbsDimension x="120" y="32"></AbsDimension>
				</Size>
				<Anchors>
					<Anchor point="TOPLEFT" relativePoint="TOPLEFT">
						<Offset>
							<AbsDimension x="300" y="-50"></AbsDimension>
						</Offset>
					</Anchor>
				</Anchors>
				<Layers>
					<Layer level="BACKGROUND">
		                		<FontString name="$parentName" inherits="GameFontNormal" text="CHHT_MISC_NOTIFY_CUSTOM_CHANNEL_PASSWORD">
		                 			<Anchors>
								<Anchor point="RIGHT" relativePoint="LEFT">
									<Offset>
										<AbsDimension x="-20" y="0"/>
									</Offset>
								</Anchor>
       							</Anchors>
							<Color r="1" g="1" b="1" />
						</FontString>
						<Texture file="Interface\ChatFrame\UI-ChatInputBorder-Left">
							<Size>
								<AbsDimension x="75" y="32"></AbsDimension>
							</Size>
							<Anchors>
								<Anchor point="LEFT">
									<Offset>
										<AbsDimension x="-10" y="0"></AbsDimension>
									</Offset>
								</Anchor>
							</Anchors>
							<TexCoords left="0" right="0.2" top="0" bottom="1.0"></TexCoords>
						</Texture>
						<Texture file="Interface\ChatFrame\UI-ChatInputBorder-Right">
							<Size>
								<AbsDimension x="75" y="32"></AbsDimension>
							</Size>
							<Anchors>
								<Anchor point="RIGHT">
									<Offset>
										<AbsDimension x="10" y="0"></AbsDimension>
									</Offset>
								</Anchor>
							</Anchors>
							<TexCoords left="0.7" right="1.0" top="0" bottom="1.0"></TexCoords>
						</Texture>
					</Layer>
				</Layers>
				<Scripts>
					<OnLoad>
						CHH_HintEditBoxLoad( 'notifyCustomChannelPassword' );
					</OnLoad>
					<OnEnterPressed>
						CHH_ConfigNotifyCustomChannelPasswordClicked( );
					</OnEnterPressed>
					<OnTextChanged>
						CHH_ConfigNotifyCustomChannelPasswordClicked( );
					</OnTextChanged>
				</Scripts>
				<FontString inherits="GameFontNormal">
					<Color r="1" g="1" b="1" />
				</FontString>
			</EditBox>
			<Frame name="$parentChatBox" inherits="HintDropDownMenuTemplate">
				<Anchors>
					<Anchor point="LEFT" relativeTo="$parentChatBoxMyText" relativePoint="RIGHT">
						<Offset>
							<AbsDimension x="0" y="0"/>
						</Offset>
					</Anchor>
				</Anchors>
				<Scripts>
					<OnLoad>
						CHH_HintDropDownLoad( 'notifyCustomChannelChatFrameName' );
					</OnLoad>
				</Scripts>
			</Frame>
		</Frames>
	</Frame>

	<!-- ===== Announce spell ================================================================================================================ -->
	<Frame name="CHH_MiscNotifySpellListEntryTemplate" virtual="true">
		<Size>
			<AbsDimension x="250" y="20" />
		</Size>
    		<Layers>
			<Layer level="BACKGROUND">
				<Texture name="$parentBackground" setAllpoints="true" hidden="true">
					<Anchors>
						<Anchor point="TOPLEFT" relativePoint="TOPLEFT">
							<Offset>
								<AbsDimension x="0" y="-6" />
							</Offset>
						</Anchor>
						<Anchor point="BOTTOMRIGHT" relativePoint="BOTTOMRIGHT">
							<Offset>
								<AbsDimension x="0" y="-5" />
							</Offset>
						</Anchor>
					</Anchors>
					<Color r="0.5" g="0.5" b="0.5" a="0.5"/>
				</Texture>
			</Layer>
		</Layers>
		<Frames>
			<CheckButton name="$parentCheckBox" inherits="OptionsCheckButtonTemplate" checked="true">
				<Anchors>
					<Anchor point="TOPLEFT" relativePoint="TOPLEFT">
						<Offset>
							<AbsDimension x="0" y="0" />
						</Offset>
					</Anchor>
				</Anchors>
				<Scripts>
					<OnClick>
						CHH_ConfigNotify2SpellListCheckBoxClicked( this:GetParent() );
					</OnClick>
				</Scripts>
			</CheckButton>
			<Frame>
				<Frames>
					<Button name="$parentButton" virtual="true">
						<Size>
							<AbsDimension x="220" y="20" />
						</Size>
						<Anchors>
							<Anchor point="LEFT" relativeTo="$parentCheckBox" relativePoint="RIGHT">
								<Offset>
									<AbsDimension x="0" y="0"/>
								</Offset>
							</Anchor>
						</Anchors>
						<Layers>
							<Layer level="BORDER">
								<FontString name="$parentLabel" inherits="GameFontHighlight" wraponspaces="false" justifyV="CENTER" justifyH="LEFT" text="MyModEntry"/>
							</Layer>
						</Layers>
						<Scripts>
							<OnClick>
								CHH_ConfigNotify2SpellListButtonClicked( this:GetParent():GetParent(), false );
							</OnClick>
						</Scripts>
					</Button>
				</Frames>
			</Frame>
		</Frames>
	</Frame>

	<Frame name="CHH_ConfigNotify2FrameTemplate" inherits="CHH_FrameBoxTemplate" virtual="true">
		<Anchors>
			<Anchor point="TOPLEFT" relativePoint="TOPLEFT">
				<Offset>
					<AbsDimension x="10" y="-10"/>
				</Offset>
			</Anchor>
			<Anchor point="BOTTOMRIGHT" relativePoint="BOTTOMRIGHT">
				<Offset>
					<AbsDimension x="-10" y="40"/>
				</Offset>
			</Anchor>
		</Anchors>
		<Layers>
			<Layer level="BORDER">
				<FontString name="$parentSpellName" inherits="GameFontNormal" wraponspaces="false" text="SpellName">
					<Anchors>
						<Anchor point="TOPLEFT" relativePoint="TOPLEFT">
							<Offset>
								<AbsDimension x="400" y="-50"/>
							</Offset>
						</Anchor>
					</Anchors>
				</FontString>
			</Layer>
		</Layers>
		<Scripts>
			<OnLoad>
				getglobal(this:GetName()..'TitleText'):SetText( CHHT_MISC_NOTIFY_SPELLCAST );
				this:SetBackdropBorderColor(0.4, 0.4, 0.4);
				this:SetBackdropColor(0.15, 0.15, 0.15);
			</OnLoad>
		</Scripts>
		<Frames>
			<CheckButton name="$parentSay" inherits="OptionsCheckButtonTemplate" checked="true">
				<Anchors>
					<Anchor point="TOPLEFT" relativePoint="TOPLEFT">
						<Offset>
							<AbsDimension x="400" y="-70" />
						</Offset>
						
					</Anchor>
				</Anchors>
				<Layers>
					<Layer>
		                		<FontString name="$parentName" inherits="GameFontNormal" text="CHHT_MISC_NOTIFY_SPELLCAST_SAY">
		                 			<Anchors>
		                    				<Anchor point="LEFT" relativePoint="RIGHT" />
       							</Anchors>
							<Color r="1" g="1" b="1" />
						</FontString>
					</Layer>
				</Layers>
				<Scripts>
					<OnClick>
						CHH_ConfigNotify2SpellListSettingClicked( 'say' );
					</OnClick>
				</Scripts>
			</CheckButton>
			<CheckButton name="$parentParty" inherits="OptionsCheckButtonTemplate" checked="true">
				<Anchors>
					<Anchor point="TOPLEFT" relativePoint="TOPLEFT">
						<Offset>
							<AbsDimension x="400" y="-100" />
						</Offset>
						
					</Anchor>
				</Anchors>
				<Layers>
					<Layer>
		                		<FontString name="$parentName" inherits="GameFontNormal" text="CHHT_MISC_NOTIFY_SPELLCAST_PARTY">
		                 			<Anchors>
		                    				<Anchor point="LEFT" relativePoint="RIGHT" />
       							</Anchors>
							<Color r="1" g="1" b="1" />
						</FontString>
					</Layer>
				</Layers>
				<Scripts>
					<OnClick>
						CHH_ConfigNotify2SpellListSettingClicked( 'party' );
					</OnClick>
				</Scripts>
			</CheckButton>
			<CheckButton name="$parentRaid" inherits="OptionsCheckButtonTemplate" checked="true">
				<Anchors>
					<Anchor point="TOPLEFT" relativePoint="TOPLEFT">
						<Offset>
							<AbsDimension x="400" y="-130" />
						</Offset>
						
					</Anchor>
				</Anchors>
				<Layers>
					<Layer>
		                		<FontString name="$parentName" inherits="GameFontNormal" text="CHHT_MISC_NOTIFY_SPELLCAST_RAID">
		                 			<Anchors>
		                    				<Anchor point="LEFT" relativePoint="RIGHT" />
       							</Anchors>
							<Color r="1" g="1" b="1" />
						</FontString>
					</Layer>
				</Layers>
				<Scripts>
					<OnClick>
						CHH_ConfigNotify2SpellListSettingClicked( 'raid' );
					</OnClick>
				</Scripts>
			</CheckButton>
			<CheckButton name="$parentTarget" inherits="OptionsCheckButtonTemplate" checked="true">
				<Anchors>
					<Anchor point="TOPLEFT" relativePoint="TOPLEFT">
						<Offset>
							<AbsDimension x="400" y="-160" />
						</Offset>
						
					</Anchor>
				</Anchors>
				<Layers>
					<Layer>
						<FontString name="$parentName" inherits="GameFontNormal" text="CHHT_MISC_NOTIFY_SPELLCAST_TELL">
		                 			<Anchors>
		                    				<Anchor point="LEFT" relativePoint="RIGHT" />
       							</Anchors>
							<Color r="1" g="1" b="1" />
						</FontString>
					</Layer>
				</Layers>
				<Scripts>
					<OnClick>
						CHH_ConfigNotify2SpellListSettingClicked( 'target' );
					</OnClick>
				</Scripts>
			</CheckButton>
			<CheckButton name="$parentCustomChannel" inherits="OptionsCheckButtonTemplate" checked="true">
				<Anchors>
					<Anchor point="TOPLEFT" relativePoint="TOPLEFT">
						<Offset>
							<AbsDimension x="400" y="-190" />
						</Offset>
						
					</Anchor>
				</Anchors>
				<Layers>
					<Layer>
						<FontString name="$parentName" inherits="GameFontNormal" text="CHHT_MISC_NOTIFY_SPELLCAST_CUSTOM_CHANNEL">
		                 			<Anchors>
		                    				<Anchor point="LEFT" relativePoint="RIGHT" />
       							</Anchors>
							<Color r="1" g="1" b="1" />
						</FontString>
					</Layer>
				</Layers>
				<Scripts>
					<OnClick>
						CHH_ConfigNotify2SpellListSettingClicked( 'customChannel' );
					</OnClick>
				</Scripts>
			</CheckButton>

			<Frame inherits="OptionFrameBoxTemplate">
				<Anchors>
					<Anchor point="TOPLEFT" relativePoint="TOPLEFT">
						<Offset>
							<AbsDimension x="20" y="-40" />
						</Offset>
					</Anchor>
					<Anchor point="BOTTOMRIGHT" relativePoint="BOTTOM">
						<Offset>
							<AbsDimension x="-50" y="30" />
						</Offset>
					</Anchor>
				</Anchors>
				<Scripts>
					<OnLoad>
						this:SetBackdropBorderColor(0.4, 0.4, 0.4);
						this:SetBackdropColor(0.15, 0.15, 0.15);
					</OnLoad>
				</Scripts>
				<Frames>
					<ScrollFrame name="$parentSpellList" inherits="FauxScrollFrameTemplate">
						<Anchors>
							<Anchor point="TOPLEFT" relativePoint="TOPLEFT">
								<Offset>
									<AbsDimension x="0" y="-10" />
								</Offset>
							</Anchor>
							<Anchor point="BOTTOMRIGHT" relativePoint="BOTTOMRIGHT">
								<Offset>
									<AbsDimension x="0" y="10" />
								</Offset>
							</Anchor>
						</Anchors>
						<Scripts>
							<OnVerticalScroll>
								FauxScrollFrame_OnVerticalScroll( 20, CHH_ConfigNotify2SpellListUpdate ); 
							</OnVerticalScroll>
							<OnShow>
								CHH_ConfigNotify2SpellListUpdate();
							</OnShow>
						</Scripts>
					</ScrollFrame>
					<Button name="$parentSpellListEntry1" inherits="CHH_MiscNotifySpellListEntryTemplate">
						<Anchors>
							<Anchor point="TOPLEFT" relativeTo="$parentSpellList" relativePoint="TOPLEFT">
								<Offset>
									<AbsDimension x="8" y="0"/>
								</Offset>
							</Anchor>
						</Anchors>
					</Button>
					<Button name="$parentSpellListEntry2" inherits="CHH_MiscNotifySpellListEntryTemplate">
						<Anchors>
							<Anchor point="TOPLEFT" relativeTo="$parentSpellListEntry1" relativePoint="BOTTOMLEFT"/>
						</Anchors>
					</Button>
					<Button name="$parentSpellListEntry3" inherits="CHH_MiscNotifySpellListEntryTemplate">
						<Anchors>
							<Anchor point="TOPLEFT" relativeTo="$parentSpellListEntry2" relativePoint="BOTTOMLEFT"/>
						</Anchors>
					</Button>
					<Button name="$parentSpellListEntry4" inherits="CHH_MiscNotifySpellListEntryTemplate">
						<Anchors>
							<Anchor point="TOPLEFT" relativeTo="$parentSpellListEntry3" relativePoint="BOTTOMLEFT"/>
						</Anchors>
					</Button>
					<Button name="$parentSpellListEntry5" inherits="CHH_MiscNotifySpellListEntryTemplate">
						<Anchors>
							<Anchor point="TOPLEFT" relativeTo="$parentSpellListEntry4" relativePoint="BOTTOMLEFT"/>
						</Anchors>
					</Button>
					<Button name="$parentSpellListEntry6" inherits="CHH_MiscNotifySpellListEntryTemplate">
						<Anchors>
							<Anchor point="TOPLEFT" relativeTo="$parentSpellListEntry5" relativePoint="BOTTOMLEFT"/>
						</Anchors>
					</Button>
					<Button name="$parentSpellListEntry7" inherits="CHH_MiscNotifySpellListEntryTemplate">
						<Anchors>
							<Anchor point="TOPLEFT" relativeTo="$parentSpellListEntry6" relativePoint="BOTTOMLEFT"/>
						</Anchors>
					</Button>
					<Button name="$parentSpellListEntry8" inherits="CHH_MiscNotifySpellListEntryTemplate">
						<Anchors>
							<Anchor point="TOPLEFT" relativeTo="$parentSpellListEntry7" relativePoint="BOTTOMLEFT"/>
						</Anchors>
					</Button>
					<Button name="$parentSpellListEntry9" inherits="CHH_MiscNotifySpellListEntryTemplate">
						<Anchors>
							<Anchor point="TOPLEFT" relativeTo="$parentSpellListEntry8" relativePoint="BOTTOMLEFT"/>
						</Anchors>
					</Button>
					<Button name="$parentSpellListEntry10" inherits="CHH_MiscNotifySpellListEntryTemplate">
						<Anchors>
							<Anchor point="TOPLEFT" relativeTo="$parentSpellListEntry9" relativePoint="BOTTOMLEFT"/>
						</Anchors>
					</Button>
					<Button name="$parentSpellListEntry11" inherits="CHH_MiscNotifySpellListEntryTemplate">
						<Anchors>
							<Anchor point="TOPLEFT" relativeTo="$parentSpellListEntry10" relativePoint="BOTTOMLEFT"/>
						</Anchors>
					</Button>
					<Button name="$parentSpellListEntry12" inherits="CHH_MiscNotifySpellListEntryTemplate">
						<Anchors>
							<Anchor point="TOPLEFT" relativeTo="$parentSpellListEntry11" relativePoint="BOTTOMLEFT"/>
						</Anchors>
					</Button>
					<Button name="$parentSpellListEntry13" inherits="CHH_MiscNotifySpellListEntryTemplate">
						<Anchors>
							<Anchor point="TOPLEFT" relativeTo="$parentSpellListEntry12" relativePoint="BOTTOMLEFT"/>
						</Anchors>
					</Button>
					<Button name="$parentSpellListEntry14" inherits="CHH_MiscNotifySpellListEntryTemplate">
						<Anchors>
							<Anchor point="TOPLEFT" relativeTo="$parentSpellListEntry13" relativePoint="BOTTOMLEFT"/>
						</Anchors>
					</Button>
					<Button name="$parentSpellListEntry15" inherits="CHH_MiscNotifySpellListEntryTemplate">
						<Anchors>
							<Anchor point="TOPLEFT" relativeTo="$parentSpellListEntry14" relativePoint="BOTTOMLEFT"/>
						</Anchors>
					</Button>
					<Button name="$parentSpellListEntry16" inherits="CHH_MiscNotifySpellListEntryTemplate">
						<Anchors>
							<Anchor point="TOPLEFT" relativeTo="$parentSpellListEntry15" relativePoint="BOTTOMLEFT"/>
						</Anchors>
					</Button>
					<Button name="$parentSpellListEntry17" inherits="CHH_MiscNotifySpellListEntryTemplate">
						<Anchors>
							<Anchor point="TOPLEFT" relativeTo="$parentSpellListEntry16" relativePoint="BOTTOMLEFT"/>
						</Anchors>
					</Button>
					<Button name="$parentSpellListEntry18" inherits="CHH_MiscNotifySpellListEntryTemplate">
						<Anchors>
							<Anchor point="TOPLEFT" relativeTo="$parentSpellListEntry17" relativePoint="BOTTOMLEFT"/>
						</Anchors>
					</Button>
					<Button name="$parentSpellListEntry19" inherits="CHH_MiscNotifySpellListEntryTemplate">
						<Anchors>
							<Anchor point="TOPLEFT" relativeTo="$parentSpellListEntry18" relativePoint="BOTTOMLEFT"/>
						</Anchors>
					</Button>
					<Button name="$parentSpellListEntry20" inherits="CHH_MiscNotifySpellListEntryTemplate">
						<Anchors>
							<Anchor point="TOPLEFT" relativeTo="$parentSpellListEntry19" relativePoint="BOTTOMLEFT"/>
						</Anchors>
					</Button>
				</Frames>
			</Frame>
		</Frames>
	</Frame>

	<!-- ===== Nofity Page 1 ================================================================================================================= -->
	<Frame name="CHH_ConfigNotifyFrameTemplate" virtual="true">
		<Anchors>
			<Anchor point="TOPLEFT" relativePoint="TOPLEFT">
				<Offset>
					<AbsDimension x="10" y="-10"/>
				</Offset>
			</Anchor>
			<Anchor point="BOTTOMRIGHT" relativePoint="BOTTOMRIGHT">
				<Offset>
					<AbsDimension x="-10" y="40"/>
				</Offset>
			</Anchor>
		</Anchors>
		<Frames>
			<Frame name="$parentHit" inherits="CHH_ConfigNotifyHitFrameTemplate" />
			<Frame name="$parentOOM" inherits="CHH_ConfigNotifyOOMFrameTemplate" />
			<Frame name="$parentCustomChannel" inherits="CHH_ConfigNotifyCustomChannelFrameTemplate" />
		</Frames>
	</Frame>

	<!-- ##################################################################################################################################### -->
	<!-- # CONFIG TAB                                                                                                                        # -->
	<!-- ##################################################################################################################################### -->

	<Frame name="CHH_ConfigTemplate" hidden="true" virtual="true">
		<Anchors>
			<Anchor point="TOPLEFT" relativePoint="TOPLEFT" />
			<Anchor point="BOTTOMRIGHT" relativePoint="BOTTOMRIGHT" />
		</Anchors>
		<Frames>
			<Frame name="$parentMisc" inherits="CHH_ConfigMiscFrameTemplate" hidden="true" />
			<Frame name="$parentPlugins" inherits="CHH_ConfigPluginsFrameTemplate" hidden="true" />
			<Frame name="$parentCombat" inherits="CHH_ConfigCombatFrameTemplate" hidden="true" />
			<Frame name="$parentCooldownWatch" inherits="CHH_ConfigCooldownWatchFrameTemplate" hidden="true" />
			<Frame name="$parentOverheal" inherits="CHH_ConfigOverhealFrameTemplate" hidden="true" />
			<Frame name="$parentNotify" inherits="CHH_ConfigNotifyFrameTemplate" hidden="true" />
			<Frame name="$parentNotify2" inherits="CHH_ConfigNotify2FrameTemplate" hidden="true" />

			<Button name="$parentPage1Button" inherits="OptionsButtonTemplate" text="CHHT_MISC_PAGE1">
				<Size>
					<AbsDimension x="60" y="21"/>
				</Size>
				<Anchors>
					<Anchor point="BOTTOMLEFT">
						<Offset>
							<AbsDimension x="20" y="16"/>
						</Offset>
					</Anchor>
				</Anchors>
				<Scripts>
					<OnClick>
						CHH_MiscPage();
					</OnClick>
				</Scripts>
			</Button>
			<Button name="$parentPage2Button" inherits="OptionsButtonTemplate" text="CHHT_MISC_PAGE2">
				<Size>
					<AbsDimension x="70" y="21"/>
				</Size>
				<Anchors>
					<Anchor point="LEFT" relativeTo="$parentPage1Button" relativePoint="RIGHT" />
				</Anchors>
				<Scripts>
					<OnClick>
						CHH_PluginsPage();
					</OnClick>
				</Scripts>
			</Button>
			<Button name="$parentPage3Button" inherits="OptionsButtonTemplate" text="CHHT_MISC_PAGE3">
				<Size>
					<AbsDimension x="80" y="21"/>
				</Size>
				<Anchors>
					<Anchor point="LEFT" relativeTo="$parentPage2Button" relativePoint="RIGHT" />
				</Anchors>
				<Scripts>
					<OnClick>
						CHH_CombatPage();
					</OnClick>
				</Scripts>
			</Button>
			<Button name="$parentPage4Button" inherits="OptionsButtonTemplate" text="CHHT_MISC_PAGE4">
				<Anchors>
					<Anchor point="LEFT" relativeTo="$parentPage3Button" relativePoint="RIGHT" />
				</Anchors>
				<Scripts>
					<OnClick>
						CHH_CooldownWatchPage();
					</OnClick>
				</Scripts>
			</Button>
			<Button name="$parentPage5Button" inherits="OptionsButtonTemplate" text="CHHT_MISC_PAGE5">
				<Size>
					<AbsDimension x="70" y="21"/>
				</Size>
				<Anchors>
					<Anchor point="LEFT" relativeTo="$parentPage4Button" relativePoint="RIGHT" />
				</Anchors>
				<Scripts>
					<OnClick>
						CHH_OverhealPage();
					</OnClick>
				</Scripts>
			</Button>
			<Button name="$parentPage6Button" inherits="OptionsButtonTemplate" text="CHHT_MISC_PAGE6">
				<Size>
					<AbsDimension x="70" y="21"/>
				</Size>
				<Anchors>
					<Anchor point="LEFT" relativeTo="$parentPage5Button" relativePoint="RIGHT" />
				</Anchors>
				<Scripts>
					<OnClick>
						CHH_NotifyPage();
					</OnClick>
				</Scripts>
			</Button>
			<Button name="$parentPage7Button" inherits="OptionsButtonTemplate" text="CHHT_MISC_PAGE7">
				<Size>
					<AbsDimension x="80" y="21"/>
				</Size>
				<Anchors>
					<Anchor point="LEFT" relativeTo="$parentPage6Button" relativePoint="RIGHT" />
				</Anchors>
				<Scripts>
					<OnClick>
						CHH_Notify2Page();
					</OnClick>
				</Scripts>
			</Button>

			<Button name="$parentResetButton" inherits="OptionsButtonTemplate" text="CHHT_LABEL_DEFAULTS">
				<Anchors>
					<Anchor point="BOTTOMRIGHT">
						<Offset>
							<AbsDimension x="-20" y="16"/>
						</Offset>
					</Anchor>
				</Anchors>
				<Scripts>
					<OnClick>
						CHH_ResetDefaults();
					</OnClick>
				</Scripts>
			</Button>
		</Frames>
	</Frame>

</Ui>
