<Ui xmlns="http://www.blizzard.com/wow/ui/" xmlns:xsi="http://www.w3.org/2001/XMLSchema-instance" xsi:schemaLocation="http://www.blizzard.com/wow/ui/">

	<!-- ##################################################################################################################################### -->
	<!-- # EXTENDED COMMON (at "bottom" of file because of "OnLoad" triggers!                                                                # -->
	<!-- ##################################################################################################################################### -->

	<!-- ===== Raid Groups ===================================================================================================== -->
	<Frame name="CHH_ExtendedRaidGroupsTemplate" inherits="CHH_FrameBoxTemplate" virtual="true">
		<Scripts>
			<OnShow>
				getglobal(this:GetName()..'TitleText'):SetText( CHHT_EXTENDED_RAID_GROUPS );
				this:SetBackdropBorderColor(0.4, 0.4, 0.4);
				this:SetBackdropColor(0.15, 0.15, 0.15);
			</OnShow>
		</Scripts>
		<Size>
			<AbsDimension x="280" y="155"/>
		</Size>
		<Frames>
			<CheckButton name="$parentRaidGroup1" inherits="HintOptionsCheckButtonTemplate" checked="true">
				<Anchors>
					<Anchor point="TOPLEFT" relativePoint="BOTTOMLEFT">
						<Offset>
							<AbsDimension x="10" y="115" />
						</Offset>
						
					</Anchor>
				</Anchors>
				<Layers>
					<Layer>
						<FontString name="$parentName" inherits="GameFontNormal" text="CHHT_EXTENDED_RAID_GROUP1">
	                 				<Anchors>
	                    					<Anchor point="LEFT" relativePoint="RIGHT" />
       							</Anchors>
							<Color r="1" g="1" b="1" />
						</FontString>
					</Layer>
				</Layers>
				<Scripts>
					<OnLoad>
						CHH_HintOptionCheckBoxLoad( 'Group1' );
						CHH_HintOptionCheckBoxSetPrepandKey( 'raid_group' );
					</OnLoad>
				</Scripts>
			</CheckButton>
			<CheckButton name="$parentRaidGroup2" inherits="HintOptionsCheckButtonTemplate" checked="true">
				<Anchors>
					<Anchor point="TOPLEFT" relativePoint="BOTTOMLEFT">
						<Offset>
							<AbsDimension x="150" y="115" />
						</Offset>
						
					</Anchor>
				</Anchors>
				<Layers>
					<Layer>
						<FontString name="$parentName" inherits="GameFontNormal" text="CHHT_EXTENDED_RAID_GROUP2">
	                 				<Anchors>
	                    					<Anchor point="LEFT" relativePoint="RIGHT" />
       							</Anchors>
							<Color r="1" g="1" b="1" />
						</FontString>
					</Layer>
				</Layers>
				<Scripts>
					<OnLoad>
						CHH_HintOptionCheckBoxLoad( 'Group2' );
						CHH_HintOptionCheckBoxSetPrepandKey( 'raid_group' );
					</OnLoad>
				</Scripts>
			</CheckButton>
			<CheckButton name="$parentRaidGroup3" inherits="HintOptionsCheckButtonTemplate" checked="true">
				<Anchors>
					<Anchor point="TOPLEFT" relativePoint="BOTTOMLEFT">
						<Offset>
							<AbsDimension x="10" y="90" />
						</Offset>
						
					</Anchor>
				</Anchors>
				<Layers>
					<Layer>
						<FontString name="$parentName" inherits="GameFontNormal" text="CHHT_EXTENDED_RAID_GROUP3">
	                 				<Anchors>
	                    					<Anchor point="LEFT" relativePoint="RIGHT" />
       							</Anchors>
							<Color r="1" g="1" b="1" />
						</FontString>
					</Layer>
				</Layers>
				<Scripts>
					<OnLoad>
						CHH_HintOptionCheckBoxLoad( 'Group3' );
						CHH_HintOptionCheckBoxSetPrepandKey( 'raid_group' );
					</OnLoad>
				</Scripts>
			</CheckButton>
			<CheckButton name="$parentRaidGroup4" inherits="HintOptionsCheckButtonTemplate" checked="true">
				<Anchors>
					<Anchor point="TOPLEFT" relativePoint="BOTTOMLEFT">
						<Offset>
							<AbsDimension x="150" y="90" />
						</Offset>
						
					</Anchor>
				</Anchors>
				<Layers>
					<Layer>
						<FontString name="$parentName" inherits="GameFontNormal" text="CHHT_EXTENDED_RAID_GROUP4">
	                 				<Anchors>
	                    					<Anchor point="LEFT" relativePoint="RIGHT" />
       							</Anchors>
							<Color r="1" g="1" b="1" />
						</FontString>
					</Layer>
				</Layers>
				<Scripts>
					<OnLoad>
						CHH_HintOptionCheckBoxLoad( 'Group4' );
						CHH_HintOptionCheckBoxSetPrepandKey( 'raid_group' );
					</OnLoad>
				</Scripts>
			</CheckButton>
			<CheckButton name="$parentRaidGroup5" inherits="HintOptionsCheckButtonTemplate" checked="true">
				<Anchors>
					<Anchor point="TOPLEFT" relativePoint="BOTTOMLEFT">
						<Offset>
							<AbsDimension x="10" y="65" />
						</Offset>
						
					</Anchor>
				</Anchors>
				<Layers>
					<Layer>
						<FontString name="$parentName" inherits="GameFontNormal" text="CHHT_EXTENDED_RAID_GROUP5">
	                 				<Anchors>
	                    					<Anchor point="LEFT" relativePoint="RIGHT" />
       							</Anchors>
							<Color r="1" g="1" b="1" />
						</FontString>
					</Layer>
				</Layers>
				<Scripts>
					<OnLoad>
						CHH_HintOptionCheckBoxLoad( 'Group5' );
						CHH_HintOptionCheckBoxSetPrepandKey( 'raid_group' );
					</OnLoad>
				</Scripts>
			</CheckButton>
			<CheckButton name="$parentRaidGroup6" inherits="HintOptionsCheckButtonTemplate" checked="true">
				<Anchors>
					<Anchor point="TOPLEFT" relativePoint="BOTTOMLEFT">
						<Offset>
							<AbsDimension x="150" y="65" />
						</Offset>
						
					</Anchor>
				</Anchors>
				<Layers>
					<Layer>
						<FontString name="$parentName" inherits="GameFontNormal" text="CHHT_EXTENDED_RAID_GROUP6">
	                 				<Anchors>
	                    					<Anchor point="LEFT" relativePoint="RIGHT" />
       							</Anchors>
							<Color r="1" g="1" b="1" />
						</FontString>
					</Layer>
				</Layers>
				<Scripts>
					<OnLoad>
						CHH_HintOptionCheckBoxLoad( 'Group6' );
						CHH_HintOptionCheckBoxSetPrepandKey( 'raid_group' );
					</OnLoad>
				</Scripts>
			</CheckButton>
			<CheckButton name="$parentRaidGroup7" inherits="HintOptionsCheckButtonTemplate" checked="true">
				<Anchors>
					<Anchor point="TOPLEFT" relativePoint="BOTTOMLEFT">
						<Offset>
							<AbsDimension x="10" y="40" />
						</Offset>
						
					</Anchor>
				</Anchors>
				<Layers>
					<Layer>
						<FontString name="$parentName" inherits="GameFontNormal" text="CHHT_EXTENDED_RAID_GROUP7">
	                 				<Anchors>
	                    					<Anchor point="LEFT" relativePoint="RIGHT" />
       							</Anchors>
							<Color r="1" g="1" b="1" />
						</FontString>
					</Layer>
				</Layers>
				<Scripts>
					<OnLoad>
						CHH_HintOptionCheckBoxLoad( 'Group7' );
						CHH_HintOptionCheckBoxSetPrepandKey( 'raid_group' );
					</OnLoad>
				</Scripts>
			</CheckButton>
			<CheckButton name="$parentRaidGroup8" inherits="HintOptionsCheckButtonTemplate" checked="true">
				<Anchors>
					<Anchor point="TOPLEFT" relativePoint="BOTTOMLEFT">
						<Offset>
							<AbsDimension x="150" y="40" />
						</Offset>
						
					</Anchor>
				</Anchors>
				<Layers>
					<Layer>
						<FontString name="$parentName" inherits="GameFontNormal" text="CHHT_EXTENDED_RAID_GROUP8">
	                 				<Anchors>
	                    					<Anchor point="LEFT" relativePoint="RIGHT" />
       							</Anchors>
							<Color r="1" g="1" b="1" />
						</FontString>
					</Layer>
				</Layers>
				<Scripts>
					<OnLoad>
						CHH_HintOptionCheckBoxLoad( 'Group8' );
						CHH_HintOptionCheckBoxSetPrepandKey( 'raid_group' );
					</OnLoad>
				</Scripts>
			</CheckButton>
		</Frames>
	</Frame>

	<!-- ===== Units =========================================================================================================== -->
	<Frame name="CHH_ExtendedUnitsTemplate" inherits="CHH_FrameBoxTemplate" virtual="true">
		<Scripts>
			<OnShow>
				getglobal(this:GetName()..'TitleText'):SetText( CHHT_EXTENDED_NEEDY_LIST_UNITS_LABEL );
				this:SetBackdropBorderColor(0.4, 0.4, 0.4);
				this:SetBackdropColor(0.15, 0.15, 0.15);
			</OnShow>
		</Scripts>
		<Size>
			<AbsDimension x="280" y="230"/>
		</Size>
		<Frames>
			<CheckButton name="$parentPlayer" inherits="HintOptionsCheckButtonTemplate" checked="true">
				<Anchors>
					<Anchor point="TOPLEFT" relativePoint="BOTTOMLEFT">
						<Offset>
							<AbsDimension x="10" y="190" />
						</Offset>
						
					</Anchor>
				</Anchors>
				<Layers>
					<Layer>
						<FontString name="$parentName" inherits="GameFontNormal" text="CHHT_LABEL_PLAYER">
	                 				<Anchors>
	                    					<Anchor point="LEFT" relativePoint="RIGHT" />
       							</Anchors>
							<Color r="1" g="1" b="1" />
						</FontString>
					</Layer>
				</Layers>
				<Scripts>
					<OnLoad>
						CHH_HintOptionCheckBoxLoad( 'Player' );
						CHH_HintOptionCheckBoxSetPrepandKey( 'raid_group' );
					</OnLoad>
				</Scripts>
			</CheckButton>
			<CheckButton name="$parentPet" inherits="HintOptionsCheckButtonTemplate" checked="true">
				<Anchors>
					<Anchor point="TOPLEFT" relativePoint="BOTTOMLEFT">
						<Offset>
							<AbsDimension x="150" y="190" />
						</Offset>
						
					</Anchor>
				</Anchors>
				<Layers>
					<Layer>
						<FontString name="$parentName" inherits="GameFontNormal" text="CHHT_LABEL_PET">
	                 				<Anchors>
	                    					<Anchor point="LEFT" relativePoint="RIGHT" />
       							</Anchors>
							<Color r="1" g="1" b="1" />
						</FontString>
					</Layer>
				</Layers>
				<Scripts>
					<OnLoad>
						CHH_HintOptionCheckBoxLoad( 'Pet' );
						CHH_HintOptionCheckBoxSetPrepandKey( 'raid_group' );
					</OnLoad>
				</Scripts>
			</CheckButton>
			<CheckButton name="$parentParty" inherits="HintOptionsCheckButtonTemplate" checked="true">
				<Anchors>
					<Anchor point="TOPLEFT" relativePoint="BOTTOMLEFT">
						<Offset>
							<AbsDimension x="10" y="165" />
						</Offset>
						
					</Anchor>
				</Anchors>
				<Layers>
					<Layer>
						<FontString name="$parentName" inherits="GameFontNormal" text="CHHT_LABEL_PARTY">
	                 				<Anchors>
	                    					<Anchor point="LEFT" relativePoint="RIGHT" />
       							</Anchors>
							<Color r="1" g="1" b="1" />
						</FontString>
					</Layer>
				</Layers>
				<Scripts>
					<OnLoad>
						CHH_HintOptionCheckBoxLoad( 'Party' );
						CHH_HintOptionCheckBoxSetPrepandKey( 'raid_group' );
					</OnLoad>
				</Scripts>
			</CheckButton>
			<CheckButton name="$parentPartyPets" inherits="HintOptionsCheckButtonTemplate" checked="true">
				<Anchors>
					<Anchor point="TOPLEFT" relativePoint="BOTTOMLEFT">
						<Offset>
							<AbsDimension x="150" y="165" />
						</Offset>
						
					</Anchor>
				</Anchors>
				<Layers>
					<Layer>
						<FontString name="$parentName" inherits="GameFontNormal" text="CHHT_LABEL_PARTYPET">
	                 				<Anchors>
	                    					<Anchor point="LEFT" relativePoint="RIGHT" />
       							</Anchors>
							<Color r="1" g="1" b="1" />
						</FontString>
					</Layer>
				</Layers>
				<Scripts>
					<OnLoad>
						CHH_HintOptionCheckBoxLoad( 'PartyPets' );
						CHH_HintOptionCheckBoxSetPrepandKey( 'raid_group' );
					</OnLoad>
				</Scripts>
			</CheckButton>
			<CheckButton name="$parentRaidGroup1" inherits="HintOptionsCheckButtonTemplate" checked="true">
				<Anchors>
					<Anchor point="TOPLEFT" relativePoint="BOTTOMLEFT">
						<Offset>
							<AbsDimension x="10" y="140" />
						</Offset>
						
					</Anchor>
				</Anchors>
				<Layers>
					<Layer>
						<FontString name="$parentName" inherits="GameFontNormal" text="CHHT_EXTENDED_RAID_GROUP1">
	                 				<Anchors>
	                    					<Anchor point="LEFT" relativePoint="RIGHT" />
       							</Anchors>
							<Color r="1" g="1" b="1" />
						</FontString>
					</Layer>
				</Layers>
				<Scripts>
					<OnLoad>
						CHH_HintOptionCheckBoxLoad( 'RaidGroup1' );
						CHH_HintOptionCheckBoxSetPrepandKey( 'raid_group' );
					</OnLoad>
				</Scripts>
			</CheckButton>
			<CheckButton name="$parentRaidGroup2" inherits="HintOptionsCheckButtonTemplate" checked="true">
				<Anchors>
					<Anchor point="TOPLEFT" relativePoint="BOTTOMLEFT">
						<Offset>
							<AbsDimension x="150" y="140" />
						</Offset>
						
					</Anchor>
				</Anchors>
				<Layers>
					<Layer>
						<FontString name="$parentName" inherits="GameFontNormal" text="CHHT_EXTENDED_RAID_GROUP2">
	                 				<Anchors>
	                    					<Anchor point="LEFT" relativePoint="RIGHT" />
       							</Anchors>
							<Color r="1" g="1" b="1" />
						</FontString>
					</Layer>
				</Layers>
				<Scripts>
					<OnLoad>
						CHH_HintOptionCheckBoxLoad( 'RaidGroup2' );
						CHH_HintOptionCheckBoxSetPrepandKey( 'raid_group' );
					</OnLoad>
				</Scripts>
			</CheckButton>
			<CheckButton name="$parentRaidGroup3" inherits="HintOptionsCheckButtonTemplate" checked="true">
				<Anchors>
					<Anchor point="TOPLEFT" relativePoint="BOTTOMLEFT">
						<Offset>
							<AbsDimension x="10" y="115" />
						</Offset>
						
					</Anchor>
				</Anchors>
				<Layers>
					<Layer>
						<FontString name="$parentName" inherits="GameFontNormal" text="CHHT_EXTENDED_RAID_GROUP3">
	                 				<Anchors>
	                    					<Anchor point="LEFT" relativePoint="RIGHT" />
       							</Anchors>
							<Color r="1" g="1" b="1" />
						</FontString>
					</Layer>
				</Layers>
				<Scripts>
					<OnLoad>
						CHH_HintOptionCheckBoxLoad( 'RaidGroup3' );
						CHH_HintOptionCheckBoxSetPrepandKey( 'raid_group' );
					</OnLoad>
				</Scripts>
			</CheckButton>
			<CheckButton name="$parentRaidGroup4" inherits="HintOptionsCheckButtonTemplate" checked="true">
				<Anchors>
					<Anchor point="TOPLEFT" relativePoint="BOTTOMLEFT">
						<Offset>
							<AbsDimension x="150" y="115" />
						</Offset>
						
					</Anchor>
				</Anchors>
				<Layers>
					<Layer>
						<FontString name="$parentName" inherits="GameFontNormal" text="CHHT_EXTENDED_RAID_GROUP4">
	                 				<Anchors>
	                    					<Anchor point="LEFT" relativePoint="RIGHT" />
       							</Anchors>
							<Color r="1" g="1" b="1" />
						</FontString>
					</Layer>
				</Layers>
				<Scripts>
					<OnLoad>
						CHH_HintOptionCheckBoxLoad( 'RaidGroup4' );
						CHH_HintOptionCheckBoxSetPrepandKey( 'raid_group' );
					</OnLoad>
				</Scripts>
			</CheckButton>
			<CheckButton name="$parentRaidGroup5" inherits="HintOptionsCheckButtonTemplate" checked="true">
				<Anchors>
					<Anchor point="TOPLEFT" relativePoint="BOTTOMLEFT">
						<Offset>
							<AbsDimension x="10" y="90" />
						</Offset>
						
					</Anchor>
				</Anchors>
				<Layers>
					<Layer>
						<FontString name="$parentName" inherits="GameFontNormal" text="CHHT_EXTENDED_RAID_GROUP5">
	                 				<Anchors>
	                    					<Anchor point="LEFT" relativePoint="RIGHT" />
       							</Anchors>
							<Color r="1" g="1" b="1" />
						</FontString>
					</Layer>
				</Layers>
				<Scripts>
					<OnLoad>
						CHH_HintOptionCheckBoxLoad( 'RaidGroup5' );
						CHH_HintOptionCheckBoxSetPrepandKey( 'raid_group' );
					</OnLoad>
				</Scripts>
			</CheckButton>
			<CheckButton name="$parentRaidGroup6" inherits="HintOptionsCheckButtonTemplate" checked="true">
				<Anchors>
					<Anchor point="TOPLEFT" relativePoint="BOTTOMLEFT">
						<Offset>
							<AbsDimension x="150" y="90" />
						</Offset>
						
					</Anchor>
				</Anchors>
				<Layers>
					<Layer>
						<FontString name="$parentName" inherits="GameFontNormal" text="CHHT_EXTENDED_RAID_GROUP6">
	                 				<Anchors>
	                    					<Anchor point="LEFT" relativePoint="RIGHT" />
       							</Anchors>
							<Color r="1" g="1" b="1" />
						</FontString>
					</Layer>
				</Layers>
				<Scripts>
					<OnLoad>
						CHH_HintOptionCheckBoxLoad( 'RaidGroup6' );
						CHH_HintOptionCheckBoxSetPrepandKey( 'raid_group' );
					</OnLoad>
				</Scripts>
			</CheckButton>
			<CheckButton name="$parentRaidGroup7" inherits="HintOptionsCheckButtonTemplate" checked="true">
				<Anchors>
					<Anchor point="TOPLEFT" relativePoint="BOTTOMLEFT">
						<Offset>
							<AbsDimension x="10" y="65" />
						</Offset>
						
					</Anchor>
				</Anchors>
				<Layers>
					<Layer>
						<FontString name="$parentName" inherits="GameFontNormal" text="CHHT_EXTENDED_RAID_GROUP7">
	                 				<Anchors>
	                    					<Anchor point="LEFT" relativePoint="RIGHT" />
       							</Anchors>
							<Color r="1" g="1" b="1" />
						</FontString>
					</Layer>
				</Layers>
				<Scripts>
					<OnLoad>
						CHH_HintOptionCheckBoxLoad( 'RaidGroup7' );
						CHH_HintOptionCheckBoxSetPrepandKey( 'raid_group' );
					</OnLoad>
				</Scripts>
			</CheckButton>
			<CheckButton name="$parentRaidGroup8" inherits="HintOptionsCheckButtonTemplate" checked="true">
				<Anchors>
					<Anchor point="TOPLEFT" relativePoint="BOTTOMLEFT">
						<Offset>
							<AbsDimension x="150" y="65" />
						</Offset>
						
					</Anchor>
				</Anchors>
				<Layers>
					<Layer>
						<FontString name="$parentName" inherits="GameFontNormal" text="CHHT_EXTENDED_RAID_GROUP8">
	                 				<Anchors>
	                    					<Anchor point="LEFT" relativePoint="RIGHT" />
       							</Anchors>
							<Color r="1" g="1" b="1" />
						</FontString>
					</Layer>
				</Layers>
				<Scripts>
					<OnLoad>
						CHH_HintOptionCheckBoxLoad( 'RaidGroup8' );
						CHH_HintOptionCheckBoxSetPrepandKey( 'raid_group' );
					</OnLoad>
				</Scripts>
			</CheckButton>
			<CheckButton name="$parentRaidPets" inherits="HintOptionsCheckButtonTemplate" checked="true">
				<Anchors>
					<Anchor point="TOPLEFT" relativePoint="BOTTOMLEFT">
						<Offset>
							<AbsDimension x="10" y="40" />
						</Offset>
						
					</Anchor>
				</Anchors>
				<Layers>
					<Layer>
						<FontString name="$parentName" inherits="GameFontNormal" text="CHHT_LABEL_RAIDPET">
	                 				<Anchors>
	                    					<Anchor point="LEFT" relativePoint="RIGHT" />
       							</Anchors>
							<Color r="1" g="1" b="1" />
						</FontString>
					</Layer>
				</Layers>
				<Scripts>
					<OnLoad>
						CHH_HintOptionCheckBoxLoad( 'RaidPets' );
						CHH_HintOptionCheckBoxSetPrepandKey( 'raid_group' );
					</OnLoad>
				</Scripts>
			</CheckButton>
		</Frames>
	</Frame>

	<!-- ===== Raid Classes ===================================================================================================== -->
	<Frame name="CHH_ExtendedRaidClassesTemplate" inherits="CHH_FrameBoxTemplate" virtual="true">
		<Scripts>
			<OnShow>
				getglobal(this:GetName()..'TitleText'):SetText( this.ch_frame_title or CHHT_EXTENDED_RAID_CLASSES );
				this:SetBackdropBorderColor(0.4, 0.4, 0.4);
				this:SetBackdropColor(0.15, 0.15, 0.15);
			</OnShow>
		</Scripts>
		<Size>
			<AbsDimension x="280" y="180"/>
		</Size>
		<Frames>
			<CheckButton name="$parentDRUID" inherits="HintOptionsCheckButtonTemplate" checked="true">
				<Anchors>
					<Anchor point="TOPLEFT" relativePoint="TOPLEFT">
						<Offset>
							<AbsDimension x="10" y="-40" />
						</Offset>
						
					</Anchor>
				</Anchors>
				<Layers>
					<Layer>
						<FontString name="$parentName" inherits="GameFontNormal" text="x">
	                 				<Anchors>
	                    					<Anchor point="LEFT" relativePoint="RIGHT" />
       							</Anchors>
							<Color r="1" g="1" b="1" />
						</FontString>
					</Layer>
				</Layers>
				<Scripts>
					<OnLoad>
						getglobal(this:GetName()..'Name'):SetText( CH_LOCAL_CLASS['DRUID'] );
						CHH_HintOptionCheckBoxLoad( 'ClassDRUID' );
						CHH_HintOptionCheckBoxSetPrepandKey( 'raid_class' );
					</OnLoad>
				</Scripts>
			</CheckButton>
			<CheckButton name="$parentHUNTER" inherits="HintOptionsCheckButtonTemplate" checked="true">
				<Anchors>
					<Anchor point="TOPLEFT" relativePoint="TOPLEFT">
						<Offset>
							<AbsDimension x="150" y="-40" />
						</Offset>
						
					</Anchor>
				</Anchors>
				<Layers>
					<Layer>
						<FontString name="$parentName" inherits="GameFontNormal" text="x">
	                 				<Anchors>
	                    					<Anchor point="LEFT" relativePoint="RIGHT" />
       							</Anchors>
							<Color r="1" g="1" b="1" />
						</FontString>
					</Layer>
				</Layers>
				<Scripts>
					<OnLoad>
						getglobal(this:GetName()..'Name'):SetText( CH_LOCAL_CLASS['HUNTER'] );
						CHH_HintOptionCheckBoxLoad( 'ClassHUNTER' );
						CHH_HintOptionCheckBoxSetPrepandKey( 'raid_class' );
					</OnLoad>
				</Scripts>
			</CheckButton>
			<CheckButton name="$parentMAGE" inherits="HintOptionsCheckButtonTemplate" checked="true">
				<Anchors>
					<Anchor point="TOPLEFT" relativePoint="TOPLEFT">
						<Offset>
							<AbsDimension x="10" y="-65" />
						</Offset>
						
					</Anchor>
				</Anchors>
				<Layers>
					<Layer>
						<FontString name="$parentName" inherits="GameFontNormal" text="x">
	                 				<Anchors>
	                    					<Anchor point="LEFT" relativePoint="RIGHT" />
       							</Anchors>
							<Color r="1" g="1" b="1" />
						</FontString>
					</Layer>
				</Layers>
				<Scripts>
					<OnLoad>
						getglobal(this:GetName()..'Name'):SetText( CH_LOCAL_CLASS['MAGE'] );
						CHH_HintOptionCheckBoxLoad( 'ClassMAGE' );
						CHH_HintOptionCheckBoxSetPrepandKey( 'raid_class' );
					</OnLoad>
				</Scripts>
			</CheckButton>
			<CheckButton name="$parentPALADIN" inherits="HintOptionsCheckButtonTemplate" checked="true">
				<Anchors>
					<Anchor point="TOPLEFT" relativePoint="TOPLEFT">
						<Offset>
							<AbsDimension x="150" y="-65" />
						</Offset>
						
					</Anchor>
				</Anchors>
				<Layers>
					<Layer>
						<FontString name="$parentName" inherits="GameFontNormal" text="x">
	                 				<Anchors>
	                    					<Anchor point="LEFT" relativePoint="RIGHT" />
       							</Anchors>
							<Color r="1" g="1" b="1" />
						</FontString>
					</Layer>
				</Layers>
				<Scripts>
					<OnLoad>
						getglobal(this:GetName()..'Name'):SetText( CH_LOCAL_CLASS['PALADIN'] );
						CHH_HintOptionCheckBoxLoad( 'ClassPALADIN' );
						CHH_HintOptionCheckBoxSetPrepandKey( 'raid_class' );
					</OnLoad>
				</Scripts>
			</CheckButton>
			<CheckButton name="$parentPRIEST" inherits="HintOptionsCheckButtonTemplate" checked="true">
				<Anchors>
					<Anchor point="TOPLEFT" relativePoint="TOPLEFT">
						<Offset>
							<AbsDimension x="10" y="-90" />
						</Offset>
						
					</Anchor>
				</Anchors>
				<Layers>
					<Layer>
						<FontString name="$parentName" inherits="GameFontNormal" text="x">
	                 				<Anchors>
	                    					<Anchor point="LEFT" relativePoint="RIGHT" />
       							</Anchors>
							<Color r="1" g="1" b="1" />
						</FontString>
					</Layer>
				</Layers>
				<Scripts>
					<OnLoad>
						getglobal(this:GetName()..'Name'):SetText( CH_LOCAL_CLASS['PRIEST'] );
						CHH_HintOptionCheckBoxLoad( 'ClassPRIEST' );
						CHH_HintOptionCheckBoxSetPrepandKey( 'raid_class' );
					</OnLoad>
				</Scripts>
			</CheckButton>
			<CheckButton name="$parentROGUE" inherits="HintOptionsCheckButtonTemplate" checked="true">
				<Anchors>
					<Anchor point="TOPLEFT" relativePoint="TOPLEFT">
						<Offset>
							<AbsDimension x="150" y="-90" />
						</Offset>
						
					</Anchor>
				</Anchors>
				<Layers>
					<Layer>
						<FontString name="$parentName" inherits="GameFontNormal" text="x">
	                 				<Anchors>
	                    					<Anchor point="LEFT" relativePoint="RIGHT" />
       							</Anchors>
							<Color r="1" g="1" b="1" />
						</FontString>
					</Layer>
				</Layers>
				<Scripts>
					<OnLoad>
						getglobal(this:GetName()..'Name'):SetText( CH_LOCAL_CLASS['ROGUE'] );
						CHH_HintOptionCheckBoxLoad( 'ClassROGUE' );
						CHH_HintOptionCheckBoxSetPrepandKey( 'raid_class' );
					</OnLoad>
				</Scripts>
			</CheckButton>
			<CheckButton name="$parentSHAMAN" inherits="HintOptionsCheckButtonTemplate" checked="true">
				<Anchors>
					<Anchor point="TOPLEFT" relativePoint="TOPLEFT">
						<Offset>
							<AbsDimension x="10" y="-115" />
						</Offset>
						
					</Anchor>
				</Anchors>
				<Layers>
					<Layer>
						<FontString name="$parentName" inherits="GameFontNormal" text="x">
	                 				<Anchors>
	                    					<Anchor point="LEFT" relativePoint="RIGHT" />
       							</Anchors>
							<Color r="1" g="1" b="1" />
						</FontString>
					</Layer>
				</Layers>
				<Scripts>
					<OnLoad>
						getglobal(this:GetName()..'Name'):SetText( CH_LOCAL_CLASS['SHAMAN'] );
						CHH_HintOptionCheckBoxLoad( 'ClassSHAMAN' );
						CHH_HintOptionCheckBoxSetPrepandKey( 'raid_class' );
					</OnLoad>
				</Scripts>
			</CheckButton>
			<CheckButton name="$parentWARLOCK" inherits="HintOptionsCheckButtonTemplate" checked="true">
				<Anchors>
					<Anchor point="TOPLEFT" relativePoint="TOPLEFT">
						<Offset>
							<AbsDimension x="150" y="-115" />
						</Offset>
						
					</Anchor>
				</Anchors>
				<Layers>
					<Layer>
						<FontString name="$parentName" inherits="GameFontNormal" text="x">
	                 				<Anchors>
	                    					<Anchor point="LEFT" relativePoint="RIGHT" />
       							</Anchors>
							<Color r="1" g="1" b="1" />
						</FontString>
					</Layer>
				</Layers>
				<Scripts>
					<OnLoad>
						getglobal(this:GetName()..'Name'):SetText( CH_LOCAL_CLASS['WARLOCK'] );
						CHH_HintOptionCheckBoxLoad( 'ClassWARLOCK' );
						CHH_HintOptionCheckBoxSetPrepandKey( 'raid_class' );
					</OnLoad>
				</Scripts>
			</CheckButton>
			<CheckButton name="$parentWARRIOR" inherits="HintOptionsCheckButtonTemplate" checked="true">
				<Anchors>
					<Anchor point="TOPLEFT" relativePoint="TOPLEFT">
						<Offset>
							<AbsDimension x="10" y="-140" />
						</Offset>
						
					</Anchor>
				</Anchors>
				<Layers>
					<Layer>
						<FontString name="$parentName" inherits="GameFontNormal" text="x">
	                 				<Anchors>
	                    					<Anchor point="LEFT" relativePoint="RIGHT" />
       							</Anchors>
							<Color r="1" g="1" b="1" />
						</FontString>
					</Layer>
				</Layers>
				<Scripts>
					<OnLoad>
						getglobal(this:GetName()..'Name'):SetText( CH_LOCAL_CLASS['WARRIOR'] );
						CHH_HintOptionCheckBoxLoad( 'ClassWARRIOR' );
						CHH_HintOptionCheckBoxSetPrepandKey( 'raid_class' );
					</OnLoad>
				</Scripts>
			</CheckButton>
		</Frames>
	</Frame>

	<!-- ===== Raid Classes incl Pet ============================================================================================ -->
	<Frame name="CHH_ExtendedRaidClassesWithPetTemplate" inherits="CHH_ExtendedRaidClassesTemplate" virtual="true">
		<Frames>
			<CheckButton name="$parentRaidPets" inherits="HintOptionsCheckButtonTemplate" checked="true">
				<Anchors>
					<Anchor point="TOPLEFT" relativePoint="TOPLEFT">
						<Offset>
							<AbsDimension x="150" y="-140" />
						</Offset>
						
					</Anchor>
				</Anchors>
				<Layers>
					<Layer>
						<FontString name="$parentName" inherits="GameFontNormal" text="CHHT_EXTENDED_RAID_PETS">
	                 				<Anchors>
	                    					<Anchor point="LEFT" relativePoint="RIGHT" />
       							</Anchors>
							<Color r="1" g="1" b="1" />
						</FontString>
					</Layer>
				</Layers>
				<Scripts>
					<OnLoad>
						getglobal(this:GetName()..'Name'):SetText( CHHT_EXTENDED_RAID_PETS );
						CHH_HintOptionCheckBoxLoad( 'Pets' );
						CHH_HintOptionCheckBoxSetPrepandKey( 'raid_class' );
					</OnLoad>
				</Scripts>
			</CheckButton>
		</Frames>
	</Frame>

	<!-- ===== Needy List Templates ============================================================================================= -->
	<Frame name="CHH_ExtendedNeedyListTemplate" inherits="CHH_FrameBoxTemplate" virtual="true">
		<Anchors>
			<Anchor point="TOPLEFT" relativePoint="TOPLEFT">
				<Offset>
					<AbsDimension x="10" y="-10"/>
				</Offset>
			</Anchor>
			<Anchor point="BOTTOMRIGHT" relativePoint="BOTTOMRIGHT">
				<Offset>
					<AbsDimension x="-10" y="40"/>
				</Offset>
			</Anchor>
		</Anchors>
		<Layers>
			<Layer level="ARTWORK">
				<FontString name="$parentEnabledMyText" inherits="GameFontNormal" justifyH="RIGHT" text="CHHT_EXTENDED_NEEDY_LIST_ENABLED">
					<Anchors>
						<Anchor point="TOPLEFT" relativePoint="TOPLEFT">
							<Offset>
								<AbsDimension x="10" y="-50" />
							</Offset>
						</Anchor>
						<Anchor point="BOTTOMRIGHT" relativePoint="TOP">
							<Offset>
								<AbsDimension x="-180" y="-70" />
							</Offset>
						</Anchor>
					</Anchors>
					<Color r="1" g="1" b="1" />
				</FontString>
				<FontString name="$parentHideOORMyText" inherits="GameFontNormal" justifyH="RIGHT" text="CHHT_EXTENDED_NEEDY_LIST_HIDE_OOR">
					<Anchors>
						<Anchor point="TOPLEFT" relativePoint="TOPLEFT">
							<Offset>
								<AbsDimension x="10" y="-330" />
							</Offset>
						</Anchor>
						<Anchor point="BOTTOMRIGHT" relativePoint="TOP">
							<Offset>
								<AbsDimension x="-200" y="-350" />
							</Offset>
						</Anchor>
					</Anchors>
					<Color r="1" g="1" b="1" />
				</FontString>
				<FontString name="$parentTooltipOrientationMyText" inherits="GameFontNormal" justifyH="RIGHT" text="CHHT_EXTENDED_NEEDY_LIST_TOOLTIP_ORIENTATION">
					<Anchors>
						<Anchor point="TOPLEFT" relativePoint="TOPLEFT">
							<Offset>
								<AbsDimension x="10" y="-360" />
							</Offset>
						</Anchor>
						<Anchor point="BOTTOMRIGHT" relativePoint="TOP">
							<Offset>
								<AbsDimension x="-200" y="-380" />
							</Offset>
						</Anchor>
					</Anchors>
					<Color r="1" g="1" b="1" />
				</FontString>
			</Layer>
		</Layers>
		<Frames>
			<Frame name="$parentEnabled" inherits="HintDropDownMenuTemplate">
				<Anchors>
					<Anchor point="LEFT" relativeTo="$parentEnabledMyText" relativePoint="RIGHT">
						<Offset>
							<AbsDimension x="10" y="0"/>
						</Offset>
					</Anchor>
				</Anchors>
				<Scripts>
					<OnLoad>
						CHH_HintDropDownLoad( 'Enabled', CHH_ExtendedNeedyListEnabledOptions );
						CHH_HintOptionCheckBoxSetPrepandKey( 'needy_list' );
					</OnLoad>
				</Scripts>
			</Frame>
			<CheckButton name="$parentHideInBattlefield" inherits="HintOptionsCheckButtonTemplate" checked="true">
				<Anchors>
					<Anchor point="TOPLEFT" relativePoint="TOPLEFT">
						<Offset>
							<AbsDimension x="190" y="-75" />
						</Offset>
						
					</Anchor>
				</Anchors>
				<Layers>
					<Layer>
						<FontString name="$parentName" inherits="GameFontNormal" text="CHHT_EXTENDED_NEEDY_LIST_HIDE_IN_BATTLEFIELD">
		                 			<Anchors>
		                    				<Anchor point="LEFT" relativePoint="RIGHT" />
       							</Anchors>
							<Color r="1" g="1" b="1" />
						</FontString>
					</Layer>
				</Layers>
				<Scripts>
					<OnLoad>
						CHH_HintOptionCheckBoxLoad( 'HideInBattlefield' );
						CHH_HintOptionCheckBoxSetPrepandKey( 'needy_list' );
					</OnLoad>
				</Scripts>
			</CheckButton>
			<Frame name="$parentRaidClasses" inherits="CHH_ExtendedRaidClassesTemplate">
				<Anchors>
					<Anchor point="TOPLEFT" relativePoint="TOPLEFT">
						<Offset>
							<AbsDimension x="380" y="-50"/>
						</Offset>
					</Anchor>
				</Anchors>
			</Frame>
			<Frame name="$parentUnits" inherits="CHH_ExtendedUnitsTemplate">
				<Anchors>
					<Anchor point="TOPLEFT" relativeTo="$parentRaidClasses" relativePoint="BOTTOMLEFT">
						<Offset>
							<AbsDimension x="0" y="0"/>
						</Offset>
					</Anchor>
				</Anchors>
			</Frame>
			<Frame name="$parentHideOOR" inherits="HintDropDownMenuTemplate">
				<Anchors>
					<Anchor point="LEFT" relativeTo="$parentHideOORMyText" relativePoint="RIGHT">
						<Offset>
							<AbsDimension x="10" y="0"/>
						</Offset>
					</Anchor>
				</Anchors>
				<Scripts>
					<OnLoad>
						UIDropDownMenu_SetWidth( 160, this );
						CHH_HintDropDownLoad( 'HideOOR', CHH_ExtendedNeedyListHideOOROptions );
						CHH_HintOptionCheckBoxSetPrepandKey( 'needy_list' );
					</OnLoad>
				</Scripts>
			</Frame>
			<Frame name="$parentTooltipOrientation" inherits="HintDropDownMenuTemplate">
				<Anchors>
					<Anchor point="LEFT" relativeTo="$parentTooltipOrientationMyText" relativePoint="RIGHT">
						<Offset>
							<AbsDimension x="10" y="0"/>
						</Offset>
					</Anchor>
				</Anchors>
				<Scripts>
					<OnLoad>
						UIDropDownMenu_SetWidth( 160, this );
						CHH_HintDropDownLoad( 'TooltipInfo', CHH_ExtendedTooltipOrientationOptions );
						CHH_HintOptionCheckBoxSetPrepandKey( 'needy_list' );
					</OnLoad>
				</Scripts>
			</Frame>
			<Slider name="$parentScanInterval" inherits="HintOptionsSliderTemplate">
				<Size>
					<AbsDimension x="250" y="16"/>
				</Size>
				<Anchors>
					<Anchor point="TOPLEFT" relativePoint="TOPLEFT">
						<Offset>
							<AbsDimension x="40" y="-220"/>
						</Offset>
					</Anchor>
				</Anchors>
				<Scripts>
					<OnLoad>
						CHH_HintOptionSliderLoad( 'ScanInterval', 0, 10, 0.1, CHHT_LABEL_CONTINOUSLY, '10', 
						                           CHHT_EXTENDED_NEEDY_LIST_SCAN_INTERVAL, CHHT_EXTENDED_NEEDY_LIST_SCAN_INTERVAL_CONT );
						CHH_HintOptionCheckBoxSetPrepandKey( 'needy_list' );
					</OnLoad>
				</Scripts>
			</Slider>
			<Slider name="$parentMaxUnits" inherits="HintOptionsSliderTemplate">
				<Size>
					<AbsDimension x="260" y="16"/>
				</Size>
				<Anchors>
					<Anchor point="TOPLEFT" relativePoint="TOPLEFT">
						<Offset>
							<AbsDimension x="40" y="-260"/>
						</Offset>
					</Anchor>
				</Anchors>
				<Scripts>
					<OnLoad>
						CHH_HintOptionSliderLoad( 'MaxUnits', 1, 20, 1, 1, '20', CHHT_EXTENDED_NEEDY_LIST_MAX_UNITS );
						CHH_HintOptionCheckBoxSetPrepandKey( 'needy_list' );
					</OnLoad>
				</Scripts>
			</Slider>
			<Slider name="$parentFrameScale" inherits="HintOptionsSliderTemplate">
				<Size>
					<AbsDimension x="150" y="16"/>
				</Size>
				<Anchors>
					<Anchor point="TOPLEFT" relativePoint="TOPLEFT">
						<Offset>
							<AbsDimension x="20" y="-410"/>
						</Offset>
					</Anchor>
				</Anchors>
				<Scripts>
					<OnLoad>
						CHH_HintOptionSliderLoad( 'FrameScale', 25, 200, 5, '25%', '200%', CHHT_EXTENDED_NEEDY_LIST_FRAME_SCALE );
						CHH_HintOptionCheckBoxSetPrepandKey( 'needy_list' );
					</OnLoad>
				</Scripts>
			</Slider>
			<Slider name="$parentFrameWidth" inherits="HintOptionsSliderTemplate">
				<Size>
					<AbsDimension x="150" y="16"/>
				</Size>
				<Anchors>
					<Anchor point="TOPLEFT" relativePoint="TOPLEFT">
						<Offset>
							<AbsDimension x="20" y="-450"/>
						</Offset>
					</Anchor>
				</Anchors>
				<Scripts>
					<OnLoad>
						CHH_HintOptionSliderLoad( 'FrameWidth', 100, 200, 1, '100', '200', CHHT_EXTENDED_NEEDY_LIST_FRAME_WIDTH );
						CHH_HintOptionCheckBoxSetPrepandKey( 'needy_list' );
					</OnLoad>
				</Scripts>
			</Slider>
			<Slider name="$parentFrameHeight" inherits="HintOptionsSliderTemplate">
				<Size>
					<AbsDimension x="150" y="16"/>
				</Size>
				<Anchors>
					<Anchor point="TOPLEFT" relativePoint="TOPLEFT">
						<Offset>
							<AbsDimension x="200" y="-450"/>
						</Offset>
					</Anchor>
				</Anchors>
				<Scripts>
					<OnLoad>
						CHH_HintOptionSliderLoad( 'FrameHeight', 24, 100, 1, '24', '100', CHHT_EXTENDED_NEEDY_LIST_FRAME_HEIGHT );
						CHH_HintOptionCheckBoxSetPrepandKey( 'needy_list' );
					</OnLoad>
				</Scripts>
			</Slider>
		</Frames>
	</Frame>

	<!-- ##################################################################################################################################### -->
	<!-- # RAID                                                                                                                              # -->
	<!-- ##################################################################################################################################### -->

	<Frame name="CHH_ExtendedRaidFrameTemplate" inherits="CHH_FrameBoxTemplate" virtual="true">
		<Anchors>
			<Anchor point="TOPLEFT" relativePoint="TOPLEFT">
				<Offset>
					<AbsDimension x="10" y="-10"/>
				</Offset>
			</Anchor>
			<Anchor point="BOTTOMRIGHT" relativePoint="BOTTOMRIGHT">
				<Offset>
					<AbsDimension x="-10" y="40"/>
				</Offset>
			</Anchor>
		</Anchors>
		<Scripts>
			<OnLoad>
				getglobal(this:GetName()..'TitleText'):SetText( CHHT_EXTENDED_RAID );
				this:SetBackdropBorderColor(0.4, 0.4, 0.4);
				this:SetBackdropColor(0.15, 0.15, 0.15);
			</OnLoad>
		</Scripts>
		<Layers>
			<Layer>
				<FontString name="$parentHidePartyInRaidMyText" inherits="GameFontNormal" text="CHHT_EXTENDED_RAID_HIDE_PARTY_IN_RAID">
                			<Anchors>
						<Anchor point="TOPRIGHT" relativePoint="TOPLEFT">
							<Offset>
								<AbsDimension x="150" y="-250"/>
							</Offset>
						</Anchor>
       					</Anchors>
					<Color r="1" g="1" b="1" />
				</FontString>
				<FontString name="$parentTooltipOrientationMyText" inherits="GameFontNormal" justifyH="RIGHT" text="CHHT_EXTENDED_RAID_TOOLTIP_ORIENTATION">
					<Anchors>
						<Anchor point="TOPRIGHT" relativePoint="TOPLEFT">
							<Offset>
								<AbsDimension x="150" y="-280" />
							</Offset>
						</Anchor>
					</Anchors>
					<Color r="1" g="1" b="1" />
				</FontString>
			</Layer>
		</Layers>
		<Frames>
			<Frame name="$parentGroups" inherits="CHH_ExtendedRaidGroupsTemplate">
				<Anchors>
					<Anchor point="TOPLEFT" relativePoint="TOPLEFT">
						<Offset>
							<AbsDimension x="20" y="-40"/>
						</Offset>
					</Anchor>
					<Anchor point="BOTTOMRIGHT" relativePoint="BOTTOM">
						<Offset>
							<AbsDimension x="-40" y="300"/>
						</Offset>
					</Anchor>
				</Anchors>
				<Scripts>
					<OnLoad>
						CHH_HintOptionSetConfigPrepand( 'raid_group', 'showRaid' );
					</OnLoad>
				</Scripts>
			</Frame>
			<Frame name="$parentClasses" inherits="CHH_ExtendedRaidClassesWithPetTemplate">
				<Anchors>
					<Anchor point="TOPRIGHT" relativePoint="TOPRIGHT">
						<Offset>
							<AbsDimension x="-20" y="-40"/>
						</Offset>
					</Anchor>
					<Anchor point="BOTTOMLEFT" relativePoint="BOTTOM">
						<Offset>
							<AbsDimension x="40" y="275"/>
						</Offset>
					</Anchor>
				</Anchors>
				<Scripts>
					<OnLoad>
						CHH_HintOptionSetConfigPrepand( 'raid_class', 'showRaid' );
					</OnLoad>
				</Scripts>
			</Frame>
			<Slider name="$parentPetsScanInterval" inherits="HintOptionsSliderTemplate">
				<Size>
					<AbsDimension x="250" y="16"/>
				</Size>
				<Anchors>
					<Anchor point="TOPLEFT" relativePoint="TOPLEFT">
						<Offset>
							<AbsDimension x="350" y="-250"/>
						</Offset>
					</Anchor>
				</Anchors>
				<Scripts>
					<OnLoad>
						CHH_HintOptionSliderLoad( 'raidPetsScanInterval', 0, 10, 1, 
										CHHT_LABEL_CONTINOUSLY, string.format(CHHT_EXTENDED_RAID_PETS_SCAN_INTERVAL_MAX,10), 
										CHHT_EXTENDED_RAID_PETS_SCAN_INTERVAL );
					</OnLoad>
				</Scripts>
			</Slider>
			<Frame name="$parentHidePartyInRaid" inherits="HintDropDownMenuTemplate">
				<Anchors>
					<Anchor point="LEFT" relativeTo="$parentHidePartyInRaidMyText" relativePoint="RIGHT">
						<Offset>
							<AbsDimension x="10" y="0"/>
						</Offset>
					</Anchor>
				</Anchors>
				<Scripts>
					<OnLoad>
						CHH_HintDropDownLoad( 'hidePartyInRaid', CHH_ExtendedRaidShowParty );
					</OnLoad>
				</Scripts>
			</Frame>
			<Frame name="$parentTooltipOrientation" inherits="HintDropDownMenuTemplate">
				<Anchors>
					<Anchor point="LEFT" relativeTo="$parentTooltipOrientationMyText" relativePoint="RIGHT">
						<Offset>
							<AbsDimension x="10" y="0"/>
						</Offset>
					</Anchor>
				</Anchors>
				<Scripts>
					<OnLoad>
						CHH_HintDropDownLoad( 'raidTooltipInfo', CHH_ExtendedTooltipOrientationOptions );
					</OnLoad>
				</Scripts>
			</Frame>
			<Slider name="$parentRaidGroupFrameWidth" inherits="HintOptionsSliderTemplate">
				<Size>
					<AbsDimension x="250" y="16"/>
				</Size>
				<Anchors>
					<Anchor point="TOPLEFT" relativePoint="TOPLEFT">
						<Offset>
							<AbsDimension x="50" y="-350"/>
						</Offset>
					</Anchor>
				</Anchors>
				<Scripts>
					<OnLoad>
						CHH_HintOptionSliderLoad( 'raidGroupFrameWidth', 100, 200, 1, '100', '200', CHHT_EXTENDED_RAID_GROUP_FRAME_WIDTH );
					</OnLoad>
				</Scripts>
			</Slider>
			<Slider name="$parentRaidClassFrameWidth" inherits="HintOptionsSliderTemplate">
				<Size>
					<AbsDimension x="250" y="16"/>
				</Size>
				<Anchors>
					<Anchor point="TOPLEFT" relativePoint="TOPLEFT">
						<Offset>
							<AbsDimension x="50" y="-390"/>
						</Offset>
					</Anchor>
				</Anchors>
				<Scripts>
					<OnLoad>
						CHH_HintOptionSliderLoad( 'raidClassFrameWidth', 100, 200, 1, '100', '200', CHHT_EXTENDED_RAID_CLASS_FRAME_WIDTH );
					</OnLoad>
				</Scripts>
			</Slider>
			<Slider name="$parentRaidGroupFrameHeight" inherits="HintOptionsSliderTemplate">
				<Size>
					<AbsDimension x="250" y="16"/>
				</Size>
				<Anchors>
					<Anchor point="TOPLEFT" relativePoint="TOPLEFT">
						<Offset>
							<AbsDimension x="350" y="-350"/>
						</Offset>
					</Anchor>
				</Anchors>
				<Scripts>
					<OnLoad>
						CHH_HintOptionSliderLoad( 'raidGroupFrameHeight', 32, 100, 1, '32', '100', CHHT_EXTENDED_RAID_GROUP_FRAME_HEIGHT );
					</OnLoad>
				</Scripts>
			</Slider>
			<Slider name="$parentRaidClassFrameHeight" inherits="HintOptionsSliderTemplate">
				<Size>
					<AbsDimension x="250" y="16"/>
				</Size>
				<Anchors>
					<Anchor point="TOPLEFT" relativePoint="TOPLEFT">
						<Offset>
							<AbsDimension x="350" y="-390"/>
						</Offset>
					</Anchor>
				</Anchors>
				<Scripts>
					<OnLoad>
						CHH_HintOptionSliderLoad( 'raidClassFrameHeight', 32, 100, 1, '32', '100', CHHT_EXTENDED_RAID_CLASS_FRAME_HEIGHT );
					</OnLoad>
				</Scripts>
			</Slider>
			<Slider name="$parentRaidGroupFrameScale" inherits="HintOptionsSliderTemplate">
				<Size>
					<AbsDimension x="250" y="16"/>
				</Size>
				<Anchors>
					<Anchor point="TOPLEFT" relativePoint="TOPLEFT">
						<Offset>
							<AbsDimension x="50" y="-450"/>
						</Offset>
					</Anchor>
				</Anchors>
				<Scripts>
					<OnLoad>
						CHH_HintOptionSliderLoad( 'raidGroupFrameScale', 25, 200, 5, '25%', '200%', CHHT_EXTENDED_RAID_GROUP_FRAME_SCALE );
					</OnLoad>
				</Scripts>
			</Slider>
			<Slider name="$parentRaidClassFrameScale" inherits="HintOptionsSliderTemplate">
				<Size>
					<AbsDimension x="250" y="16"/>
				</Size>
				<Anchors>
					<Anchor point="TOPLEFT" relativePoint="TOPLEFT">
						<Offset>
							<AbsDimension x="350" y="-450"/>
						</Offset>
					</Anchor>
				</Anchors>
				<Scripts>
					<OnLoad>
						CHH_HintOptionSliderLoad( 'raidClassFrameScale', 25, 200, 5, '25%', '200%', CHHT_EXTENDED_RAID_CLASS_FRAME_SCALE );
					</OnLoad>
				</Scripts>
			</Slider>
		</Frames>
	</Frame>

	<!-- ##################################################################################################################################### -->
	<!-- #  MAIN TANK                                                                                                                        # -->
	<!-- ##################################################################################################################################### -->

	<Frame name="CHH_ExtendedMainTankFrameTemplate" inherits="CHH_FrameBoxTemplate" virtual="true">
		<Anchors>
			<Anchor point="TOPLEFT" relativePoint="TOPLEFT">
				<Offset>
					<AbsDimension x="0" y="0"/>
				</Offset>
			</Anchor>
			<Anchor point="BOTTOMRIGHT" relativePoint="BOTTOM">
				<Offset>
					<AbsDimension x="-5" y="0"/>
				</Offset>
			</Anchor>
		</Anchors>
		<Scripts>
			<OnLoad>
				getglobal(this:GetName()..'TitleText'):SetText( CHHT_EXTENDED_MAINTANK );
				this:SetBackdropBorderColor(0.4, 0.4, 0.4);
				this:SetBackdropColor(0.15, 0.15, 0.15);
			</OnLoad>
		</Scripts>
		<Layers>
			<Layer level="ARTWORK">
				<FontString name="$parentMT1MyText" inherits="GameFontNormal" justifyH="RIGHT" text="CHHT_EXTENDED_MT1_LABEL">
					<Anchors>
						<Anchor point="TOPLEFT" relativePoint="TOPLEFT">
							<Offset>
								<AbsDimension x="10" y="-50" />
							</Offset>
						</Anchor>
						<Anchor point="BOTTOMRIGHT" relativePoint="TOPLEFT">
							<Offset>
								<AbsDimension x="100" y="-75" />
							</Offset>
						</Anchor>
					</Anchors>
					<Color r="1" g="1" b="1" />
				</FontString>
				<FontString name="$parentMT2MyText" inherits="GameFontNormal" justifyH="RIGHT" text="CHHT_EXTENDED_MT2_LABEL">
					<Anchors>
						<Anchor point="TOPLEFT" relativePoint="TOPLEFT">
							<Offset>
								<AbsDimension x="10" y="-75" />
							</Offset>
						</Anchor>
						<Anchor point="BOTTOMRIGHT" relativePoint="TOPLEFT">
							<Offset>
								<AbsDimension x="100" y="-100" />
							</Offset>
						</Anchor>
					</Anchors>
					<Color r="1" g="1" b="1" />
				</FontString>
				<FontString name="$parentMT3MyText" inherits="GameFontNormal" justifyH="RIGHT" text="CHHT_EXTENDED_MT3_LABEL">
					<Anchors>
						<Anchor point="TOPLEFT" relativePoint="TOPLEFT">
							<Offset>
								<AbsDimension x="10" y="-100" />
							</Offset>
						</Anchor>
						<Anchor point="BOTTOMRIGHT" relativePoint="TOPLEFT">
							<Offset>
								<AbsDimension x="100" y="-125" />
							</Offset>
						</Anchor>
					</Anchors>
					<Color r="1" g="1" b="1" />
				</FontString>
				<FontString name="$parentMT4MyText" inherits="GameFontNormal" justifyH="RIGHT" text="CHHT_EXTENDED_MT4_LABEL">
					<Anchors>
						<Anchor point="TOPLEFT" relativePoint="TOPLEFT">
							<Offset>
								<AbsDimension x="10" y="-125" />
							</Offset>
						</Anchor>
						<Anchor point="BOTTOMRIGHT" relativePoint="TOPLEFT">
							<Offset>
								<AbsDimension x="100" y="-150" />
							</Offset>
						</Anchor>
					</Anchors>
					<Color r="1" g="1" b="1" />
				</FontString>
				<FontString name="$parentMT5MyText" inherits="GameFontNormal" justifyH="RIGHT" text="CHHT_EXTENDED_MT5_LABEL">
					<Anchors>
						<Anchor point="TOPLEFT" relativePoint="TOPLEFT">
							<Offset>
								<AbsDimension x="10" y="-150" />
							</Offset>
						</Anchor>
						<Anchor point="BOTTOMRIGHT" relativePoint="TOPLEFT">
							<Offset>
								<AbsDimension x="100" y="-175" />
							</Offset>
						</Anchor>
					</Anchors>
					<Color r="1" g="1" b="1" />
				</FontString>
				<FontString name="$parentMT6MyText" inherits="GameFontNormal" justifyH="RIGHT" text="CHHT_EXTENDED_MT6_LABEL">
					<Anchors>
						<Anchor point="TOPLEFT" relativePoint="TOPLEFT">
							<Offset>
								<AbsDimension x="10" y="-175" />
							</Offset>
						</Anchor>
						<Anchor point="BOTTOMRIGHT" relativePoint="TOPLEFT">
							<Offset>
								<AbsDimension x="100" y="-200" />
							</Offset>
						</Anchor>
					</Anchors>
					<Color r="1" g="1" b="1" />
				</FontString>
				<FontString name="$parentMT7MyText" inherits="GameFontNormal" justifyH="RIGHT" text="CHHT_EXTENDED_MT7_LABEL">
					<Anchors>
						<Anchor point="TOPLEFT" relativePoint="TOPLEFT">
							<Offset>
								<AbsDimension x="10" y="-200" />
							</Offset>
						</Anchor>
						<Anchor point="BOTTOMRIGHT" relativePoint="TOPLEFT">
							<Offset>
								<AbsDimension x="100" y="-225" />
							</Offset>
						</Anchor>
					</Anchors>
					<Color r="1" g="1" b="1" />
				</FontString>
				<FontString name="$parentMT8MyText" inherits="GameFontNormal" justifyH="RIGHT" text="CHHT_EXTENDED_MT8_LABEL">
					<Anchors>
						<Anchor point="TOPLEFT" relativePoint="TOPLEFT">
							<Offset>
								<AbsDimension x="10" y="-225" />
							</Offset>
						</Anchor>
						<Anchor point="BOTTOMRIGHT" relativePoint="TOPLEFT">
							<Offset>
								<AbsDimension x="100" y="-250" />
							</Offset>
						</Anchor>
					</Anchors>
					<Color r="1" g="1" b="1" />
				</FontString>
				<FontString name="$parentMT9MyText" inherits="GameFontNormal" justifyH="RIGHT" text="CHHT_EXTENDED_MT9_LABEL">
					<Anchors>
						<Anchor point="TOPLEFT" relativePoint="TOPLEFT">
							<Offset>
								<AbsDimension x="10" y="-250" />
							</Offset>
						</Anchor>
						<Anchor point="BOTTOMRIGHT" relativePoint="TOPLEFT">
							<Offset>
								<AbsDimension x="100" y="-275" />
							</Offset>
						</Anchor>
					</Anchors>
					<Color r="1" g="1" b="1" />
				</FontString>
				<FontString name="$parentMT10MyText" inherits="GameFontNormal" justifyH="RIGHT" text="CHHT_EXTENDED_MT10_LABEL">
					<Anchors>
						<Anchor point="TOPLEFT" relativePoint="TOPLEFT">
							<Offset>
								<AbsDimension x="10" y="-275" />
							</Offset>
						</Anchor>
						<Anchor point="BOTTOMRIGHT" relativePoint="TOPLEFT">
							<Offset>
								<AbsDimension x="100" y="-300" />
							</Offset>
						</Anchor>
					</Anchors>
					<Color r="1" g="1" b="1" />
				</FontString>
				<FontString name="$parentTooltipOrientationMyText" inherits="GameFontNormal" justifyH="RIGHT" text="CHHT_EXTENDED_MT_TOOLTIP_ORIENTATION">
					<Anchors>
						<Anchor point="TOPLEFT" relativePoint="TOPLEFT">
							<Offset>
								<AbsDimension x="10" y="-330" />
							</Offset>
						</Anchor>
						<Anchor point="BOTTOMRIGHT" relativePoint="TOPLEFT">
							<Offset>
								<AbsDimension x="140" y="-350" />
							</Offset>
						</Anchor>
					</Anchors>
					<Color r="1" g="1" b="1" />
				</FontString>
			</Layer>
		</Layers>
		<Frames>
			<Frame name="$parentMT1" inherits="UIDropDownMenuTemplate">
				<Anchors>
					<Anchor point="LEFT" relativeTo="$parentMT1MyText" relativePoint="RIGHT">
						<Offset>
							<AbsDimension x="10" y="0"/>
						</Offset>
					</Anchor>
				</Anchors>
			</Frame>
			<Frame name="$parentMT2" inherits="UIDropDownMenuTemplate">
				<Anchors>
					<Anchor point="LEFT" relativeTo="$parentMT2MyText" relativePoint="RIGHT">
						<Offset>
							<AbsDimension x="10" y="0"/>
						</Offset>
					</Anchor>
				</Anchors>
			</Frame>
			<Frame name="$parentMT3" inherits="UIDropDownMenuTemplate">
				<Anchors>
					<Anchor point="LEFT" relativeTo="$parentMT3MyText" relativePoint="RIGHT">
						<Offset>
							<AbsDimension x="10" y="0"/>
						</Offset>
					</Anchor>
				</Anchors>
			</Frame>
			<Frame name="$parentMT4" inherits="UIDropDownMenuTemplate">
				<Anchors>
					<Anchor point="LEFT" relativeTo="$parentMT4MyText" relativePoint="RIGHT">
						<Offset>
							<AbsDimension x="10" y="0"/>
						</Offset>
					</Anchor>
				</Anchors>
			</Frame>
			<Frame name="$parentMT5" inherits="UIDropDownMenuTemplate">
				<Anchors>
					<Anchor point="LEFT" relativeTo="$parentMT5MyText" relativePoint="RIGHT">
						<Offset>
							<AbsDimension x="10" y="0"/>
						</Offset>
					</Anchor>
				</Anchors>
			</Frame>
			<Frame name="$parentMT6" inherits="UIDropDownMenuTemplate">
				<Anchors>
					<Anchor point="LEFT" relativeTo="$parentMT6MyText" relativePoint="RIGHT">
						<Offset>
							<AbsDimension x="10" y="0"/>
						</Offset>
					</Anchor>
				</Anchors>
			</Frame>
			<Frame name="$parentMT7" inherits="UIDropDownMenuTemplate">
				<Anchors>
					<Anchor point="LEFT" relativeTo="$parentMT7MyText" relativePoint="RIGHT">
						<Offset>
							<AbsDimension x="10" y="0"/>
						</Offset>
					</Anchor>
				</Anchors>
			</Frame>
			<Frame name="$parentMT8" inherits="UIDropDownMenuTemplate">
				<Anchors>
					<Anchor point="LEFT" relativeTo="$parentMT8MyText" relativePoint="RIGHT">
						<Offset>
							<AbsDimension x="10" y="0"/>
						</Offset>
					</Anchor>
				</Anchors>
			</Frame>
			<Frame name="$parentMT9" inherits="UIDropDownMenuTemplate">
				<Anchors>
					<Anchor point="LEFT" relativeTo="$parentMT9MyText" relativePoint="RIGHT">
						<Offset>
							<AbsDimension x="10" y="0"/>
						</Offset>
					</Anchor>
				</Anchors>
			</Frame>
			<Frame name="$parentMT10" inherits="UIDropDownMenuTemplate">
				<Anchors>
					<Anchor point="LEFT" relativeTo="$parentMT10MyText" relativePoint="RIGHT">
						<Offset>
							<AbsDimension x="10" y="0"/>
						</Offset>
					</Anchor>
				</Anchors>
			</Frame>
			<Frame name="$parentTooltipOrientation" inherits="HintDropDownMenuTemplate">
				<Anchors>
					<Anchor point="LEFT" relativeTo="$parentTooltipOrientationMyText" relativePoint="RIGHT">
						<Offset>
							<AbsDimension x="10" y="0"/>
						</Offset>
					</Anchor>
				</Anchors>
				<Scripts>
					<OnLoad>
						CHH_HintDropDownLoad( 'mainTankTooltipInfo', CHH_ExtendedTooltipOrientationOptions );
					</OnLoad>
				</Scripts>
			</Frame>
			<Slider name="$parentMTFrameWidth" inherits="HintOptionsSliderTemplate">
				<Size>
					<AbsDimension x="250" y="16"/>
				</Size>
				<Anchors>
					<Anchor point="TOPLEFT" relativePoint="TOPLEFT">
						<Offset>
							<AbsDimension x="40" y="-380"/>
						</Offset>
					</Anchor>
				</Anchors>
				<Scripts>
					<OnLoad>
						CHH_HintOptionSliderLoad( 'mainTankFrameWidth', 100, 200, 1, '100', '200', CHHT_EXTENDED_MT_FRAME_WIDTH );
					</OnLoad>
				</Scripts>
			</Slider>
			<Slider name="$parentMTFrameHeight" inherits="HintOptionsSliderTemplate">
				<Size>
					<AbsDimension x="250" y="16"/>
				</Size>
				<Anchors>
					<Anchor point="TOPLEFT" relativePoint="TOPLEFT">
						<Offset>
							<AbsDimension x="40" y="-420"/>
						</Offset>
					</Anchor>
				</Anchors>
				<Scripts>
					<OnLoad>
						CHH_HintOptionSliderLoad( 'mainTankFrameHeight', 32, 100, 1, '32', '100', CHHT_EXTENDED_MT_FRAME_HEIGHT );
					</OnLoad>
				</Scripts>
			</Slider>
			<Slider name="$parentMTFrameScale" inherits="HintOptionsSliderTemplate">
				<Size>
					<AbsDimension x="250" y="16"/>
				</Size>
				<Anchors>
					<Anchor point="TOPLEFT" relativePoint="TOPLEFT">
						<Offset>
							<AbsDimension x="40" y="-460"/>
						</Offset>
					</Anchor>
				</Anchors>
				<Scripts>
					<OnLoad>
						CHH_HintOptionSliderLoad( 'mainTankFrameScale', 25, 200, 5, '25%', '200%', CHHT_EXTENDED_MT_FRAME_SCALE );
					</OnLoad>
				</Scripts>
			</Slider>
		</Frames>
	</Frame>

	<!-- ##################################################################################################################################### -->
	<!-- #  MAIN TANK AND PLAYER ASSIST (MTPA)                                                                                               # -->
	<!-- ##################################################################################################################################### -->

	<Frame name="CHH_ExtendedMTPAFrameTemplate" virtual="true">
		<Anchors>
			<Anchor point="TOPLEFT" relativePoint="TOPLEFT">
				<Offset>
					<AbsDimension x="10" y="-10"/>
				</Offset>
			</Anchor>
			<Anchor point="BOTTOMRIGHT" relativePoint="BOTTOMRIGHT">
				<Offset>
					<AbsDimension x="-10" y="40"/>
				</Offset>
			</Anchor>
		</Anchors>
		<Frames>
			<Frame name="$parentMainTank" inherits="CHH_ExtendedMainTankFrameTemplate" />
		</Frames>
	</Frame>

	<!-- ##################################################################################################################################### -->
	<!-- # NEEDY LIST HEAL                                                                                                                   # -->
	<!-- ##################################################################################################################################### -->

	<Frame name="CHH_ExtendedNeedyListHealTemplate" inherits="CHH_ExtendedNeedyListTemplate" virtual="true">
		<Scripts>
			<OnLoad>
				getglobal(this:GetName()..'TitleText'):SetText( CHHT_EXTENDED_NEEDY_LIST_HEAL );
				this:SetBackdropBorderColor(0.4, 0.4, 0.4);
				this:SetBackdropColor(0.15, 0.15, 0.15);
				getglobal(this:GetName()..'RaidClasses').ch_frame_title = CHHT_EXTENDED_NEEDY_LIST_CLASSES_LABEL;

				CHH_HintOptionSetConfigPrepand( 'raid_group', 'needyListHealShow' );
				CHH_HintOptionSetConfigPrepand( 'raid_class', 'needyListHealShow' );
				CHH_HintOptionSetConfigPrepand( 'needy_list', 'needyListHeal' );

				getglobal(this:GetName()..'FrameHeightLow'):SetText( '32' );
				getglobal(this:GetName()..'FrameHeight'):SetMinMaxValues( 32 ,100 );
			</OnLoad>
		</Scripts>
		<Layers>
			<Layer level="ARTWORK">
				<FontString name="$parentSortMyText" inherits="GameFontNormal" justifyH="RIGHT" text="CHHT_EXTENDED_NEEDY_LIST_SORT">
					<Anchors>
						<Anchor point="TOPLEFT" relativePoint="TOPLEFT">
							<Offset>
								<AbsDimension x="10" y="-300" />
							</Offset>
						</Anchor>
						<Anchor point="BOTTOMRIGHT" relativePoint="TOP">
							<Offset>
								<AbsDimension x="-200" y="-320" />
							</Offset>
						</Anchor>
					</Anchors>
					<Color r="1" g="1" b="1" />
				</FontString>
			</Layer>
		</Layers>
		<Frames>
			<Slider name="$parentHealthPercentage" inherits="HintOptionsSliderTemplate">
				<Size>
					<AbsDimension x="250" y="16"/>
				</Size>
				<Anchors>
					<Anchor point="TOPLEFT" relativePoint="TOPLEFT">
						<Offset>
							<AbsDimension x="30" y="-130"/>
						</Offset>
					</Anchor>
				</Anchors>
				<Scripts>
					<OnLoad>
						CHH_HintOptionSliderLoad( 'needyListHealHealthPercentage', 1, 100, 1, '1%', '100%', CHHT_EXTENDED_NEEDY_LIST_HEAL_HEALTH_PERCENTAGE );
					</OnLoad>
				</Scripts>
			</Slider>
			<CheckButton name="$parentLockTanks" inherits="HintOptionsCheckButtonTemplate" checked="true">
				<Anchors>
					<Anchor point="TOPLEFT" relativePoint="TOPLEFT">
						<Offset>
							<AbsDimension x="30" y="-160" />
						</Offset>
						
					</Anchor>
				</Anchors>
				<Layers>
					<Layer>
						<FontString name="$parentName" inherits="GameFontNormal" text="CHHT_EXTENDED_NEEDY_LIST_HEAL_LOCK_TANKS">
		                 			<Anchors>
		                    				<Anchor point="LEFT" relativePoint="RIGHT" />
       							</Anchors>
							<Color r="1" g="1" b="1" />
						</FontString>
					</Layer>
				</Layers>
				<Scripts>
					<OnLoad>
						CHH_HintOptionCheckBoxLoad( 'needyListHealLockTanks' );
					</OnLoad>
				</Scripts>
			</CheckButton>
			<Frame name="$parentSort" inherits="HintDropDownMenuTemplate">
				<Anchors>
					<Anchor point="LEFT" relativeTo="$parentSortMyText" relativePoint="RIGHT">
						<Offset>
							<AbsDimension x="10" y="0"/>
						</Offset>
					</Anchor>
				</Anchors>
				<Scripts>
					<OnLoad>
						UIDropDownMenu_SetWidth( 160, this );
						CHH_HintDropDownLoad( 'needyListHealSort', CHH_ExtendedNeedyListHealSortOptions );
					</OnLoad>
				</Scripts>
			</Frame>
		</Frames>
	</Frame>

	<!-- ##################################################################################################################################### -->
	<!-- # NEEDY LIST CURE                                                                                                                   # -->
	<!-- ##################################################################################################################################### -->

	<Frame name="CHH_ExtendedNeedyListCureTemplate" inherits="CHH_ExtendedNeedyListTemplate" virtual="true">
		<Scripts>
			<OnLoad>
				getglobal(this:GetName()..'TitleText'):SetText( CHHT_EXTENDED_NEEDY_LIST_CURE );
				this:SetBackdropBorderColor(0.4, 0.4, 0.4);
				this:SetBackdropColor(0.15, 0.15, 0.15);
				getglobal(this:GetName()..'RaidClasses').ch_frame_title = CHHT_EXTENDED_NEEDY_LIST_CLASSES_LABEL;

				CHH_HintOptionSetConfigPrepand( 'raid_group', 'needyListCureShow' );
				CHH_HintOptionSetConfigPrepand( 'raid_class', 'needyListCureShow' );
				CHH_HintOptionSetConfigPrepand( 'needy_list', 'needyListCure' );
			</OnLoad>
		</Scripts>
		<Layers>
			<Layer level="ARTWORK">
				<FontString name="$parentSortMyText" inherits="GameFontNormal" justifyH="RIGHT" text="CHHT_EXTENDED_NEEDY_LIST_SORT">
					<Anchors>
						<Anchor point="TOPLEFT" relativePoint="TOPLEFT">
							<Offset>
								<AbsDimension x="10" y="-300" />
							</Offset>
						</Anchor>
						<Anchor point="BOTTOMRIGHT" relativePoint="TOP">
							<Offset>
								<AbsDimension x="-200" y="-320" />
							</Offset>
						</Anchor>
					</Anchors>
					<Color r="1" g="1" b="1" />
				</FontString>
			</Layer>
		</Layers>
		<Frames>
			<CheckButton name="$parentShowCurse" inherits="HintOptionsCheckButtonTemplate" checked="true">
				<Anchors>
					<Anchor point="TOPLEFT" relativePoint="TOPLEFT">
						<Offset>
							<AbsDimension x="30" y="-130" />
						</Offset>
						
					</Anchor>
				</Anchors>
				<Layers>
					<Layer>
						<FontString name="$parentName" inherits="GameFontNormal" text="CHHT_EXTENDED_NEEDY_LIST_CURE_SHOW_CURSE">
		                 			<Anchors>
		                    				<Anchor point="LEFT" relativePoint="RIGHT" />
       							</Anchors>
							<Color r="1" g="1" b="1" />
						</FontString>
					</Layer>
				</Layers>
				<Scripts>
					<OnLoad>
						CHH_HintOptionCheckBoxLoad( 'needyListCureShowCurse' );
					</OnLoad>
				</Scripts>
			</CheckButton>
			<CheckButton name="$parentShowDisease" inherits="HintOptionsCheckButtonTemplate" checked="true">
				<Anchors>
					<Anchor point="TOPLEFT" relativePoint="TOPLEFT">
						<Offset>
							<AbsDimension x="200" y="-130" />
						</Offset>
						
					</Anchor>
				</Anchors>
				<Layers>
					<Layer>
						<FontString name="$parentName" inherits="GameFontNormal" text="CHHT_EXTENDED_NEEDY_LIST_CURE_SHOW_DISEASE">
		                 			<Anchors>
		                    				<Anchor point="LEFT" relativePoint="RIGHT" />
       							</Anchors>
							<Color r="1" g="1" b="1" />
						</FontString>
					</Layer>
				</Layers>
				<Scripts>
					<OnLoad>
						CHH_HintOptionCheckBoxLoad( 'needyListCureShowDisease' );
					</OnLoad>
				</Scripts>
			</CheckButton>
			<CheckButton name="$parentShowPoison" inherits="HintOptionsCheckButtonTemplate" checked="true">
				<Anchors>
					<Anchor point="TOPLEFT" relativePoint="TOPLEFT">
						<Offset>
							<AbsDimension x="30" y="-160" />
						</Offset>
						
					</Anchor>
				</Anchors>
				<Layers>
					<Layer>
						<FontString name="$parentName" inherits="GameFontNormal" text="CHHT_EXTENDED_NEEDY_LIST_CURE_SHOW_POISON">
		                 			<Anchors>
		                    				<Anchor point="LEFT" relativePoint="RIGHT" />
       							</Anchors>
							<Color r="1" g="1" b="1" />
						</FontString>
					</Layer>
				</Layers>
				<Scripts>
					<OnLoad>
						CHH_HintOptionCheckBoxLoad( 'needyListCureShowPoison' );
					</OnLoad>
				</Scripts>
			</CheckButton>
			<CheckButton name="$parentShowMagic" inherits="HintOptionsCheckButtonTemplate" checked="true">
				<Anchors>
					<Anchor point="TOPLEFT" relativePoint="TOPLEFT">
						<Offset>
							<AbsDimension x="200" y="-160" />
						</Offset>
						
					</Anchor>
				</Anchors>
				<Layers>
					<Layer>
						<FontString name="$parentName" inherits="GameFontNormal" text="CHHT_EXTENDED_NEEDY_LIST_CURE_SHOW_MAGIC">
		                 			<Anchors>
		                    				<Anchor point="LEFT" relativePoint="RIGHT" />
       							</Anchors>
							<Color r="1" g="1" b="1" />
						</FontString>
					</Layer>
				</Layers>
				<Scripts>
					<OnLoad>
						CHH_HintOptionCheckBoxLoad( 'needyListCureShowMagic' );
					</OnLoad>
				</Scripts>
			</CheckButton>
			<Frame name="$parentSort" inherits="HintDropDownMenuTemplate">
				<Anchors>
					<Anchor point="LEFT" relativeTo="$parentSortMyText" relativePoint="RIGHT">
						<Offset>
							<AbsDimension x="10" y="0"/>
						</Offset>
					</Anchor>
				</Anchors>
				<Scripts>
					<OnLoad>
						UIDropDownMenu_SetWidth( 160, this );
						CHH_HintDropDownLoad( 'needyListCureSort', CHH_ExtendedNeedyListCureSortOptions );
					</OnLoad>
				</Scripts>
			</Frame>
		</Frames>
	</Frame>

	<!-- ##################################################################################################################################### -->
	<!-- # NEEDY LIST BUFF                                                                                                                   # -->
	<!-- ##################################################################################################################################### -->

	<Frame name="CHH_ExtendedNeedyListBuffTemplate" inherits="CHH_ExtendedNeedyListTemplate" virtual="true">
		<Scripts>
			<OnLoad>
				getglobal(this:GetName()..'TitleText'):SetText( CHHT_EXTENDED_NEEDY_LIST_BUFF );
				this:SetBackdropBorderColor(0.4, 0.4, 0.4);
				this:SetBackdropColor(0.15, 0.15, 0.15);
				getglobal(this:GetName()..'RaidClasses').ch_frame_title = CHHT_EXTENDED_NEEDY_LIST_CLASSES_LABEL;

				CHH_HintOptionSetConfigPrepand( 'raid_group', 'needyListBuffShow' );
				CHH_HintOptionSetConfigPrepand( 'raid_class', 'needyListBuffShow' );
				CHH_HintOptionSetConfigPrepand( 'needy_list', 'needyListBuff' );
			</OnLoad>
		</Scripts>
		<Layers>
			<Layer level="ARTWORK">
				<FontString name="$parentSortMyText" inherits="GameFontNormal" justifyH="RIGHT" text="CHHT_EXTENDED_NEEDY_LIST_SORT">
					<Anchors>
						<Anchor point="TOPLEFT" relativePoint="TOPLEFT">
							<Offset>
								<AbsDimension x="10" y="-300" />
							</Offset>
						</Anchor>
						<Anchor point="BOTTOMRIGHT" relativePoint="TOP">
							<Offset>
								<AbsDimension x="-200" y="-320" />
							</Offset>
						</Anchor>
					</Anchors>
					<Color r="1" g="1" b="1" />
				</FontString>
			</Layer>
		</Layers>
		<Frames>
			<Frame name="$parentSort" inherits="HintDropDownMenuTemplate">
				<Anchors>
					<Anchor point="LEFT" relativeTo="$parentSortMyText" relativePoint="RIGHT">
						<Offset>
							<AbsDimension x="10" y="0"/>
						</Offset>
					</Anchor>
				</Anchors>
				<Scripts>
					<OnLoad>
						UIDropDownMenu_SetWidth( 160, this );
						CHH_HintDropDownLoad( 'needyListBuffSort', CHH_ExtendedNeedyListBuffSortOptions );
					</OnLoad>
				</Scripts>
			</Frame>
		</Frames>
	</Frame>

	<!-- ##################################################################################################################################### -->
	<!-- # NEEDY LIST DEAD                                                                                                                   # -->
	<!-- ##################################################################################################################################### -->

	<Frame name="CHH_ExtendedNeedyListDeadTemplate" inherits="CHH_ExtendedNeedyListTemplate" virtual="true">
		<Scripts>
			<OnLoad>
				getglobal(this:GetName()..'TitleText'):SetText( CHHT_EXTENDED_NEEDY_LIST_DEAD );
				this:SetBackdropBorderColor(0.4, 0.4, 0.4);
				this:SetBackdropColor(0.15, 0.15, 0.15);
				getglobal(this:GetName()..'RaidClasses').ch_frame_title = CHHT_EXTENDED_NEEDY_LIST_CLASSES_LABEL;

				CHH_HintOptionSetConfigPrepand( 'raid_group', 'needyListDeadShow' );
				CHH_HintOptionSetConfigPrepand( 'raid_class', 'needyListDeadShow' );
				CHH_HintOptionSetConfigPrepand( 'needy_list', 'needyListDead' );
			</OnLoad>
		</Scripts>
		<Layers>
			<Layer level="ARTWORK">
				<FontString name="$parentSortMyText" inherits="GameFontNormal" justifyH="RIGHT" text="CHHT_EXTENDED_NEEDY_LIST_SORT">
					<Anchors>
						<Anchor point="TOPLEFT" relativePoint="TOPLEFT">
							<Offset>
								<AbsDimension x="10" y="-300" />
							</Offset>
						</Anchor>
						<Anchor point="BOTTOMRIGHT" relativePoint="TOP">
							<Offset>
								<AbsDimension x="-200" y="-320" />
							</Offset>
						</Anchor>
					</Anchors>
					<Color r="1" g="1" b="1" />
				</FontString>
			</Layer>
		</Layers>
		<Frames>
			<Frame name="$parentSort" inherits="HintDropDownMenuTemplate">
				<Anchors>
					<Anchor point="LEFT" relativeTo="$parentSortMyText" relativePoint="RIGHT">
						<Offset>
							<AbsDimension x="10" y="0"/>
						</Offset>
					</Anchor>
				</Anchors>
				<Scripts>
					<OnLoad>
						UIDropDownMenu_SetWidth( 160, this );
						CHH_HintDropDownLoad( 'needyListDeadSort', CHH_ExtendedNeedyListDeadSortOptions );
					</OnLoad>
				</Scripts>
			</Frame>
		</Frames>
	</Frame>

	<!-- ##################################################################################################################################### -->
	<!-- # EXTENDED CONFIG                                                                                                                   # -->
	<!-- ##################################################################################################################################### -->

        <!-- ===== The extended button config ========================================================================= -->
	<Frame name="CHH_ExtendedTemplate" hidden="true" virtual="true">
		<Anchors>
			<Anchor point="TOPLEFT" relativePoint="TOPLEFT" />
			<Anchor point="BOTTOMRIGHT" relativePoint="BOTTOMRIGHT" />
		</Anchors>
		<Frames>
			<Frame name="$parentRaid" inherits="CHH_ExtendedRaidFrameTemplate" hidden="true" />
			<Frame name="$parentMTPA" inherits="CHH_ExtendedMTPAFrameTemplate" hidden="true" />
			<Frame name="$parentNeedyListHeal" inherits="CHH_ExtendedNeedyListHealTemplate" hidden="true" />
			<Frame name="$parentNeedyListBuff" inherits="CHH_ExtendedNeedyListBuffTemplate" hidden="true" />
			<Frame name="$parentNeedyListCure" inherits="CHH_ExtendedNeedyListCureTemplate" hidden="true" />
			<Frame name="$parentNeedyListDead" inherits="CHH_ExtendedNeedyListDeadTemplate" hidden="true" />

			<Button name="$parentPage1Button" inherits="OptionsButtonTemplate" text="CHHT_EXTENDED_PAGE1">
				<Anchors>
					<Anchor point="BOTTOMLEFT">
						<Offset>
							<AbsDimension x="20" y="16"/>
						</Offset>
					</Anchor>
				</Anchors>
				<Scripts>
					<OnClick>
						CHH_ExtendedRaidTab();
					</OnClick>
				</Scripts>
			</Button>
			<Button name="$parentPage2Button" inherits="OptionsButtonTemplate" text="CHHT_EXTENDED_PAGE2">
				<Anchors>
					<Anchor point="LEFT" relativeTo="$parentPage1Button" relativePoint="RIGHT" />
				</Anchors>
				<Scripts>
					<OnClick>
						CHH_ExtendedMainTankTab();
					</OnClick>
				</Scripts>
			</Button>
			<Button name="$parentPage3Button" inherits="OptionsButtonTemplate" text="CHHT_EXTENDED_PAGE3">
				<Anchors>
					<Anchor point="LEFT" relativeTo="$parentPage2Button" relativePoint="RIGHT" />
				</Anchors>
				<Scripts>
					<OnClick>
						CHH_ExtendedNeedyListHealInit();
					</OnClick>
				</Scripts>
			</Button>
			<Button name="$parentPage4Button" inherits="OptionsButtonTemplate" text="CHHT_EXTENDED_PAGE4">
				<Anchors>
					<Anchor point="LEFT" relativeTo="$parentPage3Button" relativePoint="RIGHT" />
				</Anchors>
				<Scripts>
					<OnClick>
						CHH_ExtendedNeedyListCureInit();
					</OnClick>
				</Scripts>
			</Button>
			<Button name="$parentPage5Button" inherits="OptionsButtonTemplate" text="CHHT_EXTENDED_PAGE5">
				<Anchors>
					<Anchor point="LEFT" relativeTo="$parentPage4Button" relativePoint="RIGHT" />
				</Anchors>
				<Scripts>
					<OnClick>
						CHH_ExtendedNeedyListBuffInit();
					</OnClick>
				</Scripts>
			</Button>
			<Button name="$parentPage6Button" inherits="OptionsButtonTemplate" text="CHHT_EXTENDED_PAGE6">
				<Anchors>
					<Anchor point="LEFT" relativeTo="$parentPage5Button" relativePoint="RIGHT" />
				</Anchors>
				<Scripts>
					<OnClick>
						CHH_ExtendedNeedyListDeadInit();
					</OnClick>
				</Scripts>
			</Button>
			<Button name="$parentResetButton" inherits="OptionsButtonTemplate" text="CHHT_LABEL_DEFAULTS">
				<Anchors>
					<Anchor point="BOTTOMRIGHT">
						<Offset>
							<AbsDimension x="-20" y="16"/>
						</Offset>
					</Anchor>
				</Anchors>
				<Scripts>
					<OnClick>
						CHH_ResetDefaults();
					</OnClick>
				</Scripts>
			</Button>
		</Frames>
	</Frame>

</Ui>
