<Ui xmlns="http://www.blizzard.com/wow/ui/" xmlns:xsi="http://www.w3.org/2001/XMLSchema-instance" xsi:schemaLocation="http://www.blizzard.com/wow/ui/
..\..\FrameXML\UI.xsd">
    <Script file="FactionGrinder_deDE.lua"/>
    <Script file="FactionGrinder_frFR.lua"/>
    <Script file="FactionGrinder_zhTW.lua"/>
    <Script file="FactionGrinder.lua"/>

    
    <Frame name="FactionGrinderFrame">
	<Scripts>
	    <OnLoad>
		FactionGrinder_OnLoad();
	    </OnLoad>
	    <OnEvent>
		FactionGrinder_OnEvent(event);
	    </OnEvent>
	</Scripts>
    </Frame>

    <!--This is the frame containing all the settings-->
    <Frame name="FactionGrinderSettingsFrame" hidden="true" virtual="false" movable="true" parent="UIParent" frameStrata="FULLSCREEN"><!--High strata so the settings screen can always be seen.-->
	<Size><AbsDimension x="270" y="300"/></Size>

	<Anchors>
	    <Anchor point="CENTER">
		<Offset><AbsDimension x="0" y="0"/></Offset>
	    </Anchor>
	</Anchors>

	<Backdrop bgFile="Interface\DialogFrame\UI-DialogBox-Background" edgeFile="Interface\DialogFrame\UI-DialogBox-Border" tile="true">
	    <TileSize><AbsValue val="32"/></TileSize>
            <EdgeSize><AbsValue val="32"/></EdgeSize>
            <BackgroundInsets>
              	<AbsInset left="11" right="12" top="12" bottom="11"/>
	    </BackgroundInsets>
        </Backdrop>


	<Layers>
	    <Layer level="BACKGROUND">
		<Texture name="FG_BG1">
		    <Size>
			<AbsDimension x="260" y="290"/>
		    </Size>
		    <Anchors>
			<Anchor point="CENTER"/>
		    </Anchors>
		    <Color r="0.2" g="0.2" b="0.2" a="1" />
		</Texture>
	    </Layer>

	    <Layer level="ARTWORK">
		<Texture name="FG_SettingsFrameHeaderBox" file="Interface\DialogFrame\UI-DialogBox-Header">
		    <Size>
			<AbsDimension x="280" y="64"/>
		    </Size>
		    <Anchors>
			<Anchor point="TOP">
			    <Offset>
				<AbsDimension x="0" y="12"/>
			    </Offset>
			</Anchor>
		    </Anchors>
		</Texture>
		<FontString name="FG_SettingsFrameHeader" inherits="GameFontWhite" text="Faction Grinder">
		    <Anchors>
			<Anchor point="TOP" relativeTo="FactionGrinderSettingsFrame">
			    <Offset>
				<AbsDimension x="0" y="-1"/>
			    </Offset>
			</Anchor>
		    </Anchors>
		</FontString>

		<Texture name="ArgentDawnTexture" file="Interface\Icons\INV_Jewelry_Talisman_07">
		    <Size><AbsDimension x="24" y="24"/></Size>
		    <Anchors>
			<Anchor point="TOPLEFT">
			    <Offset><AbsDimension x="185" y="-60"/></Offset>
			</Anchor>
		    </Anchors>
		    <TexCoords left="0" right="1" top="0" bottom="1"/>
  	        </Texture>

		<Texture name="CenarionCircleTexture" file="Interface\Icons\INV_Misc_Note_06">
		    <Size><AbsDimension x="24" y="24"/></Size>
		    <Anchors>
			<Anchor point="TOPLEFT">
			    <Offset><AbsDimension x="185" y="-100"/></Offset>
			</Anchor>
		    </Anchors>
		    <TexCoords left="0" right="1" top="0" bottom="1"/>
		</Texture>

		<Texture name="TimbermawHoldTexture" file="Interface\Icons\INV_Misc_Horn_01">
		    <Size><AbsDimension x="24" y="24"/></Size>
		    <Anchors>
			<Anchor point="TOPLEFT">
			    <Offset><AbsDimension x="185" y="-135"/></Offset>
			</Anchor>
		    </Anchors>
		    <TexCoords left="0" right="1" top="0" bottom="1"/>
	        </Texture>

		<Texture name="WintersaberTrainersTexture" file="Interface\Icons\Ability_Mount_PinkTiger">
		    <Size><AbsDimension x="24" y="24"/></Size>
		    <Anchors>
			<Anchor point="TOPLEFT">
			    <Offset><AbsDimension x="185" y="-165"/></Offset>
			</Anchor>
		    </Anchors>
		    <TexCoords left="0" right="1" top="0" bottom="1"/>
		</Texture>
	    </Layer>

	    <Layer level="OVERLAY">
		<FontString name="FG_DisplaySettingsHeader" inherits="GameFontWhite" text="Display Settings">
		    <Anchors>
			<Anchor point="TOP" relativeTo="FactionGrinderSettingsFrame">
			    <Offset>
				<AbsDimension x="0" y="-25"/>
			    </Offset>
			</Anchor>
		    </Anchors>
		</FontString>

		<FontString name="FG_TurninLabel" inherits="GameFontGreenSmall" text="Turn-ins">
		    <Anchors>
			<Anchor point="TOPLEFT" relativeTo="FactionGrinderSettingsFrame">
			    <Offset>
				<AbsDimension x="145" y="-42"/>
			    </Offset>
			</Anchor>
		    </Anchors>
		</FontString>

		<FontString name="FG_GrindStatsLabel" inherits="GameFontGreenSmall" text="Grind Stats">
		    <Anchors>
			<Anchor point="TOPLEFT" relativeTo="FactionGrinderSettingsFrame">
			    <Offset>
				<AbsDimension x="200" y="-42"/>
			    </Offset>
			</Anchor>
		    </Anchors>
		</FontString>

		<FontString name="FG_ArgentDawnLabel" inherits="GameFontNormalSmall" text="Argent Dawn">
		    <Anchors>
			<Anchor point="TOPLEFT" relativeTo="FactionGrinderSettingsFrame">
			    <Offset>
				<AbsDimension x="20" y="-55"/>
			    </Offset>
			</Anchor>
		    </Anchors>
		</FontString>

		<FontString name="FG_ArgentDawnCauldronsLabel" inherits="GameFontNormalSmall" text="Argent Dawn Cauldrons">
		    <Anchors>
			<Anchor point="TOPLEFT" relativeTo="FactionGrinderSettingsFrame">
			    <Offset>
				<AbsDimension x="20" y="-75"/>
			    </Offset>
			</Anchor>
		    </Anchors>
		</FontString>

		<FontString name="FG_CenarionCircleLabel" inherits="GameFontNormalSmall" text="Cenarion Circle">
		    <Anchors>
			<Anchor point="TOPLEFT" relativeTo="FactionGrinderSettingsFrame">
			    <Offset>
				<AbsDimension x="20" y="-95"/>
			    </Offset>
			</Anchor>
		    </Anchors>
 	        </FontString>

		<FontString name="FG_CenarionCircleSummonsLabel" inherits="GameFontNormalSmall" text="Cenarion Circle Summons">
		    <Anchors>
			<Anchor point="TOPLEFT" relativeTo="FactionGrinderSettingsFrame">
			    <Offset>
				<AbsDimension x="20" y="-115"/>
			    </Offset>
			</Anchor>
		    </Anchors>
		</FontString>

		<FontString name="FG_TimbermawHoldLabel" inherits="GameFontNormalSmall" text="Timbermaw Hold">
		    <Anchors>
			<Anchor point="TOPLEFT" relativeTo="FactionGrinderSettingsFrame">
			    <Offset>
				<AbsDimension x="20" y="-140"/>
			    </Offset>
			</Anchor>
		    </Anchors>
	        </FontString>

		<FontString name="FG_WintersaberTrainersLabel" inherits="GameFontNormalSmall" text="Wintersaber Trainers">
		    <Anchors>
			<Anchor point="TOPLEFT" relativeTo="FactionGrinderSettingsFrame">
			    <Offset>
				<AbsDimension x="20" y="-170"/>
			    </Offset>
			</Anchor>
		    </Anchors>
		</FontString>
	    </Layer>
	</Layers>

	<Frames>
	    <CheckButton name="FG_CB_ArgentDawnGrinderDisplayFrame" inherits="UICheckButtonTemplate" checked="false">
		<Size><AbsDimension x="20" y="20" /></Size>
		<Anchors>
		    <Anchor point="BOTTOM" relativeTo="FG_TurninLabel">
			<Offset><AbsDimension x="0" y="-20"/></Offset>
		    </Anchor>
		</Anchors>
		<Scripts>
		    <OnClick>
			FactionGrinder_SetShowVar("ArgentDawnGrinderDisplayFrame",this:GetChecked());
			FactionGrinder_ToggleFrameDisplay(true);
		    </OnClick>
                </Scripts>
	    </CheckButton>

	    <CheckButton name="FG_CB_ArgentDawnGrinderCauldronFrame" inherits="UICheckButtonTemplate" checked="false">
		<Size><AbsDimension x="20" y="20" /></Size>
		<Anchors>
		    <Anchor point="BOTTOM" relativeTo="FG_TurninLabel">
			<Offset><AbsDimension x="0" y="-40"/></Offset>
		    </Anchor>
		</Anchors>
		<Scripts>
		    <OnClick>
			FactionGrinder_SetShowVar("ArgentDawnGrinderCauldronFrame",this:GetChecked());
			FactionGrinder_ToggleFrameDisplay(true);
		    </OnClick>
                </Scripts>
	    </CheckButton>

            <CheckButton name="FG_CB_CenarionCircleGrinderDisplayFrame" inherits="UICheckButtonTemplate" checked="false">
		<Size><AbsDimension x="20" y="20" /></Size>
		<Anchors>
		    <Anchor point="BOTTOM" relativeTo="FG_TurninLabel">
			<Offset><AbsDimension x="0" y="-60"/></Offset>
		    </Anchor>
		</Anchors>
		<Scripts>
		    <OnClick>
			FactionGrinder_SetShowVar("CenarionCircleGrinderDisplayFrame",this:GetChecked());
			FactionGrinder_ToggleFrameDisplay(true);
		    </OnClick>
                </Scripts>
	    </CheckButton>

            <CheckButton name="FG_CB_CenarionCircleGrinderSummonsFrame" inherits="UICheckButtonTemplate" checked="false">
		<Size><AbsDimension x="20" y="20" /></Size>
		<Anchors>
		    <Anchor point="BOTTOM" relativeTo="FG_TurninLabel">
			<Offset><AbsDimension x="0" y="-80"/></Offset>
		    </Anchor>
		</Anchors>
		<Scripts>
		    <OnClick>
			FactionGrinder_SetShowVar("CenarionCircleGrinderSummonsFrame",this:GetChecked());
			FactionGrinder_ToggleFrameDisplay(true);
		    </OnClick>
                </Scripts>
	    </CheckButton>

	    <CheckButton name="FG_CB_TimbermawHoldGrinderDisplayFrame" inherits="UICheckButtonTemplate" checked="false">
		<Size><AbsDimension x="20" y="20" /></Size>
		<Anchors>
		    <Anchor point="BOTTOM" relativeTo="FG_TurninLabel">
			<Offset><AbsDimension x="0" y="-105"/></Offset>
		    </Anchor>
		</Anchors>
		<Scripts>
		    <OnClick>
			FactionGrinder_SetShowVar("TimbermawHoldGrinderDisplayFrame",this:GetChecked());
			FactionGrinder_ToggleFrameDisplay(true);
		    </OnClick>
                </Scripts>
	    </CheckButton>

	    <CheckButton name="FG_CB_WintersaberTrainersGrinderDisplayFrame" inherits="UICheckButtonTemplate" checked="false">
		<Size><AbsDimension x="20" y="20" /></Size>
		<Anchors>
		    <Anchor point="BOTTOM" relativeTo="FG_TurninLabel">
			<Offset><AbsDimension x="0" y="-135"/></Offset>
		    </Anchor>
		</Anchors>
		<Scripts>
		    <OnClick>
			FactionGrinder_SetShowVar("WintersaberTrainersGrinderDisplayFrame",this:GetChecked());
			FactionGrinder_ToggleFrameDisplay(true);
		    </OnClick>
                </Scripts>
	    </CheckButton>

	    <CheckButton name="FG_CB_ArgentDawnGrinderGrindFrame" inherits="UICheckButtonTemplate" checked="false">
		<Size><AbsDimension x="20" y="20" /></Size>
		<Anchors>
		    <Anchor point="BOTTOM" relativeTo="FG_GrindStatsLabel">
			<Offset><AbsDimension x="0" y="-30"/></Offset>
		    </Anchor>
		</Anchors>
		<Scripts>
		    <OnClick>
			FactionGrinder_SetShowVar("ArgentDawnGrinderGrindFrame",this:GetChecked());
			FactionGrinder_ToggleFrameDisplay(true);
		    </OnClick>
                </Scripts>
	    </CheckButton>

	    <CheckButton name="FG_CB_CenarionCircleGrinderGrindFrame" inherits="UICheckButtonTemplate" checked="false">
		<Size><AbsDimension x="20" y="20" /></Size>
		<Anchors>
		    <Anchor point="BOTTOM" relativeTo="FG_GrindStatsLabel">
			<Offset><AbsDimension x="0" y="-70"/></Offset>
		    </Anchor>
		</Anchors>
		<Scripts>
		    <OnClick>
			FactionGrinder_SetShowVar("CenarionCircleGrinderGrindFrame",this:GetChecked());
			FactionGrinder_ToggleFrameDisplay(true);
		    </OnClick>
                </Scripts>
	    </CheckButton>

            <CheckButton name="FG_CB_TimbermawHoldGrinderGrindFrame" inherits="UICheckButtonTemplate" checked="false">
		<Size><AbsDimension x="20" y="20" /></Size>
		<Anchors>
		    <Anchor point="BOTTOM" relativeTo="FG_GrindStatsLabel">
			<Offset><AbsDimension x="0" y="-105"/></Offset>
		    </Anchor>
		</Anchors>
		<Scripts>
		    <OnClick>
			FactionGrinder_SetShowVar("TimbermawHoldGrinderGrindFrame",this:GetChecked());
			FactionGrinder_ToggleFrameDisplay(true);
		    </OnClick>
                </Scripts>
	    </CheckButton>

            <CheckButton name="FG_CB_WintersaberTrainersGrinderGrindFrame" inherits="UICheckButtonTemplate" checked="false">
		<Size><AbsDimension x="20" y="20" /></Size>
		<Anchors>
		    <Anchor point="BOTTOM" relativeTo="FG_GrindStatsLabel">
			<Offset><AbsDimension x="0" y="-135"/></Offset>
		    </Anchor>
		</Anchors>
		<Scripts>
		    <OnClick>
			FactionGrinder_SetShowVar("WintersaberTrainersGrinderGrindFrame",this:GetChecked());
			FactionGrinder_ToggleFrameDisplay(true);
		    </OnClick>
                </Scripts>
	    </CheckButton>

	    <Frame name="FactionGrinderGeneralSettingsFrame" hidden="false" virtual="false" movable="true" parent="FactionGrinderSettingsFrame" frameStrata="FULLSCREEN">
		<Size><AbsDimension x="255" y="105"/></Size>

		<Anchors>
		    <Anchor point="BOTTOM" relativePoint="BOTTOM">
			<Offset><AbsDimension x="0" y="6"/></Offset>
		    </Anchor>
		</Anchors>

		<Backdrop bgFile="Interface\DialogFrame\UI-DialogBox-Background" edgeFile="Interface\DialogFrame\UI-DialogBox-Border" tile="true">
		    <TileSize><AbsValue val="16"/></TileSize>
		    <EdgeSize><AbsValue val="16"/></EdgeSize>
		    <BackgroundInsets>
			<AbsInset left="5" right="6" top="6" bottom="5"/>
		    </BackgroundInsets>
		</Backdrop>

		<Layers>
		    <Layer level="BACKGROUND">
			<Texture name="FG_BG1">
			    <Size>
				<AbsDimension x="245" y="95"/>
			    </Size>
			    <Anchors>
				<Anchor point="CENTER"/>
			    </Anchors>
			    <Color r="0.2" g="0.2" b="0.2" a="1" />
			</Texture>
		    </Layer>

		    <Layer level="OVERLAY">
			<FontString name="FG_GeneralSettingsHeader" inherits="GameFontWhite" text="General Settings">
			    <Anchors>
				<Anchor point="TOP">
				    <Offset><AbsDimension x="0" y="-14"/></Offset>
				</Anchor>
			    </Anchors>
			</FontString>
		    </Layer>
		</Layers>

		<Frames>
		    <CheckButton name="FG_CB_IncludeBankBags" inherits="UICheckButtonTemplate" checked="false">
			<Size><AbsDimension x="20" y="20" /></Size>
			<Anchors>
			    <Anchor point="TOPLEFT">
				<Offset><AbsDimension x="60" y="-33"/></Offset>
			    </Anchor>
			</Anchors>
			<Scripts>
			    <OnLoad>
				getglobal(this:GetName().."Text"):SetText("Include Bank Bags");
			    </OnLoad>
			    <OnClick>
				FactionGrinderSettings["Include Bank Bags"] = this:GetChecked();
				ArgentDawnGrinder_UpdateDisplayData();
				CenarionCircleGrinder_UpdateDisplayData();
				TimbermawHoldGrinder_UpdateDisplayData();
			    </OnClick>
			</Scripts>
		    </CheckButton>

		    <CheckButton name="FG_CB_IncludeItemsOnAlts" inherits="UICheckButtonTemplate" checked="false">
			<Size><AbsDimension x="20" y="20" /></Size>
			<Anchors>
			    <Anchor point="TOPLEFT">
				<Offset><AbsDimension x="60" y="-53"/></Offset>
			    </Anchor>
			</Anchors>
			<Scripts>
			    <OnLoad>
				getglobal(this:GetName().."Text"):SetText("Include Items on Alts");
			    </OnLoad>
			    <OnClick>
				FactionGrinderSettings["Include Items on Alts"] = this:GetChecked();
				<!-- Argent Dawn -->
				if(ADG_NOW_GRINDING)then
				    ArgentDawnGrinder_ToggleGrinding();
				    ArgentDawnGrinder_UpdateDisplayData();
				    ArgentDawnGrinder_ToggleGrinding();
				else
				    ArgentDawnGrinder_UpdateDisplayData();
				end;
				ArgentDawnGrinder_UpdateRepBars();
				<!-- Cenarion Circle -->
				if(CCG_NOW_GRINDING)then
				    CenarionCircleGrinder_ToggleGrinding();
				    CenarionCircleGrinder_UpdateDisplayData();
				    CenarionCircleGrinder_ToggleGrinding();
				else
				    CenarionCircleGrinder_UpdateDisplayData();
				end;
				CenarionCircleGrinder_UpdateRepBars();
				<!-- Timbermaw Hold -->
				if(THG_NOW_GRINDING)then
				    TimbermawHoldGrinder_ToggleGrinding();
				    TimbermawHoldGrinder_UpdateDisplayData();
				    TimbermawHoldGrinder_ToggleGrinding();
				else
				    TimbermawHoldGrinder_UpdateDisplayData();
				end;
				TimbermawHoldGrinder_UpdateRepBars();
			    </OnClick>
			</Scripts>
		    </CheckButton>

		    <Button name="FG_BU_RecountItems" inherits="UIPanelButtonTemplate" text="Recount Items">
		       	<Size><AbsDimension x="120" y="22"/></Size>
                  	    <Anchors>
				<Anchor point="BOTTOM">
				    <Offset><AbsDimension x="0" y="10"/></Offset>
				</Anchor>
                 	    </Anchors>
                 	<Scripts>
			    <OnClick>
				GrinderCore_ResetPlayerItemCounts();
			    </OnClick>
                 	</Scripts>
		    </Button>
		</Frames>
	    </Frame>

	    <Button name="FG_CloseSettings" parent="FactionGrinderSettingsFrame">
		<Size><AbsDimension x="16" y="16"/></Size>
		<Anchors>
		    <Anchor point="TOPRIGHT">
			<Offset><AbsDimension x="-13" y="-13"/></Offset>
		    </Anchor>
		</Anchors>
    
		<Layers>
		    <Layer level="OVERLAY">
			<Texture name="FGSettingsFrameCloserButton" file="Interface\Buttons\UI-Panel-MinimizeButton-Up">
			    <Size>
				<AbsDimension x="28" y="28"/>
			    </Size>
			    <Anchors>
				<Anchor point="CENTER">
				    <Offset>
					<AbsDimension x="0" y="0"/>
				    </Offset>
				</Anchor>
			    </Anchors>
			</Texture>
		    </Layer>
		</Layers>

		<Scripts>
		    <OnClick>
			getglobal("FactionGrinderSettingsFrame"):Hide();
		    </OnClick>
		</Scripts>
	    </Button>
	</Frames> 
    </Frame>
</Ui>
