<Ui xmlns="http://www.blizzard.com/wow/ui/" 
    xmlns:xsi="http://www.w3.org/2001/XMLSchema-instance" 
    xsi:schemaLocation="http://www.blizzard.com/wow/ui/
                        C:\Projects\WoW\Bin\Interface\FrameXML\UI.xsd">

  <Frame name="LazyRogueFrame">
    <Scripts>
      <OnLoad>
	lazyr.OnLoad()
      </OnLoad>
      <OnEvent>
	lazyr.OnEvent()
      </OnEvent>
    </Scripts>
  </Frame>

  <!-- Thanks http://www.wowwiki.com/UIOBJECT_GameTooltip -->
  <GameTooltip name="LazyRogue_Tooltip" inherits="GameTooltipTemplate">
    <Scripts>
      <OnLoad>
        this:SetOwner(this, "ANCHOR_NONE")
      </OnLoad>
    </Scripts>
  </GameTooltip>
</Ui>
