<Ui xmlns="http://www.blizzard.com/wow/ui/" 
    xmlns:xsi="http://www.w3.org/2001/XMLSchema-instance" 
    xsi:schemaLocation="http://www.blizzard.com/wow/ui/
                        C:\Projects\WoW\Bin\Interface\FrameXML\UI.xsd">

  <Frame name="LazyRogueMinionFrame" hidden="true" frameStrata="HIGH" toplevel="true" 
         enableMouse="true" movable="true" parent="UIParent">
    <Scripts>
      <OnLoad>
        this:RegisterForDrag("LeftButton")
      </OnLoad>
      <OnUpdate>
	lazyr.minion.OnUpdate()
      </OnUpdate>
      <OnDragStart>
        if (IsShiftKeyDown()) then
           this:StartMoving()
        end
      </OnDragStart>
      <OnDragStop>
        this:StopMovingOrSizing()
      </OnDragStop>
      <OnMouseUp>
        this:StopMovingOrSizing()
      </OnMouseUp>
      <OnEnter>
        lazyr.minion.OnEnter(this)
      </OnEnter>
      <OnLeave>
        lazyr.minion.OnLeave(this)
      </OnLeave>
    </Scripts>

    <Size>
      <AbsDimension x="128" y="32"/>
    </Size>
    <Anchors>
      <Anchor point="TOP">
	<Offset>
	  <AbsDimension x="0" y="-50"/>
	</Offset>
      </Anchor>
    </Anchors>

    <Backdrop name="$parentBackdrop" bgFile="Interface\TutorialFrame\TutorialFrameBackground"
              edgeFile="Interface\DialogFrame\UI-DialogBox-Border" tile="true">
      <EdgeSize>
	<AbsValue val="16"/>
      </EdgeSize>
      <TileSize>
	<AbsValue val="32"/>
      </TileSize>
      <BackgroundInsets>
	<AbsInset left="5" right="5" top="5" bottom="5"/>
      </BackgroundInsets>
    </Backdrop>

    <Layers>
      <Layer level="BACKGROUND">
	<FontString name="LazyRogueMinionText" inherits="GameFontNormal">
	  <Size>
	    <AbsDimension x="128" y="12"/>
	  </Size>
	  <Anchors>
	    <Anchor point="TOP">
	      <Offset>
		<AbsDimension x="0" y="-9"/>
	      </Offset>
	    </Anchor>
	  </Anchors>
	</FontString>
      </Layer>
    </Layers>
  </Frame>

</Ui>
