<Ui xmlns="http://www.blizzard.com/wow/ui/" xmlns:xsi="http://www.w3.org/2001/XMLSchema-instance" xsi:schemaLocation="http://www.blizzard.com/wow/ui/..\FrameXML\UI.xsd">
  <Script file="Localization.lua"/>
  <Script file="CorpseInfo.lua"/>
  <Frame name="CorpseInfoFrame">
    <Layers>
      <Layer>
        <FontString name="LocalizedText" hidden="true" inherits="GameFontNormal"/>
      </Layer>
    </Layers>
    <Scripts>
      <OnLoad>
        CorpseInfo_OnLoad();
      </OnLoad>
      <OnEvent>
        CorpseInfo_OnEvent(event);
      </OnEvent>
      <OnUpdate>
        CorpseInfo_OnUpdate();
      </OnUpdate>
    </Scripts>
  </Frame>
</Ui>