<Bindings>
  <Binding name="Smart Explosive" header="SMARTENGINEER">SE_SmartExplosive(0)</Binding>
  <Binding name="Smart Dynamite">SE_SmartExplosive(1)</Binding>
  <Binding name="Smart Bomb">SE_SmartExplosive(2)</Binding>
  <Binding name="Smart Grenade">SE_SmartExplosive(3)</Binding>
  <Binding name="Smart Charge">SE_SmartExplosive(4)</Binding>
  <Binding name="Smart Abnormal Explosive">SE_SmartExplosive(5)</Binding> 
  <Binding name="Smart Target Dummy">SE_SmartTargetDummy()</Binding> 
</Bindings>
