<Ui xmlns="http://www.blizzard.com/wow/ui/" xmlns:xsi="http://www.w3.org/2001/XMLSchema-instance" xsi:schemaLocation="http://www.blizzard.com/wow/ui/..\FrameXML\UI.xsd">

<Script file="Libs\AceLibrary\AceLibrary.lua"/>
<Script file="Libs\AceOO-2.0\AceOO-2.0.lua"/>
<Script file="Libs\AceEvent-2.0\AceEvent-2.0.lua"/>
<Script file="Libs\AceDebug-2.0\AceDebug-2.0.lua"/>
<Script file="Libs\AceComm-2.0\AceComm-2.0.lua"/>
<Script file="Libs\AceDB-2.0\AceDB-2.0.lua"/>
<Script file="Libs\AceConsole-2.0\AceConsole-2.0.lua"/>
<Script file="Libs\AceAddon-2.0\AceAddon-2.0.lua"/>
<Script file="Libs\AceLocale-2.2\AceLocale-2.2.lua"/>
<Script file="Libs\AceModuleCore-2.0\AceModuleCore-2.0.lua"/>
<Script file="Libs\AceHook-2.1\AceHook-2.1.lua"/>

<Script file="Libs\Roster-2.1\Roster-2.1.lua"/>
<Script file="Libs\Babble-Boss-2.2\Babble-Boss-2.2.lua"/>
<Script file="Libs\Babble-Class-2.2\Babble-Class-2.2.lua"/>
<Script file="Libs\Babble-Race-2.2\Babble-Race-2.2.lua"/>
<Script file="Libs\Babble-Spell-2.2\Babble-Spell-2.2.lua"/>
<Script file="Libs\LibBanzai-2.0\LibBanzai-2.0.lua"/>
<Script file="Libs\Dewdrop-2.0\Dewdrop-2.0.lua"/>
<Script file="Libs\FuBarPlugin-2.0\FuBarPlugin-2.0.lua"/>
<Script file="Libs\Gratuity-2.0\Gratuity-2.0.lua"/>
<Script file="Libs\SharedMedia-1.0\SharedMedia-1.0.lua"/>
<Script file="Libs\SpecialEvents-Aura-2.0\SpecialEvents-Aura-2.0.lua"/>
<Script file="Libs\TagCompiler-1.0\TagCompiler-1.0.lua"/>
<Script file="Libs\Waterfall-1.0\Waterfall-1.0.lua"/>

<Include file="Libs\LibBabble-Spell-3.0\lib.xml"/>
<Include file="Libs\LibBabble-Boss-3.0\lib.xml"/>

</Ui>
