<Bindings>
  <Binding name="HA_SHOW"  header="HA">
    HA_Toggle();
  </Binding>
  <Binding name="HA_SHOW_CONFIG"  header="HA">
    HA_ToggleOption();
  </Binding>
  <Binding name="HA_EMERG1"  header="HA">
    HA_SelectEmergency(1);
  </Binding>
  <Binding name="HA_EMERG2"  header="HA">
    HA_SelectEmergency(2);
  </Binding>
  <Binding name="HA_EMERG3"  header="HA">
    HA_SelectEmergency(3);
  </Binding>
  <Binding name="HA_EMERG4"  header="HA">
    HA_SelectEmergency(4);
  </Binding>
  <Binding name="HA_EMERG5"  header="HA">
    HA_SelectEmergency(5);
  </Binding>
</Bindings>