<Ui xmlns="http://www.blizzard.com/wow/ui" xmlns:xsi="http://www.w3.org/2001/XMLSchema-instance">
  <!--Autogenerated by wowuides, Version=1.0.300.0, Culture=neutral, PublicKeyToken=null-->
  <Frame name="MangAdminForm4" hidden="false"  movable="true" enableMouse="true" >
    <!--<FrameSkin skinid="dcb143e1-a4ab-4e7c-b934-1efa40101d21" frameid="2d508883-59c2-4f83-ae10-27aaad48391b" />-->
    <Size>
      <AbsDimension x="150" y="300" />
    </Size>
    <Anchors>
      <Anchor point="CENTER" relativeTo="UIParent">
        <Offset>
          <AbsDimension x="0" y="0" />
        </Offset>
      </Anchor>
    </Anchors>
    <Backdrop bgFile="Interface\DialogFrame\UI-DialogBox-Background" edgeFile="Interface\DialogFrame\UI-DialogBox-Border" tile="true">
      <BackgroundInsets>
        <AbsInset left="11" right="12" top="12" bottom="11" />
      </BackgroundInsets>
      <TileSize>
        <AbsValue val="32" />
      </TileSize>
      <EdgeSize>
        <AbsValue val="32" />
      </EdgeSize>
    </Backdrop>
    <Layers>
      <Layer>
        <Texture name="$parentTitleBorder" file="Interface\DialogFrame\UI-DialogBox-Header">
          <Size>
            <AbsDimension x="160" y="32" />
          </Size>
          <Anchors>
            <Anchor point="TOP">
              <Offset>
                <AbsDimension x="0" y="5" />
              </Offset>
            </Anchor>
          </Anchors>
          <TexCoords left="0.2" right="0.8" top="0" bottom="0.6" />
        </Texture>
        <FontString name="$parentTitleString" font="Fonts\FRIZQT__.TTF" text="PM Buddy">
          <Size>
            <AbsDimension x="140" y="0" />
          </Size>
          <Anchors>
            <Anchor point="TOP">
              <Offset>
                <AbsDimension x="0" y="-4" />
              </Offset>
            </Anchor>
          </Anchors>
          <FontHeight>
            <AbsValue val="12" />
          </FontHeight>
          <Color r="1" g="0.8196079" b="0" />
          <Shadow>
            <Color r="0" g="0" b="0" />
            <Offset>
              <AbsDimension x="1" y="-1" />
            </Offset>
          </Shadow>
        </FontString>
      </Layer>
        <Layer level="BACKGROUND">
         <FontString name="BrowseTitle" inherits="GameFontNormal" text="PM Buddies">
         <Anchors>
          <Anchor point="TOP">
           <Offset>
            <AbsDimension x="0" y="-25"/>
           </Offset>
          </Anchor>
         </Anchors>
         </FontString>
        </Layer>
        <Layer level="ARTWORK">
         <FontString name="BrowseTabText" inherits="GameFontHighlightSmall" text="Names">
         <Anchors>
          <Anchor point="TOP" relativePoint="TOP">
           <Offset>
            <AbsDimension x="0" y="-40"/>
           </Offset>
          </Anchor>
         </Anchors>
         </FontString>
         <FontString name="Name1" inherits="GameFontHighlightSmall" text="name1" hidden="true">
         <Anchors>
          <Anchor point="TOP" relativePoint="TOP">
           <Offset>
            <AbsDimension x="0" y="-64"/>
           </Offset>
          </Anchor>
         </Anchors>
         <Color r="0" g="0.9" b="0" />
         </FontString>
         <FontString name="Name2" inherits="GameFontHighlightSmall" text="name2" hidden="true">
         <Anchors>
          <Anchor point="TOP" relativePoint="TOP">
           <Offset>
            <AbsDimension x="0" y="-84"/>
           </Offset>
          </Anchor>
         </Anchors>
         <Color r="0" g="0.9" b="0" />
         </FontString>
         <FontString name="Name3" inherits="GameFontHighlightSmall" text="name3" hidden="true">
         <Anchors>
          <Anchor point="TOP" relativePoint="TOP">
           <Offset>
            <AbsDimension x="0" y="-104"/>
           </Offset>
          </Anchor>
         </Anchors>
         <Color r="0" g="0.9" b="0" />
         </FontString>
         <FontString name="Name4" inherits="GameFontHighlightSmall" text="name4" hidden="true">
         <Anchors>
          <Anchor point="TOP" relativePoint="TOP">
           <Offset>
            <AbsDimension x="0" y="-124"/>
           </Offset>
          </Anchor>
         </Anchors>
         <Color r="0" g="0.9" b="0" />
         </FontString>
         <FontString name="Name5" inherits="GameFontHighlightSmall" text="name5" hidden="true">
         <Anchors>
          <Anchor point="TOP" relativePoint="TOP">
           <Offset>
            <AbsDimension x="0" y="-144"/>
           </Offset>
          </Anchor>
         </Anchors>
         <Color r="0" g="0.9" b="0" />
         </FontString>
         <FontString name="Name6" inherits="GameFontHighlightSmall" text="name6" hidden="true">
         <Anchors>
          <Anchor point="TOP" relativePoint="TOP">
           <Offset>
            <AbsDimension x="0" y="-164"/>
           </Offset>
          </Anchor>
         </Anchors>
         <Color r="0" g="0.9" b="0" />
         </FontString>
         <FontString name="Name7" inherits="GameFontHighlightSmall" text="name7" hidden="true">
         <Anchors>
          <Anchor point="TOP" relativePoint="TOP">
           <Offset>
            <AbsDimension x="0" y="-184"/>
           </Offset>
          </Anchor>
         </Anchors>
         <Color r="0" g="0.9" b="0" />
         </FontString>
         <FontString name="Name8" inherits="GameFontHighlightSmall" text="name8" hidden="true">
         <Anchors>
          <Anchor point="TOP" relativePoint="TOP">
           <Offset>
            <AbsDimension x="0" y="-204"/>
           </Offset>
          </Anchor>
         </Anchors>
         <Color r="0" g="0.9" b="0" />
         </FontString>
         <FontString name="Name9" inherits="GameFontHighlightSmall" text="name9" hidden="true">
         <Anchors>
          <Anchor point="TOP" relativePoint="TOP">
           <Offset>
            <AbsDimension x="0" y="-224"/>
           </Offset>
          </Anchor>
         </Anchors>
         <Color r="0" g="0.9" b="0" />
         </FontString>
         <FontString name="Name10" inherits="GameFontHighlightSmall" text="name10" hidden="true">
         <Anchors>
          <Anchor point="TOP" relativePoint="TOP">
           <Offset>
            <AbsDimension x="0" y="-244"/>
           </Offset>
          </Anchor>
         </Anchors>
         <Color r="0" g="0.9" b="0" />
         </FontString>
          <FontString name="NoNamesText" inherits="GameFontNormal" text="No Names In List" hidden="true">
          <Anchors>
           <Anchor point="TOP">
            <Offset>
             <AbsDimension x="0" y="-120"/>
            </Offset>
           </Anchor>
          </Anchors>
         </FontString>
        </Layer>
      </Layers>
      <Frames>
          <Button name="$parent_Button1" inherits="UIPanelCloseButton">
                                <Anchors>
                                        <Anchor point="TOPRIGHT">
                                                <Offset>
                                                        <AbsDimension x="-7" y="5"/>
                                                </Offset>
                                        </Anchor>
                                </Anchors>
                        </Button>

       <Button name="NameButton1" id="1" hidden="true">
        <Size>
         <AbsDimension x="100" y="20" />
        </Size>
        <Anchors>
         <Anchor point="TOP" relativePoint="TOP">
          <Offset>
           <AbsDimension x="0" y="-61"/>
          </Offset>
         </Anchor>
        </Anchors>
         <NormalTexture name="$parentNormal">
          <TexCoords left="0" right="0.625" top="0" bottom="0.6875" />
        </NormalTexture>
        <HighlightTexture name="$parentHighlight" file="Interface\HelpFrame\HelpFrameButton-Highlight" alphaMode="ADD">
         <Size>
          <AbsDimension x="100" y="20"/>
         </Size>
         <Anchors>
          <Anchor point="TOP">
           <Offset>
            <AbsDimension x="0" y="0"/>
           </Offset>
          </Anchor>
         </Anchors>
         <TexCoords left="0" right="1.0" top="0" bottom="0.578125"/>
        </HighlightTexture>
        <Scripts>
         <OnClick>PM_Pressed("1");</OnClick>
        </Scripts>
       </Button>

       <Button name="NameButton2" id="2" hidden="true">
        <Size>
         <AbsDimension x="100" y="20" />
        </Size>
        <Anchors>
         <Anchor point="TOP" relativePoint="TOP">
          <Offset>
           <AbsDimension x="0" y="-81"/>
          </Offset>
         </Anchor>
        </Anchors>
         <NormalTexture name="$parentNormal">
          <TexCoords left="0" right="0.625" top="0" bottom="0.6875" />
        </NormalTexture>
        <HighlightTexture name="$parentHighlight" file="Interface\HelpFrame\HelpFrameButton-Highlight" alphaMode="ADD">
         <Size>
          <AbsDimension x="100" y="20"/>
         </Size>
         <Anchors>
          <Anchor point="TOP">
           <Offset>
            <AbsDimension x="0" y="0"/>
           </Offset>
          </Anchor>
         </Anchors>
         <TexCoords left="0" right="1.0" top="0" bottom="0.578125"/>
        </HighlightTexture>
        <Scripts>
         <OnClick>PM_Pressed("2");</OnClick>
        </Scripts>
       </Button>

       <Button name="NameButton3" id="3" hidden="true">
        <Size>
         <AbsDimension x="100" y="20" />
        </Size>
        <Anchors>
         <Anchor point="TOP" relativePoint="TOP">
          <Offset>
           <AbsDimension x="0" y="-101"/>
          </Offset>
         </Anchor>
        </Anchors>
         <NormalTexture name="$parentNormal">
          <TexCoords left="0" right="0.625" top="0" bottom="0.6875" />
        </NormalTexture>
        <HighlightTexture name="$parentHighlight" file="Interface\HelpFrame\HelpFrameButton-Highlight" alphaMode="ADD">
         <Size>
          <AbsDimension x="100" y="20"/>
         </Size>
         <Anchors>
          <Anchor point="TOP">
           <Offset>
            <AbsDimension x="0" y="0"/>
           </Offset>
          </Anchor>
         </Anchors>
         <TexCoords left="0" right="1.0" top="0" bottom="0.578125"/>
        </HighlightTexture>
        <Scripts>
         <OnClick>PM_Pressed("3");</OnClick>
        </Scripts>
       </Button>

       <Button name="NameButton4" id="4" hidden="true">
        <Size>
         <AbsDimension x="100" y="20" />
        </Size>
        <Anchors>
         <Anchor point="TOP" relativePoint="TOP">
          <Offset>
           <AbsDimension x="0" y="-121"/>
          </Offset>
         </Anchor>
        </Anchors>
         <NormalTexture name="$parentNormal">
          <TexCoords left="0" right="0.625" top="0" bottom="0.6875" />
        </NormalTexture>
        <HighlightTexture name="$parentHighlight" file="Interface\HelpFrame\HelpFrameButton-Highlight" alphaMode="ADD">
         <Size>
          <AbsDimension x="100" y="20"/>
         </Size>
         <Anchors>
          <Anchor point="TOP">
           <Offset>
            <AbsDimension x="0" y="0"/>
           </Offset>
          </Anchor>
         </Anchors>
         <TexCoords left="0" right="1.0" top="0" bottom="0.578125"/>
        </HighlightTexture>
        <Scripts>
         <OnClick>PM_Pressed("4");</OnClick>
        </Scripts>
       </Button>

       <Button name="NameButton5" id="5" hidden="true">
        <Size>
         <AbsDimension x="100" y="20" />
        </Size>
        <Anchors>
         <Anchor point="TOP" relativePoint="TOP">
          <Offset>
           <AbsDimension x="0" y="-141"/>
          </Offset>
         </Anchor>
        </Anchors>
         <NormalTexture name="$parentNormal">
          <TexCoords left="0" right="0.625" top="0" bottom="0.6875" />
        </NormalTexture>
        <HighlightTexture name="$parentHighlight" file="Interface\HelpFrame\HelpFrameButton-Highlight" alphaMode="ADD">
         <Size>
          <AbsDimension x="100" y="20"/>
         </Size>
         <Anchors>
          <Anchor point="TOP">
           <Offset>
            <AbsDimension x="0" y="0"/>
           </Offset>
          </Anchor>
         </Anchors>
         <TexCoords left="0" right="1.0" top="0" bottom="0.578125"/>
        </HighlightTexture>
        <Scripts>
         <OnClick>PM_Pressed("5");</OnClick>
        </Scripts>
       </Button>

       <Button name="NameButton6" id="6" hidden="true">
        <Size>
         <AbsDimension x="100" y="20" />
        </Size>
        <Anchors>
         <Anchor point="TOP" relativePoint="TOP">
          <Offset>
           <AbsDimension x="0" y="-161"/>
          </Offset>
         </Anchor>
        </Anchors>
         <NormalTexture name="$parentNormal">
          <TexCoords left="0" right="0.625" top="0" bottom="0.6875" />
        </NormalTexture>
        <HighlightTexture name="$parentHighlight" file="Interface\HelpFrame\HelpFrameButton-Highlight" alphaMode="ADD">
         <Size>
          <AbsDimension x="100" y="20"/>
         </Size>
         <Anchors>
          <Anchor point="TOP">
           <Offset>
            <AbsDimension x="0" y="0"/>
           </Offset>
          </Anchor>
         </Anchors>
         <TexCoords left="0" right="1.0" top="0" bottom="0.578125"/>
        </HighlightTexture>
        <Scripts>
         <OnClick>PM_Pressed("6");</OnClick>
        </Scripts>
       </Button>

       <Button name="NameButton7" id="7" hidden="true">
        <Size>
         <AbsDimension x="100" y="20" />
        </Size>
        <Anchors>
         <Anchor point="TOP" relativePoint="TOP">
          <Offset>
           <AbsDimension x="0" y="-181"/>
          </Offset>
         </Anchor>
        </Anchors>
         <NormalTexture name="$parentNormal" >
          <TexCoords left="0" right="0.625" top="0" bottom="0.6875" />
        </NormalTexture>
        <HighlightTexture name="$parentHighlight" file="Interface\HelpFrame\HelpFrameButton-Highlight" alphaMode="ADD">
         <Size>
          <AbsDimension x="100" y="20"/>
         </Size>
         <Anchors>
          <Anchor point="TOP">
           <Offset>
            <AbsDimension x="0" y="0"/>
           </Offset>
          </Anchor>
         </Anchors>
         <TexCoords left="0" right="1.0" top="0" bottom="0.578125"/>
        </HighlightTexture>
        <Scripts>
         <OnClick>PM_Pressed("7");</OnClick>
        </Scripts>
       </Button>

       <Button name="NameButton8" id="8" hidden="true">
        <Size>
         <AbsDimension x="100" y="20" />
        </Size>
        <Anchors>
         <Anchor point="TOP" relativePoint="TOP">
          <Offset>
           <AbsDimension x="0" y="-201"/>
          </Offset>
         </Anchor>
        </Anchors>
         <NormalTexture name="$parentNormal" >
          <TexCoords left="0" right="0.625" top="0" bottom="0.6875" />
        </NormalTexture>
        <HighlightTexture name="$parentHighlight" file="Interface\HelpFrame\HelpFrameButton-Highlight" alphaMode="ADD">
         <Size>
          <AbsDimension x="100" y="20"/>
         </Size>
         <Anchors>
          <Anchor point="TOP">
           <Offset>
            <AbsDimension x="0" y="0"/>
           </Offset>
          </Anchor>
         </Anchors>
         <TexCoords left="0" right="1.0" top="0" bottom="0.578125"/>
        </HighlightTexture>
        <Scripts>
         <OnClick>PM_Pressed("8");</OnClick>
        </Scripts>
       </Button>

       <Button name="NameButton9" id="9" hidden="true">
        <Size>
         <AbsDimension x="100" y="20" />
        </Size>
        <Anchors>
         <Anchor point="TOP" relativePoint="TOP">
          <Offset>
           <AbsDimension x="0" y="-221"/>
          </Offset>
         </Anchor>
        </Anchors>
         <NormalTexture name="$parentNormal">
          <TexCoords left="0" right="0.625" top="0" bottom="0.6875" />
        </NormalTexture>
        <HighlightTexture name="$parentHighlight" file="Interface\HelpFrame\HelpFrameButton-Highlight" alphaMode="ADD">
         <Size>
          <AbsDimension x="100" y="20"/>
         </Size>
         <Anchors>
          <Anchor point="TOP">
           <Offset>
            <AbsDimension x="0" y="0"/>
           </Offset>
          </Anchor>
         </Anchors>
         <TexCoords left="0" right="1.0" top="0" bottom="0.578125"/>
        </HighlightTexture>
        <Scripts>
         <OnClick>PM_Pressed("9");</OnClick>
        </Scripts>
       </Button>

       <Button name="NameButton10" id="10" hidden="true">
        <Size>
         <AbsDimension x="100" y="20" />
        </Size>
        <Anchors>
         <Anchor point="TOP" relativePoint="TOP">
          <Offset>
           <AbsDimension x="0" y="-241"/>
          </Offset>
         </Anchor>
        </Anchors>
         <NormalTexture name="$parentNormal">
          <TexCoords left="0" right="0.625" top="0" bottom="0.6875" />
        </NormalTexture>
        <HighlightTexture name="$parentHighlight" file="Interface\HelpFrame\HelpFrameButton-Highlight" alphaMode="ADD">
         <Size>
          <AbsDimension x="100" y="20"/>
         </Size>
         <Anchors>
          <Anchor point="TOP">
           <Offset>
            <AbsDimension x="0" y="0"/>
           </Offset>
          </Anchor>
         </Anchors>
         <TexCoords left="0" right="1.0" top="0" bottom="0.578125"/>
        </HighlightTexture>
        <Scripts>
         <OnClick>PM_Pressed("10");</OnClick>
        </Scripts>
       </Button>

       <Button name="PMDownButton" id="11" hidden="true">
        <Size>
         <AbsDimension x="20" y="20" />
        </Size>
        <Anchors>
         <Anchor point="BOTTOM" relativePoint="BOTTOM">
          <Offset>
           <AbsDimension x="25" y="20"/>
          </Offset>
         </Anchor>
        </Anchors>
         <NormalTexture name="$parentHighlight" file="Interface\ChatFrame\UI-ChatIcon-ScrollDown-Up">
          <TexCoords left="0" right="0.85" top="0" bottom="0.9" />
        </NormalTexture>
        <HighlightTexture name="$parentHighlight" file="Interface\ChatFrame\UI-ChatIcon-BlinkHilight" alphaMode="ADD">
         <Size>
          <AbsDimension x="20" y="20"/>
         </Size>
         <Anchors>
          <Anchor point="TOP">
           <Offset>
            <AbsDimension x="0" y="0"/>
           </Offset>
          </Anchor>
         </Anchors>
         <TexCoords left="0" right="0.85" top="0" bottom="0.9"/>
        </HighlightTexture>
        <Scripts>
         <OnClick>PMList_Down()</OnClick>
        </Scripts>
       </Button>

       <Button name="PMUpButton" id="12" hidden="true">
        <Size>
         <AbsDimension x="20" y="20" />
        </Size>
        <Anchors>
         <Anchor point="BOTTOM" relativePoint="BOTTOM">
          <Offset>
           <AbsDimension x="-30" y="20"/>
          </Offset>
         </Anchor>
        </Anchors>
         <NormalTexture name="$parentHighlight" file="Interface\ChatFrame\UI-ChatIcon-ScrollUp-Up">
          <TexCoords left="0" right="0.85" top="0" bottom="0.9" />
        </NormalTexture>
        <HighlightTexture name="$parentHighlight" file="Interface\ChatFrame\UI-ChatIcon-BlinkHilight" alphaMode="ADD">
         <Size>
          <AbsDimension x="20" y="20"/>
         </Size>
         <Anchors>
          <Anchor point="TOP">
           <Offset>
            <AbsDimension x="0" y="0"/>
           </Offset>
          </Anchor>
         </Anchors>
         <TexCoords left="0" right="0.85" top="0" bottom="0.9"/>
        </HighlightTexture>
        <Scripts>
         <OnClick>PMList_Up()</OnClick>
        </Scripts>
       </Button>
      </Frames>
      <Scripts>
      <OnLoad>
      PMList_OnLoad();
      </OnLoad>
      <OnUpdate>
      PMList_Update();
      </OnUpdate>
      <OnDragStart>
      PMList_OnDragStart();
      </OnDragStart>
      <OnDragStop>
      PMList_OnDragStop();
      </OnDragStop>
      <OnMouseUp>
      PMList_OnDragStop();
      </OnMouseUp>
      </Scripts>
  </Frame>
</Ui>