<Ui xmlns="http://www.blizzard.com/wow/ui" xmlns:xsi="http://www.w3.org/2001/XMLSchema-instance">
  <!--Autogenerated by wowuides, Version=1.0.300.0, Culture=neutral, PublicKeyToken=null-->
        <Button name="MinimapButton" parent="Minimap" hidden="false">
                <Size>
                        <AbsDimension x="33" y="33"/>
                </Size>
                <Anchors>
                        <Anchor point="TOPLEFT"/>
                </Anchors>
                <Layers>
                        <Layer level="BACKGROUND">
                                <Texture name="MinimapButton_Icon" file="Interface\AddOns\MangAdmin\Textures\TBlogob">   --Interface\Icons\ability_hunter_eagleeye
                                        <Size>
                                                <AbsDimension x="21" y="21"/>
                                        </Size>
                                        <Anchors>
                                                <Anchor point="TOPLEFT">
                                                        <Offset>
                                                                <AbsDimension x="7" y="-6"/>
                                                        </Offset>
                                                </Anchor>
                                        </Anchors>
                                </Texture>
                        </Layer>
                        <Layer level="OVERLAY">
                                <Texture file="Interface\Minimap\MiniMap-TrackingBorder">
                                        <Size>
                                                <AbsDimension x="56" y="56"/>
                                        </Size>
                                        <Anchors>
                                                <Anchor point="TOPLEFT"/>
                                        </Anchors>
                                </Texture>
                        </Layer>
                </Layers>
                <HighlightTexture alphaMode="ADD" file="Interface\Minimap\UI-Minimap-ZoomButton-Highlight"/>
                <Scripts>
                        <OnLoad>
                                this:RegisterForClicks("LeftButtonUp","RightButtonUp")
                        </OnLoad>
                        <OnClick>
                                MangAdminForm:Show();
                        </OnClick>
                        <OnEnter>
                                MiniMenu("Map");
                        </OnEnter>
                        <OnLeave>
                                GameTooltip:Hide();
                        </OnLeave>
                </Scripts>
        </Button>
</Ui>