<Ui xmlns="http://www.blizzard.com/wow/ui/" xmlns:xsi="http://www.w3.org/2001/XMLSchema-instance" xsi:schemaLocation="http://www.blizzard.com/wow/ui/ C:\Projects\WoW\Bin\Interface\FrameXML\UI.xsd">

<Script file="AtlasQuest_Instanzen.lua" />
<Script file="AtlasQuest_Buttons.lua" />
<Script file="localization.en.lua" />
<Script file="localization.de.lua" />
<Script file="localization.fr.lua" />
<Script file="AtlasQuest_Items.lua" />
<Script file="AtlasQuest.lua" />

-- Tooltip
<GameTooltip name="AtlasQuestTooltip" inherits="GameTooltipTemplate" parent="UIParent" hidden="true"/>

--Fonts
<FontString name="AQFont" inherits="MasterFont" font="Fonts\FRIZQT__.TTF" virtual="true">
  <FontHeight>
    <AbsValue val="13"/>
  </FontHeight>
    <Color r="1.0" g="0.82" b="0"/>
</FontString>

<FontString name="AQFontBIG" inherits="MasterFont" font="Fonts\FRIZQT__.TTF" virtual="true">
  <FontHeight>
    <AbsValue val="15"/>
  </FontHeight>
    <Color r="1.0" g="0.82" b="0"/>
</FontString>

<FontString name="AQFontVERYSmall" inherits="MasterFont" font="Fonts\FRIZQT__.TTF" virtual="true">
  <FontHeight>
    <AbsValue val="11"/>
    </FontHeight>
    <Color r="1.0" g="0.82" b="0"/>
</FontString>

<Frame name="AtlasQuestFrame" frameStrata="HIGH" toplevel="false" enableMouse="true" movable="false" parent="AtlasFrame">
 <Size>
   <AbsDimension x="198" y="505"/>
 </Size>
 <Anchors>
   <Anchor point="TOP" relativeTo="AtlasFrame">
      <Offset><AbsDimension x="-503" y="-80"/></Offset>>
   </Anchor>
 </Anchors>
 <Backdrop name="$parentBackdrop" bgFile="Interface\Minimap\TooltipBackdrop-Background" edgeFile="Interface\DialogFrame\UI-DialogBox-Border" tile="true">
  <EdgeSize>
   <AbsValue val="16"/>
  </EdgeSize>
  <TileSize>
    <AbsValue val="32"/>
  </TileSize>
  <BackgroundInsets>
    <AbsInset left="5" right="5" top="5" bottom="5"/>
  </BackgroundInsets>
 </Backdrop>
 <Frames>
 <Button name="CLOSEbutton" inherits="UIPanelCloseButton" text="X">
   <Size>
     <AbsDimension x="27" y="27"/>
   </Size>
	<Anchors>
		<Anchor point="TOPLEFT">
			<Offset>
				<AbsDimension x="4" y="-4"/>
			</Offset>
		</Anchor>
	</Anchors>
	<Scripts>
		<OnClick>
		  AQCLOSE1_OnClick();
	    </OnClick>
	    <OnShow>
	    	this:SetFrameLevel( this:GetParent():GetFrameLevel() + 1 );
	    </OnShow>
	</Scripts>
 </Button>
 <Button name="OPTIONbutton" inherits="" text="Options">
   <Size>
     <AbsDimension x="55" y="30"/>
   </Size>
	<Anchors>
		<Anchor point="BOTTOMRIGHT">
			<Offset>
				<AbsDimension x="-25" y="15"/>
			</Offset>
		</Anchor>
	</Anchors>
	<Scripts>
		<OnClick>
		  AQOPTION1_OnClick();
	    </OnClick>
	    <OnShow>
	    	this:SetFrameLevel( this:GetParent():GetFrameLevel() + 1 );
	    </OnShow>
	</Scripts>
 </Button>
 <Button name="STORYbutton" inherits="OptionsButtonTemplate" text="Story">
   <Size>
     <AbsDimension x="55" y="30"/>
   </Size>
	<Anchors>
		<Anchor point="BOTTOMLEFT">
			<Offset>
				<AbsDimension x="25" y="15"/>
			</Offset>
		</Anchor>
	</Anchors>
	<Scripts>
		<OnClick>
		  AQSTORY1_OnClick();
	    </OnClick>
	    <OnShow>
	    	this:SetFrameLevel( this:GetParent():GetFrameLevel() + 1 );
	    </OnShow>
	</Scripts>
 </Button>
  <CheckButton name="AQACB" inherits="OptionsCheckButtonTemplate" checked="true" text="AQACB">
    <Size>
      <AbsDimension x="30" y="30"/>
    </Size>
	<Anchors>
		<Anchor point="TOPLEFT">
			<Offset>
				<AbsDimension x="7" y="-73"></AbsDimension>
			</Offset>
		</Anchor>
		<HitRectInsets>
          <AbsInset left="0" right="0" top="0" bottom="0"/>
        </HitRectInsets>
	</Anchors>
	<Scripts>
		<OnClick> Alliance_OnClick(); </OnClick>
		<OnShow>
	    	this:SetFrameLevel( this:GetParent():GetFrameLevel() + 1 );
	    </OnShow>
	</Scripts>
</CheckButton>
 <CheckButton name="AQHCB" inherits="OptionsCheckButtonTemplate" checked="false" text="AQHCB">
    <Size>
      <AbsDimension x="30" y="30"/>
    </Size>
	<Anchors>
		<Anchor point="TOPRIGHT">
			<Offset>
				<AbsDimension x="-7" y="-73"></AbsDimension>
			</Offset>
		</Anchor>
		<HitRectInsets>
          <AbsInset left="0" right="0" top="0" bottom="0"/>
        </HitRectInsets>
	</Anchors>
	<Scripts>
		<OnClick> Horde_OnClick(); </OnClick>
		<OnShow>
	    	this:SetFrameLevel( this:GetParent():GetFrameLevel() + 1 );
	    </OnShow>
	</Scripts>
</CheckButton>
 <Button name="AQQuestbutton1" inherits="" text="1">
   <Size>
     <AbsDimension x="165" y="20"/>
   </Size>
	<Anchors>
		<Anchor point="TOPLEFT">
			<Offset>
				<AbsDimension x="15" y="-110"/>
			</Offset>
		</Anchor>
	</Anchors>
	<HighlightTexture file="Interface\QuestFrame\UI-QuestTitleHighlight" alphaMode="ADD"/>
	<Scripts>
		<OnClick>
		  AQSHOWNQUEST = 1;
		  Quest_OnClick();
		</OnClick>
		<OnShow>
	    	this:SetFrameLevel( this:GetParent():GetFrameLevel() + 1 );
	    </OnShow>
	</Scripts>
 </Button>
 <Button name="AQQuestbutton2" inherits="" text="2">
   <Size>
     <AbsDimension x="165" y="20"/>
   </Size>
	<Anchors>
		<Anchor point="TOPLEFT">
			<Offset>
				<AbsDimension x="15" y="-130"/>
			</Offset>
		</Anchor>
	</Anchors>
	<HighlightTexture file="Interface\QuestFrame\UI-QuestTitleHighlight" alphaMode="ADD"/>
	<Scripts>
		<OnClick>
		  AQSHOWNQUEST = 2;
		  Quest_OnClick();
	    </OnClick>
	    <OnShow>
	    	this:SetFrameLevel( this:GetParent():GetFrameLevel() + 1 );
	    </OnShow>
	</Scripts>
 </Button>
 <Button name="AQQuestbutton3" inherits="" text="3">
   <Size>
     <AbsDimension x="165" y="20"/>
   </Size>
	<Anchors>
		<Anchor point="TOPLEFT">
			<Offset>
				<AbsDimension x="15" y="-150"/>
			</Offset>
		</Anchor>
	</Anchors>
	<HighlightTexture file="Interface\QuestFrame\UI-QuestTitleHighlight" alphaMode="ADD"/>
	<Scripts>
		<OnClick> AQSHOWNQUEST = 3; Quest_OnClick(); </OnClick>
		<OnShow>
	    	this:SetFrameLevel( this:GetParent():GetFrameLevel() + 1 );
	    </OnShow>
	</Scripts>
 </Button>
 <Button name="AQQuestbutton4" inherits="" text="4">
   <Size>
     <AbsDimension x="165" y="20"/>
   </Size>
	<Anchors>
		<Anchor point="TOPLEFT">
			<Offset>
				<AbsDimension x="15" y="-170"/>
			</Offset>
		</Anchor>
	</Anchors>
	<HighlightTexture file="Interface\QuestFrame\UI-QuestTitleHighlight" alphaMode="ADD"/>
	<Scripts>
		<OnClick> AQSHOWNQUEST = 4; Quest_OnClick(); </OnClick>
		<OnShow>
	    	this:SetFrameLevel( this:GetParent():GetFrameLevel() + 1 );
	    </OnShow>
	</Scripts>
 </Button>
 <Button name="AQQuestbutton5" inherits="" text="5">
   <Size>
     <AbsDimension x="165" y="20"/>
   </Size>
	<Anchors>
		<Anchor point="TOPLEFT">
			<Offset>
				<AbsDimension x="15" y="-190"/>
			</Offset>
		</Anchor>
	</Anchors>
	<HighlightTexture file="Interface\QuestFrame\UI-QuestTitleHighlight" alphaMode="ADD"/>
	<Scripts>
		<OnClick> AQSHOWNQUEST = 5;  Quest_OnClick(); </OnClick>
		<OnShow>
	    	this:SetFrameLevel( this:GetParent():GetFrameLevel() + 1 );
	    </OnShow>
	</Scripts>
 </Button>
 <Button name="AQQuestbutton6" inherits="" text="6">
   <Size>
     <AbsDimension x="165" y="20"/>
   </Size>
	<Anchors>
		<Anchor point="TOPLEFT">
			<Offset>
				<AbsDimension x="15" y="-210"/>
			</Offset>
		</Anchor>
	</Anchors>
	<HighlightTexture file="Interface\QuestFrame\UI-QuestTitleHighlight" alphaMode="ADD"/>
	<Scripts>
		<OnClick> AQSHOWNQUEST = 6; Quest_OnClick(); </OnClick>
		<OnShow>
	    	this:SetFrameLevel( this:GetParent():GetFrameLevel() + 1 );
	    </OnShow>
	</Scripts>
 </Button>
 <Button name="AQQuestbutton7" inherits="" text="7">
   <Size>
     <AbsDimension x="165" y="20"/>
   </Size>
	<Anchors>
		<Anchor point="TOPLEFT">
			<Offset>
				<AbsDimension x="15" y="-230"/>
			</Offset>
		</Anchor>
	</Anchors>
	<HighlightTexture file="Interface\QuestFrame\UI-QuestTitleHighlight" alphaMode="ADD"/>
	<Scripts>
		<OnClick> AQSHOWNQUEST = 7; Quest_OnClick(); </OnClick>
		<OnShow>
	    	this:SetFrameLevel( this:GetParent():GetFrameLevel() + 1 );
	    </OnShow>
	</Scripts>
 </Button>
 <Button name="AQQuestbutton8" inherits="" text="8">
   <Size>
     <AbsDimension x="165" y="20"/>
   </Size>
	<Anchors>
		<Anchor point="TOPLEFT">
			<Offset>
				<AbsDimension x="15" y="-250"/>
			</Offset>
		</Anchor>
	</Anchors>
	<HighlightTexture file="Interface\QuestFrame\UI-QuestTitleHighlight" alphaMode="ADD"/>
	<Scripts>
		<OnClick> AQSHOWNQUEST = 8; Quest_OnClick(); </OnClick>
		<OnShow>
	    	this:SetFrameLevel( this:GetParent():GetFrameLevel() + 1 );
	    </OnShow>
	</Scripts>
 </Button>
 <Button name="AQQuestbutton9" inherits="" text="9">
   <Size>
     <AbsDimension x="165" y="20"/>
   </Size>
	<Anchors>
		<Anchor point="TOPLEFT">
			<Offset>
				<AbsDimension x="15" y="-270"/>
			</Offset>
		</Anchor>
	</Anchors>
	<HighlightTexture file="Interface\QuestFrame\UI-QuestTitleHighlight" alphaMode="ADD"/>
	<Scripts>
		<OnClick> AQSHOWNQUEST = 9; Quest_OnClick(); </OnClick>
		<OnShow>
	    	this:SetFrameLevel( this:GetParent():GetFrameLevel() + 1 );
	    </OnShow>
	</Scripts>
 </Button>
 <Button name="AQQuestbutton10" inherits="" text="10">
   <Size>
     <AbsDimension x="165" y="20"/>
   </Size>
	<Anchors>
		<Anchor point="TOPLEFT">
			<Offset>
				<AbsDimension x="15" y="-290"/>
			</Offset>
		</Anchor>
	</Anchors>
	<HighlightTexture file="Interface\QuestFrame\UI-QuestTitleHighlight" alphaMode="ADD"/>
	<Scripts>
		<OnClick> AQSHOWNQUEST = 10; Quest_OnClick(); </OnClick>
		<OnShow>
	    	this:SetFrameLevel( this:GetParent():GetFrameLevel() + 1 );
	    </OnShow>
	</Scripts>
 </Button>
 <Button name="AQQuestbutton11" inherits="" text="11">
   <Size>
     <AbsDimension x="165" y="20"/>
   </Size>
	<Anchors>
		<Anchor point="TOPLEFT">
			<Offset>
				<AbsDimension x="15" y="-310"/>
			</Offset>
		</Anchor>
	</Anchors>
	<HighlightTexture file="Interface\QuestFrame\UI-QuestTitleHighlight" alphaMode="ADD"/>
	<Scripts>
		<OnClick> AQSHOWNQUEST = 11; Quest_OnClick(); </OnClick>
		<OnShow>
	    	this:SetFrameLevel( this:GetParent():GetFrameLevel() + 1 );
	    </OnShow>
	</Scripts>
 </Button>
 <Button name="AQQuestbutton12" inherits="" text="12">
   <Size>
     <AbsDimension x="165" y="20"/>
   </Size>
	<Anchors>
		<Anchor point="TOPLEFT">
			<Offset>
				<AbsDimension x="15" y="-330"/>
			</Offset>
		</Anchor>
	</Anchors>
	<HighlightTexture file="Interface\QuestFrame\UI-QuestTitleHighlight" alphaMode="ADD"/>
	<Scripts>
		<OnClick> AQSHOWNQUEST = 12; Quest_OnClick(); </OnClick>
		<OnShow>
	    	this:SetFrameLevel( this:GetParent():GetFrameLevel() + 1 );
	    </OnShow>
	</Scripts>
 </Button>
 <Button name="AQQuestbutton13" inherits="" text="13">
   <Size>
     <AbsDimension x="165" y="20"/>
   </Size>
	<Anchors>
		<Anchor point="TOPLEFT">
			<Offset>
				<AbsDimension x="15" y="-350"/>
			</Offset>
		</Anchor>
	</Anchors>
	<HighlightTexture file="Interface\QuestFrame\UI-QuestTitleHighlight" alphaMode="ADD"/>
	<Scripts>
		<OnClick> AQSHOWNQUEST = 13; Quest_OnClick(); </OnClick>
		<OnShow>
	    	this:SetFrameLevel( this:GetParent():GetFrameLevel() + 1 );
	    </OnShow>
	</Scripts>
 </Button>
 <Button name="AQQuestbutton14" inherits="" text="14">
   <Size>
     <AbsDimension x="165" y="20"/>
   </Size>
	<Anchors>
		<Anchor point="TOPLEFT">
			<Offset>
				<AbsDimension x="15" y="-370"/>
			</Offset>
		</Anchor>
	</Anchors>
	<HighlightTexture file="Interface\QuestFrame\UI-QuestTitleHighlight" alphaMode="ADD"/>
	<Scripts>
		<OnClick> AQSHOWNQUEST = 14; Quest_OnClick(); </OnClick>
		<OnShow>
	    	this:SetFrameLevel( this:GetParent():GetFrameLevel() + 1 );
	    </OnShow>
	</Scripts>
 </Button>
 <Button name="AQQuestbutton15" inherits="" text="15">
   <Size>
     <AbsDimension x="165" y="20"/>
   </Size>
	<Anchors>
		<Anchor point="TOPLEFT">
			<Offset>
				<AbsDimension x="15" y="-390"/>
			</Offset>
		</Anchor>
	</Anchors>
	<HighlightTexture file="Interface\QuestFrame\UI-QuestTitleHighlight" alphaMode="ADD"/>
	<Scripts>
		<OnClick> AQSHOWNQUEST = 15; Quest_OnClick(); </OnClick>
		<OnShow>
	    	this:SetFrameLevel( this:GetParent():GetFrameLevel() + 1 );
	    </OnShow>
	</Scripts>
 </Button>
 <Button name="AQQuestbutton16" inherits="" text="16">
   <Size>
     <AbsDimension x="165" y="20"/>
   </Size>
	<Anchors>
		<Anchor point="TOPLEFT">
			<Offset>
				<AbsDimension x="15" y="-410"/>
			</Offset>
		</Anchor>
	</Anchors>
	<HighlightTexture file="Interface\QuestFrame\UI-QuestTitleHighlight" alphaMode="ADD"/>
	<Scripts>
		<OnClick> AQSHOWNQUEST = 16; Quest_OnClick(); </OnClick>
		<OnShow>
	    	this:SetFrameLevel( this:GetParent():GetFrameLevel() + 1 );
	    </OnShow>
	</Scripts>
 </Button>
 <Button name="AQQuestbutton17" inherits="" text="17">
   <Size>
     <AbsDimension x="165" y="20"/>
   </Size>
	<Anchors>
		<Anchor point="TOPLEFT">
			<Offset>
				<AbsDimension x="15" y="-430"/>
			</Offset>
		</Anchor>
	</Anchors>
	<HighlightTexture file="Interface\QuestFrame\UI-QuestTitleHighlight" alphaMode="ADD"/>
	<Scripts>
		<OnClick> AQSHOWNQUEST = 17; Quest_OnClick(); </OnClick>
		<OnShow>
	    	this:SetFrameLevel( this:GetParent():GetFrameLevel() + 1 );
	    </OnShow>
	</Scripts>
 </Button>
 <Button name="AQQuestbutton18" inherits="" text="18">
   <Size>
     <AbsDimension x="165" y="20"/>
   </Size>
	<Anchors>
		<Anchor point="TOPLEFT">
			<Offset>
				<AbsDimension x="15" y="-450"/>
			</Offset>
		</Anchor>
	</Anchors>
	<HighlightTexture file="Interface\QuestFrame\UI-QuestTitleHighlight" alphaMode="ADD"/>
	<Scripts>
		<OnClick> AQSHOWNQUEST = 18; Quest_OnClick(); </OnClick>
		<OnShow>
	    	this:SetFrameLevel( this:GetParent():GetFrameLevel() + 1 );
	    </OnShow>
	</Scripts>
 </Button>
 </Frames>
 <Layers>
   <Layer level="ARTWORK">
     <FontString name="Ueberschriftborder" inherits="GameFontNormal">
       <Size>
         <AbsDimension x="220" y="12"/>
       </Size>
       <Anchors>
         <Anchor point="TOP">
           <Offset>
              <AbsDimension x="0" y="-50"/>
           </Offset>
         </Anchor>
       </Anchors>
     </FontString>
     <FontString name="AtlasQuestUeberschrift" inherits="GameFontNormal">
       <Size>
         <AbsDimension x="200" y="12"/>
       </Size>
       <Anchors>
         <Anchor point="TOP">
           <Offset>
              <AbsDimension x="6" y="-27"/>
           </Offset>
         </Anchor>
       </Anchors>
     </FontString>
     <FontString name="AtlasQuestAnzahl" inherits="GameFontNormal">
       <Size>
         <AbsDimension x="60" y="40"/>
       </Size>
       <Anchors>
         <Anchor point="TOP">
           <Offset>
              <AbsDimension x="0" y="-70"/>
           </Offset>
         </Anchor>
       </Anchors>
     </FontString>
     <Texture name="AQBACKGROUNDTEXTUR" file="Interface\AddOns\Atlas\Images\AtlasFrame-Right">
         <Size><AbsDimension x="185" y="495"/></Size>
           <Anchors>
             <Anchor point="TOPRIGHT" >
               <Offset>
				  <AbsDimension x="-5" y="-5"/>
			   </Offset>
             </Anchor>
           </Anchors>
           <TexCoords left="0.2" right="0.6" top="0.4" bottom="0.9" />
      </Texture>
   </Layer>
   <Layer level="OVERLAY">
     <Texture name="AQQuesstart_1" file="Interface\GossipFrame\PetitionGossipIcon">
         <Size><AbsDimension x="13" y="15"/></Size>
           <Anchors>
             <Anchor point="TOPLEFT" >
               <Offset>
				  <AbsDimension x="8" y="-112"/>
			   </Offset>
             </Anchor>
           </Anchors>
      </Texture>
      <Texture name="AQQuesstart_2" file="Interface\GossipFrame\PetitionGossipIcon">
         <Size><AbsDimension x="13" y="15"/></Size>
           <Anchors>
             <Anchor point="TOPLEFT" relativeTo="AQQuesstart_1" relativePoint="TOPLEFT">
			<Offset><AbsDimension x="0" y="-20"/></Offset>
             </Anchor>
           </Anchors>
      </Texture>
      <Texture name="AQQuesstart_3" file="Interface\GossipFrame\PetitionGossipIcon">
         <Size><AbsDimension x="13" y="15"/></Size>
           <Anchors>
             <Anchor point="TOPLEFT" relativeTo="AQQuesstart_2" relativePoint="TOPLEFT">
			<Offset><AbsDimension x="0" y="-20"/></Offset>
             </Anchor>
           </Anchors>
      </Texture>
      <Texture name="AQQuesstart_4" file="Interface\GossipFrame\PetitionGossipIcon">
         <Size><AbsDimension x="13" y="15"/></Size>
           <Anchors>
             <Anchor point="TOPLEFT" relativeTo="AQQuesstart_3" relativePoint="TOPLEFT">
			<Offset><AbsDimension x="0" y="-20"/></Offset>
             </Anchor>
           </Anchors>
      </Texture>
      <Texture name="AQQuesstart_5" file="Interface\GossipFrame\PetitionGossipIcon">
         <Size><AbsDimension x="13" y="15"/></Size>
           <Anchors>
             <Anchor point="TOPLEFT" relativeTo="AQQuesstart_4" relativePoint="TOPLEFT">
			<Offset><AbsDimension x="0" y="-20"/></Offset>
             </Anchor>
           </Anchors>
      </Texture>
      <Texture name="AQQuesstart_6" file="Interface\GossipFrame\PetitionGossipIcon">
         <Size><AbsDimension x="13" y="15"/></Size>
           <Anchors>
             <Anchor point="TOPLEFT" relativeTo="AQQuesstart_5" relativePoint="TOPLEFT">
			<Offset><AbsDimension x="0" y="-20"/></Offset>
             </Anchor>
           </Anchors>
      </Texture>
      <Texture name="AQQuesstart_7" file="Interface\GossipFrame\PetitionGossipIcon">
         <Size><AbsDimension x="13" y="15"/></Size>
           <Anchors>
             <Anchor point="TOPLEFT" relativeTo="AQQuesstart_6" relativePoint="TOPLEFT">
			<Offset><AbsDimension x="0" y="-20"/></Offset>
             </Anchor>
           </Anchors>
      </Texture>
      <Texture name="AQQuesstart_8" file="Interface\GossipFrame\PetitionGossipIcon">
         <Size><AbsDimension x="13" y="15"/></Size>
           <Anchors>
             <Anchor point="TOPLEFT" relativeTo="AQQuesstart_7" relativePoint="TOPLEFT">
			<Offset><AbsDimension x="0" y="-20"/></Offset>
             </Anchor>
           </Anchors>
      </Texture>
      <Texture name="AQQuesstart_9" file="Interface\GossipFrame\PetitionGossipIcon">
         <Size><AbsDimension x="13" y="15"/></Size>
           <Anchors>
             <Anchor point="TOPLEFT" relativeTo="AQQuesstart_8" relativePoint="TOPLEFT">
			<Offset><AbsDimension x="0" y="-20"/></Offset>
             </Anchor>
           </Anchors>
      </Texture>
      <Texture name="AQQuesstart_10" file="Interface\GossipFrame\PetitionGossipIcon">
         <Size><AbsDimension x="13" y="15"/></Size>
           <Anchors>
             <Anchor point="TOPLEFT" relativeTo="AQQuesstart_9" relativePoint="TOPLEFT">
			<Offset><AbsDimension x="0" y="-20"/></Offset>
             </Anchor>
           </Anchors>
      </Texture>
      <Texture name="AQQuesstart_11" file="Interface\GossipFrame\PetitionGossipIcon">
         <Size><AbsDimension x="13" y="15"/></Size>
           <Anchors>
             <Anchor point="TOPLEFT" relativeTo="AQQuesstart_10" relativePoint="TOPLEFT">
			<Offset><AbsDimension x="0" y="-20"/></Offset>
             </Anchor>
           </Anchors>
      </Texture>
      <Texture name="AQQuesstart_12" file="Interface\GossipFrame\PetitionGossipIcon">
         <Size><AbsDimension x="13" y="15"/></Size>
           <Anchors>
             <Anchor point="TOPLEFT" relativeTo="AQQuesstart_11" relativePoint="TOPLEFT">
			<Offset><AbsDimension x="0" y="-20"/></Offset>
             </Anchor>
           </Anchors>
      </Texture>
      <Texture name="AQQuesstart_13" file="Interface\GossipFrame\PetitionGossipIcon">
         <Size><AbsDimension x="13" y="15"/></Size>
           <Anchors>
             <Anchor point="TOPLEFT" relativeTo="AQQuesstart_12" relativePoint="TOPLEFT">
			<Offset><AbsDimension x="0" y="-20"/></Offset>
             </Anchor>
           </Anchors>
      </Texture>
      <Texture name="AQQuesstart_14" file="Interface\GossipFrame\PetitionGossipIcon">
         <Size><AbsDimension x="13" y="15"/></Size>
           <Anchors>
             <Anchor point="TOPLEFT" relativeTo="AQQuesstart_13" relativePoint="TOPLEFT">
			<Offset><AbsDimension x="0" y="-20"/></Offset>
             </Anchor>
           </Anchors>
      </Texture>
      <Texture name="AQQuesstart_15" file="Interface\GossipFrame\PetitionGossipIcon">
         <Size><AbsDimension x="13" y="15"/></Size>
           <Anchors>
             <Anchor point="TOPLEFT" relativeTo="AQQuesstart_14" relativePoint="TOPLEFT">
			<Offset><AbsDimension x="0" y="-20"/></Offset>
             </Anchor>
           </Anchors>
      </Texture>
      <Texture name="AQQuesstart_16" file="Interface\GossipFrame\PetitionGossipIcon">
         <Size><AbsDimension x="13" y="15"/></Size>
           <Anchors>
             <Anchor point="TOPLEFT" relativeTo="AQQuesstart_15" relativePoint="TOPLEFT">
			<Offset><AbsDimension x="0" y="-20"/></Offset>
             </Anchor>
           </Anchors>
      </Texture>
     <Texture name="AQQuestlineArrow_1" file="Interface\Glues\Login\UI-BackArrow">
         <Size><AbsDimension x="13" y="15"/></Size>
           <Anchors>
             <Anchor point="TOPLEFT" >
               <Offset>
				  <AbsDimension x="8" y="-112"/>
			   </Offset>
             </Anchor>
           </Anchors>
      </Texture>
      <Texture name="AQQuestlineArrow_2" file="Interface\Glues\Login\UI-BackArrow">
          <Size><AbsDimension x="13" y="15"/></Size>
           <Anchors>
             <Anchor point="TOPLEFT" relativeTo="AQQuestlineArrow_1" relativePoint="TOPLEFT">
			<Offset><AbsDimension x="0" y="-20"/></Offset>
             </Anchor>
           </Anchors>
      </Texture>
      <Texture name="AQQuestlineArrow_3" file="Interface\Glues\Login\UI-BackArrow">
          <Size><AbsDimension x="13" y="15"/></Size>
           <Anchors>
             <Anchor point="TOPLEFT" relativeTo="AQQuestlineArrow_2" relativePoint="TOPLEFT">
			<Offset><AbsDimension x="0" y="-20"/></Offset>
             </Anchor>
           </Anchors>
      </Texture>
      <Texture name="AQQuestlineArrow_4" file="Interface\Glues\Login\UI-BackArrow">
          <Size><AbsDimension x="13" y="15"/></Size>
           <Anchors>
             <Anchor point="TOPLEFT" relativeTo="AQQuestlineArrow_3" relativePoint="TOPLEFT">
			<Offset><AbsDimension x="0" y="-20"/></Offset>
             </Anchor>
           </Anchors>
      </Texture>
      <Texture name="AQQuestlineArrow_5" file="Interface\Glues\Login\UI-BackArrow">
          <Size><AbsDimension x="13" y="15"/></Size>
           <Anchors>
             <Anchor point="TOPLEFT" relativeTo="AQQuestlineArrow_4" relativePoint="TOPLEFT">
			<Offset><AbsDimension x="0" y="-20"/></Offset>
             </Anchor>
           </Anchors>
      </Texture>
      <Texture name="AQQuestlineArrow_6" file="Interface\Glues\Login\UI-BackArrow">
          <Size><AbsDimension x="13" y="15"/></Size>
           <Anchors>
             <Anchor point="TOPLEFT" relativeTo="AQQuestlineArrow_5" relativePoint="TOPLEFT">
			<Offset><AbsDimension x="0" y="-20"/></Offset>
             </Anchor>
           </Anchors>
      </Texture>
      <Texture name="AQQuestlineArrow_7" file="Interface\Glues\Login\UI-BackArrow">
          <Size><AbsDimension x="13" y="15"/></Size>
           <Anchors>
             <Anchor point="TOPLEFT" relativeTo="AQQuestlineArrow_6" relativePoint="TOPLEFT">
			<Offset><AbsDimension x="0" y="-20"/></Offset>
             </Anchor>
           </Anchors>
      </Texture>
      <Texture name="AQQuestlineArrow_8" file="Interface\Glues\Login\UI-BackArrow">
          <Size><AbsDimension x="13" y="15"/></Size>
           <Anchors>
             <Anchor point="TOPLEFT" relativeTo="AQQuestlineArrow_7" relativePoint="TOPLEFT">
			<Offset><AbsDimension x="0" y="-20"/></Offset>
             </Anchor>
           </Anchors>
      </Texture>
      <Texture name="AQQuestlineArrow_9" file="Interface\Glues\Login\UI-BackArrow">
          <Size><AbsDimension x="13" y="15"/></Size>
           <Anchors>
             <Anchor point="TOPLEFT" relativeTo="AQQuestlineArrow_8" relativePoint="TOPLEFT">
			<Offset><AbsDimension x="0" y="-20"/></Offset>
             </Anchor>
           </Anchors>
      </Texture>
      <Texture name="AQQuestlineArrow_10" file="Interface\Glues\Login\UI-BackArrow">
          <Size><AbsDimension x="13" y="15"/></Size>
           <Anchors>
             <Anchor point="TOPLEFT" relativeTo="AQQuestlineArrow_9" relativePoint="TOPLEFT">
			<Offset><AbsDimension x="0" y="-20"/></Offset>
             </Anchor>
           </Anchors>
      </Texture>
      <Texture name="AQQuestlineArrow_11" file="Interface\Glues\Login\UI-BackArrow">
          <Size><AbsDimension x="13" y="15"/></Size>
           <Anchors>
             <Anchor point="TOPLEFT" relativeTo="AQQuestlineArrow_10" relativePoint="TOPLEFT">
			<Offset><AbsDimension x="0" y="-20"/></Offset>
             </Anchor>
           </Anchors>
      </Texture>
      <Texture name="AQQuestlineArrow_12" file="Interface\Glues\Login\UI-BackArrow">
          <Size><AbsDimension x="13" y="15"/></Size>
           <Anchors>
             <Anchor point="TOPLEFT" relativeTo="AQQuestlineArrow_11" relativePoint="TOPLEFT">
			<Offset><AbsDimension x="0" y="-20"/></Offset>
             </Anchor>
           </Anchors>
      </Texture>
      <Texture name="AQQuestlineArrow_13" file="Interface\Glues\Login\UI-BackArrow">
          <Size><AbsDimension x="13" y="15"/></Size>
           <Anchors>
             <Anchor point="TOPLEFT" relativeTo="AQQuestlineArrow_12" relativePoint="TOPLEFT">
			<Offset><AbsDimension x="0" y="-20"/></Offset>
             </Anchor>
           </Anchors>
      </Texture>
      <Texture name="AQQuestlineArrow_14" file="Interface\Glues\Login\UI-BackArrow">
          <Size><AbsDimension x="13" y="15"/></Size>
           <Anchors>
             <Anchor point="TOPLEFT" relativeTo="AQQuestlineArrow_13" relativePoint="TOPLEFT">
			<Offset><AbsDimension x="0" y="-20"/></Offset>
             </Anchor>
           </Anchors>
      </Texture>
      <Texture name="AQQuestlineArrow_15" file="Interface\Glues\Login\UI-BackArrow">
          <Size><AbsDimension x="13" y="15"/></Size>
           <Anchors>
             <Anchor point="TOPLEFT" relativeTo="AQQuestlineArrow_14" relativePoint="TOPLEFT">
			<Offset><AbsDimension x="0" y="-20"/></Offset>
             </Anchor>
           </Anchors>
      </Texture>
      <Texture name="AQQuestlineArrow_16" file="Interface\Glues\Login\UI-BackArrow">
          <Size><AbsDimension x="13" y="15"/></Size>
           <Anchors>
             <Anchor point="TOPLEFT" relativeTo="AQQuestlineArrow_15" relativePoint="TOPLEFT">
			<Offset><AbsDimension x="0" y="-20"/></Offset>
             </Anchor>
           </Anchors>
      </Texture>
     <FontString name="AQBUTTONTEXT1" inherits="AQFontVERYSmall" text="1" justifyH = "LEFT">
       <Size><AbsDimension x="165" y="20"/></Size>
       <Anchors>
         <Anchor point="TOPLEFT">
			<Offset>
				<AbsDimension x="22" y="-110"/>
			</Offset>
         </Anchor>
       </Anchors>
     </FontString>
     <FontString name="AQBUTTONTEXT2" inherits="AQFontVERYSmall" text="2" justifyH = "LEFT">
       <Size><AbsDimension x="165" y="20"/></Size>
       <Anchors>
         <Anchor point="TOPLEFT" relativeTo="AQBUTTONTEXT1" relativePoint="TOPLEFT">
			<Offset><AbsDimension x="0" y="-20"/></Offset>
         </Anchor>
       </Anchors>
     </FontString>
     <FontString name="AQBUTTONTEXT3" inherits="AQFontVERYSmall" text="3" justifyH = "LEFT">
       <Size><AbsDimension x="165" y="20"/></Size>
       <Anchors>
         <Anchor point="TOPLEFT" relativeTo="AQBUTTONTEXT2" relativePoint="TOPLEFT">
			<Offset><AbsDimension x="0" y="-20"/></Offset>
         </Anchor>
       </Anchors>
     </FontString>
     <FontString name="AQBUTTONTEXT4" inherits="AQFontVERYSmall" text="4" justifyH = "LEFT">
       <Size><AbsDimension x="165" y="20"/></Size>
       <Anchors>
         <Anchor point="TOPLEFT" relativeTo="AQBUTTONTEXT3" relativePoint="TOPLEFT">
			<Offset><AbsDimension x="0" y="-20"/></Offset>
         </Anchor>
       </Anchors>
     </FontString>
     <FontString name="AQBUTTONTEXT5" inherits="AQFontVERYSmall" text="5" justifyH = "LEFT">
       <Size><AbsDimension x="165" y="20"/></Size>
       <Anchors>
         <Anchor point="TOPLEFT" relativeTo="AQBUTTONTEXT4" relativePoint="TOPLEFT">
			<Offset><AbsDimension x="0" y="-20"/></Offset>
         </Anchor>
       </Anchors>
     </FontString>
     <FontString name="AQBUTTONTEXT6" inherits="AQFontVERYSmall" text="6" justifyH = "LEFT">
       <Size><AbsDimension x="165" y="20"/></Size>
       <Anchors>
         <Anchor point="TOPLEFT" relativeTo="AQBUTTONTEXT5" relativePoint="TOPLEFT">
			<Offset><AbsDimension x="0" y="-20"/></Offset>
         </Anchor>
       </Anchors>
     </FontString>
     <FontString name="AQBUTTONTEXT7" inherits="AQFontVERYSmall" text="7" justifyH = "LEFT">
       <Size><AbsDimension x="165" y="20"/></Size>
       <Anchors>
         <Anchor point="TOPLEFT" relativeTo="AQBUTTONTEXT6" relativePoint="TOPLEFT">
			<Offset><AbsDimension x="0" y="-20"/></Offset>
         </Anchor>
       </Anchors>
     </FontString>
     <FontString name="AQBUTTONTEXT8" inherits="AQFontVERYSmall" text="8" justifyH = "LEFT">
       <Size><AbsDimension x="165" y="20"/></Size>
       <Anchors>
         <Anchor point="TOPLEFT" relativeTo="AQBUTTONTEXT7" relativePoint="TOPLEFT">
			<Offset><AbsDimension x="0" y="-20"/></Offset>
         </Anchor>
       </Anchors>
     </FontString>
     <FontString name="AQBUTTONTEXT9" inherits="AQFontVERYSmall" text="9" justifyH = "LEFT">
       <Size><AbsDimension x="165" y="20"/></Size>
       <Anchors>
         <Anchor point="TOPLEFT" relativeTo="AQBUTTONTEXT8" relativePoint="TOPLEFT">
			<Offset><AbsDimension x="0" y="-20"/></Offset>
         </Anchor>
       </Anchors>
     </FontString>
     <FontString name="AQBUTTONTEXT10" inherits="AQFontVERYSmall" text="10" justifyH = "LEFT">
       <Size><AbsDimension x="165" y="20"/></Size>
       <Anchors>
         <Anchor point="TOPLEFT" relativeTo="AQBUTTONTEXT9" relativePoint="TOPLEFT">
			<Offset><AbsDimension x="0" y="-20"/></Offset>
         </Anchor>
       </Anchors>
     </FontString>
     <FontString name="AQBUTTONTEXT11" inherits="AQFontVERYSmall" text="11" justifyH = "LEFT">
       <Size><AbsDimension x="165" y="20"/></Size>
       <Anchors>
         <Anchor point="TOPLEFT" relativeTo="AQBUTTONTEXT10" relativePoint="TOPLEFT">
			<Offset><AbsDimension x="0" y="-20"/></Offset>
         </Anchor>
       </Anchors>
     </FontString>
     <FontString name="AQBUTTONTEXT12" inherits="AQFontVERYSmall" text="12" justifyH = "LEFT">
       <Size><AbsDimension x="165" y="20"/></Size>
       <Anchors>
         <Anchor point="TOPLEFT" relativeTo="AQBUTTONTEXT11" relativePoint="TOPLEFT">
			<Offset><AbsDimension x="0" y="-20"/></Offset>
         </Anchor>
       </Anchors>
     </FontString>
     <FontString name="AQBUTTONTEXT13" inherits="AQFontVERYSmall" text="13" justifyH = "LEFT">
       <Size><AbsDimension x="165" y="20"/></Size>
       <Anchors>
         <Anchor point="TOPLEFT" relativeTo="AQBUTTONTEXT12" relativePoint="TOPLEFT">
			<Offset><AbsDimension x="0" y="-20"/></Offset>
         </Anchor>
       </Anchors>
     </FontString>
     <FontString name="AQBUTTONTEXT14" inherits="AQFontVERYSmall" text="14" justifyH = "LEFT">
       <Size><AbsDimension x="165" y="20"/></Size>
       <Anchors>
         <Anchor point="TOPLEFT" relativeTo="AQBUTTONTEXT13" relativePoint="TOPLEFT">
			<Offset><AbsDimension x="0" y="-20"/></Offset>
         </Anchor>
       </Anchors>
     </FontString>
     <FontString name="AQBUTTONTEXT15" inherits="AQFontVERYSmall" text="15" justifyH = "LEFT">
       <Size><AbsDimension x="165" y="20"/></Size>
       <Anchors>
         <Anchor point="TOPLEFT" relativeTo="AQBUTTONTEXT14" relativePoint="TOPLEFT">
			<Offset><AbsDimension x="0" y="-20"/></Offset>
         </Anchor>
       </Anchors>
     </FontString>
     <FontString name="AQBUTTONTEXT16" inherits="AQFontVERYSmall" text="16" justifyH = "LEFT">
       <Size><AbsDimension x="165" y="20"/></Size>
       <Anchors>
         <Anchor point="TOPLEFT" relativeTo="AQBUTTONTEXT15" relativePoint="TOPLEFT">
			<Offset><AbsDimension x="0" y="-20"/></Offset>
         </Anchor>
       </Anchors>
     </FontString>
     <FontString name="AQBUTTONTEXT17" inherits="AQFontVERYSmall" text="17" justifyH = "LEFT">
       <Size><AbsDimension x="165" y="20"/></Size>
       <Anchors>
         <Anchor point="TOPLEFT" relativeTo="AQBUTTONTEXT16" relativePoint="TOPLEFT">
			<Offset><AbsDimension x="0" y="-20"/></Offset>
         </Anchor>
       </Anchors>
     </FontString>
     <FontString name="AQBUTTONTEXT18" inherits="AQFontVERYSmall" text="18" justifyH = "LEFT">
       <Size><AbsDimension x="165" y="20"/></Size>
       <Anchors>
         <Anchor point="TOPLEFT" relativeTo="AQBUTTONTEXT17" relativePoint="TOPLEFT">
			<Offset><AbsDimension x="0" y="-20"/></Offset>
         </Anchor>
       </Anchors>
     </FontString>
      <Texture name="AQ_HordeTexture" file="Interface\TargetingFrame\UI-PVP-HORDE">
         <Size><AbsDimension x="50" y="50"/></Size>
           <Anchors>
             <Anchor point="TOPRIGHT" >
        	      <Offset><AbsDimension x="-22" y="-75"/></Offset>
        	  </Anchor>
           </Anchors>
      </Texture>
      <Texture name="AQ_AllianceTexture" file="Interface\TargetingFrame\UI-PVP-ALLIANCE">
         <Size><AbsDimension x="50" y="50"/></Size>
           <Anchors>
              <Anchor point="TOPLEFT">
        	      <Offset><AbsDimension x="38" y="-75"/></Offset>
       	  </Anchor>
           </Anchors>
      </Texture>
   </Layer>
  </Layers>
  <Scripts>
     <OnLoad>
        AQ_OnLoad();
     </OnLoad>
     <OnUpdate>
        AQ_OnUpdate(arg1);
     </OnUpdate>
     <OnShow>
  --     this:SetFrameLevel( AtlasFrame:GetFrameLevel() + 1);
     </OnShow>
     <OnEvent>
        AtlasQuest_OnEvent();
     </OnEvent>
  </Scripts>
</Frame>

<!-- Added for AlphaMap Compatibility -->

	<Button name="AQ_AMCloseButton" inherits="OptionsButtonTemplate" text="AQ" parent="AlphaMapAlphaMapFrame">
		<Size>
			<AbsDimension x="45" y="35"/>
		</Size>
		<Anchors>
			<Anchor point="BOTTOMRIGHT" relativePoint="TOPRIGHT" relativeTo="AlphaMapAlphaMapFrame">
				<Offset>
					<AbsDimension x="0" y="5"/>
				</Offset>
			</Anchor>
		</Anchors>
		<Scripts>
			<OnClick>
				AQCLOSE_OnClick();
			</OnClick>
		</Scripts>
	</Button>

</Ui>