<Ui xmlns="http://www.blizzard.com/wow/ui/" xmlns:xsi="http://www.w3.org/2001/XMLSchema-instance" xsi:schemaLocation="http://www.blizzard.com/wow/ui/
..\FrameXML\UI.xsd">
 <Script file="localization.lua"/>
 
	<Button name="wowChessBoardSquareTemplate" virtual="true">
		<Size>
		    <AbsDimension x="40" y="40"/>
		</Size>
		<Layers>
		    <Layer level="BACKGROUND">
			    <Texture name="$parentBackground">
				    <Color r="0.9" g="0.3" b="0.3" a="0.0" />
			    </Texture>
		    </Layer>
		    <Layer level="BORDER">
			    <Texture name="$parentPiece">
				<Size>
					<AbsDimension x="40" y="40"/>
				</Size>			    
				<Anchors>
					<Anchor point="CENTER">
						<Offset>
							<AbsDimension x="0" y="0"/>
						</Offset>
					</Anchor>
				</Anchors>
			    </Texture>
		    </Layer>
		    <Layer level="ARTWORK">
			    <Texture name="$parentLast">
				<Size>
					<AbsDimension x="40" y="40"/>
				</Size>		
				<Anchors>
					<Anchor point="CENTER">
						<Offset>
							<AbsDimension x="0" y="0"/>
						</Offset>
					</Anchor>
				</Anchors>
			    </Texture>
		    </Layer>
		    <Layer level="OVERLAY">
			    <Texture name="$parentValid">
				<Size>
					<AbsDimension x="40" y="40"/>
				</Size>		
				<Anchors>
					<Anchor point="CENTER">
						<Offset>
							<AbsDimension x="0" y="0"/>
						</Offset>
					</Anchor>
				</Anchors>
			    </Texture>
		    </Layer>
		</Layers>
		<HighlightTexture alphaMode="BLEND" file="Interface\AddOns\wowChess\Images\wowChessHilightSquare_blue"/>
		<Scripts>
		    <OnClick>
			    wowChessSquare_OnClick();
		    </OnClick>
		</Scripts>
	</Button>
	
  
	<Button name = "wowChessMoveLogEntryTemplate" virtual="true">
		<Size>
			<AbsDimension x="175" y="16" />
		</Size>
		<Layers>
			<Layer level="ARTWORK">
				<FontString name="$parent_Text" inherits="GameFontHighlight" wraponspaces="false" justifyH="LEFT" text="entry"/>
			</Layer>
		</Layers>
	</Button>
 
	<Frame name="wowChessJailTemplate" virtual="true">
		<Size>
			<AbsDimension x="210" y="53"/>
		</Size>
		<Backdrop bgFile="" edgeFile="Interface\Tooltips\UI-Tooltip-Border" tile="false">
			<TileSize>
				<AbsValue val="16" />
			</TileSize>
			<EdgeSize>
				<AbsValue val="16" />
			</EdgeSize>
		</Backdrop>
		<Layers>
	
			<Layer level="ARTWORK">

				<Texture name="$parentPawn" file="">
					<Size>
					    <AbsDimension x="40" y="40"/>
					</Size>
					<Anchors>
						<Anchor point="LEFT">
							<Offset>
								<AbsDimension x="5" y="0"/>
							</Offset>
						</Anchor>
					</Anchors>
				</Texture>
				<Texture name="$parentKnight" file="">
					<Size>
					    <AbsDimension x="40" y="40"/>
					</Size>
					<Anchors>
						<Anchor point="LEFT">
							<Offset>
								<AbsDimension x="45" y="0"/>
							</Offset>
						</Anchor>
					</Anchors>
				</Texture>
				<Texture name="$parentBishop" file="">
					<Size>
					    <AbsDimension x="40" y="40"/>
					</Size>
					<Anchors>
						<Anchor point="LEFT">
							<Offset>
								<AbsDimension x="85" y="0"/>
							</Offset>
						</Anchor>
					</Anchors>
				</Texture>
				<Texture name="$parentRook" file="">
					<Size>
					    <AbsDimension x="40" y="40"/>
					</Size>
					<Anchors>
						<Anchor point="LEFT">
							<Offset>
								<AbsDimension x="125" y="0"/>
							</Offset>
						</Anchor>
					</Anchors>
				</Texture>
				<Texture name="$parentQueen" file="">
					<Size>
					    <AbsDimension x="40" y="40"/>
					</Size>
					<Anchors>
						<Anchor point="LEFT">
							<Offset>
								<AbsDimension x="165" y="0"/>
							</Offset>
						</Anchor>
					</Anchors>
				</Texture>
			</Layer>
			<Layer level="OVERLAY">

				<FontString name="$parentPawnCount" inherits="NumberFontNormal" text="8">
					<Anchors>
						<Anchor point="BOTTOMLEFT">
							<Offset>
								<AbsDimension x="30" y="5"/>
							</Offset>
						</Anchor>
					</Anchors>
				</FontString>
				<FontString name="$parentKnightCount" inherits="NumberFontNormal" text="8">
					<Anchors>
						<Anchor point="BOTTOMLEFT">
							<Offset>
								<AbsDimension x="70" y="5"/>
							</Offset>
						</Anchor>
					</Anchors>
				</FontString>
				<FontString name="$parentBishopCount" inherits="NumberFontNormal" text="8">
					<Anchors>
						<Anchor point="BOTTOMLEFT">
							<Offset>
								<AbsDimension x="110" y="5"/>
							</Offset>
						</Anchor>
					</Anchors>
				</FontString>
				<FontString name="$parentRookCount" inherits="NumberFontNormal" text="8">
					<Anchors>
						<Anchor point="BOTTOMLEFT">
							<Offset>
								<AbsDimension x="150" y="5"/>
							</Offset>
						</Anchor>
					</Anchors>
				</FontString>
				<FontString name="$parentQueenCount" inherits="NumberFontNormal" text="8">
					<Anchors>
						<Anchor point="BOTTOMLEFT">
							<Offset>
								<AbsDimension x="190" y="5"/>
							</Offset>
						</Anchor>
					</Anchors>
				</FontString>
			</Layer>
		</Layers>
	</Frame>
	    
	<Frame name="wowChessPlayerBarTemplate" virtual="true">
		<Size>
			<AbsDimension x="128" y="53"/>
		</Size>
		<Layers>
			<Layer level="BACKGROUND">
				<Texture name="$parentTexture" file="Interface\AddOns\wowChess\Images\wowChessPortraitFrame">
					<Size>
						<AbsDimension x="128" y="64"/>
					</Size>
					<Anchors>
						<Anchor point="TOPLEFT">
							<Offset>
								<AbsDimension x="0" y="-2"/>
							</Offset>
						</Anchor>
					</Anchors>
				</Texture>
				<FontString name="$parentName" inherits="GameFontNormalSmall" text="">
					<Anchors>
						<Anchor point="BOTTOMLEFT">
							<Offset>
								<AbsDimension x="50" y="28"/>
							</Offset>
						</Anchor>
					</Anchors>
				</FontString>
			</Layer>
			<Layer level="ARTWORK">
				<Texture name="$parentPortrait">
					<Size>
						<AbsDimension x="37" y="37"/>
					</Size>
					<Anchors>
						<Anchor point="TOPLEFT">
							<Offset>
								<AbsDimension x="7" y="-6"/>
							</Offset>
						</Anchor>
					</Anchors>
				</Texture>
				<Texture name="$parentTurn" file="Interface\AddOns\wowChess\Images\wowChessTurn" hidden="true">
					<Size>
						<AbsDimension x="20" y="20"/>
					</Size>
					<Anchors>
						<Anchor point="BOTTOMLEFT">
							<Offset>
								<AbsDimension x="46" y="1"/>
							</Offset>
						</Anchor>
					</Anchors>
				</Texture>
				<Texture name="$parentCheck" file="Interface\AddOns\wowChess\Images\wowChessCheck" hidden="true">
					<Size>
						<AbsDimension x="20" y="20"/>
					</Size>
					<Anchors>
						<Anchor point="BOTTOMLEFT">
							<Offset>
								<AbsDimension x="66" y="1"/>
							</Offset>
						</Anchor>
					</Anchors>
				</Texture>
			</Layer>
		</Layers>
	</Frame>
	
	<Button name="TogglePlayerBarsTemplate" virtual="true" >
		<Size>
		    <AbsDimension x="10" y="10"/>
		</Size>
		<Layers>
		    <Layer level="ARTWORK">
			    <Texture name="$parentArrow" file="Interface\AddOns\wowChess\Images\wowChessArrowRight">
					<Size><AbsDimension x="16" y="16"/></Size>
					<Anchors>
						<Anchor point="LEFT">
						<Offset><AbsDimension x="0" y="0"/></Offset>
						</Anchor>
					</Anchors>
			    </Texture>
		    </Layer>
		</Layers>
		<Scripts>
		    <OnClick>
			    wowChess_TogglePlayerBars(this);
		    </OnClick>
		</Scripts>		
	</Button>

	<MessageFrame name="wowChessMsgFrame" insertMode="TOP" parent="UIParent" frameStrata="LOW" toplevel="true">
		<Size>
			<AbsDimension x="512" y="60"/>
		</Size>
		<Anchors>
			<Anchor point="CENTER">
				<Offset>
					<AbsDimension x="0" y="0"/>
				</Offset>
			</Anchor>
		</Anchors>
		<Scripts>
			<OnLoad>
			</OnLoad>
			<OnUpdate>
			</OnUpdate>
		</Scripts>
		<FontString inherits="SubZoneTextFont" justifyH="CENTER"/>
	</MessageFrame>	

	<EditBox name="wowChess_EditBox" inherits="ChatFrameEditBoxTemplate" parent="UIParent" hidden="true">
		<Scripts>
			<OnLoad>
			</OnLoad>
		</Scripts>
	</EditBox> 

<Frame name="wowChess" parent="UIParent" enableMouse="true" movable="true" hidden="true">  
	<Size>
	    <AbsDimension x="348" y="350"/>
	</Size>
	<Anchors>
		<Anchor point="CENTER">
			<Offset>
				<AbsDimension x="0" y="0"/>
			</Offset>
		</Anchor>
	</Anchors>
	<Backdrop bgFile="Interface\DialogFrame\UI-DialogBox-Background" edgeFile="Interface\Tooltips\UI-Tooltip-Border" tile="true">
		<BackgroundInsets>
			<AbsInset left="4" right="4" top="4" bottom="4" />
		</BackgroundInsets>
		<TileSize>
			<AbsValue val="16" />
		</TileSize>
		<EdgeSize>
			<AbsValue val="16" />
		</EdgeSize>
	</Backdrop>
	<Frames>
		<Frame name="wowChessSideBar" hidden="true">
			<Size>
			    <AbsDimension x="175" y="348"/>
			</Size>

			<Anchors>
				<Anchor point="LEFT">
					<Offset>
						<AbsDimension x="-170" y="0"/>
					</Offset>
				</Anchor>
			</Anchors>
			<Backdrop bgFile="Interface\DialogFrame\UI-DialogBox-Background" edgeFile="Interface\Tooltips\UI-Tooltip-Border" tile="true">
				<BackgroundInsets>
					<AbsInset left="4" right="4" top="4" bottom="4" />
				</BackgroundInsets>
				<TileSize>
					<AbsValue val="16" />
				</TileSize>
				<EdgeSize>
					<AbsValue val="16" />
				</EdgeSize>
			</Backdrop>
			<Frames>
				<Frame name="$parentTitleBar">
					<Size>
					    <AbsDimension x="170" y="20"/>
					</Size>

					<Anchors>
						<Anchor point="TOP">
							<Offset>
								<AbsDimension x="0" y="-3"/>
							</Offset>
						</Anchor>
					</Anchors>
					<Backdrop bgFile="" edgeFile="Interface\Tooltips\UI-Tooltip-Border" tile="false">
						<TileSize>
							<AbsValue val="16" />
						</TileSize>
						<EdgeSize>
							<AbsValue val="16" />
						</EdgeSize>
					</Backdrop>
					<Layers>
						<Layer level="ARTWORK">
							<FontString name="wowChessWhiteTitle" inherits="GameFontNormal" wraponspaces="false" justifyH="LEFT" text="White">
								<Anchors>
									<Anchor point="LEFT">
										<Offset>
											<AbsDimension x="37" y="0"/>
										</Offset>
									</Anchor>
								</Anchors>
							</FontString>
							<FontString name="wowChessBlackTitle" inherits="GameFontNormal" wraponspaces="false" justifyH="LEFT" text="Black">
								<Anchors>
									<Anchor point="RIGHT">
										<Offset>
											<AbsDimension x="-37" y="0"/>
										</Offset>
									</Anchor>
								</Anchors>
							</FontString>
						</Layer>
					</Layers>
				</Frame>
				
				<Frame name="wowChessMoveLog">
					<Size>
					    <AbsDimension x="178" y="322"/>
					</Size>

					<Anchors>
						<Anchor point="BOTTOM">
							<Offset>
								<AbsDimension x="0" y="5"/>
							</Offset>
						</Anchor>
					</Anchors>
				<Frames>
					<ScrollFrame name="$parentScrollBar" inherits="FauxScrollFrameTemplate" hidden="true">
						<Anchors>
							<Anchor point="TOPLEFT">
								<Offset>
									<AbsDimension x="0" y="0"/>
								</Offset>
							</Anchor>
							<Anchor point="BOTTOMRIGHT">
								<Offset>
									<AbsDimension x="-30" y="0"/>
								</Offset>
							</Anchor>
						</Anchors>
						<Scripts>
							<OnVerticalScroll>
								FauxScrollFrame_OnVerticalScroll(16, wowChessMoveLogScrollBar_Update);
							</OnVerticalScroll>
							<OnShow>
								wowChessMoveLogScrollBar_Update()
							</OnShow>
						</Scripts>
					</ScrollFrame>

					<Button name="wowChessMoveLogEntry1" inherits="wowChessMoveLogEntryTemplate">
						<Anchors>
							<Anchor point="TOPLEFT" relativeTo="$parent" relativePoint="TOPLEFT">
								<Offset>
									<AbsDimension x="8" y="0"/>
								</Offset>
							</Anchor>
						</Anchors>
					</Button>

					<Button name="wowChessMoveLogEntry2" inherits="wowChessMoveLogEntryTemplate">
						<Anchors>
							<Anchor point="TOPLEFT" relativeTo="wowChessMoveLogEntry1" relativePoint="BOTTOMLEFT"/>
						</Anchors>
					</Button>

					<Button name="wowChessMoveLogEntry3" inherits="wowChessMoveLogEntryTemplate">
						<Anchors>
							<Anchor point="TOPLEFT" relativeTo="wowChessMoveLogEntry2" relativePoint="BOTTOMLEFT"/>
						</Anchors>
					</Button>

					<Button name="wowChessMoveLogEntry4" inherits="wowChessMoveLogEntryTemplate">
						<Anchors>
							<Anchor point="TOPLEFT" relativeTo="wowChessMoveLogEntry3" relativePoint="BOTTOMLEFT"/>
						</Anchors>
					</Button>

					<Button name="wowChessMoveLogEntry5" inherits="wowChessMoveLogEntryTemplate">
						<Anchors>
							<Anchor point="TOPLEFT" relativeTo="wowChessMoveLogEntry4" relativePoint="BOTTOMLEFT"/>
						</Anchors>
					</Button>

					<Button name="wowChessMoveLogEntry6" inherits="wowChessMoveLogEntryTemplate">
						<Anchors>
							<Anchor point="TOPLEFT" relativeTo="wowChessMoveLogEntry5" relativePoint="BOTTOMLEFT"/>
						</Anchors>
					</Button>

					<Button name="wowChessMoveLogEntry7" inherits="wowChessMoveLogEntryTemplate">
						<Anchors>
							<Anchor point="TOPLEFT" relativeTo="wowChessMoveLogEntry6" relativePoint="BOTTOMLEFT"/>
						</Anchors>
					</Button>

					<Button name="wowChessMoveLogEntry8" inherits="wowChessMoveLogEntryTemplate">
						<Anchors>
							<Anchor point="TOPLEFT" relativeTo="wowChessMoveLogEntry7" relativePoint="BOTTOMLEFT"/>
						</Anchors>
					</Button>

					<Button name="wowChessMoveLogEntry9" inherits="wowChessMoveLogEntryTemplate">
						<Anchors>
							<Anchor point="TOPLEFT" relativeTo="wowChessMoveLogEntry8" relativePoint="BOTTOMLEFT"/>
						</Anchors>
					</Button>

					<Button name="wowChessMoveLogEntry10" inherits="wowChessMoveLogEntryTemplate">
						<Anchors>
							<Anchor point="TOPLEFT" relativeTo="wowChessMoveLogEntry9" relativePoint="BOTTOMLEFT"/>
						</Anchors>
					</Button>

					<Button name="wowChessMoveLogEntry11" inherits="wowChessMoveLogEntryTemplate">
						<Anchors>
							<Anchor point="TOPLEFT" relativeTo="wowChessMoveLogEntry10" relativePoint="BOTTOMLEFT"/>
						</Anchors>
					</Button>

					<Button name="wowChessMoveLogEntry12" inherits="wowChessMoveLogEntryTemplate">
						<Anchors>
							<Anchor point="TOPLEFT" relativeTo="wowChessMoveLogEntry11" relativePoint="BOTTOMLEFT"/>
						</Anchors>
					</Button>

					<Button name="wowChessMoveLogEntry13" inherits="wowChessMoveLogEntryTemplate">
						<Anchors>
							<Anchor point="TOPLEFT" relativeTo="wowChessMoveLogEntry12" relativePoint="BOTTOMLEFT"/>
						</Anchors>
					</Button>

					<Button name="wowChessMoveLogEntry14" inherits="wowChessMoveLogEntryTemplate">
						<Anchors>
							<Anchor point="TOPLEFT" relativeTo="wowChessMoveLogEntry13" relativePoint="BOTTOMLEFT"/>
						</Anchors>
					</Button>

					<Button name="wowChessMoveLogEntry15" inherits="wowChessMoveLogEntryTemplate">
						<Anchors>
							<Anchor point="TOPLEFT" relativeTo="wowChessMoveLogEntry14" relativePoint="BOTTOMLEFT"/>
						</Anchors>
					</Button>

					<Button name="wowChessMoveLogEntry16" inherits="wowChessMoveLogEntryTemplate">
						<Anchors>
							<Anchor point="TOPLEFT" relativeTo="wowChessMoveLogEntry15" relativePoint="BOTTOMLEFT"/>
						</Anchors>
					</Button>

					<Button name="wowChessMoveLogEntry17" inherits="wowChessMoveLogEntryTemplate">
						<Anchors>
							<Anchor point="TOPLEFT" relativeTo="wowChessMoveLogEntry16" relativePoint="BOTTOMLEFT"/>
						</Anchors>
					</Button>

					<Button name="wowChessMoveLogEntry18" inherits="wowChessMoveLogEntryTemplate">
						<Anchors>
							<Anchor point="TOPLEFT" relativeTo="wowChessMoveLogEntry17" relativePoint="BOTTOMLEFT"/>
						</Anchors>
					</Button>

					<Button name="wowChessMoveLogEntry19" inherits="wowChessMoveLogEntryTemplate">
						<Anchors>
							<Anchor point="TOPLEFT" relativeTo="wowChessMoveLogEntry18" relativePoint="BOTTOMLEFT"/>
						</Anchors>
					</Button>

					<Button name="wowChessMoveLogEntry20" inherits="wowChessMoveLogEntryTemplate">
						<Anchors>
							<Anchor point="TOPLEFT" relativeTo="wowChessMoveLogEntry19" relativePoint="BOTTOMLEFT"/>
						</Anchors>
					</Button>
				</Frames>
				<Scripts>
					<OnLoad>
					</OnLoad>
				</Scripts>
				</Frame>
			</Frames>
		</Frame>
	

		<Frame name="wowChessBoard">
			<Size>
			    <AbsDimension x="345" y="348"/>
			</Size>

			<Anchors>
			    <Anchor point="CENTER"/>
			</Anchors>

			<Scripts>
			      <OnLoad>
				--Draw row labels
				for i=1, 8 do
					local f = this:CreateFontString("RowLabel"..i,"ARTWORK");
					f:SetFontObject("GameFontNormal");
					f:SetPoint("TOPLEFT", this, "TOPLEFT", 5, -21-(40*(i-1)));
					f:SetText(9-i);
				end
				--Draw col labels 30, 6
				local cols = { "A", "B", "C", "D", "E", "F", "G", "H" };
				for i=1, 8 do
					local f = this:CreateFontString("ColLabel"..i,"ARTWORK");
					f:SetFontObject("GameFontNormal");
					f:SetPoint("BOTTOMLEFT", this, "BOTTOMLEFT", 31+(40*(i-1)), 6);
					f:SetText(cols[i]);
				end

				--Create chess spaces
				for i=1, 8 do
				      for j=1, 8 do
					      local id = 8*(j-1)+i;
					      local f = CreateFrame("Button", "ChessButton"..id, this, "wowChessBoardSquareTemplate");
					      local xoffset = 0;
					      local yoffset = 0;
					      if ((i == 9)) then 
						xoffset = -1; 
					      end
					      f:SetPoint("TOPLEFT", this, "TOPLEFT", 40*(i-1)+16+xoffset, -40*(j-1)-9+yoffset);
					      f:SetID(id);
				      end
				end
			    </OnLoad>
			</Scripts>

			<Frames>
				<Button name="PlayerBarToggleBlack" inherits="TogglePlayerBarsTemplate">
					<Anchors>
						<Anchor point="TOPLEFT">
							<Offset>
								<AbsDimension x="2" y="-7"/>
							</Offset>
						</Anchor>
					</Anchors>
				</Button>
			
				<Button name="PlayerBarToggleWhite" inherits="TogglePlayerBarsTemplate">
					<Anchors>
						<Anchor point="BOTTOMLEFT">
							<Offset>
								<AbsDimension x="2" y="18"/>
							</Offset>
						</Anchor>
					</Anchors>
				</Button>
			
				<Button name="MoveLogToggle">
					<Size>
					    <AbsDimension x="10" y="10"/>
					</Size>
					<Anchors>
						<Anchor point="LEFT">
							<Offset>
								<AbsDimension x="2" y="5"/>
							</Offset>
						</Anchor>
					</Anchors>
					<Layers>
					    <Layer level="ARTWORK">
						    <Texture name="$parentArrow" file="Interface\AddOns\wowChess\Images\wowChessArrowRight">
								<Size><AbsDimension x="16" y="16"/></Size>
								<Anchors>
									<Anchor point="LEFT"/>
								</Anchors>
						    </Texture>
					    </Layer>
					</Layers>
					<Scripts>
					    <OnClick>
						    wowChess_ToggleMoveLog();
					    </OnClick>
					</Scripts>	
				</Button>
			</Frames>

		</Frame>

		<Button name="$parentButtonClose" inherits="UIPanelCloseButton" text="Close">
			<Anchors>
				<Anchor point="TOPRIGHT">
					<Offset>
						<AbsDimension x="5" y="25"/>
					</Offset>
				</Anchor>
			</Anchors>
			<Scripts>
				<OnClick>
					wowChess_ToggleBoard()
				</OnClick>
			</Scripts>
		</Button>
		<Button name="$parentTitleBar" text="wowChess">
			<ButtonText name="$parentText"/>
			<NormalFont inherits="GameFontNormal"/>
			<Size>
				<AbsDimension x="348" y="23"/>
			</Size>
			<Anchors>
				<Anchor point="TOPLEFT">
					<Offset>
						<AbsDimension x="0" y="21"/>
					</Offset>
				</Anchor>
				<Anchor point="TOPRIGHT">
					<Offset>
						<AbsDimension x="0" y="21"/>
					</Offset>
				</Anchor>
			</Anchors>
			<Scripts>
				<OnMouseUp>
				 if ( wowChess.isMoving ) then
				  wowChess:StopMovingOrSizing();
				  wowChess.isMoving = false;
				 end
				</OnMouseUp>
				<OnMouseDown>
				 if ( ( ( not wowChess.isLocked ) or ( wowChess.isLocked == 0 ) ) and ( arg1 == "LeftButton" ) ) then
				  wowChess:StartMoving();
				  wowChess.isMoving = true;
				 end
				</OnMouseDown>
			</Scripts>
			<Layers>
				<Layer level="BACKGROUND">
					<Texture file="Interface\AddOns\wowChess\Images\wowChessTitleBar">
					<Size><AbsDimension x="512" y="64"/></Size>
					<Anchors>
						<Anchor point="TOP">
						<Offset><AbsDimension x="3" y="20"/></Offset>
						</Anchor>
					</Anchors>
					</Texture>
				</Layer>		
			</Layers>
		</Button>
		
		<Frame name="wowChessBarBlack" hidden="true">
			<Size>
				<AbsDimension x="338" y="65"/>
			</Size>
			<Anchors>
				<Anchor point="TOP">
					<Offset>
						<AbsDimension x="0" y="0"/>
					</Offset>
				</Anchor>
			</Anchors>
			<Frames>
				<Frame name="wowChessPlayerFrameBlack" inherits="wowChessPlayerBarTemplate">
					<Anchors>
						<Anchor point="LEFT">
							<Offset>
								<AbsDimension x="0" y="0"/>
							</Offset>
						</Anchor>
					</Anchors>		
				</Frame>

				<Frame name="wowChessJailBlack" inherits="wowChessJailTemplate">
					<Anchors>
						<Anchor point="RIGHT">
							<Offset>
								<AbsDimension x="0" y="0"/>
							</Offset>
						</Anchor>
					</Anchors>		
				</Frame>
			</Frames>
			<Layers>
				<Layer level="ARTWORK">
					<FontString name="wowChessBlackClock" inherits="GameFontNormal" wraponspaces="false" justifyH="RIGHT" text="0:00">
						<Anchors>
							<Anchor point="RIGHT">
								<Offset>
									<AbsDimension x="-208" y="-14"/>
								</Offset>
							</Anchor>
						</Anchors>
					</FontString>
				</Layer>
			</Layers>
		</Frame>

		<Frame name="wowChessBarWhite" hidden="true"> 
			<Size>
				<AbsDimension x="338" y="65"/>
			</Size>
			<Anchors>
				<Anchor point="BOTTOM">
					<Offset>
						<AbsDimension x="0" y="0"/>
					</Offset>
				</Anchor>
			</Anchors>
			<Frames>
				<Frame name="wowChessPlayerFrameWhite" inherits="wowChessPlayerBarTemplate">
					<Anchors>
						<Anchor point="LEFT">
							<Offset>
								<AbsDimension x="0" y="0"/>
							</Offset>
						</Anchor>
					</Anchors>		
				</Frame>

				<Frame name="wowChessJailWhite" inherits="wowChessJailTemplate">
					<Anchors>
						<Anchor point="RIGHT">
							<Offset>
								<AbsDimension x="0" y="0"/>
							</Offset>
						</Anchor>
					</Anchors>		
				</Frame>
			</Frames>
			<Layers>
				<Layer level="ARTWORK">
					<FontString name="wowChessWhiteClock" inherits="GameFontNormal" wraponspaces="false" justifyH="RIGHT" text="0:00">
						<Anchors>
							<Anchor point="RIGHT">
								<Offset>
									<AbsDimension x="-208" y="-14"/>
								</Offset>
							</Anchor>
						</Anchors>
					</FontString>
				</Layer>
			</Layers>
		</Frame>
	
	
    	</Frames>
    
    	<Scripts>
    		<OnLoad>
    			wowChess:SetClampedToScreen(true);
    			wowChess_OnLoad();
    		</OnLoad>
    		<OnEvent>
    			wowChess_OnEvent();
    		</OnEvent>
    		<OnUpdate>
    			wowChess_OnUpdate(arg1);
    		</OnUpdate>
    		<OnHide>
    			if ( this.isMoving ) then
    			this:StopMovingOrSizing();
    			this.isMoving = false;
    			end
    		</OnHide>
	</Scripts>
  </Frame>
 
</Ui>
