<Bindings>
	<Binding name="DAB_SPACE" header="DAB1" hidden="true">
	</Binding>
	<Binding name="DAB_1" header="DAB">
		if (keystate == "up") then
			DAB_KeybindingUp(1);
		else
			DAB_KeybindingDown(1);
		end
	</Binding>
	<Binding name="DAB_2">
		if (keystate == "up") then
			DAB_KeybindingUp(2);
		else
			DAB_KeybindingDown(2);
		end
	</Binding>
	<Binding name="DAB_3">
		if (keystate == "up") then
			DAB_KeybindingUp(3);
		else
			DAB_KeybindingDown(3);
		end
	</Binding>
	<Binding name="DAB_4">
		if (keystate == "up") then
			DAB_KeybindingUp(4);
		else
			DAB_KeybindingDown(4);
		end
	</Binding>
	<Binding name="DAB_5">
		if (keystate == "up") then
			DAB_KeybindingUp(5);
		else
			DAB_KeybindingDown(5);
		end
	</Binding>
	<Binding name="DAB_6">
		if (keystate == "up") then
			DAB_KeybindingUp(6);
		else
			DAB_KeybindingDown(6);
		end
	</Binding>
	<Binding name="DAB_7">
		if (keystate == "up") then
			DAB_KeybindingUp(7);
		else
			DAB_KeybindingDown(7);
		end
	</Binding>
	<Binding name="DAB_8">
		if (keystate == "up") then
			DAB_KeybindingUp(8);
		else
			DAB_KeybindingDown(8);
		end
	</Binding>
	<Binding name="DAB_9">
		if (keystate == "up") then
			DAB_KeybindingUp(9);
		else
			DAB_KeybindingDown(9);
		end
	</Binding>
	<Binding name="DAB_10">
		if (keystate == "up") then
			DAB_KeybindingUp(10);
		else
			DAB_KeybindingDown(10);
		end
	</Binding>
	<Binding name="DAB_11">
		if (keystate == "up") then
			DAB_KeybindingUp(11);
		else
			DAB_KeybindingDown(11);
		end
	</Binding>
	<Binding name="DAB_12">
		if (keystate == "up") then
			DAB_KeybindingUp(12);
		else
			DAB_KeybindingDown(12);
		end
	</Binding>
	<Binding name="DAB_13">
		if (keystate == "up") then
			DAB_KeybindingUp(13);
		else
			DAB_KeybindingDown(13);
		end
	</Binding>
	<Binding name="DAB_14">
		if (keystate == "up") then
			DAB_KeybindingUp(14);
		else
			DAB_KeybindingDown(14);
		end
	</Binding>
	<Binding name="DAB_15">
		if (keystate == "up") then
			DAB_KeybindingUp(15);
		else
			DAB_KeybindingDown(15);
		end
	</Binding>
	<Binding name="DAB_16">
		if (keystate == "up") then
			DAB_KeybindingUp(16);
		else
			DAB_KeybindingDown(16);
		end
	</Binding>
	<Binding name="DAB_17">
		if (keystate == "up") then
			DAB_KeybindingUp(17);
		else
			DAB_KeybindingDown(17);
		end
	</Binding>
	<Binding name="DAB_18">
		if (keystate == "up") then
			DAB_KeybindingUp(18);
		else
			DAB_KeybindingDown(18);
		end
	</Binding>
	<Binding name="DAB_19">
		if (keystate == "up") then
			DAB_KeybindingUp(19);
		else
			DAB_KeybindingDown(19);
		end
	</Binding>
	<Binding name="DAB_20">
		if (keystate == "up") then
			DAB_KeybindingUp(20);
		else
			DAB_KeybindingDown(20);
		end
	</Binding>
	<Binding name="DAB_21">
		if (keystate == "up") then
			DAB_KeybindingUp(21);
		else
			DAB_KeybindingDown(21);
		end
	</Binding>
	<Binding name="DAB_22">
		if (keystate == "up") then
			DAB_KeybindingUp(22);
		else
			DAB_KeybindingDown(22);
		end
	</Binding>
	<Binding name="DAB_23">
		if (keystate == "up") then
			DAB_KeybindingUp(23);
		else
			DAB_KeybindingDown(23);
		end
	</Binding>
	<Binding name="DAB_24">
		if (keystate == "up") then
			DAB_KeybindingUp(24);
		else
			DAB_KeybindingDown(24);
		end
	</Binding>
	<Binding name="DAB_25">
		if (keystate == "up") then
			DAB_KeybindingUp(25);
		else
			DAB_KeybindingDown(25);
		end
	</Binding>
	<Binding name="DAB_26">
		if (keystate == "up") then
			DAB_KeybindingUp(26);
		else
			DAB_KeybindingDown(26);
		end
	</Binding>
	<Binding name="DAB_27">
		if (keystate == "up") then
			DAB_KeybindingUp(27);
		else
			DAB_KeybindingDown(27);
		end
	</Binding>
	<Binding name="DAB_28">
		if (keystate == "up") then
			DAB_KeybindingUp(28);
		else
			DAB_KeybindingDown(28);
		end
	</Binding>
	<Binding name="DAB_29">
		if (keystate == "up") then
			DAB_KeybindingUp(29);
		else
			DAB_KeybindingDown(29);
		end
	</Binding>
	<Binding name="DAB_30">
		if (keystate == "up") then
			DAB_KeybindingUp(30);
		else
			DAB_KeybindingDown(30);
		end
	</Binding>
	<Binding name="DAB_31">
		if (keystate == "up") then
			DAB_KeybindingUp(31);
		else
			DAB_KeybindingDown(31);
		end
	</Binding>
	<Binding name="DAB_32">
		if (keystate == "up") then
			DAB_KeybindingUp(32);
		else
			DAB_KeybindingDown(32);
		end
	</Binding>
	<Binding name="DAB_33">
		if (keystate == "up") then
			DAB_KeybindingUp(33);
		else
			DAB_KeybindingDown(33);
		end
	</Binding>
	<Binding name="DAB_34">
		if (keystate == "up") then
			DAB_KeybindingUp(34);
		else
			DAB_KeybindingDown(34);
		end
	</Binding>
	<Binding name="DAB_35">
		if (keystate == "up") then
			DAB_KeybindingUp(35);
		else
			DAB_KeybindingDown(35);
		end
	</Binding>
	<Binding name="DAB_36">
		if (keystate == "up") then
			DAB_KeybindingUp(36);
		else
			DAB_KeybindingDown(36);
		end
	</Binding>
	<Binding name="DAB_37">
		if (keystate == "up") then
			DAB_KeybindingUp(37);
		else
			DAB_KeybindingDown(37);
		end
	</Binding>
	<Binding name="DAB_38">
		if (keystate == "up") then
			DAB_KeybindingUp(38);
		else
			DAB_KeybindingDown(38);
		end
	</Binding>
	<Binding name="DAB_39">
		if (keystate == "up") then
			DAB_KeybindingUp(39);
		else
			DAB_KeybindingDown(39);
		end
	</Binding>
	<Binding name="DAB_40">
		if (keystate == "up") then
			DAB_KeybindingUp(40);
		else
			DAB_KeybindingDown(40);
		end
	</Binding>
	<Binding name="DAB_41">
		if (keystate == "up") then
			DAB_KeybindingUp(41);
		else
			DAB_KeybindingDown(41);
		end
	</Binding>
	<Binding name="DAB_42">
		if (keystate == "up") then
			DAB_KeybindingUp(42);
		else
			DAB_KeybindingDown(42);
		end
	</Binding>
	<Binding name="DAB_43">
		if (keystate == "up") then
			DAB_KeybindingUp(43);
		else
			DAB_KeybindingDown(43);
		end
	</Binding>
	<Binding name="DAB_44">
		if (keystate == "up") then
			DAB_KeybindingUp(44);
		else
			DAB_KeybindingDown(44);
		end
	</Binding>
	<Binding name="DAB_45">
		if (keystate == "up") then
			DAB_KeybindingUp(45);
		else
			DAB_KeybindingDown(45);
		end
	</Binding>
	<Binding name="DAB_46">
		if (keystate == "up") then
			DAB_KeybindingUp(46);
		else
			DAB_KeybindingDown(46);
		end
	</Binding>
	<Binding name="DAB_47">
		if (keystate == "up") then
			DAB_KeybindingUp(47);
		else
			DAB_KeybindingDown(47);
		end
	</Binding>
	<Binding name="DAB_48">
		if (keystate == "up") then
			DAB_KeybindingUp(48);
		else
			DAB_KeybindingDown(48);
		end
	</Binding>
	<Binding name="DAB_49">
		if (keystate == "up") then
			DAB_KeybindingUp(49);
		else
			DAB_KeybindingDown(49);
		end
	</Binding>
	<Binding name="DAB_50">
		if (keystate == "up") then
			DAB_KeybindingUp(50);
		else
			DAB_KeybindingDown(50);
		end
	</Binding>
	<Binding name="DAB_51">
		if (keystate == "up") then
			DAB_KeybindingUp(51);
		else
			DAB_KeybindingDown(51);
		end
	</Binding>
	<Binding name="DAB_52">
		if (keystate == "up") then
			DAB_KeybindingUp(52);
		else
			DAB_KeybindingDown(52);
		end
	</Binding>
	<Binding name="DAB_53">
		if (keystate == "up") then
			DAB_KeybindingUp(53);
		else
			DAB_KeybindingDown(53);
		end
	</Binding>
	<Binding name="DAB_54">
		if (keystate == "up") then
			DAB_KeybindingUp(54);
		else
			DAB_KeybindingDown(54);
		end
	</Binding>
	<Binding name="DAB_55">
		if (keystate == "up") then
			DAB_KeybindingUp(55);
		else
			DAB_KeybindingDown(55);
		end
	</Binding>
	<Binding name="DAB_56">
		if (keystate == "up") then
			DAB_KeybindingUp(56);
		else
			DAB_KeybindingDown(56);
		end
	</Binding>
	<Binding name="DAB_57">
		if (keystate == "up") then
			DAB_KeybindingUp(57);
		else
			DAB_KeybindingDown(57);
		end
	</Binding>
	<Binding name="DAB_58">
		if (keystate == "up") then
			DAB_KeybindingUp(58);
		else
			DAB_KeybindingDown(58);
		end
	</Binding>
	<Binding name="DAB_59">
		if (keystate == "up") then
			DAB_KeybindingUp(59);
		else
			DAB_KeybindingDown(59);
		end
	</Binding>
	<Binding name="DAB_60">
		if (keystate == "up") then
			DAB_KeybindingUp(60);
		else
			DAB_KeybindingDown(60);
		end
	</Binding>
	<Binding name="DAB_61">
		if (keystate == "up") then
			DAB_KeybindingUp(61);
		else
			DAB_KeybindingDown(61);
		end
	</Binding>
	<Binding name="DAB_62">
		if (keystate == "up") then
			DAB_KeybindingUp(62);
		else
			DAB_KeybindingDown(62);
		end
	</Binding>
	<Binding name="DAB_63">
		if (keystate == "up") then
			DAB_KeybindingUp(63);
		else
			DAB_KeybindingDown(63);
		end
	</Binding>
	<Binding name="DAB_64">
		if (keystate == "up") then
			DAB_KeybindingUp(64);
		else
			DAB_KeybindingDown(64);
		end
	</Binding>
	<Binding name="DAB_65">
		if (keystate == "up") then
			DAB_KeybindingUp(65);
		else
			DAB_KeybindingDown(65);
		end
	</Binding>
	<Binding name="DAB_66">
		if (keystate == "up") then
			DAB_KeybindingUp(66);
		else
			DAB_KeybindingDown(66);
		end
	</Binding>
	<Binding name="DAB_67">
		if (keystate == "up") then
			DAB_KeybindingUp(67);
		else
			DAB_KeybindingDown(67);
		end
	</Binding>
	<Binding name="DAB_68">
		if (keystate == "up") then
			DAB_KeybindingUp(68);
		else
			DAB_KeybindingDown(68);
		end
	</Binding>
	<Binding name="DAB_69">
		if (keystate == "up") then
			DAB_KeybindingUp(69);
		else
			DAB_KeybindingDown(69);
		end
	</Binding>
	<Binding name="DAB_70">
		if (keystate == "up") then
			DAB_KeybindingUp(70);
		else
			DAB_KeybindingDown(70);
		end
	</Binding>
	<Binding name="DAB_71">
		if (keystate == "up") then
			DAB_KeybindingUp(71);
		else
			DAB_KeybindingDown(71);
		end
	</Binding>
	<Binding name="DAB_72">
		if (keystate == "up") then
			DAB_KeybindingUp(72);
		else
			DAB_KeybindingDown(72);
		end
	</Binding>
	<Binding name="DAB_73">
		if (keystate == "up") then
			DAB_KeybindingUp(73);
		else
			DAB_KeybindingDown(73);
		end
	</Binding>
	<Binding name="DAB_74">
		if (keystate == "up") then
			DAB_KeybindingUp(74);
		else
			DAB_KeybindingDown(74);
		end
	</Binding>
	<Binding name="DAB_75">
		if (keystate == "up") then
			DAB_KeybindingUp(75);
		else
			DAB_KeybindingDown(75);
		end
	</Binding>
	<Binding name="DAB_76">
		if (keystate == "up") then
			DAB_KeybindingUp(76);
		else
			DAB_KeybindingDown(76);
		end
	</Binding>
	<Binding name="DAB_77">
		if (keystate == "up") then
			DAB_KeybindingUp(77);
		else
			DAB_KeybindingDown(77);
		end
	</Binding>
	<Binding name="DAB_78">
		if (keystate == "up") then
			DAB_KeybindingUp(78);
		else
			DAB_KeybindingDown(78);
		end
	</Binding>
	<Binding name="DAB_79">
		if (keystate == "up") then
			DAB_KeybindingUp(79);
		else
			DAB_KeybindingDown(79);
		end
	</Binding>
	<Binding name="DAB_80">
		if (keystate == "up") then
			DAB_KeybindingUp(80);
		else
			DAB_KeybindingDown(80);
		end
	</Binding>
	<Binding name="DAB_81">
		if (keystate == "up") then
			DAB_KeybindingUp(81);
		else
			DAB_KeybindingDown(81);
		end
	</Binding>
	<Binding name="DAB_82">
		if (keystate == "up") then
			DAB_KeybindingUp(82);
		else
			DAB_KeybindingDown(82);
		end
	</Binding>
	<Binding name="DAB_83">
		if (keystate == "up") then
			DAB_KeybindingUp(83);
		else
			DAB_KeybindingDown(83);
		end
	</Binding>
	<Binding name="DAB_84">
		if (keystate == "up") then
			DAB_KeybindingUp(84);
		else
			DAB_KeybindingDown(84);
		end
	</Binding>
	<Binding name="DAB_85">
		if (keystate == "up") then
			DAB_KeybindingUp(85);
		else
			DAB_KeybindingDown(85);
		end
	</Binding>
	<Binding name="DAB_86">
		if (keystate == "up") then
			DAB_KeybindingUp(86);
		else
			DAB_KeybindingDown(86);
		end
	</Binding>
	<Binding name="DAB_87">
		if (keystate == "up") then
			DAB_KeybindingUp(87);
		else
			DAB_KeybindingDown(87);
		end
	</Binding>
	<Binding name="DAB_88">
		if (keystate == "up") then
			DAB_KeybindingUp(88);
		else
			DAB_KeybindingDown(88);
		end
	</Binding>
	<Binding name="DAB_89">
		if (keystate == "up") then
			DAB_KeybindingUp(89);
		else
			DAB_KeybindingDown(89);
		end
	</Binding>
	<Binding name="DAB_90">
		if (keystate == "up") then
			DAB_KeybindingUp(90);
		else
			DAB_KeybindingDown(90);
		end
	</Binding>
	<Binding name="DAB_91">
		if (keystate == "up") then
			DAB_KeybindingUp(91);
		else
			DAB_KeybindingDown(91);
		end
	</Binding>
	<Binding name="DAB_92">
		if (keystate == "up") then
			DAB_KeybindingUp(92);
		else
			DAB_KeybindingDown(92);
		end
	</Binding>
	<Binding name="DAB_93">
		if (keystate == "up") then
			DAB_KeybindingUp(93);
		else
			DAB_KeybindingDown(93);
		end
	</Binding>
	<Binding name="DAB_94">
		if (keystate == "up") then
			DAB_KeybindingUp(94);
		else
			DAB_KeybindingDown(94);
		end
	</Binding>
	<Binding name="DAB_95">
		if (keystate == "up") then
			DAB_KeybindingUp(95);
		else
			DAB_KeybindingDown(95);
		end
	</Binding>
	<Binding name="DAB_96">
		if (keystate == "up") then
			DAB_KeybindingUp(96);
		else
			DAB_KeybindingDown(96);
		end
	</Binding>
	<Binding name="DAB_97">
		if (keystate == "up") then
			DAB_KeybindingUp(97);
		else
			DAB_KeybindingDown(97);
		end
	</Binding>
	<Binding name="DAB_98">
		if (keystate == "up") then
			DAB_KeybindingUp(98);
		else
			DAB_KeybindingDown(98);
		end
	</Binding>
	<Binding name="DAB_99">
		if (keystate == "up") then
			DAB_KeybindingUp(99);
		else
			DAB_KeybindingDown(99);
		end
	</Binding>
	<Binding name="DAB_100">
		if (keystate == "up") then
			DAB_KeybindingUp(100);
		else
			DAB_KeybindingDown(100);
		end
	</Binding>
	<Binding name="DAB_101" runOnUp="true">
		if (keystate == "up") then
			DAB_KeybindingUp(101);
		else
			DAB_KeybindingDown(101);
		end
	</Binding>
	<Binding name="DAB_102" runOnUp="true">
		if (keystate == "up") then
			DAB_KeybindingUp(102);
		else
			DAB_KeybindingDown(102);
		end
	</Binding>
	<Binding name="DAB_103" runOnUp="true">
		if (keystate == "up") then
			DAB_KeybindingUp(103);
		else
			DAB_KeybindingDown(103);
		end
	</Binding>
	<Binding name="DAB_104" runOnUp="true">
		if (keystate == "up") then
			DAB_KeybindingUp(104);
		else
			DAB_KeybindingDown(104);
		end
	</Binding>
	<Binding name="DAB_105" runOnUp="true">
		if (keystate == "up") then
			DAB_KeybindingUp(105);
		else
			DAB_KeybindingDown(105);
		end
	</Binding>
	<Binding name="DAB_106" runOnUp="true">
		if (keystate == "up") then
			DAB_KeybindingUp(106);
		else
			DAB_KeybindingDown(106);
		end
	</Binding>
	<Binding name="DAB_107" runOnUp="true">
		if (keystate == "up") then
			DAB_KeybindingUp(107);
		else
			DAB_KeybindingDown(107);
		end
	</Binding>
	<Binding name="DAB_108" runOnUp="true">
		if (keystate == "up") then
			DAB_KeybindingUp(108);
		else
			DAB_KeybindingDown(108);
		end
	</Binding>
	<Binding name="DAB_109" runOnUp="true">
		if (keystate == "up") then
			DAB_KeybindingUp(109);
		else
			DAB_KeybindingDown(109);
		end
	</Binding>
	<Binding name="DAB_110" runOnUp="true">
		if (keystate == "up") then
			DAB_KeybindingUp(110);
		else
			DAB_KeybindingDown(110);
		end
	</Binding>
	<Binding name="DAB_111" runOnUp="true">
		if (keystate == "up") then
			DAB_KeybindingUp(111);
		else
			DAB_KeybindingDown(111);
		end
	</Binding>
	<Binding name="DAB_112" runOnUp="true">
		if (keystate == "up") then
			DAB_KeybindingUp(112);
		else
			DAB_KeybindingDown(112);
		end
	</Binding>
	<Binding name="DAB_113" runOnUp="true">
		if (keystate == "up") then
			DAB_KeybindingUp(113);
		else
			DAB_KeybindingDown(113);
		end
	</Binding>
	<Binding name="DAB_114" runOnUp="true">
		if (keystate == "up") then
			DAB_KeybindingUp(114);
		else
			DAB_KeybindingDown(114);
		end
	</Binding>
	<Binding name="DAB_115" runOnUp="true">
		if (keystate == "up") then
			DAB_KeybindingUp(115);
		else
			DAB_KeybindingDown(115);
		end
	</Binding>
	<Binding name="DAB_116" runOnUp="true">
		if (keystate == "up") then
			DAB_KeybindingUp(116);
		else
			DAB_KeybindingDown(116);
		end
	</Binding>
	<Binding name="DAB_117" runOnUp="true">
		if (keystate == "up") then
			DAB_KeybindingUp(117);
		else
			DAB_KeybindingDown(117);
		end
	</Binding>
	<Binding name="DAB_118" runOnUp="true">
		if (keystate == "up") then
			DAB_KeybindingUp(118);
		else
			DAB_KeybindingDown(118);
		end
	</Binding>
	<Binding name="DAB_119" runOnUp="true">
		if (keystate == "up") then
			DAB_KeybindingUp(119);
		else
			DAB_KeybindingDown(119);
		end
	</Binding>
	<Binding name="DAB_120" runOnUp="true">
		if (keystate == "up") then
			DAB_KeybindingUp(120);
		else
			DAB_KeybindingDown(120);
		end
	</Binding>

	<Binding name="DAB_OPTIONS" header="DAB2">
		DAB_Toggle_Options();
	</Binding>
	<Binding name="DAB_DRAGGING">
		DAB_Toggle_Dragging();
	</Binding>
	<Binding name="DAB_BUTTONIDS">
		DAB_Toggle_IDs();
	</Binding>
	<Binding name="DAB_BUTTONLOCK">
		DAB_Toggle_ButtonLock();
	</Binding>
</Bindings>