<Ui xmlns="http://www.blizzard.com/wow/ui/" xmlns:xsi="http://www.w3.org/2001/XMLSchema-instance" xsi:schemaLocation="http://www.blizzard.com/wow/ui/
..\FrameXML\UI.xsd">

<Script file="localization.lua"/>
<Script file="DAB_Default.lua"/>
<Script file="DAB_Custom.lua"/>
<Script file="DAB_Initialization.lua"/>
<Script file="DAB_Main.lua"/>
<Script file="DAB_ActionButton.lua"/>
<Script file="DAB_Bar.lua"/>
<Script file="DAB_OtherBar.lua"/>
<Script file="DAB_ControlBox.lua"/>
<Script file="DAB_Floater.lua"/>

</Ui>