<Ui xmlns="http://www.blizzard.com/wow/ui/"   xmlns:xsi="http://www.w3.org/2001/XMLSchema-instance"   xsi:schemaLocation="http://www.blizzard.com/wow/ui/">

<Frame name="DiscordActionBarsFrame" hidden="false" parent="UIParent">
	<Scripts>
		<OnLoad>
			DAB_Main_OnLoad();
		</OnLoad>
		<OnEvent>
			DAB_Main_OnEvent(event);
		</OnEvent>
		<OnUpdate>
			if (DiscordActionBarsFrame.updatenewactions or DiscordActionBarsFrame.updateactionlist) then
				DAB_Update_NewActions(arg1);
			end
		</OnUpdate>
	</Scripts>
</Frame>

<Frame name="DAB_EventMacroFrame" hidden="false" parent="UIParent">
	<Scripts>
		<OnEvent>
			DAB_EventMacro_OnEvent(event);
		</OnEvent>
		<OnUpdate>
			DAB_EventMacro_OnUpdate(arg1);
		</OnUpdate>
	</Scripts>
</Frame>

<Button name="DAB_XPBar" parent="UIParent" movable="true" frameStrata="MEDIUM">
	<Size><AbsDimension x="1024" y="13"/></Size>
	<Anchors>
		<Anchor point="BOTTOM">
			<Offset><AbsDimension x="0" y="53"/></Offset>
		</Anchor>
	</Anchors>
	<Layers>
		<Layer level="ARTWORK">
			<Texture name="$parent_1" file="Interface\MainMenuBar\UI-MainMenuBar-Dwarf">
				<Size><AbsDimension x="256" y="13"/></Size>
					<Anchors>
						<Anchor point="BOTTOM">
							<Offset><AbsDimension x="-384" y="0"/></Offset>
						</Anchor>
					</Anchors>
				<TexCoords left="0" right="1.0" top="0.79296875" bottom=".84"/>
			</Texture>
			<Texture name="$parent_2" file="Interface\MainMenuBar\UI-MainMenuBar-Dwarf">
				<Size><AbsDimension x="256" y="13"/></Size>
				<Anchors>
					<Anchor point="BOTTOM">
						<Offset><AbsDimension x="-128" y="0"/></Offset>
					</Anchor>
				</Anchors>
				<TexCoords left="0" right="1.0" top="0.54296875" bottom="0.59"/>
			</Texture>
			<Texture name="$parent_3" file="Interface\MainMenuBar\UI-MainMenuBar-Dwarf">
				<Size><AbsDimension x="256" y="13"/></Size>
				<Anchors>
					<Anchor point="BOTTOM">
						<Offset><AbsDimension x="128" y="0"/></Offset>
					</Anchor>
				</Anchors>
				<TexCoords left="0" right="1.0" top="0.29296875" bottom="0.34"/>
			</Texture>
			<Texture name="$parent_4" file="Interface\MainMenuBar\UI-MainMenuBar-Dwarf">
				<Size><AbsDimension x="256" y="13"/></Size>
				<Anchors>
					<Anchor point="BOTTOM">
						<Offset><AbsDimension x="384" y="0"/></Offset>
					</Anchor>
				</Anchors>
				<TexCoords left="0" right="1.0" top="0.04296875" bottom="0.089"/>
			</Texture>
		</Layer>
	</Layers>
	<Scripts>
		<OnLoad>
			this:EnableMouse(false);
			this:RegisterForDrag("LeftButton");
		</OnLoad>
		<OnDragStart>
			this:StartMoving();
		</OnDragStart>
		<OnDragStop>
			DAB_Update_Location(this, UIParent, "CENTER", "CENTER");
		</OnDragStop>
	</Scripts>
</Button>

<Button name="DAB_LatencyBar" parent="UIParent" movable="true" frameStrata="LOW">
	<Size><AbsDimension x="33" y="44"/></Size>
	<Anchors>
		<Anchor point="CENTER"/>
	</Anchors>
	<Layers>
		<Layer level="OVERLAY">
			<Texture name="$parent_1" file="Interface\MainMenuBar\UI-MainMenuBar-Dwarf">
				<Size><AbsDimension x="33" y="44"/></Size>
					<Anchors>
						<Anchor point="CENTER"/>
					</Anchors>
				<TexCoords left=".012" right=".12" top="0.08296875" bottom=".25"/>
			</Texture>
		</Layer>
	</Layers>
	<Scripts>
		<OnLoad>
			this:EnableMouse(false);
			this:RegisterForDrag("LeftButton");
		</OnLoad>
		<OnDragStart>
			this:StartMoving();
		</OnDragStart>
		<OnDragStop>
			DAB_Update_Location(this, UIParent, "CENTER", "CENTER");
		</OnDragStop>
	</Scripts>
</Button>

<Button name="DAB_KeyringBox" parent="UIParent" movable="true" frameStrata="MEDIUM">
	<Size><AbsDimension x="18" y="39"/></Size>
	<Anchors>
		<Anchor point="CENTER"/>
	</Anchors>
	<Scripts>
		<OnLoad>
			this:EnableMouse(false);
			this:RegisterForDrag("LeftButton");
		</OnLoad>
		<OnDragStart>
			this:StartMoving();
		</OnDragStart>
		<OnDragStop>
			DAB_Update_Location(this, UIParent, "CENTER", "CENTER");
		</OnDragStop>
	</Scripts>
</Button>

<Button name="DAB_ActionBar_1" inherits="DAB_ActionBarTemplate" parent="UIParent" id="1"/>
<Button name="DAB_ActionBar_2" inherits="DAB_ActionBarTemplate" parent="UIParent" id="2"/>
<Button name="DAB_ActionBar_3" inherits="DAB_ActionBarTemplate" parent="UIParent" id="3"/>
<Button name="DAB_ActionBar_4" inherits="DAB_ActionBarTemplate" parent="UIParent" id="4"/>
<Button name="DAB_ActionBar_5" inherits="DAB_ActionBarTemplate" parent="UIParent" id="5"/>
<Button name="DAB_ActionBar_6" inherits="DAB_ActionBarTemplate" parent="UIParent" id="6"/>
<Button name="DAB_ActionBar_7" inherits="DAB_ActionBarTemplate" parent="UIParent" id="7"/>
<Button name="DAB_ActionBar_8" inherits="DAB_ActionBarTemplate" parent="UIParent" id="8"/>
<Button name="DAB_ActionBar_9" inherits="DAB_ActionBarTemplate" parent="UIParent" id="9"/>
<Button name="DAB_ActionBar_10" inherits="DAB_ActionBarTemplate" parent="UIParent" id="10"/>

<Button name="DAB_OtherBar_Pet" inherits="DAB_OtherBarTemplate" parent="UIParent" id="11"/>
<Button name="DAB_OtherBar_Form" inherits="DAB_OtherBarTemplate" parent="UIParent" id="12"/>
<Button name="DAB_OtherBar_Bag" inherits="DAB_OtherBarTemplate" parent="UIParent" id="13"/>
<Button name="DAB_OtherBar_Menu" inherits="DAB_OtherBarTemplate" parent="UIParent" id="14"/>

<Button name="DAB_ControlBox_1" inherits="DAB_ControlBoxTemplate" parent="UIParent" id="1"/>
<Button name="DAB_ControlBox_2" inherits="DAB_ControlBoxTemplate" parent="UIParent" id="2"/>
<Button name="DAB_ControlBox_3" inherits="DAB_ControlBoxTemplate" parent="UIParent" id="3"/>
<Button name="DAB_ControlBox_4" inherits="DAB_ControlBoxTemplate" parent="UIParent" id="4"/>
<Button name="DAB_ControlBox_5" inherits="DAB_ControlBoxTemplate" parent="UIParent" id="5"/>
<Button name="DAB_ControlBox_6" inherits="DAB_ControlBoxTemplate" parent="UIParent" id="6"/>
<Button name="DAB_ControlBox_7" inherits="DAB_ControlBoxTemplate" parent="UIParent" id="7"/>
<Button name="DAB_ControlBox_8" inherits="DAB_ControlBoxTemplate" parent="UIParent" id="8"/>
<Button name="DAB_ControlBox_9" inherits="DAB_ControlBoxTemplate" parent="UIParent" id="9"/>
<Button name="DAB_ControlBox_10" inherits="DAB_ControlBoxTemplate" parent="UIParent" id="10"/>

<CheckButton name="DAB_ActionButton_1" inherits="DAB_ActionButtonTemplate" parent="UIParent" id="1"/>
<CheckButton name="DAB_ActionButton_2" inherits="DAB_ActionButtonTemplate" parent="UIParent" id="2"/>
<CheckButton name="DAB_ActionButton_3" inherits="DAB_ActionButtonTemplate" parent="UIParent" id="3"/>
<CheckButton name="DAB_ActionButton_4" inherits="DAB_ActionButtonTemplate" parent="UIParent" id="4"/>
<CheckButton name="DAB_ActionButton_5" inherits="DAB_ActionButtonTemplate" parent="UIParent" id="5"/>
<CheckButton name="DAB_ActionButton_6" inherits="DAB_ActionButtonTemplate" parent="UIParent" id="6"/>
<CheckButton name="DAB_ActionButton_7" inherits="DAB_ActionButtonTemplate" parent="UIParent" id="7"/>
<CheckButton name="DAB_ActionButton_8" inherits="DAB_ActionButtonTemplate" parent="UIParent" id="8"/>
<CheckButton name="DAB_ActionButton_9" inherits="DAB_ActionButtonTemplate" parent="UIParent" id="9"/>
<CheckButton name="DAB_ActionButton_10" inherits="DAB_ActionButtonTemplate" parent="UIParent" id="10"/>
<CheckButton name="DAB_ActionButton_11" inherits="DAB_ActionButtonTemplate" parent="UIParent" id="11"/>
<CheckButton name="DAB_ActionButton_12" inherits="DAB_ActionButtonTemplate" parent="UIParent" id="12"/>
<CheckButton name="DAB_ActionButton_13" inherits="DAB_ActionButtonTemplate" parent="UIParent" id="13"/>
<CheckButton name="DAB_ActionButton_14" inherits="DAB_ActionButtonTemplate" parent="UIParent" id="14"/>
<CheckButton name="DAB_ActionButton_15" inherits="DAB_ActionButtonTemplate" parent="UIParent" id="15"/>
<CheckButton name="DAB_ActionButton_16" inherits="DAB_ActionButtonTemplate" parent="UIParent" id="16"/>
<CheckButton name="DAB_ActionButton_17" inherits="DAB_ActionButtonTemplate" parent="UIParent" id="17"/>
<CheckButton name="DAB_ActionButton_18" inherits="DAB_ActionButtonTemplate" parent="UIParent" id="18"/>
<CheckButton name="DAB_ActionButton_19" inherits="DAB_ActionButtonTemplate" parent="UIParent" id="19"/>
<CheckButton name="DAB_ActionButton_20" inherits="DAB_ActionButtonTemplate" parent="UIParent" id="20"/>
<CheckButton name="DAB_ActionButton_21" inherits="DAB_ActionButtonTemplate" parent="UIParent" id="21"/>
<CheckButton name="DAB_ActionButton_22" inherits="DAB_ActionButtonTemplate" parent="UIParent" id="22"/>
<CheckButton name="DAB_ActionButton_23" inherits="DAB_ActionButtonTemplate" parent="UIParent" id="23"/>
<CheckButton name="DAB_ActionButton_24" inherits="DAB_ActionButtonTemplate" parent="UIParent" id="24"/>
<CheckButton name="DAB_ActionButton_25" inherits="DAB_ActionButtonTemplate" parent="UIParent" id="25"/>
<CheckButton name="DAB_ActionButton_26" inherits="DAB_ActionButtonTemplate" parent="UIParent" id="26"/>
<CheckButton name="DAB_ActionButton_27" inherits="DAB_ActionButtonTemplate" parent="UIParent" id="27"/>
<CheckButton name="DAB_ActionButton_28" inherits="DAB_ActionButtonTemplate" parent="UIParent" id="28"/>
<CheckButton name="DAB_ActionButton_29" inherits="DAB_ActionButtonTemplate" parent="UIParent" id="29"/>
<CheckButton name="DAB_ActionButton_30" inherits="DAB_ActionButtonTemplate" parent="UIParent" id="30"/>
<CheckButton name="DAB_ActionButton_31" inherits="DAB_ActionButtonTemplate" parent="UIParent" id="31"/>
<CheckButton name="DAB_ActionButton_32" inherits="DAB_ActionButtonTemplate" parent="UIParent" id="32"/>
<CheckButton name="DAB_ActionButton_33" inherits="DAB_ActionButtonTemplate" parent="UIParent" id="33"/>
<CheckButton name="DAB_ActionButton_34" inherits="DAB_ActionButtonTemplate" parent="UIParent" id="34"/>
<CheckButton name="DAB_ActionButton_35" inherits="DAB_ActionButtonTemplate" parent="UIParent" id="35"/>
<CheckButton name="DAB_ActionButton_36" inherits="DAB_ActionButtonTemplate" parent="UIParent" id="36"/>
<CheckButton name="DAB_ActionButton_37" inherits="DAB_ActionButtonTemplate" parent="UIParent" id="37"/>
<CheckButton name="DAB_ActionButton_38" inherits="DAB_ActionButtonTemplate" parent="UIParent" id="38"/>
<CheckButton name="DAB_ActionButton_39" inherits="DAB_ActionButtonTemplate" parent="UIParent" id="39"/>
<CheckButton name="DAB_ActionButton_40" inherits="DAB_ActionButtonTemplate" parent="UIParent" id="40"/>
<CheckButton name="DAB_ActionButton_41" inherits="DAB_ActionButtonTemplate" parent="UIParent" id="41"/>
<CheckButton name="DAB_ActionButton_42" inherits="DAB_ActionButtonTemplate" parent="UIParent" id="42"/>
<CheckButton name="DAB_ActionButton_43" inherits="DAB_ActionButtonTemplate" parent="UIParent" id="43"/>
<CheckButton name="DAB_ActionButton_44" inherits="DAB_ActionButtonTemplate" parent="UIParent" id="44"/>
<CheckButton name="DAB_ActionButton_45" inherits="DAB_ActionButtonTemplate" parent="UIParent" id="45"/>
<CheckButton name="DAB_ActionButton_46" inherits="DAB_ActionButtonTemplate" parent="UIParent" id="46"/>
<CheckButton name="DAB_ActionButton_47" inherits="DAB_ActionButtonTemplate" parent="UIParent" id="47"/>
<CheckButton name="DAB_ActionButton_48" inherits="DAB_ActionButtonTemplate" parent="UIParent" id="48"/>
<CheckButton name="DAB_ActionButton_49" inherits="DAB_ActionButtonTemplate" parent="UIParent" id="49"/>
<CheckButton name="DAB_ActionButton_50" inherits="DAB_ActionButtonTemplate" parent="UIParent" id="50"/>
<CheckButton name="DAB_ActionButton_51" inherits="DAB_ActionButtonTemplate" parent="UIParent" id="51"/>
<CheckButton name="DAB_ActionButton_52" inherits="DAB_ActionButtonTemplate" parent="UIParent" id="52"/>
<CheckButton name="DAB_ActionButton_53" inherits="DAB_ActionButtonTemplate" parent="UIParent" id="53"/>
<CheckButton name="DAB_ActionButton_54" inherits="DAB_ActionButtonTemplate" parent="UIParent" id="54"/>
<CheckButton name="DAB_ActionButton_55" inherits="DAB_ActionButtonTemplate" parent="UIParent" id="55"/>
<CheckButton name="DAB_ActionButton_56" inherits="DAB_ActionButtonTemplate" parent="UIParent" id="56"/>
<CheckButton name="DAB_ActionButton_57" inherits="DAB_ActionButtonTemplate" parent="UIParent" id="57"/>
<CheckButton name="DAB_ActionButton_58" inherits="DAB_ActionButtonTemplate" parent="UIParent" id="58"/>
<CheckButton name="DAB_ActionButton_59" inherits="DAB_ActionButtonTemplate" parent="UIParent" id="59"/>
<CheckButton name="DAB_ActionButton_60" inherits="DAB_ActionButtonTemplate" parent="UIParent" id="60"/>
<CheckButton name="DAB_ActionButton_61" inherits="DAB_ActionButtonTemplate" parent="UIParent" id="61"/>
<CheckButton name="DAB_ActionButton_62" inherits="DAB_ActionButtonTemplate" parent="UIParent" id="62"/>
<CheckButton name="DAB_ActionButton_63" inherits="DAB_ActionButtonTemplate" parent="UIParent" id="63"/>
<CheckButton name="DAB_ActionButton_64" inherits="DAB_ActionButtonTemplate" parent="UIParent" id="64"/>
<CheckButton name="DAB_ActionButton_65" inherits="DAB_ActionButtonTemplate" parent="UIParent" id="65"/>
<CheckButton name="DAB_ActionButton_66" inherits="DAB_ActionButtonTemplate" parent="UIParent" id="66"/>
<CheckButton name="DAB_ActionButton_67" inherits="DAB_ActionButtonTemplate" parent="UIParent" id="67"/>
<CheckButton name="DAB_ActionButton_68" inherits="DAB_ActionButtonTemplate" parent="UIParent" id="68"/>
<CheckButton name="DAB_ActionButton_69" inherits="DAB_ActionButtonTemplate" parent="UIParent" id="69"/>
<CheckButton name="DAB_ActionButton_70" inherits="DAB_ActionButtonTemplate" parent="UIParent" id="70"/>
<CheckButton name="DAB_ActionButton_71" inherits="DAB_ActionButtonTemplate" parent="UIParent" id="71"/>
<CheckButton name="DAB_ActionButton_72" inherits="DAB_ActionButtonTemplate" parent="UIParent" id="72"/>
<CheckButton name="DAB_ActionButton_73" inherits="DAB_ActionButtonTemplate" parent="UIParent" id="73"/>
<CheckButton name="DAB_ActionButton_74" inherits="DAB_ActionButtonTemplate" parent="UIParent" id="74"/>
<CheckButton name="DAB_ActionButton_75" inherits="DAB_ActionButtonTemplate" parent="UIParent" id="75"/>
<CheckButton name="DAB_ActionButton_76" inherits="DAB_ActionButtonTemplate" parent="UIParent" id="76"/>
<CheckButton name="DAB_ActionButton_77" inherits="DAB_ActionButtonTemplate" parent="UIParent" id="77"/>
<CheckButton name="DAB_ActionButton_78" inherits="DAB_ActionButtonTemplate" parent="UIParent" id="78"/>
<CheckButton name="DAB_ActionButton_79" inherits="DAB_ActionButtonTemplate" parent="UIParent" id="79"/>
<CheckButton name="DAB_ActionButton_80" inherits="DAB_ActionButtonTemplate" parent="UIParent" id="80"/>
<CheckButton name="DAB_ActionButton_81" inherits="DAB_ActionButtonTemplate" parent="UIParent" id="81"/>
<CheckButton name="DAB_ActionButton_82" inherits="DAB_ActionButtonTemplate" parent="UIParent" id="82"/>
<CheckButton name="DAB_ActionButton_83" inherits="DAB_ActionButtonTemplate" parent="UIParent" id="83"/>
<CheckButton name="DAB_ActionButton_84" inherits="DAB_ActionButtonTemplate" parent="UIParent" id="84"/>
<CheckButton name="DAB_ActionButton_85" inherits="DAB_ActionButtonTemplate" parent="UIParent" id="85"/>
<CheckButton name="DAB_ActionButton_86" inherits="DAB_ActionButtonTemplate" parent="UIParent" id="86"/>
<CheckButton name="DAB_ActionButton_87" inherits="DAB_ActionButtonTemplate" parent="UIParent" id="87"/>
<CheckButton name="DAB_ActionButton_88" inherits="DAB_ActionButtonTemplate" parent="UIParent" id="88"/>
<CheckButton name="DAB_ActionButton_89" inherits="DAB_ActionButtonTemplate" parent="UIParent" id="89"/>
<CheckButton name="DAB_ActionButton_90" inherits="DAB_ActionButtonTemplate" parent="UIParent" id="90"/>
<CheckButton name="DAB_ActionButton_91" inherits="DAB_ActionButtonTemplate" parent="UIParent" id="91"/>
<CheckButton name="DAB_ActionButton_92" inherits="DAB_ActionButtonTemplate" parent="UIParent" id="92"/>
<CheckButton name="DAB_ActionButton_93" inherits="DAB_ActionButtonTemplate" parent="UIParent" id="93"/>
<CheckButton name="DAB_ActionButton_94" inherits="DAB_ActionButtonTemplate" parent="UIParent" id="94"/>
<CheckButton name="DAB_ActionButton_95" inherits="DAB_ActionButtonTemplate" parent="UIParent" id="95"/>
<CheckButton name="DAB_ActionButton_96" inherits="DAB_ActionButtonTemplate" parent="UIParent" id="96"/>
<CheckButton name="DAB_ActionButton_97" inherits="DAB_ActionButtonTemplate" parent="UIParent" id="97"/>
<CheckButton name="DAB_ActionButton_98" inherits="DAB_ActionButtonTemplate" parent="UIParent" id="98"/>
<CheckButton name="DAB_ActionButton_99" inherits="DAB_ActionButtonTemplate" parent="UIParent" id="99"/>
<CheckButton name="DAB_ActionButton_100" inherits="DAB_ActionButtonTemplate" parent="UIParent" id="100"/>
<CheckButton name="DAB_ActionButton_101" inherits="DAB_ActionButtonTemplate" parent="UIParent" id="101"/>
<CheckButton name="DAB_ActionButton_102" inherits="DAB_ActionButtonTemplate" parent="UIParent" id="102"/>
<CheckButton name="DAB_ActionButton_103" inherits="DAB_ActionButtonTemplate" parent="UIParent" id="103"/>
<CheckButton name="DAB_ActionButton_104" inherits="DAB_ActionButtonTemplate" parent="UIParent" id="104"/>
<CheckButton name="DAB_ActionButton_105" inherits="DAB_ActionButtonTemplate" parent="UIParent" id="105"/>
<CheckButton name="DAB_ActionButton_106" inherits="DAB_ActionButtonTemplate" parent="UIParent" id="106"/>
<CheckButton name="DAB_ActionButton_107" inherits="DAB_ActionButtonTemplate" parent="UIParent" id="107"/>
<CheckButton name="DAB_ActionButton_108" inherits="DAB_ActionButtonTemplate" parent="UIParent" id="108"/>
<CheckButton name="DAB_ActionButton_109" inherits="DAB_ActionButtonTemplate" parent="UIParent" id="109"/>
<CheckButton name="DAB_ActionButton_110" inherits="DAB_ActionButtonTemplate" parent="UIParent" id="110"/>
<CheckButton name="DAB_ActionButton_111" inherits="DAB_ActionButtonTemplate" parent="UIParent" id="111"/>
<CheckButton name="DAB_ActionButton_112" inherits="DAB_ActionButtonTemplate" parent="UIParent" id="112"/>
<CheckButton name="DAB_ActionButton_113" inherits="DAB_ActionButtonTemplate" parent="UIParent" id="113"/>
<CheckButton name="DAB_ActionButton_114" inherits="DAB_ActionButtonTemplate" parent="UIParent" id="114"/>
<CheckButton name="DAB_ActionButton_115" inherits="DAB_ActionButtonTemplate" parent="UIParent" id="115"/>
<CheckButton name="DAB_ActionButton_116" inherits="DAB_ActionButtonTemplate" parent="UIParent" id="116"/>
<CheckButton name="DAB_ActionButton_117" inherits="DAB_ActionButtonTemplate" parent="UIParent" id="117"/>
<CheckButton name="DAB_ActionButton_118" inherits="DAB_ActionButtonTemplate" parent="UIParent" id="118"/>
<CheckButton name="DAB_ActionButton_119" inherits="DAB_ActionButtonTemplate" parent="UIParent" id="119"/>
<CheckButton name="DAB_ActionButton_120" inherits="DAB_ActionButtonTemplate" parent="UIParent" id="120"/>

<Frame name="DAB_FloaterBox_1" inherits="DAB_FloaterBoxTemplate" parent="UIParent"/>
<Frame name="DAB_FloaterBox_2" inherits="DAB_FloaterBoxTemplate" parent="UIParent"/>
<Frame name="DAB_FloaterBox_3" inherits="DAB_FloaterBoxTemplate" parent="UIParent"/>
<Frame name="DAB_FloaterBox_4" inherits="DAB_FloaterBoxTemplate" parent="UIParent"/>
<Frame name="DAB_FloaterBox_5" inherits="DAB_FloaterBoxTemplate" parent="UIParent"/>
<Frame name="DAB_FloaterBox_6" inherits="DAB_FloaterBoxTemplate" parent="UIParent"/>
<Frame name="DAB_FloaterBox_7" inherits="DAB_FloaterBoxTemplate" parent="UIParent"/>
<Frame name="DAB_FloaterBox_8" inherits="DAB_FloaterBoxTemplate" parent="UIParent"/>
<Frame name="DAB_FloaterBox_9" inherits="DAB_FloaterBoxTemplate" parent="UIParent"/>
<Frame name="DAB_FloaterBox_10" inherits="DAB_FloaterBoxTemplate" parent="UIParent"/>
<Frame name="DAB_FloaterBox_11" inherits="DAB_FloaterBoxTemplate" parent="UIParent"/>
<Frame name="DAB_FloaterBox_12" inherits="DAB_FloaterBoxTemplate" parent="UIParent"/>
<Frame name="DAB_FloaterBox_13" inherits="DAB_FloaterBoxTemplate" parent="UIParent"/>
<Frame name="DAB_FloaterBox_14" inherits="DAB_FloaterBoxTemplate" parent="UIParent"/>
<Frame name="DAB_FloaterBox_15" inherits="DAB_FloaterBoxTemplate" parent="UIParent"/>
<Frame name="DAB_FloaterBox_16" inherits="DAB_FloaterBoxTemplate" parent="UIParent"/>
<Frame name="DAB_FloaterBox_17" inherits="DAB_FloaterBoxTemplate" parent="UIParent"/>
<Frame name="DAB_FloaterBox_18" inherits="DAB_FloaterBoxTemplate" parent="UIParent"/>
<Frame name="DAB_FloaterBox_19" inherits="DAB_FloaterBoxTemplate" parent="UIParent"/>
<Frame name="DAB_FloaterBox_20" inherits="DAB_FloaterBoxTemplate" parent="UIParent"/>
<Frame name="DAB_FloaterBox_21" inherits="DAB_FloaterBoxTemplate" parent="UIParent"/>
<Frame name="DAB_FloaterBox_22" inherits="DAB_FloaterBoxTemplate" parent="UIParent"/>
<Frame name="DAB_FloaterBox_23" inherits="DAB_FloaterBoxTemplate" parent="UIParent"/>
<Frame name="DAB_FloaterBox_24" inherits="DAB_FloaterBoxTemplate" parent="UIParent"/>
<Frame name="DAB_FloaterBox_25" inherits="DAB_FloaterBoxTemplate" parent="UIParent"/>
<Frame name="DAB_FloaterBox_26" inherits="DAB_FloaterBoxTemplate" parent="UIParent"/>
<Frame name="DAB_FloaterBox_27" inherits="DAB_FloaterBoxTemplate" parent="UIParent"/>
<Frame name="DAB_FloaterBox_28" inherits="DAB_FloaterBoxTemplate" parent="UIParent"/>
<Frame name="DAB_FloaterBox_29" inherits="DAB_FloaterBoxTemplate" parent="UIParent"/>
<Frame name="DAB_FloaterBox_30" inherits="DAB_FloaterBoxTemplate" parent="UIParent"/>
<Frame name="DAB_FloaterBox_31" inherits="DAB_FloaterBoxTemplate" parent="UIParent"/>
<Frame name="DAB_FloaterBox_32" inherits="DAB_FloaterBoxTemplate" parent="UIParent"/>
<Frame name="DAB_FloaterBox_33" inherits="DAB_FloaterBoxTemplate" parent="UIParent"/>
<Frame name="DAB_FloaterBox_34" inherits="DAB_FloaterBoxTemplate" parent="UIParent"/>
<Frame name="DAB_FloaterBox_35" inherits="DAB_FloaterBoxTemplate" parent="UIParent"/>
<Frame name="DAB_FloaterBox_36" inherits="DAB_FloaterBoxTemplate" parent="UIParent"/>
<Frame name="DAB_FloaterBox_37" inherits="DAB_FloaterBoxTemplate" parent="UIParent"/>
<Frame name="DAB_FloaterBox_38" inherits="DAB_FloaterBoxTemplate" parent="UIParent"/>
<Frame name="DAB_FloaterBox_39" inherits="DAB_FloaterBoxTemplate" parent="UIParent"/>
<Frame name="DAB_FloaterBox_40" inherits="DAB_FloaterBoxTemplate" parent="UIParent"/>
<Frame name="DAB_FloaterBox_41" inherits="DAB_FloaterBoxTemplate" parent="UIParent"/>
<Frame name="DAB_FloaterBox_42" inherits="DAB_FloaterBoxTemplate" parent="UIParent"/>
<Frame name="DAB_FloaterBox_43" inherits="DAB_FloaterBoxTemplate" parent="UIParent"/>
<Frame name="DAB_FloaterBox_44" inherits="DAB_FloaterBoxTemplate" parent="UIParent"/>
<Frame name="DAB_FloaterBox_45" inherits="DAB_FloaterBoxTemplate" parent="UIParent"/>
<Frame name="DAB_FloaterBox_46" inherits="DAB_FloaterBoxTemplate" parent="UIParent"/>
<Frame name="DAB_FloaterBox_47" inherits="DAB_FloaterBoxTemplate" parent="UIParent"/>
<Frame name="DAB_FloaterBox_48" inherits="DAB_FloaterBoxTemplate" parent="UIParent"/>
<Frame name="DAB_FloaterBox_49" inherits="DAB_FloaterBoxTemplate" parent="UIParent"/>
<Frame name="DAB_FloaterBox_50" inherits="DAB_FloaterBoxTemplate" parent="UIParent"/>
<Frame name="DAB_FloaterBox_51" inherits="DAB_FloaterBoxTemplate" parent="UIParent"/>
<Frame name="DAB_FloaterBox_52" inherits="DAB_FloaterBoxTemplate" parent="UIParent"/>
<Frame name="DAB_FloaterBox_53" inherits="DAB_FloaterBoxTemplate" parent="UIParent"/>
<Frame name="DAB_FloaterBox_54" inherits="DAB_FloaterBoxTemplate" parent="UIParent"/>
<Frame name="DAB_FloaterBox_55" inherits="DAB_FloaterBoxTemplate" parent="UIParent"/>
<Frame name="DAB_FloaterBox_56" inherits="DAB_FloaterBoxTemplate" parent="UIParent"/>
<Frame name="DAB_FloaterBox_57" inherits="DAB_FloaterBoxTemplate" parent="UIParent"/>
<Frame name="DAB_FloaterBox_58" inherits="DAB_FloaterBoxTemplate" parent="UIParent"/>
<Frame name="DAB_FloaterBox_59" inherits="DAB_FloaterBoxTemplate" parent="UIParent"/>
<Frame name="DAB_FloaterBox_60" inherits="DAB_FloaterBoxTemplate" parent="UIParent"/>
<Frame name="DAB_FloaterBox_61" inherits="DAB_FloaterBoxTemplate" parent="UIParent"/>
<Frame name="DAB_FloaterBox_62" inherits="DAB_FloaterBoxTemplate" parent="UIParent"/>
<Frame name="DAB_FloaterBox_63" inherits="DAB_FloaterBoxTemplate" parent="UIParent"/>
<Frame name="DAB_FloaterBox_64" inherits="DAB_FloaterBoxTemplate" parent="UIParent"/>
<Frame name="DAB_FloaterBox_65" inherits="DAB_FloaterBoxTemplate" parent="UIParent"/>
<Frame name="DAB_FloaterBox_66" inherits="DAB_FloaterBoxTemplate" parent="UIParent"/>
<Frame name="DAB_FloaterBox_67" inherits="DAB_FloaterBoxTemplate" parent="UIParent"/>
<Frame name="DAB_FloaterBox_68" inherits="DAB_FloaterBoxTemplate" parent="UIParent"/>
<Frame name="DAB_FloaterBox_69" inherits="DAB_FloaterBoxTemplate" parent="UIParent"/>
<Frame name="DAB_FloaterBox_70" inherits="DAB_FloaterBoxTemplate" parent="UIParent"/>
<Frame name="DAB_FloaterBox_71" inherits="DAB_FloaterBoxTemplate" parent="UIParent"/>
<Frame name="DAB_FloaterBox_72" inherits="DAB_FloaterBoxTemplate" parent="UIParent"/>
<Frame name="DAB_FloaterBox_73" inherits="DAB_FloaterBoxTemplate" parent="UIParent"/>
<Frame name="DAB_FloaterBox_74" inherits="DAB_FloaterBoxTemplate" parent="UIParent"/>
<Frame name="DAB_FloaterBox_75" inherits="DAB_FloaterBoxTemplate" parent="UIParent"/>
<Frame name="DAB_FloaterBox_76" inherits="DAB_FloaterBoxTemplate" parent="UIParent"/>
<Frame name="DAB_FloaterBox_77" inherits="DAB_FloaterBoxTemplate" parent="UIParent"/>
<Frame name="DAB_FloaterBox_78" inherits="DAB_FloaterBoxTemplate" parent="UIParent"/>
<Frame name="DAB_FloaterBox_79" inherits="DAB_FloaterBoxTemplate" parent="UIParent"/>
<Frame name="DAB_FloaterBox_80" inherits="DAB_FloaterBoxTemplate" parent="UIParent"/>
<Frame name="DAB_FloaterBox_81" inherits="DAB_FloaterBoxTemplate" parent="UIParent"/>
<Frame name="DAB_FloaterBox_82" inherits="DAB_FloaterBoxTemplate" parent="UIParent"/>
<Frame name="DAB_FloaterBox_83" inherits="DAB_FloaterBoxTemplate" parent="UIParent"/>
<Frame name="DAB_FloaterBox_84" inherits="DAB_FloaterBoxTemplate" parent="UIParent"/>
<Frame name="DAB_FloaterBox_85" inherits="DAB_FloaterBoxTemplate" parent="UIParent"/>
<Frame name="DAB_FloaterBox_86" inherits="DAB_FloaterBoxTemplate" parent="UIParent"/>
<Frame name="DAB_FloaterBox_87" inherits="DAB_FloaterBoxTemplate" parent="UIParent"/>
<Frame name="DAB_FloaterBox_88" inherits="DAB_FloaterBoxTemplate" parent="UIParent"/>
<Frame name="DAB_FloaterBox_89" inherits="DAB_FloaterBoxTemplate" parent="UIParent"/>
<Frame name="DAB_FloaterBox_90" inherits="DAB_FloaterBoxTemplate" parent="UIParent"/>
<Frame name="DAB_FloaterBox_91" inherits="DAB_FloaterBoxTemplate" parent="UIParent"/>
<Frame name="DAB_FloaterBox_92" inherits="DAB_FloaterBoxTemplate" parent="UIParent"/>
<Frame name="DAB_FloaterBox_93" inherits="DAB_FloaterBoxTemplate" parent="UIParent"/>
<Frame name="DAB_FloaterBox_94" inherits="DAB_FloaterBoxTemplate" parent="UIParent"/>
<Frame name="DAB_FloaterBox_95" inherits="DAB_FloaterBoxTemplate" parent="UIParent"/>
<Frame name="DAB_FloaterBox_96" inherits="DAB_FloaterBoxTemplate" parent="UIParent"/>
<Frame name="DAB_FloaterBox_97" inherits="DAB_FloaterBoxTemplate" parent="UIParent"/>
<Frame name="DAB_FloaterBox_98" inherits="DAB_FloaterBoxTemplate" parent="UIParent"/>
<Frame name="DAB_FloaterBox_99" inherits="DAB_FloaterBoxTemplate" parent="UIParent"/>
<Frame name="DAB_FloaterBox_100" inherits="DAB_FloaterBoxTemplate" parent="UIParent"/>
<Frame name="DAB_FloaterBox_101" inherits="DAB_FloaterBoxTemplate" parent="UIParent"/>
<Frame name="DAB_FloaterBox_102" inherits="DAB_FloaterBoxTemplate" parent="UIParent"/>
<Frame name="DAB_FloaterBox_103" inherits="DAB_FloaterBoxTemplate" parent="UIParent"/>
<Frame name="DAB_FloaterBox_104" inherits="DAB_FloaterBoxTemplate" parent="UIParent"/>
<Frame name="DAB_FloaterBox_105" inherits="DAB_FloaterBoxTemplate" parent="UIParent"/>
<Frame name="DAB_FloaterBox_106" inherits="DAB_FloaterBoxTemplate" parent="UIParent"/>
<Frame name="DAB_FloaterBox_107" inherits="DAB_FloaterBoxTemplate" parent="UIParent"/>
<Frame name="DAB_FloaterBox_108" inherits="DAB_FloaterBoxTemplate" parent="UIParent"/>
<Frame name="DAB_FloaterBox_109" inherits="DAB_FloaterBoxTemplate" parent="UIParent"/>
<Frame name="DAB_FloaterBox_110" inherits="DAB_FloaterBoxTemplate" parent="UIParent"/>
<Frame name="DAB_FloaterBox_111" inherits="DAB_FloaterBoxTemplate" parent="UIParent"/>
<Frame name="DAB_FloaterBox_112" inherits="DAB_FloaterBoxTemplate" parent="UIParent"/>
<Frame name="DAB_FloaterBox_113" inherits="DAB_FloaterBoxTemplate" parent="UIParent"/>
<Frame name="DAB_FloaterBox_114" inherits="DAB_FloaterBoxTemplate" parent="UIParent"/>
<Frame name="DAB_FloaterBox_115" inherits="DAB_FloaterBoxTemplate" parent="UIParent"/>
<Frame name="DAB_FloaterBox_116" inherits="DAB_FloaterBoxTemplate" parent="UIParent"/>
<Frame name="DAB_FloaterBox_117" inherits="DAB_FloaterBoxTemplate" parent="UIParent"/>
<Frame name="DAB_FloaterBox_118" inherits="DAB_FloaterBoxTemplate" parent="UIParent"/>
<Frame name="DAB_FloaterBox_119" inherits="DAB_FloaterBoxTemplate" parent="UIParent"/>
<Frame name="DAB_FloaterBox_120" inherits="DAB_FloaterBoxTemplate" parent="UIParent"/>

<Frame name="DAB_CooldownCountTemplate" hidden="false" virtual="true">
	<Size><AbsDimension x="30" y="30"/></Size>
	<Anchors>
		<Anchor point="CENTER"/>
	</Anchors>
	<Layers>
		<Layer level="OVERLAY">
			<FontString name="$parent_Text" inherits="NumberFontNormal" justifyH="CENTER">
				<Size><AbsDimension x="30" y="30"/></Size>
				<Anchors>
					<Anchor point="CENTER"/>
				</Anchors>
				<Color r="1" g="1" b="0"/>
			</FontString>
		</Layer>
	</Layers>
	<Scripts>
		<OnUpdate>
			DAB_BonusCooldown_OnUpdate(arg1);
		</OnUpdate>
	</Scripts>
</Frame>

<Frame name="DAB_PetCooldownCountTemplate" inherits="DAB_CooldownCountTemplate" virtual="true">
	<Scripts>
		<OnLoad>
			this:RegisterEvent("PET_BAR_UPDATE_COOLDOWN");
		</OnLoad>
		<OnEvent>
			DAB_PetCooldown_OnEvent();
		</OnEvent>
	</Scripts>
</Frame>

<Frame name="DAB_ShapeshiftCooldownCountTemplate" inherits="DAB_CooldownCountTemplate" virtual="true">
	<Scripts>
		<OnLoad>
			this:RegisterEvent("SPELL_UPDATE_COOLDOWN");
		</OnLoad>
		<OnEvent>
			DAB_ShapeshiftCooldown_OnEvent();
		</OnEvent>
	</Scripts>
</Frame>

<Frame name="DAB_PetCooldown_1" inherits="DAB_PetCooldownCountTemplate" parent="PetActionButton1" id="1"/>
<Frame name="DAB_PetCooldown_2" inherits="DAB_PetCooldownCountTemplate" parent="PetActionButton2" id="2"/>
<Frame name="DAB_PetCooldown_3" inherits="DAB_PetCooldownCountTemplate" parent="PetActionButton3" id="3"/>
<Frame name="DAB_PetCooldown_4" inherits="DAB_PetCooldownCountTemplate" parent="PetActionButton4" id="4"/>
<Frame name="DAB_PetCooldown_5" inherits="DAB_PetCooldownCountTemplate" parent="PetActionButton5" id="5"/>
<Frame name="DAB_PetCooldown_6" inherits="DAB_PetCooldownCountTemplate" parent="PetActionButton6" id="6"/>
<Frame name="DAB_PetCooldown_7" inherits="DAB_PetCooldownCountTemplate" parent="PetActionButton7" id="7"/>
<Frame name="DAB_PetCooldown_8" inherits="DAB_PetCooldownCountTemplate" parent="PetActionButton8" id="8"/>
<Frame name="DAB_PetCooldown_9" inherits="DAB_PetCooldownCountTemplate" parent="PetActionButton9" id="9"/>
<Frame name="DAB_PetCooldown_10" inherits="DAB_PetCooldownCountTemplate" parent="PetActionButton10" id="10"/>

<Frame name="DAB_ShapeshiftCooldown_1" inherits="DAB_ShapeshiftCooldownCountTemplate" parent="ShapeshiftButton1" id="1"/>
<Frame name="DAB_ShapeshiftCooldown_2" inherits="DAB_ShapeshiftCooldownCountTemplate" parent="ShapeshiftButton2" id="2"/>
<Frame name="DAB_ShapeshiftCooldown_3" inherits="DAB_ShapeshiftCooldownCountTemplate" parent="ShapeshiftButton3" id="3"/>
<Frame name="DAB_ShapeshiftCooldown_4" inherits="DAB_ShapeshiftCooldownCountTemplate" parent="ShapeshiftButton4" id="4"/>
<Frame name="DAB_ShapeshiftCooldown_5" inherits="DAB_ShapeshiftCooldownCountTemplate" parent="ShapeshiftButton5" id="5"/>
<Frame name="DAB_ShapeshiftCooldown_6" inherits="DAB_ShapeshiftCooldownCountTemplate" parent="ShapeshiftButton6" id="6"/>
<Frame name="DAB_ShapeshiftCooldown_7" inherits="DAB_ShapeshiftCooldownCountTemplate" parent="ShapeshiftButton7" id="7"/>
<Frame name="DAB_ShapeshiftCooldown_8" inherits="DAB_ShapeshiftCooldownCountTemplate" parent="ShapeshiftButton8" id="8"/>
<Frame name="DAB_ShapeshiftCooldown_9" inherits="DAB_ShapeshiftCooldownCountTemplate" parent="ShapeshiftButton9" id="9"/>
<Frame name="DAB_ShapeshiftCooldown_10" inherits="DAB_ShapeshiftCooldownCountTemplate" parent="ShapeshiftButton10" id="10"/>

</Ui>