<Ui xmlns="http://www.blizzard.com/wow/ui/" 
 xmlns:xsi="http://www.w3.org/2001/XMLSchema-instance"
 xsi:schemaLocation="http://www.blizzard.com/wow/ui/">
	<Script file="Gems.lua"/>

	<Button name="Gems_CellTemplate" virtual="true" hidden="false">
		<Size>
			<AbsDimension x="32" y="32"/>
		</Size>

		<Backdrop bgFile="Interface\Tooltips\UI-Tooltip-Background" tile="true">
			<EdgeSize>
				<AbsValue val="16"/>
			</EdgeSize>
			<TileSize>
				<AbsValue val="16"/>
			</TileSize>
			<BackgroundInsets>
				<AbsInset left="1" right="1" top="1" bottom="1"/>
			</BackgroundInsets>
		</Backdrop>
		
		<Layers>
			<Layer level="ARTWORK">
				<FontString name="$parentLabel" inherits="GameFontHighlightLarge">
					<Anchors>
						<Anchor point="CENTER">
						</Anchor>
					</Anchors>
				</FontString>
			</Layer>
		</Layers>
	</Button>
	
	<!-- the main frame -->
	<Frame name="Gems_Frame"  toplevel="true" hidden="true" movable="true" parent="UIParent">
		<Size>
			<AbsDimension x="375" y="365"/>
		</Size>
		
		<Anchors>
			<Anchor point="TOPLEFT">
				<Offset>
 					<AbsDimension x="0" y="-104"/>
 				</Offset>
			</Anchor>
		</Anchors>
		<Backdrop bgFile="Interface\DialogFrame\UI-DialogBox-Background" edgeFile="Interface\DialogFrame\UI-DialogBox-Border" tile="true">
			<BackgroundInsets>
				<AbsInset left="11" right="12" top="12" bottom="11" />	
				<Size>
					<AbsDimension x="128" y="17" />
				</Size>
			</BackgroundInsets>
			<TileSize>
				<AbsValue val="32" />
			</TileSize>
			<EdgeSize>
				<AbsValue val="32" />
			</EdgeSize>
		</Backdrop>
		
		<Layers>
			<Layer level="ARTWORK">
				<!-- Frame header background texture -->
				<Texture name="Gems_FrameTitle" file="Interface\DialogFrame\UI-DialogBox-Header">
					<Size>
						<AbsDimension x="250" y="64" />
					</Size>
					<Anchors>
						<Anchor point="TOP">
							<Offset>
								<AbsDimension x="0" y="12" />
							</Offset>
						</Anchor>
					</Anchors>
				</Texture>
				
				<!-- Frame header label -->
				<FontString inherits="GameFontNormal" text="Val's Gems 1.6">
					<Anchors>
						<Anchor point="TOP">
							<Offset>
								<AbsDimension x="0" y="-3" />
							</Offset>
						</Anchor>
					</Anchors>
				</FontString>
				
				<!-- Score label -->
				<FontString name="Gems_ScoreLabel" inherits="GameFontNormal" text="Score">
					<Anchors>
						<Anchor point="TOP" relativeTo="Gems_Frame" relativePoint="TOPRIGHT">
							<Offset>
								<AbsDimension x="-55" y="-150" />
							</Offset>
						</Anchor>
					</Anchors>
				</FontString>
				
				<!-- Score text -->
				<FontString name="Gems_ScoreString" inherits="GameFontHighlightLarge" text="0">
					<Anchors>
						<Anchor point="TOP" relativeTo="Gems_ScoreLabel" relativePoint="BOTTOM">
							<Offset>
								<AbsDimension x="0" y="-3" />
							</Offset>
						</Anchor>
					</Anchors>
				</FontString>
			</Layer>
		</Layers>
		
		<Frames>
			<Frame name="Gems_CellContainer" hidden="false">
				<Size>
					<AbsDimension x="275" y="275"/>
				</Size>
				<Anchors>
					<Anchor point="TOPLEFT" relativeTo="Gems_Frame" relativePoint="TOPLEFT">
						<Offset>
							<AbsDimension x="10" y="-25"/>
						</Offset>
					</Anchor>
				</Anchors>
				<Backdrop edgeFile="Interface\Tooltips\UI-Tooltip-Border" tile="true">
					<EdgeSize>
						<AbsValue val="16"/>
					</EdgeSize>
					<TileSize>
						<AbsValue val="16"/>
					</TileSize>
					<BackgroundInsets>
						<AbsInset left="5" right="5" top="5" bottom="5"/>
					</BackgroundInsets>
				</Backdrop>
			</Frame>
			
			<Button name="Gems_LeftButton" inherits="GameMenuButtonTemplate" text="&lt;">
				<Size>
					<AbsDimension x="75" y="25"/>
				</Size>
				<Anchors>
					<Anchor point="TOPRIGHT" relativeTo="Gems_CellContainer" relativePoint="BOTTOM">
						<Offset>
							<AbsDimension x="0" y="0"/>
						</Offset>
					</Anchor>
				</Anchors>
				<Scripts>
					<OnClick>
						Gems_MoveLeft();
					</OnClick>
				</Scripts>
			</Button>
			
			<Button name="Gems_RightButton" inherits="GameMenuButtonTemplate" text="&gt;">
				<Size>
					<AbsDimension x="75" y="25"/>
				</Size>
				<Anchors>
					<Anchor point="TOPLEFT" relativeTo="Gems_CellContainer" relativePoint="BOTTOM">
						<Offset>
							<AbsDimension x="0" y="0"/>
						</Offset>
					</Anchor>
				</Anchors>
				<Scripts>
					<OnClick>
						Gems_MoveRight();
					</OnClick>
				</Scripts>
			</Button>
			
			<Button name="Gems_DownButton" inherits="GameMenuButtonTemplate" text="v">
				<Size>
					<AbsDimension x="75" y="25"/>
				</Size>
				<Anchors>
					<Anchor point="TOP" relativeTo="Gems_RightButton" relativePoint="BOTTOMLEFT">
						<Offset>
							<AbsDimension x="0" y="0"/>
						</Offset>
					</Anchor>
				</Anchors>
				<Scripts>
					<OnClick>
						Gems_MoveDown();
					</OnClick>
				</Scripts>
			</Button>
			
			<Button name="Gems_HideButton" inherits="GameMenuButtonTemplate" text="Hide">
				<Size>
					<AbsDimension x="75" y="25"/>
				</Size>
				<Anchors>
					<Anchor point="TOPRIGHT" relativeTo="Gems_Frame" relativePoint="TOPRIGHT">
						<Offset>
							<AbsDimension x="-13" y="-25"/>
						</Offset>
					</Anchor>
				</Anchors>
				<Scripts>
					<OnClick>
						Gems_Toggle();
					</OnClick>
				</Scripts>
			</Button>
			
			<Button name="Gems_PauseButton" inherits="GameMenuButtonTemplate" text="Pause">
				<Size>
					<AbsDimension x="75" y="25"/>
				</Size>
				<Anchors>
					<Anchor point="TOP" relativeTo="Gems_HideButton" relativePoint="BOTTOM">
						<Offset>
							<AbsDimension x="0" y="0"/>
						</Offset>
					</Anchor>
				</Anchors>
				<Scripts>
					<OnClick>
						Gems_PauseToggle();
					</OnClick>
				</Scripts>
			</Button>
			
			<Button name="Gems_ResetButton" inherits="GameMenuButtonTemplate" text="Reset">
				<Size>
					<AbsDimension x="75" y="25"/>
				</Size>
				<Anchors>
					<Anchor point="TOP" relativeTo="Gems_PauseButton" relativePoint="BOTTOM">
						<Offset>
							<AbsDimension x="0" y="0"/>
						</Offset>
					</Anchor>
				</Anchors>
				<Scripts>
					<OnClick>
						Gems_NewGame();
					</OnClick>
				</Scripts>
			</Button>
			
			<Frame name="Gems_Difficulty" inherits="UIDropDownMenuTemplate">
				<Anchors>
					<Anchor point="TOP" relativeTo="Gems_ResetButton" relativePoint="BOTTOM">
						<Offset>
							<AbsDimension x="0" y="0"/>
						</Offset>
					</Anchor>
				</Anchors>
				<Size>
					<AbsDimension x="60" y="16"/>
				</Size>
				<Scripts>
					<OnLoad>
						Gems_Difficulty_OnLoad();
					</OnLoad>
					<OnClick>
						Gems_Difficulty_OnClick();
					</OnClick>
				</Scripts>
			</Frame>
		
			<!-- row 1 -->
			<Button name="Gems_Cell1" inherits="Gems_CellTemplate" hidden="false" id="1">
				<Anchors>
					<Anchor point="TOPLEFT" relativeTo="Gems_CellContainer" relativePoint="TOPLEFT">
						<Offset>
							<AbsDimension x="10" y="-10"/>
						</Offset>
					</Anchor>
				</Anchors>
			</Button>
			<Button name="Gems_Cell2" inherits="Gems_CellTemplate" hidden="false" id="2">
				<Anchors>
					<Anchor point="LEFT" relativeTo="Gems_Cell1" relativePoint="RIGHT">
					</Anchor>
				</Anchors>
			</Button>
			<Button name="Gems_Cell3" inherits="Gems_CellTemplate" hidden="false" id="3">
				<Anchors>
					<Anchor point="LEFT" relativeTo="Gems_Cell2" relativePoint="RIGHT">
					</Anchor>
				</Anchors>
			</Button>
			<Button name="Gems_Cell4" inherits="Gems_CellTemplate" hidden="false" id="4">
				<Anchors>
					<Anchor point="LEFT" relativeTo="Gems_Cell3" relativePoint="RIGHT">
					</Anchor>
				</Anchors>
			</Button>
			<Button name="Gems_Cell5" inherits="Gems_CellTemplate" hidden="false" id="5">
				<Anchors>
					<Anchor point="LEFT" relativeTo="Gems_Cell4" relativePoint="RIGHT">
					</Anchor>
				</Anchors>
			</Button>
			<Button name="Gems_Cell6" inherits="Gems_CellTemplate" hidden="false" id="6">
				<Anchors>
					<Anchor point="LEFT" relativeTo="Gems_Cell5" relativePoint="RIGHT">
					</Anchor>
				</Anchors>
			</Button>
			<Button name="Gems_Cell7" inherits="Gems_CellTemplate" hidden="false" id="7">
				<Anchors>
					<Anchor point="LEFT" relativeTo="Gems_Cell6" relativePoint="RIGHT">
					</Anchor>
				</Anchors>
			</Button>
			<Button name="Gems_Cell8" inherits="Gems_CellTemplate" hidden="false" id="8">
				<Anchors>
					<Anchor point="LEFT" relativeTo="Gems_Cell7" relativePoint="RIGHT">
					</Anchor>
				</Anchors>
			</Button>
			
			<!-- row 2 -->
			<Button name="Gems_Cell9" inherits="Gems_CellTemplate" hidden="false" id="9">
				<Anchors>
					<Anchor point="TOPLEFT" relativeTo="Gems_Cell1" relativePoint="BOTTOMLEFT">
					</Anchor>
				</Anchors>
			</Button>
			<Button name="Gems_Cell10" inherits="Gems_CellTemplate" hidden="false" id="10">
				<Anchors>
					<Anchor point="LEFT" relativeTo="Gems_Cell9" relativePoint="RIGHT">
					</Anchor>
				</Anchors>
			</Button>
			<Button name="Gems_Cell11" inherits="Gems_CellTemplate" hidden="false" id="11">
				<Anchors>
					<Anchor point="LEFT" relativeTo="Gems_Cell10" relativePoint="RIGHT">
					</Anchor>
				</Anchors>
			</Button>
			<Button name="Gems_Cell12" inherits="Gems_CellTemplate" hidden="false" id="12">
				<Anchors>
					<Anchor point="LEFT" relativeTo="Gems_Cell11" relativePoint="RIGHT">
					</Anchor>
				</Anchors>
			</Button>
			<Button name="Gems_Cell13" inherits="Gems_CellTemplate" hidden="false" id="13">
				<Anchors>
					<Anchor point="LEFT" relativeTo="Gems_Cell12" relativePoint="RIGHT">
					</Anchor>
				</Anchors>
			</Button>
			<Button name="Gems_Cell14" inherits="Gems_CellTemplate" hidden="false" id="14">
				<Anchors>
					<Anchor point="LEFT" relativeTo="Gems_Cell13" relativePoint="RIGHT">
					</Anchor>
				</Anchors>
			</Button>
			<Button name="Gems_Cell15" inherits="Gems_CellTemplate" hidden="false" id="15">
				<Anchors>
					<Anchor point="LEFT" relativeTo="Gems_Cell14" relativePoint="RIGHT">
					</Anchor>
				</Anchors>
			</Button>
			<Button name="Gems_Cell16" inherits="Gems_CellTemplate" hidden="false" id="16">
				<Anchors>
					<Anchor point="LEFT" relativeTo="Gems_Cell15" relativePoint="RIGHT">
					</Anchor>
				</Anchors>
			</Button>
			
			<!-- row 3 -->
			<Button name="Gems_Cell17" inherits="Gems_CellTemplate" hidden="false" id="17">
				<Anchors>
					<Anchor point="TOPLEFT" relativeTo="Gems_Cell9" relativePoint="BOTTOMLEFT">
					</Anchor>
				</Anchors>
			</Button>
			<Button name="Gems_Cell18" inherits="Gems_CellTemplate" hidden="false" id="18">
				<Anchors>
					<Anchor point="LEFT" relativeTo="Gems_Cell17" relativePoint="RIGHT">
					</Anchor>
				</Anchors>
			</Button>
			<Button name="Gems_Cell19" inherits="Gems_CellTemplate" hidden="false" id="19">
				<Anchors>
					<Anchor point="LEFT" relativeTo="Gems_Cell18" relativePoint="RIGHT">
					</Anchor>
				</Anchors>
			</Button>
			<Button name="Gems_Cell20" inherits="Gems_CellTemplate" hidden="false" id="20">
				<Anchors>
					<Anchor point="LEFT" relativeTo="Gems_Cell19" relativePoint="RIGHT">
					</Anchor>
				</Anchors>
			</Button>
			<Button name="Gems_Cell21" inherits="Gems_CellTemplate" hidden="false" id="21">
				<Anchors>
					<Anchor point="LEFT" relativeTo="Gems_Cell20" relativePoint="RIGHT">
					</Anchor>
				</Anchors>
			</Button>
			<Button name="Gems_Cell22" inherits="Gems_CellTemplate" hidden="false" id="22">
				<Anchors>
					<Anchor point="LEFT" relativeTo="Gems_Cell21" relativePoint="RIGHT">
					</Anchor>
				</Anchors>
			</Button>
			<Button name="Gems_Cell23" inherits="Gems_CellTemplate" hidden="false" id="23">
				<Anchors>
					<Anchor point="LEFT" relativeTo="Gems_Cell22" relativePoint="RIGHT">
					</Anchor>
				</Anchors>
			</Button>
			<Button name="Gems_Cell24" inherits="Gems_CellTemplate" hidden="false" id="24">
				<Anchors>
					<Anchor point="LEFT" relativeTo="Gems_Cell23" relativePoint="RIGHT">
					</Anchor>
				</Anchors>
			</Button>
			
			<!-- row 4 -->
			<Button name="Gems_Cell25" inherits="Gems_CellTemplate" hidden="false" id="25">
				<Anchors>
					<Anchor point="TOPLEFT" relativeTo="Gems_Cell17" relativePoint="BOTTOMLEFT">
					</Anchor>
				</Anchors>
			</Button>
			<Button name="Gems_Cell26" inherits="Gems_CellTemplate" hidden="false" id="26">
				<Anchors>
					<Anchor point="LEFT" relativeTo="Gems_Cell25" relativePoint="RIGHT">
					</Anchor>
				</Anchors>
			</Button>
			<Button name="Gems_Cell27" inherits="Gems_CellTemplate" hidden="false" id="27">
				<Anchors>
					<Anchor point="LEFT" relativeTo="Gems_Cell26" relativePoint="RIGHT">
					</Anchor>
				</Anchors>
			</Button>
			<Button name="Gems_Cell28" inherits="Gems_CellTemplate" hidden="false" id="28">
				<Anchors>
					<Anchor point="LEFT" relativeTo="Gems_Cell27" relativePoint="RIGHT">
					</Anchor>
				</Anchors>
			</Button>
			<Button name="Gems_Cell29" inherits="Gems_CellTemplate" hidden="false" id="29">
				<Anchors>
					<Anchor point="LEFT" relativeTo="Gems_Cell28" relativePoint="RIGHT">
					</Anchor>
				</Anchors>
			</Button>
			<Button name="Gems_Cell30" inherits="Gems_CellTemplate" hidden="false" id="30">
				<Anchors>
					<Anchor point="LEFT" relativeTo="Gems_Cell29" relativePoint="RIGHT">
					</Anchor>
				</Anchors>
			</Button>
			<Button name="Gems_Cell31" inherits="Gems_CellTemplate" hidden="false" id="31">
				<Anchors>
					<Anchor point="LEFT" relativeTo="Gems_Cell30" relativePoint="RIGHT">
					</Anchor>
				</Anchors>
			</Button>
			<Button name="Gems_Cell32" inherits="Gems_CellTemplate" hidden="false" id="32">
				<Anchors>
					<Anchor point="LEFT" relativeTo="Gems_Cell31" relativePoint="RIGHT">
					</Anchor>
				</Anchors>
			</Button>
			
			<!-- row 5 -->
			<Button name="Gems_Cell33" inherits="Gems_CellTemplate" hidden="false" id="33">
				<Anchors>
					<Anchor point="TOPLEFT" relativeTo="Gems_Cell25" relativePoint="BOTTOMLEFT">
					</Anchor>
				</Anchors>
			</Button>
			<Button name="Gems_Cell34" inherits="Gems_CellTemplate" hidden="false" id="34">
				<Anchors>
					<Anchor point="LEFT" relativeTo="Gems_Cell33" relativePoint="RIGHT">
					</Anchor>
				</Anchors>
			</Button>
			<Button name="Gems_Cell35" inherits="Gems_CellTemplate" hidden="false" id="35">
				<Anchors>
					<Anchor point="LEFT" relativeTo="Gems_Cell34" relativePoint="RIGHT">
					</Anchor>
				</Anchors>
			</Button>
			<Button name="Gems_Cell36" inherits="Gems_CellTemplate" hidden="false" id="36">
				<Anchors>
					<Anchor point="LEFT" relativeTo="Gems_Cell35" relativePoint="RIGHT">
					</Anchor>
				</Anchors>
			</Button>
			<Button name="Gems_Cell37" inherits="Gems_CellTemplate" hidden="false" id="37">
				<Anchors>
					<Anchor point="LEFT" relativeTo="Gems_Cell36" relativePoint="RIGHT">
					</Anchor>
				</Anchors>
			</Button>
			<Button name="Gems_Cell38" inherits="Gems_CellTemplate" hidden="false" id="38">
				<Anchors>
					<Anchor point="LEFT" relativeTo="Gems_Cell37" relativePoint="RIGHT">
					</Anchor>
				</Anchors>
			</Button>
			<Button name="Gems_Cell39" inherits="Gems_CellTemplate" hidden="false" id="39">
				<Anchors>
					<Anchor point="LEFT" relativeTo="Gems_Cell38" relativePoint="RIGHT">
					</Anchor>
				</Anchors>
			</Button>
			<Button name="Gems_Cell40" inherits="Gems_CellTemplate" hidden="false" id="40">
				<Anchors>
					<Anchor point="LEFT" relativeTo="Gems_Cell39" relativePoint="RIGHT">
					</Anchor>
				</Anchors>
			</Button>
			
			<!-- row 6 -->
			<Button name="Gems_Cell41" inherits="Gems_CellTemplate" hidden="false" id="41">
				<Anchors>
					<Anchor point="TOPLEFT" relativeTo="Gems_Cell33" relativePoint="BOTTOMLEFT">
					</Anchor>
				</Anchors>
			</Button>
			<Button name="Gems_Cell42" inherits="Gems_CellTemplate" hidden="false" id="42">
				<Anchors>
					<Anchor point="LEFT" relativeTo="Gems_Cell41" relativePoint="RIGHT">
					</Anchor>
				</Anchors>
			</Button>
			<Button name="Gems_Cell43" inherits="Gems_CellTemplate" hidden="false" id="43">
				<Anchors>
					<Anchor point="LEFT" relativeTo="Gems_Cell42" relativePoint="RIGHT">
					</Anchor>
				</Anchors>
			</Button>
			<Button name="Gems_Cell44" inherits="Gems_CellTemplate" hidden="false" id="44">
				<Anchors>
					<Anchor point="LEFT" relativeTo="Gems_Cell43" relativePoint="RIGHT">
					</Anchor>
				</Anchors>
			</Button>
			<Button name="Gems_Cell45" inherits="Gems_CellTemplate" hidden="false" id="45">
				<Anchors>
					<Anchor point="LEFT" relativeTo="Gems_Cell44" relativePoint="RIGHT">
					</Anchor>
				</Anchors>
			</Button>
			<Button name="Gems_Cell46" inherits="Gems_CellTemplate" hidden="false" id="46">
				<Anchors>
					<Anchor point="LEFT" relativeTo="Gems_Cell45" relativePoint="RIGHT">
					</Anchor>
				</Anchors>
			</Button>
			<Button name="Gems_Cell47" inherits="Gems_CellTemplate" hidden="false" id="47">
				<Anchors>
					<Anchor point="LEFT" relativeTo="Gems_Cell46" relativePoint="RIGHT">
					</Anchor>
				</Anchors>
			</Button>
			<Button name="Gems_Cell48" inherits="Gems_CellTemplate" hidden="false" id="48">
				<Anchors>
					<Anchor point="LEFT" relativeTo="Gems_Cell47" relativePoint="RIGHT">
					</Anchor>
				</Anchors>
			</Button>
			
			<!-- row 7 -->
			<Button name="Gems_Cell49" inherits="Gems_CellTemplate" hidden="false" id="49">
				<Anchors>
					<Anchor point="TOPLEFT" relativeTo="Gems_Cell41" relativePoint="BOTTOMLEFT">
					</Anchor>
				</Anchors>
			</Button>
			<Button name="Gems_Cell50" inherits="Gems_CellTemplate" hidden="false" id="50">
				<Anchors>
					<Anchor point="LEFT" relativeTo="Gems_Cell49" relativePoint="RIGHT">
					</Anchor>
				</Anchors>
			</Button>
			<Button name="Gems_Cell51" inherits="Gems_CellTemplate" hidden="false" id="51">
				<Anchors>
					<Anchor point="LEFT" relativeTo="Gems_Cell50" relativePoint="RIGHT">
					</Anchor>
				</Anchors>
			</Button>
			<Button name="Gems_Cell52" inherits="Gems_CellTemplate" hidden="false" id="52">
				<Anchors>
					<Anchor point="LEFT" relativeTo="Gems_Cell51" relativePoint="RIGHT">
					</Anchor>
				</Anchors>
			</Button>
			<Button name="Gems_Cell53" inherits="Gems_CellTemplate" hidden="false" id="53">
				<Anchors>
					<Anchor point="LEFT" relativeTo="Gems_Cell52" relativePoint="RIGHT">
					</Anchor>
				</Anchors>
			</Button>
			<Button name="Gems_Cell54" inherits="Gems_CellTemplate" hidden="false" id="54">
				<Anchors>
					<Anchor point="LEFT" relativeTo="Gems_Cell53" relativePoint="RIGHT">
					</Anchor>
				</Anchors>
			</Button>
			<Button name="Gems_Cell55" inherits="Gems_CellTemplate" hidden="false" id="55">
				<Anchors>
					<Anchor point="LEFT" relativeTo="Gems_Cell54" relativePoint="RIGHT">
					</Anchor>
				</Anchors>
			</Button>
			<Button name="Gems_Cell56" inherits="Gems_CellTemplate" hidden="false" id="56">
				<Anchors>
					<Anchor point="LEFT" relativeTo="Gems_Cell55" relativePoint="RIGHT">
					</Anchor>
				</Anchors>
			</Button>
			
			<!-- row 8 -->
			<Button name="Gems_Cell57" inherits="Gems_CellTemplate" hidden="false" id="57">
				<Anchors>
					<Anchor point="TOPLEFT" relativeTo="Gems_Cell49" relativePoint="BOTTOMLEFT">
					</Anchor>
				</Anchors>
			</Button>
			<Button name="Gems_Cell58" inherits="Gems_CellTemplate" hidden="false" id="58">
				<Anchors>
					<Anchor point="LEFT" relativeTo="Gems_Cell57" relativePoint="RIGHT">
					</Anchor>
				</Anchors>
			</Button>
			<Button name="Gems_Cell59" inherits="Gems_CellTemplate" hidden="false" id="59">
				<Anchors>
					<Anchor point="LEFT" relativeTo="Gems_Cell58" relativePoint="RIGHT">
					</Anchor>
				</Anchors>
			</Button>
			<Button name="Gems_Cell60" inherits="Gems_CellTemplate" hidden="false" id="60">
				<Anchors>
					<Anchor point="LEFT" relativeTo="Gems_Cell59" relativePoint="RIGHT">
					</Anchor>
				</Anchors>
			</Button>
			<Button name="Gems_Cell61" inherits="Gems_CellTemplate" hidden="false" id="61">
				<Anchors>
					<Anchor point="LEFT" relativeTo="Gems_Cell60" relativePoint="RIGHT">
					</Anchor>
				</Anchors>
			</Button>
			<Button name="Gems_Cell62" inherits="Gems_CellTemplate" hidden="false" id="62">
				<Anchors>
					<Anchor point="LEFT" relativeTo="Gems_Cell61" relativePoint="RIGHT">
					</Anchor>
				</Anchors>
			</Button>
			<Button name="Gems_Cell63" inherits="Gems_CellTemplate" hidden="false" id="63">
				<Anchors>
					<Anchor point="LEFT" relativeTo="Gems_Cell62" relativePoint="RIGHT">
					</Anchor>
				</Anchors>
			</Button>
			<Button name="Gems_Cell64" inherits="Gems_CellTemplate" hidden="false" id="64">
				<Anchors>
					<Anchor point="LEFT" relativeTo="Gems_Cell63" relativePoint="RIGHT">
					</Anchor>
				</Anchors>
			</Button>
		</Frames>
		
		<Scripts>
			<OnMouseDown>
				if ( arg1 == "LeftButton" ) then
					this:StartMoving();
				end
			</OnMouseDown>
			<OnMouseUp>
				if ( arg1 == "LeftButton" ) then
					this:StopMovingOrSizing();
				end
			</OnMouseUp>
			<OnLoad>
				Gems_OnLoad();
			</OnLoad>
			<OnUpdate>
				Gems_OnUpdate();
			</OnUpdate>
		</Scripts>
	</Frame>

</Ui>