 <Ui xmlns="http://www.blizzard.com/wow/ui/" xmlns:xsi="http://www.w3.org/2001/XMLSchema-instance" xsi:schemaLocation="http://www.blizzard.com/wow/ui/
..\FrameXML\UI.xsd">
    <Script file="Minimap.lua"/>
    <Frame name="StrategosUnitDotTemplate" virtual="true" mouseEnabled="true">
        <Size x="12" y="12"/>
        <Layers>
            <Layer level="BORDER">
                <Texture name="$parentParty" file="Interface\Addons\Strategos_Minimap\Textures\Dot2.tga">
                    <Anchors>
                        <Anchor point="CENTER"/>
                    </Anchors>
                    <Size x="18" y="18"/>
                </Texture>
                <Texture name="$parentAura" file="Interface\Addons\Strategos_Minimap\Textures\DotBackground.tga"/>
            </Layer>
            <Layer level="ARTWORK">
                <Texture name="$parentNormal" file="Interface\Addons\Strategos_Minimap\Textures\Dot.tga">
                    <Anchors>
                        <Anchor point="CENTER"/>
                    </Anchors>
                    <Size x="11" y="11"/>
                </Texture>
            </Layer>
            <Layer level="OVERLAY">
                <Texture name="$parentHighlight" file="Interface\Addons\Strategos_Minimap\Textures\DotHighlights.tga"/>
                <Texture name="$parentCustom"/>
            </Layer>
        </Layers>
        <Scripts>
            <OnUpdate>
                StrategosMinimapDot_Update()
            </OnUpdate>
        </Scripts>
    </Frame>
    <Frame name="StrategosMinimapAnchoring" movable="true" clampedToScreen="true" parent="UIParent">
        <Size x="234" y="154"/>
        <Anchors>
            <Anchor point="BOTTOMRIGHT">
                <Offset>
                    <AbsDimension x="-80" y="120"/>
                </Offset>
            </Anchor>
        </Anchors>
    </Frame>
    <Frame name="StrategosMinimapAnchoringNarrow" movable="true" clampedToScreen="true" parent="UIParent">
        <Size x="120" y="154"/>
        <Anchors>
            <Anchor point="BOTTOMRIGHT">
                <Offset>
                    <AbsDimension x="-80" y="120"/>
                </Offset>
            </Anchor>
        </Anchors>
    </Frame>
    <Button name="StrategosMinimapOverlay" parent="UIParent" frameLevel="3" enableMouseWheel="true">
        <Scripts>
            <OnLoad>
                this:RegisterForClicks("LeftButtonUp", "RightButtonUp")
            </OnLoad>
            <OnClick>
                StrategosMinimapOverlay_OnClick()
            </OnClick>
            <OnEnter>
                StrategosMinimapOverlay_OnEnter()
            </OnEnter>
            <OnLeave>
                StrategosMinimapTooltip.update = nil
                StrategosMinimapTooltip:Hide()
            </OnLeave>
            <OnUpdate>
                StrategosMinimapTooltip_OnUpdate()
            </OnUpdate>
            <OnMouseWheel>
                StrategosMinimap_OnMouseWheel()
            </OnMouseWheel>
        </Scripts>
    </Button>
    <Frame name="StrategosMinimap" parent="UIParent" hidden="true">
        <Size x="240" y="160"/>
        <Anchors>
            <Anchor point="CENTER" relativeTo="StrategosMinimapOverlay">
                <Offset>
                    <AbsDimension x="2" y="-2"/>
                </Offset>
            </Anchor>
        </Anchors>
        <Scripts>
        </Scripts>
        <Layers>
            <Layer level="Background">
                <Texture name="$parentTile1" file="InterfaceWorldMapAlteracValleyAlteracValley1" hidden="true">
                    <Size x="60" y="60"/>
                    <Anchors>
                        <Anchor point="TOPLEFT"/>
                    </Anchors>
                </Texture>
                <Texture name="$parentTile2" file="InterfaceWorldMapAlteracValleyAlteracValley2">
                    <Size x="60" y="60"/>
                    <Anchors>
                        <Anchor point="TOPLEFT">
                            <Offset>
                                <AbsDimension x="60" y="0"/>
                            </Offset>
                        </Anchor>
                    </Anchors>
                </Texture>
                <Texture name="$parentTile3" file="InterfaceWorldMapAlteracValleyAlteracValley3">
                    <Size x="60" y="60"/>
                    <Anchors>
                        <Anchor point="TOPLEFT">
                            <Offset>
                                <AbsDimension x="120" y="0"/>
                            </Offset>
                        </Anchor>
                    </Anchors>
                </Texture>
                <Texture name="$parentTile4" file="InterfaceWorldMapAlteracValleyAlteracValley4" hidden="true">
                    <Size x="60" y="60"/>
                    <Anchors>
                        <Anchor point="TOPLEFT">
                            <Offset>
                                <AbsDimension x="180" y="0"/>
                            </Offset>
                        </Anchor>
                    </Anchors>
                </Texture>
                <Texture name="$parentTile5" file="InterfaceWorldMapAlteracValleyAlteracValley5" hidden="true">
                    <Size x="60" y="60"/>
                    <Anchors>
                        <Anchor point="TOPLEFT">
                            <Offset>
                                <AbsDimension x="0" y="-60"/>
                            </Offset>
                        </Anchor>
                    </Anchors>
                </Texture>
                <Texture name="$parentTile6" file="InterfaceWorldMapAlteracValleyAlteracValley6">
                    <Size x="60" y="60"/>
                    <Anchors>
                        <Anchor point="TOPLEFT">
                            <Offset>
                                <AbsDimension x="60" y="-60"/>
                            </Offset>
                        </Anchor>
                    </Anchors>
                </Texture>
                <Texture name="$parentTile7" file="InterfaceWorldMapAlteracValleyAlteracValley7">
                    <Size x="60" y="60"/>
                    <Anchors>
                        <Anchor point="TOPLEFT">
                            <Offset>
                                <AbsDimension x="120" y="-60"/>
                            </Offset>
                        </Anchor>
                    </Anchors>
                </Texture>
                <Texture name="$parentTile8" file="InterfaceWorldMapAlteracValleyAlteracValley8" hidden="true">
                    <Size x="60" y="60"/>
                    <Anchors>
                        <Anchor point="TOPLEFT">
                            <Offset>
                                <AbsDimension x="180" y="-60"/>
                            </Offset>
                        </Anchor>
                    </Anchors>
                </Texture>
                <Texture name="$parentTile9" file="InterfaceWorldMapAlteracValleyAlteracValley9" hidden="true">
                    <Size x="60" y="60"/>
                    <Anchors>
                        <Anchor point="TOPLEFT">
                            <Offset>
                                <AbsDimension x="0" y="-120"/>
                            </Offset>
                        </Anchor>
                    </Anchors>
                </Texture>
                <Texture name="$parentTile10" file="InterfaceWorldMapAlteracValleyAlteracValley10">
                    <Size x="60" y="60"/>
                    <Anchors>
                        <Anchor point="TOPLEFT">
                            <Offset>
                                <AbsDimension x="60" y="-120"/>
                            </Offset>
                        </Anchor>
                    </Anchors>
                </Texture>
                <Texture name="$parentTile11" file="InterfaceWorldMapAlteracValleyAlteracValley11">
                    <Size x="60" y="60"/>
                    <Anchors>
                        <Anchor point="TOPLEFT">
                            <Offset>
                                <AbsDimension x="120" y="-120"/>
                            </Offset>
                        </Anchor>
                    </Anchors>
                </Texture>
                <Texture name="$parentTile12" file="InterfaceWorldMapAlteracValleyAlteracValley12" hidden="true">
                    <Size x="60" y="60"/>
                    <Anchors>
                        <Anchor point="TOPLEFT">
                            <Offset>
                                <AbsDimension x="180" y="-120"/>
                            </Offset>
                        </Anchor>
                    </Anchors>
                </Texture>
            </Layer>
            <Layer level="BORDER">
                <Texture name="$parentBorderNarrow" file="Interface\AddOns\Strategos_Minimap\Textures\MapBorderNarrowAnimated.tga">
                    <Size x="256" y="256"/>
                    <Anchors>
                        <Anchor point="CENTER">
                            <Offset>
                                <AbsDimension x="0" y="2"/>
                            </Offset>
                        </Anchor>
                    </Anchors>
                </Texture>
                <Texture name="$parentBorder" file="Interface\AddOns\Strategos_Minimap\Textures\MapBorder.tga" hidden="true">
                    <Size x="256" y="256"/>
                    <Anchors>
                        <Anchor point="CENTER">
                            <Offset>
                                <AbsDimension x="-2" y="2"/>
                            </Offset>
                        </Anchor>
                    </Anchors>
                </Texture>
            </Layer>
        </Layers>
        <Frames>
            <Button name="$parentSettingsButton" frameLevel="4">
                <Size x="16" y="16"/>
                <Anchors>
                    <Anchor point="TOPRIGHT" relativeTo="$parentOverlay">
                        <Offset>
                            <AbsDimension x="-4" y="-4"/>
                        </Offset>
                    </Anchor>
                </Anchors>
                <NormalTexture file="Interface\AddOns\Strategos_Minimap\Textures\Settings.tga"/>
                <Frames>
                    <Frame name="$parentMenu" inherits="UIDropDownMenuTemplate" id="1">
                        <Scripts>
                            <OnShow>
                                if not this.init then
                                    UIDropDownMenu_Initialize(this, StrategosMinimap_SettingsMenu, "MENU", 1)
                                    this.init = true
                                end
                            </OnShow>
                        </Scripts>
                    </Frame>
                </Frames>
                <Scripts>
                    <OnDragStart>
                        StrategosMinimap_GetCurrentAnchoring():StartMoving()
                    </OnDragStart>
                    <OnDragStop>
                        StrategosMinimap_GetCurrentAnchoring():StopMovingOrSizing()
                    </OnDragStop>
                    <OnLoad>
                        this:RegisterForDrag("LeftButton")
                    </OnLoad>
                    <OnClick>
                        ToggleDropDownMenu(1, nil, StrategosMinimapSettingsButtonMenu, this, 0, 0)
                    </OnClick>
                </Scripts>
            </Button>
            <GameTooltip name="StrategosMinimapTooltip" inherits="GameTooltipTemplate" parent="UIParent"/>
            <Frame name="StrategosMinimapDotMenu" inherits="UIDropDownMenuTemplate" parent="UIParent" id="2">
                <Scripts>
                    <OnLoad>
                        UIDropDownMenu_Initialize(this, StrategosMinimap_DotMenu)
                    </OnLoad>
                </Scripts>
            </Frame>
        </Frames>
        <Scripts>
            <OnLoad>
                StrategosMinimap_OnLoad()
            </OnLoad>
            <OnUpdate>
                StrategosMinimap_Update()
            </OnUpdate>
            <OnShow>
                StrategosMinimapHandles.WORLD_MAP_UPDATE()
            </OnShow>
        </Scripts>
    </Frame>
</Ui>
