<Ui xmlns="http://www.blizzard.com/wow/ui/" xmlns:xsi="http://www.w3.org/2001/XMLSchema-instance" xsi:schemaLocation="http://www.blizzard.com/wow/ui/
..\FrameXML\UI.xsd">
    <Script file="POI.lua"/>
    <Frame name="StrategosMinimapPOITemplate" virtual="true" mouseEnabled="true">
        <Size x="14" y="14"/>
        <Layers>
            <Layer level="background">
                <Texture name="$parentTex" setallpoints="true"/>
            </Layer>
        </Layers>
        <Scripts>
            <OnLoad>
                StrategosMinimapPOI:new(this)
            </OnLoad>
        </Scripts>
    </Frame>
</Ui>
