<Ui xmlns="http://www.blizzard.com/wow/ui/" xmlns:xsi="http://www.w3.org/2001/XMLSchema-instance" xsi:schemaLocation="http://www.blizzard.com/wow/ui/ ..\FrameXML\UI.xsd">
	<Script file="localizationEN.lua"></Script>
	<Script file="localizationDE.lua"></Script>
	<Script file="localizationFR.lua"></Script>
	<Script file="localization.lua"></Script>
	<Script file="TitanCritLine.lua"></Script>
	<Frame parent="UIParent">
		<Frames>
			<Button frameStrata="FULLSCREEN" inherits="TitanPanelComboTemplate" name="TitanPanelCritLineButton" toplevel="true">
				<Scripts>
					<OnLoad>
						TitanCritLine_OnLoad();
						TitanPanelButton_OnLoad();
					</OnLoad>
					<OnEvent>
						TitanCritLine_OnEvent();
					</OnEvent>
					<OnClick>
						TitanCritLine_OnClick(arg1);
						TitanPanelButton_OnClick(arg1);
					</OnClick>
				</Scripts>
			</Button>
		</Frames>
	</Frame>
	<Frame hidden="true" id="1" inherits="UIDropDownMenuTemplate" name="TitanPanelCritLine_Button_Menu">
		<Size>
			<AbsDimension x="10" y="10"></AbsDimension>
		</Size>
		<Anchors>
			<Anchor point="TOP">
				<Offset>
					<AbsDimension x="10" y="-60"></AbsDimension>
				</Offset>
			</Anchor>
		</Anchors>
	</Frame>
	<MessageFrame frameStrata="LOW" insertMode="TOP" name="TitanCritLineSplashFrame" parent="UIParent" toplevel="true">
		<Size>
			<AbsDimension x="512" y="100"></AbsDimension>
		</Size>
		<Anchors>
			<Anchor point="CENTER">
				<Offset>
					<AbsDimension x="0" y="0"></AbsDimension>
				</Offset>
			</Anchor>
		</Anchors>
		<FontString inherits="NumberFontNormalHuge" justifyH="CENTER"></FontString>
	</MessageFrame>
	<CheckButton name="TitanCritLine_SettingsOptionButtonTemplate" inherits="UICheckButtonTemplate" virtual="true">
		<HitRectInsets>
			<AbsInset bottom="0" left="0" right="-100" top="0"></AbsInset>
		</HitRectInsets>
		<Scripts>
			<OnClick>TitanCritLine_SettingsOptionButton_OnClick(this:GetID());
					if ( this:GetChecked() ) then
						PlaySound("igMainMenuOptionCheckBoxOff");
					else
						PlaySound("igMainMenuOptionCheckBoxOn");
					end</OnClick>
			<OnEnter>if ( this.tooltipText ) then
						GameTooltip:SetOwner(this, "ANCHOR_RIGHT");
						GameTooltip:SetText(this.tooltipText, nil, nil, nil, nil, 1);
					end</OnEnter>
			<OnLeave>GameTooltip:Hide();</OnLeave>
		</Scripts>
		FFD300
	</CheckButton>
	  <Button name="TitanCritLine_SettingsButtonTemplate" toplevel="true" virtual="true">
	    <Size>
	      <AbsDimension x="64" y="12"/>
	    </Size>
	    <Scripts>
	      <OnClick>
		TitanCritLine_Reset();
	      </OnClick>
			<OnEnter>if ( this.tooltipText ) then
						GameTooltip:SetOwner(this, "ANCHOR_RIGHT");
						GameTooltip:SetText(this.tooltipText, nil, nil, nil, nil, 1);
					end					
					</OnEnter>
			<OnLeave>GameTooltip:Hide();</OnLeave>
	    </Scripts>
	    <NormalText inherits="GameFontNormal"/>
	    <HighlightText inherits="GameFontHighlight"/>
	    <DisabledText inherits="GameFontDisable"/>
	  </Button>
	<Frame name="TitanCritLine_SettingsFrame" enableMouse="true" frameStrata="FULLSCREEN" hidden="true" movable="true" parent="UIParent" toplevel="true">
		<Size>
			<AbsDimension x="325" y="300"></AbsDimension>
		</Size>
		<Anchors>
			<Anchor point="CENTER">
				<Offset>
					<AbsDimension x="0" y="0"></AbsDimension>
				</Offset>
			</Anchor>
		</Anchors>
		<Layers>
			<Layer level="BACKGROUND">
				<FontString inherits="GameFontHighlight" name="$parentTitle">
					<Anchors>
						<Anchor point="TOPLEFT" relativePoint="TOPLEFT">
							<Offset>
								<AbsDimension x="50" y="-12"></AbsDimension>
							</Offset>
						</Anchor>
					</Anchors>
				</FontString>
			</Layer>
		</Layers>
		<Backdrop bgFile="Interface\DialogFrame\UI-DialogBox-Background" edgeFile="Interface\DialogFrame\UI-DialogBox-Border" tile="true">
			<BackgroundInsets>
				<AbsInset bottom="4" left="4" right="4" top="4"></AbsInset>
			</BackgroundInsets>
			<TileSize>
				<AbsValue val="32"></AbsValue>
			</TileSize>
			<EdgeSize>
				<AbsValue val="16"></AbsValue>
			</EdgeSize>
		</Backdrop>
		<Frames>
			<Button inherits="UIPanelCloseButton" name="$parent_CloseButton">
				<Anchors>
					<Anchor point="TOPRIGHT">
						<Offset>
							<AbsDimension x="-30" y="-8"></AbsDimension>
						</Offset>
					</Anchor>
				</Anchors>
				<Scripts>
					<OnClick>TitanCritLine_SettingsClose();</OnClick>
				</Scripts>
			</Button>
			<CheckButton id="1" inherits="TitanCritLine_SettingsOptionButtonTemplate" name="$parent_Option1">
				<Anchors>
					<Anchor point="TOPLEFT" relativePoint="BOTTOMLEFT" relativeTo="$parentTitle">
						<Offset>
							<AbsDimension x="0" y="-15"></AbsDimension>
						</Offset>
					</Anchor>
				</Anchors>
			</CheckButton>
			<CheckButton id="2" inherits="TitanCritLine_SettingsOptionButtonTemplate" name="$parent_Option2">
				<Anchors>
					<Anchor point="TOPLEFT" relativePoint="BOTTOMLEFT" relativeTo="$parent_Option1">
						<Offset>
							<AbsDimension x="0" y="0"></AbsDimension>
						</Offset>
					</Anchor>
				</Anchors>
			</CheckButton>
			<CheckButton id="3" inherits="TitanCritLine_SettingsOptionButtonTemplate" name="$parent_Option3">
				<Anchors>
					<Anchor point="TOPLEFT" relativePoint="BOTTOMLEFT" relativeTo="$parent_Option2">
						<Offset>
							<AbsDimension x="0" y="0"></AbsDimension>
						</Offset>
					</Anchor>
				</Anchors>
			</CheckButton>
			<CheckButton id="4" inherits="TitanCritLine_SettingsOptionButtonTemplate" name="$parent_Option4">
				<Anchors>
					<Anchor point="TOPLEFT" relativePoint="BOTTOMLEFT" relativeTo="$parent_Option3">
						<Offset>
							<AbsDimension x="0" y="0"></AbsDimension>
						</Offset>
					</Anchor>
				</Anchors>
			</CheckButton>
			<CheckButton id="5" inherits="TitanCritLine_SettingsOptionButtonTemplate" name="$parent_Option5">
				<Anchors>
					<Anchor point="TOPLEFT" relativePoint="BOTTOMLEFT" relativeTo="$parent_Option4">
						<Offset>
							<AbsDimension x="0" y="0"></AbsDimension>
						</Offset>
					</Anchor>
				</Anchors>
			</CheckButton>
			<CheckButton id="6" inherits="TitanCritLine_SettingsOptionButtonTemplate" name="$parent_Option6">
				<Anchors>
					<Anchor point="TOPLEFT" relativePoint="BOTTOMLEFT" relativeTo="$parent_Option5">
						<Offset>
							<AbsDimension x="0" y="0"></AbsDimension>
						</Offset>
					</Anchor>
				</Anchors>
			</CheckButton>
			      <Button name="$parent_Reset" inherits="TitanCritLine_SettingsButtonTemplate" id="7">
				<Anchors>
					<Anchor point="BOTTOMLEFT" relativePoint="BOTTOMLEFT" relativeTo="TitanCritLine_SettingsFrame">
				    <Offset>
				      <AbsDimension x="100" y="40"/>
				    </Offset>
				  </Anchor>
				</Anchors>
			      </Button>
		</Frames>
	</Frame>
</Ui>