<Ui xmlns="http://www.blizzard.com/wow/ui/" 
	xmlns:xsi="http://www.w3.org/2001/XMLSchema-instance" 
	xsi:schemaLocation="http://www.blizzard.com/wow/ui/">

<!-- Localization files must always be listed first in the XML file. -->
	<Script file="Localization_Zorlen_EN.lua"/>
	<Script file="Localization_Zorlen_FR.lua"/>
	<Script file="Localization_Zorlen_DE.lua"/>
	<Script file="Localization_Zorlen_KR.lua"/>
	<Script file="Localization_Zorlen_CN.lua"/>
	<Script file="Localization_Zorlen_TW.lua"/>
	<Script file="Localization_Zorlen_RU.lua"/>

	<Script file="Zorlen.lua"/>
	<Script file="Zorlen_RegisterButtons.lua"/>
	<Script file="Zorlen_Other.lua"/>
	<Script file="Zorlen_Pets.lua"/>
	<Script file="Zorlen_Druid.lua"/>
	<Script file="Zorlen_Hunter.lua"/>
	<Script file="Zorlen_Mage.lua"/>
	<Script file="Zorlen_Paladin.lua"/>
	<Script file="Zorlen_Priest.lua"/>
	<Script file="Zorlen_Rogue.lua"/>
	<Script file="Zorlen_Shaman.lua"/>
	<Script file="Zorlen_Warlock.lua"/>
	<Script file="Zorlen_Warrior.lua"/>
	<Frame name="ZorlenFrame" hidden="true">
		<Scripts>
			<OnLoad>
				Zorlen_OnLoad();
			</OnLoad>
			<OnUpdate>
				Zorlen_OnUpdate(arg1);
			</OnUpdate>
			<OnEvent>
				Zorlen_OnEvent(event, arg1, arg2, arg3);
			</OnEvent>
		</Scripts>
	</Frame>
</Ui>