<Ui>
  <Script file="CornerMinimap.lua"/>
  <Frame name="CornerMinimapFrame" hidden="true">
    <Scripts>
      <OnLoad>
        CornerMinimap.OnLoad()
      </OnLoad>
      <OnEvent>
        CornerMinimap.OnEvent()
	  </OnEvent>
    </Scripts>
  </Frame>
  <Frame name="MinimapZoom" frameStrata="LOW" enableMouse="false" parent="Minimap" Hidden="false">
    <Size>
        <AbsDimension x="128" y="128"/>
    </Size>
    <Anchors>
    <Anchor point="CENTER" relativePoint="CENTER" relativeTo="Minimap">
        <Offset>
            <AbsDimension x="0" y="0"/>
        </Offset>
    </Anchor>
    </Anchors>          
    <Scripts>
      <OnMouseWheel>
            MiniMap_OnMouseWheel(arg1);
      </OnMouseWheel>
    </Scripts>
  </Frame>
</Ui>
