<Ui xmlns="http://www.blizzard.com/wow/ui/" xmlns:xsi="http://www.w3.org/2001/XMLSchema-instance" xsi:schemaLocation="http://www.blizzard.com/wow/ui/
..\FrameXML\UI.xsd">
	<Script file="localization.lua"/>
	<Script file="localizationDE.lua"/>
	<Script file="localizationFR.lua"/>
	<Script file="TitanFriendsX.lua"/>
	<Frame parent="UIParent">
		<Frames>
			<Button name="TitanPanelFriendsXButton" inherits="TitanPanelTextTemplate" frameStrata="FULLSCREEN" toplevel="true">
				<Scripts>
					<OnLoad>
						TitanPanelFriendsXButton_OnLoad();
						TitanPanelButton_OnLoad();
					</OnLoad>
					<OnEvent>
						TitanPanelFriendsXButton_OnEvent(event);
					</OnEvent>
					<OnEnter>
						TitanPanelFriendsXButton_OnEnter();
						TitanPanelButton_OnEnter();
					</OnEnter>
				</Scripts>
			</Button>
		</Frames>
	</Frame>	
</Ui>