<Ui xmlns="http://www.blizzard.com/wow/ui/" xmlns:xsi="http://www.w3.org/2001/XMLSchema-instance" xsi:schemaLocation="http://www.blizzard.com/wow/ui/FrameXML/UI.xsd">
	<Frame name="KC_ItemsStatsFrame" inherits="AceGUIBasicDialogTemplate" hidden="true" parent="UIParent" frameStrata="LOW">
		<Frames>
			<Frame name="$parentP" inherits="AceGUIOptionsBoxTemplate">
				<Layers>
					<Layer level="OVERLAY">
						<FontString name="$parentLine1" inherits="GameFontNormal"/>
						<FontString name="$parentLine2" inherits="GameFontNormal"/>
						<FontString name="$parentLine3" inherits="GameFontNormal"/>
					</Layer>
				</Layers>
            </Frame>
        </Frames>
		<Scripts>
			<OnMouseDown>
				this:StartMoving() 
			</OnMouseDown>
			<OnMouseUp>
				this:StopMovingOrSizing()
			</OnMouseUp>
		</Scripts>
    </Frame>
</Ui>
