<Ui xmlns="http://www.blizzard.com/wow/ui/" xmlns:xsi="http://www.w3.org/2001/XMLSchema-instance" xsi:schemaLocation="http://www.blizzard.com/wow/ui/
C:\Projects\WoW\Bin\Interface\FrameXML\UI.xsd">
    <Script file="localization.lua"/>
	<Script file="SpellTimer.lua"/>
	
    <FontString name="ModOptionCheckBoxFont" inherits="QuestFont" virtual="true">
		<FontHeight>
			<AbsValue val="14"/>
		</FontHeight>
		<Color r="1.0" g="0.82" b="0"/>
		<Shadow>
			<Offset>
				<AbsDimension x="1" y="-1"/>
			</Offset>
			<Color r="0" g="0" b="0"/>
		</Shadow>
	</FontString>

    <CheckButton name="ModOptionCheckButtonTemplate" virtual="true">
		<Size>
			<AbsDimension x="110" y="32"/>
		</Size>
		<Layers>
			<Layer level="OVERLAY">
				<FontString name="$parentText" inherits="ModOptionCheckBoxFont">
					<Anchors>
						<Anchor point="LEFT" relativePoint="LEFT">
							<Offset>
								<AbsDimension x="32" y="0"/>
							</Offset>
						</Anchor>
					</Anchors>
				</FontString>
			</Layer>
		</Layers>
		<Scripts>
			<OnClick>
				if ( this:GetChecked() ) then
					PlaySound("igMainMenuOptionCheckBoxOff");
				else
					PlaySound("igMainMenuOptionCheckBoxOn");
				end
				ModOptionCheckButton_OnClick();
			</OnClick>
		</Scripts>
		<NormalTexture file="Interface\Buttons\UI-CheckBox-Up">
			<Size>
				<AbsDimension x="28" y="28"/>
			</Size>
			<Anchors>
				<Anchor point="LEFT">
					<Offset>
						<AbsDimension x="3" y="0"/>
					</Offset>
				</Anchor>
			</Anchors>
		</NormalTexture>
		<PushedTexture file="Interface\Buttons\UI-CheckBox-Down">
			<Size>
				<AbsDimension x="28" y="28"/>
			</Size>
			<Anchors>
				<Anchor point="LEFT">
					<Offset>
						<AbsDimension x="3" y="0"/>
					</Offset>
				</Anchor>
			</Anchors>
		</PushedTexture>
		<HighlightTexture file="Interface\Buttons\UI-CheckBox-Highlight" alphaMode="ADD">
			<Size>
				<AbsDimension x="28" y="28"/>
			</Size>
			<Anchors>
				<Anchor point="LEFT">
					<Offset>
						<AbsDimension x="3" y="0"/>
					</Offset>
				</Anchor>
			</Anchors>
		</HighlightTexture>
		<CheckedTexture file="Interface\Buttons\UI-CheckBox-Check">
			<Size>
				<AbsDimension x="28" y="28"/>
			</Size>
			<Anchors>
				<Anchor point="LEFT">
					<Offset>
						<AbsDimension x="3" y="0"/>
					</Offset>
				</Anchor>
			</Anchors>
		</CheckedTexture>
		<DisabledCheckedTexture file="Interface\Buttons\UI-CheckBox-Check-Disabled">
			<Size>
				<AbsDimension x="24" y="24"/>
			</Size>
			<Anchors>
				<Anchor point="LEFT">
					<Offset>
						<AbsDimension x="3" y="0"/>
					</Offset>
				</Anchor>
			</Anchors>
		</DisabledCheckedTexture>
	</CheckButton>

	<Slider name="SpellTimerOptionSliderTemplate" orientation="HORIZONTAL" virtual="true" enableMouse="true">
		<Size>
			<AbsDimension x="80" y="17"/>
		</Size>
		<HitRectInsets>
			<AbsInset left="0" right="0" top="-10" bottom="-10"/>
		</HitRectInsets>
		<Backdrop bgFile="Interface\Buttons\UI-SliderBar-Background" edgeFile="Interface\Buttons\UI-SliderBar-Border" tile="true">
			<EdgeSize>
				<AbsValue val="8"/>
			</EdgeSize>
			<TileSize>
				<AbsValue val="8"/>
			</TileSize>
			<BackgroundInsets>
				<AbsInset left="3" right="3" top="6" bottom="6"/>
			</BackgroundInsets>
		</Backdrop>
		<Layers>
			<Layer level="ARTWORK">
				<FontString name="$parentText" inherits="GameFontNormalSmall">
					<Anchors>
						<Anchor point="LEFT" relativePoint="RIGHT">
							<Offset>
								<AbsDimension x="5" y="0"/>
							</Offset>
						</Anchor>
					</Anchors>
				</FontString>
			</Layer>
		</Layers>
		<Scripts>
			<OnEnter>
				if ( this.tooltipText ) then
					GameTooltip:SetOwner(this, "ANCHOR_RIGHT");
					GameTooltip:SetText(this.tooltipText, nil, nil, nil, nil, 1);
					GameTooltip:Show();
				end
				if ( this.tooltipRequirement ) then
					GameTooltip:AddLine(this.tooltipRequirement, "", 1.0, 1.0, 1.0);
					GameTooltip:Show();
				end
			</OnEnter>
			<OnLeave>
				GameTooltip:Hide();
			</OnLeave>
		</Scripts>
		<ThumbTexture name="$parentThumb" file="Interface\Buttons\UI-SliderBar-Button-Horizontal">
			<Size>
				<AbsDimension x="32" y="32"/>
			</Size>
		</ThumbTexture>
	</Slider>

	<Frame name="SpellTimerFrameTemplate" frameStrat="MEDIUM" parent="UIParent" hidden="true" virtual="true">
		<Size>
			<AbsDimension x="180" y="32"/>
		</Size>
		<Layers>
			<Layer level="ARTWORK">
				<FontString name="$parentText" inherits="ChatFontNormal" justifyH="LEFT">
					<Size>
						<AbsDimension x="180" y="16"/>
					</Size>
					<Anchors>
						<Anchor point="TOPLEFT">
							<Offset>
								<AbsDimension x="35" y="0"/>
							</Offset>
						</Anchor>
					</Anchors>
				</FontString>
			</Layer>
		</Layers>
		<Frames>
			<Button name="$parentIcon">
				<Size>
					<AbsDimension x="30" y="30"/>
				</Size>
				<Anchors>
					<Anchor point="LEFT">
						<Offset>
							<AbsDimension x="0" y="0"/>
						</Offset>
					</Anchor>
				</Anchors>
				<Layers>
					<Layer level="BACKGROUND">
						<Texture name="$parentTexture"/>
					</Layer>
				</Layers>
				<Scripts>
					<OnLoad>
						this:RegisterForClicks("LeftButtonDown", "LeftButtonUp", "RightButtonUp");
					</OnLoad>
					<OnClick>
						if (not IsShiftKeyDown()) then
							SpellTimerFrame_OnClick(arg1);
						end
					</OnClick>
					<OnEnter>
						SpellTimerFrame_OnEnter();
					</OnEnter>
					<OnLeave>
						GameTooltip:Hide();
					</OnLeave>
					<OnMouseDown>
						if (IsShiftKeyDown()) then
							this.moving = 1;
							SpellTimerMainFrame:StartMoving();
						end
					</OnMouseDown>
					<OnMouseUp>
						SpellTimerMainFrame:StopMovingOrSizing();
					</OnMouseUp>
					<OnHide>
						if (this.moving) then
							SpellTimerMainFrame:StopMovingOrSizing();
							this.moving = nil;
						end
					</OnHide>
				</Scripts>
			</Button>
			<StatusBar name="$parentBar" drawLayer="BORDER">
				<Size>
					<AbsDimension x="128" y="13"/>
				</Size>
				<Anchors>
					<Anchor point="BOTTOMLEFT">
						<Offset>
							<AbsDimension x="35" y="2"/>
						</Offset>
					</Anchor>
				</Anchors>
				<Layers>
					<Layer level="BACKGROUND">
						<Texture setAllPoints="true">
							<Color r="0" g="0" b="0" a="0.5"/>
						</Texture>		
					</Layer>
					<Layer level="OVERLAY">
						<Texture name="$parentSpark" file="Interface\CastingBar\UI-CastingBar-Spark" alphaMode="ADD">
							<Size>
								<AbsDimension x="16" y="24"/>
							</Size>
							<Anchors>
								<Anchor point="CENTER">
								</Anchor>
							</Anchors>
						</Texture>
						<Texture name="$parentFlash" file="Interface\CastingBar\UI-CastingBar-Flash" alphaMode="ADD">
							<Size>
								<AbsDimension x="170" y="32"/>
							</Size>
							<Anchors>
								<Anchor point="TOP">
									<Offset>
										<AbsDimension x="0" y="10"/>
									</Offset>
								</Anchor>
							</Anchors>
						</Texture>
					</Layer>
				</Layers>
				<Frames>
					<Button name="$parentBorder">
						<Size>
							<AbsDimension x="132" y="24"/>
						</Size>
						<Anchors>
							<Anchor point="LEFT">
								<Offset>
									<AbsDimension x="-3" y="0"/>
								</Offset>
							</Anchor>
						</Anchors>
						<HitRectInsets>
							<AbsInset left="0" right="0" top="7" bottom="7"/>
						</HitRectInsets>
						<NormalTexture name="$parentNormal" file="Interface\PaperDollInfoFrame\UI-Character-Skills-BarBorder"/>
						<HighlightTexture name="$parentHighlight" file="Interface\PaperDollInfoFrame\UI-Character-Skills-BarBorderHighlight"/>
					</Button>
				</Frames>
				<BarTexture file="Interface\TargetingFrame\UI-StatusBar"/>
				<BarColor r="1.0" g="0.7" b="0.0"/>
			</StatusBar>
		</Frames>
		<Scripts>
			<OnUpdate>
				SpellTimerFrame_OnUpdate(arg1);
			</OnUpdate>
		</Scripts>
	</Frame>

	<Frame name="SpellTimerMainFrame" frameStrata="MEDIUM" movable="true" enableMouse="false" parent="UIParent" hidden="false">
		<Size>
			<AbsDimension x="1" y="1"/>
		</Size>
		<Anchors>
			<Anchor point="TOPLEFT" relativeTo="UIParent" relativePoint="BOTTOMRIGHT">
				<Offset>
					<AbsDimension x="-346" y="453"/>
				</Offset>
			</Anchor>
		</Anchors>
		<Scripts>
			<OnLoad>
				SpellTimerFrame_OnLoad();
			</OnLoad>
			<OnEvent>
				SpellTimerFrame_OnEvent();
			</OnEvent>
			<OnShow>
				this:SetBackdropColor(0.0, 0.0, 0.0);
			</OnShow>
			<OnMouseDown>
				this:StartMoving();
			</OnMouseDown>
			<OnMouseUp>
				this:StopMovingOrSizing();
			</OnMouseUp>
		</Scripts>
	</Frame>

	<Frame name="SpellTimerFrame1" inherits="SpellTimerFrameTemplate">
		<Anchors>
			<Anchor point="TOPLEFT" relativeTo="SpellTimerMainFrame" relativePoint="TOPLEFT">
				<Offset>
					<AbsDimension x="15" y="-10"/>
				</Offset>
			</Anchor>
		</Anchors>
	</Frame>
	<Frame name="SpellTimerFrame2" inherits="SpellTimerFrameTemplate">
		<Anchors>
			<Anchor point="TOP" relativeTo="SpellTimerFrame1" relativePoint="BOTTOM">
				<Offset>
					<AbsDimension x="0" y="0"/>
				</Offset>
			</Anchor>
		</Anchors>
	</Frame>
	<Frame name="SpellTimerFrame3" inherits="SpellTimerFrameTemplate">
		<Anchors>
			<Anchor point="TOP" relativeTo="SpellTimerFrame2" relativePoint="BOTTOM">
				<Offset>
					<AbsDimension x="0" y="0"/>
				</Offset>
			</Anchor>
		</Anchors>
	</Frame>
	<Frame name="SpellTimerFrame4" inherits="SpellTimerFrameTemplate">
		<Anchors>
			<Anchor point="TOP" relativeTo="SpellTimerFrame3" relativePoint="BOTTOM">
				<Offset>
					<AbsDimension x="0" y="0"/>
				</Offset>
			</Anchor>
		</Anchors>
	</Frame>
	<Frame name="SpellTimerFrame5" inherits="SpellTimerFrameTemplate">
		<Anchors>
			<Anchor point="TOP" relativeTo="SpellTimerFrame4" relativePoint="BOTTOM">
				<Offset>
					<AbsDimension x="0" y="0"/>
				</Offset>
			</Anchor>
		</Anchors>
	</Frame>
	<Frame name="SpellTimerFrame6" inherits="SpellTimerFrameTemplate">
		<Anchors>
			<Anchor point="TOP" relativeTo="SpellTimerFrame5" relativePoint="BOTTOM">
				<Offset>
					<AbsDimension x="0" y="0"/>
				</Offset>
			</Anchor>
		</Anchors>
	</Frame>
	<Frame name="SpellTimerFrame7" inherits="SpellTimerFrameTemplate">
		<Anchors>
			<Anchor point="TOP" relativeTo="SpellTimerFrame6" relativePoint="BOTTOM">
				<Offset>
					<AbsDimension x="0" y="0"/>
				</Offset>
			</Anchor>
		</Anchors>
	</Frame>
	<Frame name="SpellTimerFrame8" inherits="SpellTimerFrameTemplate">
		<Anchors>
			<Anchor point="TOP" relativeTo="SpellTimerFrame7" relativePoint="BOTTOM">
				<Offset>
					<AbsDimension x="0" y="0"/>
				</Offset>
			</Anchor>
		</Anchors>
	</Frame>

	<Frame name="SpellTimerOptionTemplate" hidden="false" virtual="true">
		<Size>
			<AbsDimension x="300" y="20"/>
		</Size>
		<Frames>
			<CheckButton name="$parentCheckbox" inherits="ModOptionCheckButtonTemplate" hidden="false">
				<Size>
					<AbsDimension x="110" y="20"/>
				</Size>
				<Anchors>
					<Anchor point="LEFT">
						<Offset>
							<AbsDimension x="3" y="0"/>
						</Offset>
					</Anchor>
				</Anchors>
				<Scripts>
					<OnClick>
						SpellTimerOptionFrameCheckbox_OnClick(this:GetParent():GetID());
					</OnClick>
				</Scripts>
			</CheckButton>
			<Slider name="$parentSlider" inherits="SpellTimerOptionSliderTemplate">
				<Anchors>
					<Anchor point="LEFT" relativeTo="$parentCheckbox" relativePoint="RIGHT">
						<Offset>
							<AbsDimension x="40" y="2"/>
						</Offset>
					</Anchor>
				</Anchors>
				<Scripts>
					<OnLoad>
						getglobal(this:GetName().."Text"):SetText("5");
						this:SetMinMaxValues(0, 5);
						this:SetValueStep(0.5);
						this.tooltipText = SPELLTIMER_TEXT_OPTION_SLIDER;
					</OnLoad>
					<OnValueChanged>
						SpellTimerOptionFrameSlider_OnChange(this:GetParent():GetID());
					</OnValueChanged>
				</Scripts>
			</Slider>
		</Frames>
	</Frame>
	
    <Frame name="SpellTimer_Option" toplevel="true" movable="true" enableMouse="true" hidden="true" parent="UIParent">
    <Size>
         <AbsDimension x="384" y="512"/>
    </Size>
    <Anchors>
         <Anchor point="TOPLEFT">
              <Offset>
                   <AbsDimension x="0" y="-104"/>
              </Offset>
         </Anchor>
    </Anchors>
    <HitRectInsets>
         <AbsInset left="0" right="30" top="0" bottom="70"/>
    </HitRectInsets>
    <Layers>
         <Layer level="BACKGROUND">
              <Texture name="$parentIconTexture">
                   <Size><AbsDimension x="60" y="60"/></Size>
                   <Anchors>
                        <Anchor point="TOPLEFT">
                             <Offset><AbsDimension x="7" y="-6"/></Offset>
                        </Anchor>
                   </Anchors>
              </Texture>
         </Layer>
         <Layer level="BORDER">
              <Texture file="Interface\PaperDollInfoFrame\UI-Character-General-TopLeft">
                   <Size><AbsDimension x="256" y="256"/></Size>
                   <Anchors><Anchor point="TOPLEFT"/></Anchors>
              </Texture>
              <Texture file="Interface\PaperDollInfoFrame\UI-Character-General-TopRight">
                   <Size><AbsDimension x="128" y="256"/></Size>
                   <Anchors><Anchor point="TOPRIGHT"/></Anchors>
              </Texture>
              <Texture file="Interface\MacroFrame\MacroFrame-BotLeft">
                   <Size><AbsDimension x="256" y="256"/></Size>
                   <Anchors><Anchor point="BOTTOMLEFT"/></Anchors>
              </Texture>
              <Texture file="Interface\MacroFrame\MacroFrame-BotRight">
                   <Size><AbsDimension x="128" y="256"/></Size>
                   <Anchors><Anchor point="BOTTOMRIGHT"/></Anchors>
              </Texture>
              <FontString name="$parentTitleText" inherits="GameFontNormal">
                   <Anchors>
				        <Anchor point="TOP" relativeTo="$parent" relativePoint="TOP">
                             <Offset><AbsDimension x="0" y="-17"/></Offset>
                        </Anchor>
                   </Anchors>
              </FontString>
         </Layer>
    </Layers>
    <Frames>
         <Button name="$parentCloseButton" inherits="UIPanelCloseButton">
              <Anchors>
                   <Anchor point="CENTER" relativeTo="$parent" relativePoint="TOPRIGHT">
                        <Offset><AbsDimension x="-46" y="-24"/></Offset>
                   </Anchor>
              </Anchors>
			  <Scripts>
                   <OnClick>
				        PlaySound("igMainMenuOption");		
                        SpellTimer_Cancel();
                   </OnClick>
              </Scripts>
         </Button>
         <Button name="$parentDefaultButton" inherits="UIPanelButtonTemplate" text="DEFAULTS">
              <Size><AbsDimension x="80" y="22"/></Size>
              <Anchors>
                   <Anchor point="BOTTOMLEFT" relativeTo="$parent">
                        <Offset><AbsDimension x="17" y="79"/></Offset>
                   </Anchor>
              </Anchors>
              <Scripts>
                   <OnClick>
                       Load_Default_OnClick();
                   </OnClick>				   
              </Scripts>
         </Button>
         <Button name="$parentOkayButton" inherits="UIPanelButtonTemplate" text="OKAY">
              <Size><AbsDimension x="80" y="22"/></Size>
              <Anchors>
                   <Anchor point="CENTER" relativeTo="$parent" relativePoint="TOPLEFT">
                        <Offset><AbsDimension x="222" y="-422"/></Offset>
                   </Anchor>
              </Anchors>
              <Scripts>
                   <OnClick>
                        PlaySound("igMainMenuOption");
						if (SpellTimer_EnemyOptionFrame) then
						     SpellTimer_EnemyOptionFrame:Hide();
						end
                        SpellTimerOptionFrame:Show();
						HideUIPanel(this:GetParent());
                   </OnClick>
              </Scripts>
         </Button>
         <Button name="$parentCancelButton" inherits="UIPanelButtonTemplate" text="CANCEL">
              <Size><AbsDimension x="80" y="22"/></Size>
              <Anchors>
                   <Anchor point="CENTER" relativeTo="$parent" relativePoint="TOPLEFT">
                        <Offset><AbsDimension x="303" y="-422"/></Offset>
                   </Anchor>
              </Anchors>
              <Scripts>
                   <OnClick>
				        SpellTimer_Cancel();
                   </OnClick>
              </Scripts>
         </Button>
    </Frames>
    <Scripts>
         <OnShow>
              SpellTimer_Option_OnShow();
         </OnShow>
		 <OnHide>		      
		      SpellTimerOptionFrame:Hide();
			  if SpellTimer_EnemyOptionFrame then
			       SpellTimer_EnemyOptionFrame:Hide();
			  end
		 </OnHide>
    </Scripts>
  </Frame>
	<Frame name="SpellTimerOptionFrame" frameStrata="DIALOG" toplevel="true"  hidden="true" parent="SpellTimer_Option">	
		<Anchors>
			<Anchor point="CENTER" relativePoint="CENTER">
				<Offset>
					<AbsDimension x="-14" y="36"/>
				</Offset>
			</Anchor>
		</Anchors>
		<HitRectInsets>
			<AbsInset left="0" right="30" top="0" bottom="70"/>
		</HitRectInsets>
		<Size>
			<AbsDimension x="340" y="326"/>
		</Size>
		<Frames>
			<Frame>
				<Size>
					<AbsDimension x="256" y="256"/>
				</Size>
				<Anchors>
					<Anchor point="TOPLEFT">
						<Offset>
							<AbsDimension x="0" y="0"/>
						</Offset>
					</Anchor>
				</Anchors>
				<Frames>
					<CheckButton name="$parentEnable" inherits="ModOptionCheckButtonTemplate" hidden="false">
						<Anchors>
							<Anchor point="TOPLEFT" relativeTo="SpellTimerOptionFrame">
								<Offset>
									<AbsDimension x="16" y="-20"/>
								</Offset>
							</Anchor>
						</Anchors>
						<Scripts>
							<OnClick>
								SpellTimerOptionEnable_OnClick();
							</OnClick>
							<OnShow>
								SpellTimerOptionEnable_OnShow();
							</OnShow>
						</Scripts>
					</CheckButton>
					<Frame name="$parentSpellOption1" inherits="SpellTimerOptionTemplate">
						<Anchors>
							<Anchor point="TOPLEFT" relativeTo="$parentEnable">
								<Offset>
									<AbsDimension x="20" y="-30"/>
								</Offset>
							</Anchor>
						</Anchors>
					</Frame>
					<Frame name="$parentSpellOption2" inherits="SpellTimerOptionTemplate">
						<Anchors>
							<Anchor point="TOP" relativeTo="$parentSpellOption1" relativePoint="BOTTOM">
								<Offset>
									<AbsDimension x="0" y="-2"/>
								</Offset>
							</Anchor>
						</Anchors>
					</Frame>
					<Frame name="$parentSpellOption3" inherits="SpellTimerOptionTemplate">
						<Anchors>
							<Anchor point="TOP" relativeTo="$parentSpellOption2" relativePoint="BOTTOM">
								<Offset>
									<AbsDimension x="0" y="-2"/>
								</Offset>
							</Anchor>
						</Anchors>
					</Frame>
					<Frame name="$parentSpellOption4" inherits="SpellTimerOptionTemplate">
						<Anchors>
							<Anchor point="TOP" relativeTo="$parentSpellOption3" relativePoint="BOTTOM">
								<Offset>
									<AbsDimension x="0" y="-2"/>
								</Offset>
							</Anchor>
						</Anchors>
					</Frame>
					<Frame name="$parentSpellOption5" inherits="SpellTimerOptionTemplate">
						<Anchors>
							<Anchor point="TOP" relativeTo="$parentSpellOption4" relativePoint="BOTTOM">
								<Offset>
									<AbsDimension x="0" y="-2"/>
								</Offset>
							</Anchor>
						</Anchors>
					</Frame>
					<Frame name="$parentSpellOption6" inherits="SpellTimerOptionTemplate">
						<Anchors>
							<Anchor point="TOP" relativeTo="$parentSpellOption5" relativePoint="BOTTOM">
								<Offset>
									<AbsDimension x="0" y="-2"/>
								</Offset>
							</Anchor>
						</Anchors>
					</Frame>
					<Frame name="$parentSpellOption7" inherits="SpellTimerOptionTemplate">
						<Anchors>
							<Anchor point="TOP" relativeTo="$parentSpellOption6" relativePoint="BOTTOM">
								<Offset>
									<AbsDimension x="0" y="-2"/>
								</Offset>
							</Anchor>
						</Anchors>
					</Frame>
					<Frame name="$parentSpellOption8" inherits="SpellTimerOptionTemplate">
						<Anchors>
							<Anchor point="TOP" relativeTo="$parentSpellOption7" relativePoint="BOTTOM">
								<Offset>
									<AbsDimension x="0" y="-2"/>
								</Offset>
							</Anchor>
						</Anchors>
					</Frame>
					<CheckButton name="SpellTimerOptionShowProgress" inherits="ModOptionCheckButtonTemplate" hidden="false">
						<Anchors>
							<Anchor point="TOPLEFT" relativeTo="$parentSpellOption8" relativePoint="BOTTOMLEFT">
								<Offset>
									<AbsDimension x="-20" y="-2"/>
								</Offset>
							</Anchor>
						</Anchors>
						<Scripts>
							<OnClick>
								SpellTimerOptionShowProgress_OnClick();
							</OnClick>
							<OnShow>
								SpellTimerOptionShowProgress_OnShow();
							</OnShow>
						</Scripts>
					</CheckButton>
					<CheckButton name="SpellTimerOptionShowName" inherits="ModOptionCheckButtonTemplate" hidden="false">
						<Anchors>
							<Anchor point="TOPLEFT" relativeTo="SpellTimerOptionShowProgress" relativePoint="TOPLEFT">
								<Offset>
									<AbsDimension x="0" y="-25"/>
								</Offset>
							</Anchor>
						</Anchors>
						<Scripts>
							<OnClick>
								SpellTimerOptionShowName_OnClick();
							</OnClick>
							<OnShow>
								SpellTimerOptionShowName_OnShow();
							</OnShow>
						</Scripts>
					</CheckButton>
					<CheckButton name="SpellTimerOptionShowTargetName" inherits="ModOptionCheckButtonTemplate" hidden="false">
						<Anchors>
							<Anchor point="LEFT" relativeTo="SpellTimerOptionShowProgress" relativePoint="RIGHT">
								<Offset>
									<AbsDimension x="30" y="0"/>
								</Offset>
							</Anchor>
						</Anchors>
						<Scripts>
							<OnClick>
								ST_ShowTargetName_OnClick();
							</OnClick>
							<OnShow>
								ST_ShowTargetName_OnShow();
							</OnShow>
						</Scripts>
					</CheckButton>
					<CheckButton name="SpellTimerOptionShowTooltip" inherits="ModOptionCheckButtonTemplate" hidden="false">
						<Anchors>
							<Anchor point="LEFT" relativeTo="SpellTimerOptionShowName" relativePoint="RIGHT">
								<Offset>
									<AbsDimension x="30" y="0"/>
								</Offset>
							</Anchor>
						</Anchors>
						<Scripts>
							<OnClick>
								ST_MoseInfo_OnClick();
							</OnClick>
							<OnShow>
								ST_MoseInfo_Onshow();
							</OnShow>
						</Scripts>
					</CheckButton>
					<CheckButton name="SpellTimerOptionCastbar" inherits="ModOptionCheckButtonTemplate" hidden="false">
						<Anchors>
							<Anchor point="TOPLEFT" relativeTo="SpellTimerOptionShowName" relativePoint="TOPLEFT">
								<Offset>
									<AbsDimension x="0" y="-25"/>
								</Offset>
							</Anchor>
						</Anchors>
						<Scripts>
							<OnClick>
								Enable_STCastBar_OnClick();
							</OnClick>
							<OnShow>
								Enable_STCastBar_OnShow();
							</OnShow>
						</Scripts>
					</CheckButton>
					
					<Button name="ST_ShowEnemyOptionButton" inherits="OptionsButtonTemplate" text="SHOW_ENEMY_OPTION">
				       <Anchors>
				           <Anchor point="TOPLEFT" relativeTo="SpellTimerOptionCastbar" relativePoint="TOPLEFT">
						       <Offset>
							        <AbsDimension x="6" y="-38"/>
						       </Offset>
					       </Anchor>
				       </Anchors>
				       <Scripts>
					       <OnClick>
						       ST_LoadEnemy_OnClick()   
					       </OnClick>
						   <OnShow>
						       ST_Eenemy_OnShow()
						   </OnShow>
						   <OnEnter>
						       GameTooltip_AddNewbieTip(ST_ENEMY_TOOLTIP, 1.0, 1.0, 1.0);
					       </OnEnter>
					       <OnLeave>
						       GameTooltip:Hide();
					       </OnLeave>
				       </Scripts>
			        </Button>
					<Slider name="ST_MinimapPosSlider" inherits="OptionsSliderTemplate">
				        <Size><AbsDimension x="140" y="17"/></Size>
				        <Anchors>
					         <Anchor point="LEFT" relative="ST_ShowEnemyOptionButton">
						         <Offset>
							         <AbsDimension x="170" y="-200"/>
						         </Offset>
					         </Anchor>
				        </Anchors>
				        <Scripts>
					         <OnLoad>	  							 getglobal(this:GetName().."Text"):SetText(SPELLTIMER_MINIMAPBUTTONPOS);
						         getglobal(this:GetName().."High"):SetText();
						         getglobal(this:GetName().."Low"):SetText();
						         this:SetMinMaxValues(0, 360);
						         this:SetValueStep(1);
						         this.tooltipText = SPELLTIMER_MINIMAPBUTTON_POS_TOOLTIP;
					         </OnLoad>
					         <OnShow>
						         local where = ST_GetSetting();
						         if (where) then
							          this:SetValue(where);
						         end
								 ST_MinimapButton_UpdatePosition();  
					         </OnShow>
					         <OnValueChanged>
						        local where = this:GetValue();						 getglobal(this:GetName().."Text"):SetText(SPELLTIMER_MINIMAPBUTTONPOS .. " - "..this:GetValue().."\194\176");
						         ST_SetSetting(where);  
						         ST_MinimapButton_UpdatePosition();  
					         </OnValueChanged>
				        </Scripts>
				    </Slider>
					<ScrollFrame name="SpellTimerScrollFrame" inherits="FauxScrollFrameTemplate">
						<Size>
							<AbsDimension x="32" y="180"/>
						</Size>
						<Anchors>
							<Anchor point="TOPRIGHT" relativeTo="SpellTimerOptionFrame">
								<Offset>
									<AbsDimension x="-30" y="-40"/>
								</Offset>
							</Anchor>
						</Anchors>
						<Scripts>
							<OnVerticalScroll>
								FauxScrollFrame_OnVerticalScroll(20, SpellTimerList_Update);
							</OnVerticalScroll>
						</Scripts>
					</ScrollFrame>
				</Frames>				
			</Frame>
		</Frames>
		<Scripts>
			<OnShow>			   
				SpellTimerOptionFrame_OnShow();
			</OnShow>
		</Scripts>
	</Frame>        

	<GameTooltip name="SpellTimerTooltip" parent="UIParent" hidden="false" frameStrata="TOOLTIP" inherits="GameTooltipTemplate">
		<Scripts><OnLoad>this:SetOwner(UIParent, "ANCHOR_NONE");</OnLoad></Scripts>
	</GameTooltip>
    
	<Frame name="SpelltimerCasteBarMove" movable="true" enableMouse="true" parent="UIParent" hidden="true">
	   	<Size>
			<AbsDimension x="215" y="33"/>
		</Size>
		<Anchors>
			<Anchor point="BOTTOM">
				<Offset>
					<AbsDimension x="0" y="150"/>
				</Offset>
			</Anchor>
		</Anchors>
		<Backdrop bgFile="Interface\DialogFrame\UI-DialogBox-Background" edgeFile="Interface\DialogFrame\UI-DialogBox-Border" tile="true">
			<TileSize>
				<AbsValue val="16"/>
			</TileSize>
			<EdgeSize>
				<AbsValue val="16"/>
			</EdgeSize>
		</Backdrop>
		<Scripts>
			<OnLoad>
				this:RegisterForDrag("LeftButton");
			</OnLoad>
			<OnMouseUp>
				if ( this.isMoving ) then
					this:StopMovingOrSizing();
					this.isMoving = false;
				end
			</OnMouseUp>
			<OnDragStart>
				this:StartMoving();
				this.isMoving = true;
			</OnDragStart>
			<OnDragStop>
				this:StopMovingOrSizing();
				this.isMoving = false;
			</OnDragStop>
		</Scripts>
	</Frame>

	<StatusBar name="SpelltimerCasteBar" drawLayer="BORDER" toplevel="true" parent="UIParent" movable="true" hidden="true">
		<Size>
			<AbsDimension x="195" y="13"/>
		</Size>
		<Anchors>
			<Anchor point="BOTTOM" relativeTo="SpelltimerCasteBarMove">
				<Offset>
					<AbsDimension x="0" y="7"/>
				</Offset>
			</Anchor>
		</Anchors>
		<Layers>
			<Layer level="BACKGROUND">
				<Texture setAllPoints="true">
					<Color r="0" g="0" b="0" a="0.5"/>
				</Texture>		
			</Layer>
			<Layer level="ARTWORK">
				<FontString name="$parentTextLeft" inherits="GameFontHighlight" text="AIMED">
					<Size>
						<AbsDimension x="185" y="16"/>
					</Size>
					<Anchors>
						<Anchor point="LEFT">
							<Offset>
								<AbsDimension x="2" y="3"/>
							</Offset>
						</Anchor>
					</Anchors>
				</FontString>
                <FontString name="$parentTextRight" inherits="GameFontHighlight" text="99.9" justifyH="LEFT">
					<Size>
						<AbsDimension x="32" y="16"/>
					</Size>
					<Anchors>
						<Anchor point="RIGHT">
							<Offset>
								<AbsDimension x="-5" y="3"/>
							</Offset>
						</Anchor>
					</Anchors>
				</FontString>
				<Texture name="CastingBarBorder" file="Interface\CastingBar\UI-CastingBar-Border">
					<Size>
						<AbsDimension x="256" y="64"/>
					</Size>
					<Anchors>
						<Anchor point="TOP">
							<Offset>
								<AbsDimension x="0" y="28"/>
							</Offset>
						</Anchor>
					</Anchors>
				</Texture>
			</Layer>
			<Layer level="OVERLAY">
				<Texture name="$parentSpark" file="Interface\CastingBar\UI-CastingBar-Spark" alphaMode="ADD">
					<Size>
						<AbsDimension x="32" y="32"/>
					</Size>
					<Anchors>
						<Anchor point="CENTER"/>
					</Anchors>
				</Texture>
				<Texture name="$parentFlash" file="Interface\CastingBar\UI-CastingBar-Flash" alphaMode="ADD">
					<Size>
						<AbsDimension x="256" y="64"/>
					</Size>
					<Anchors>
						<Anchor point="TOP">
							<Offset>
								<AbsDimension x="0" y="28"/>
							</Offset>
						</Anchor>
					</Anchors>
				</Texture>
			</Layer>
		</Layers>
		<Scripts>
			<OnLoad>
				SpelltimerCasteBar_OnLoad();			
			</OnLoad>
			<OnEvent>
			    SpelltimerCastBar_Onevent();
			</OnEvent>
			<OnUpdate>
				SpelltimerCasteBar_OnUpdate();
			</OnUpdate>
			<OnHide>
				this.spell = ""
			</OnHide>
		</Scripts>
		<BarTexture file="Interface\TargetingFrame\UI-StatusBar"/>
		<BarColor r="1.0" g="0.7" b="0.0"/>
	</StatusBar>
</Ui>