<Ui xmlns="http://www.blizzard.com/wow/ui/" xmlns:xsi="http://www.w3.org/2001/XMLSchema-instance" xsi:schemaLocation="http://www.blizzard.com/wow/ui/">

	<Script file="cEasyHealer.lua"/>

	<Frame name="cEasyHealer_Frame_Settings" frameStrata="HIGH" toplevel="true" enableMouse="true" movable="true" parent="UIParent" hidden="true">

		<Backdrop bgFile="Interface\DialogFrame\UI-DialogBox-Background" edgeFile="Interface\Tooltips\UI-Tooltip-Border" tile="true">
			<EdgeSize>
				<AbsValue val="16"/>
			</EdgeSize>
			<TileSize>
				<AbsValue val="32"/>
			</TileSize>
			<BackgroundInsets>
				<AbsInset left="5" right="5" top="5" bottom="5"/>
			</BackgroundInsets>
		</Backdrop>

		<Size>
			<AbsDimension x="280" y="385"/>
		</Size>
		<Anchors>
			<Anchor point="CENTER">
				<Offset>
					<AbsDimension x="0" y="0"/>
				</Offset>
			</Anchor>
		</Anchors> 

		<Layers>
			<Layer level="BACKGROUND">
				
				<FontString inherits="GameFontNormal" text="cEasyHealer Settings">
					<Anchors>
						<Anchor point="TOP">
							<Offset>
								<AbsDimension x="0" y="15"/>
							</Offset>
						</Anchor>
					</Anchors>
				</FontString>

				<FontString inherits="GameFontNormal" text="Spell for normal click:">
					<Anchors>
						<Anchor point="TOPLEFT">
							<Offset>
								<AbsDimension x="10" y="-10"/>
							</Offset>
						</Anchor>
					</Anchors>
				</FontString>
				<FontString inherits="GameFontNormal" text="Spell for shift+click:">
					<Anchors>
						<Anchor point="TOPLEFT">
							<Offset>
								<AbsDimension x="10" y="-55"/>
							</Offset>
						</Anchor>
					</Anchors>
				</FontString>
				<FontString inherits="GameFontNormal" text="Spell for alt+click:">
					<Anchors>
						<Anchor point="TOPLEFT">
							<Offset>
								<AbsDimension x="10" y="-100"/>
							</Offset>
						</Anchor>
					</Anchors>
				</FontString>
				<FontString inherits="GameFontNormal" text="Spell for ctrl+click:">
					<Anchors>
						<Anchor point="TOPLEFT">
							<Offset>
								<AbsDimension x="10" y="-145"/>
							</Offset>
						</Anchor>
					</Anchors>
				</FontString>
				<FontString inherits="GameFontNormal" text="30 yards check">
					<Anchors>
						<Anchor point="TOPLEFT">
							<Offset>
								<AbsDimension x="40" y="-278"/>
							</Offset>
						</Anchor>
					</Anchors>
				</FontString>
				<FontString inherits="GameFontNormalSmall" text="Check your keybinding for additional settings.">
					<Anchors>
						<Anchor point="TOPLEFT">
							<Offset>
								<AbsDimension x="10" y="-315"/>
							</Offset>
						</Anchor>
					</Anchors>
				</FontString>

			</Layer>
		</Layers>

		<Frames>
	
			<EditBox name="cEasyHealer_EditBox_SpellNormal" autoFocus="false" frameStrata="HIGH" historyLines="32" parent="cEasyHealer_Frame_Settings" justifyH="LEFT">
				<Backdrop name="$parentBackdrop" bgFile="Interface\TutorialFrame\TutorialFrameBackground" edgeFile="Interface\DialogFrame\UI-DialogBox-Border" tile="true">
					<EdgeSize>
						<AbsValue val="16"/>
					</EdgeSize>
					<TileSize>
						<AbsValue val="32"/>
					</TileSize>
					<BackgroundInsets>
						<AbsInset left="5" right="5" top="5" bottom="5"/>
					</BackgroundInsets>
				</Backdrop>
				<Size>
					<AbsDimension x="257" y="28"/>
				</Size>
				<Anchors>
					<Anchor point="TOPLEFT">
						<Offset>
							<AbsDimension x="10" y="-25"/>
						</Offset>
					</Anchor>
				</Anchors>
				<Scripts>
					<OnShow>
						this:ClearFocus();
					</OnShow>
					<OnEscapePressed>
						this:ClearFocus();
					</OnEscapePressed>
					<OnTextChanged>
						CEASYHEALER_SPELL_TO_CAST = cEasyHealer_EditBox_SpellNormal:GetText();
					</OnTextChanged>
				</Scripts>
				<FontString inherits="ChatFontNormal" bytes="256"/>
			</EditBox>

			<EditBox name="cEasyHealer_EditBox_SpellShift" autoFocus="false" frameStrata="HIGH" historyLines="32" parent="cEasyHealer_Frame_Settings" justifyH="LEFT">
				<Backdrop name="$parentBackdrop" bgFile="Interface\TutorialFrame\TutorialFrameBackground" edgeFile="Interface\DialogFrame\UI-DialogBox-Border" tile="true">
					<EdgeSize>
						<AbsValue val="16"/>
					</EdgeSize>
					<TileSize>
						<AbsValue val="32"/>
					</TileSize>
					<BackgroundInsets>
						<AbsInset left="5" right="5" top="5" bottom="5"/>
					</BackgroundInsets>
				</Backdrop>
				<Size>
					<AbsDimension x="257" y="28"/>
				</Size>
				<Anchors>
					<Anchor point="TOPLEFT">
						<Offset>
							<AbsDimension x="10" y="-70"/>
						</Offset>
					</Anchor>
				</Anchors>
				<Scripts>
					<OnShow>
						this:ClearFocus();
					</OnShow>
					<OnEscapePressed>
						this:ClearFocus();
					</OnEscapePressed>
					<OnTextChanged>
						CEASYHEALER_SPELL_TO_CAST_SHIFT = cEasyHealer_EditBox_SpellShift:GetText();
					</OnTextChanged>
				</Scripts>
				<FontString inherits="ChatFontNormal" bytes="256"/>
			</EditBox>

			<EditBox name="cEasyHealer_EditBox_SpellAlt" autoFocus="false" frameStrata="HIGH" historyLines="32" parent="cEasyHealer_Frame_Settings" justifyH="LEFT">
				<Backdrop name="$parentBackdrop" bgFile="Interface\TutorialFrame\TutorialFrameBackground" edgeFile="Interface\DialogFrame\UI-DialogBox-Border" tile="true">
					<EdgeSize>
						<AbsValue val="16"/>
					</EdgeSize>
					<TileSize>
						<AbsValue val="32"/>
					</TileSize>
					<BackgroundInsets>
						<AbsInset left="5" right="5" top="5" bottom="5"/>
					</BackgroundInsets>
				</Backdrop>
				<Size>
					<AbsDimension x="257" y="28"/>
				</Size>
				<Anchors>
					<Anchor point="TOPLEFT">
						<Offset>
							<AbsDimension x="10" y="-115"/>
						</Offset>
					</Anchor>
				</Anchors>
				<Scripts>
					<OnShow>
						this:ClearFocus();
					</OnShow>
					<OnEscapePressed>
						this:ClearFocus();
					</OnEscapePressed>
					<OnTextChanged>
						CEASYHEALER_SPELL_TO_CAST_ALT = cEasyHealer_EditBox_SpellAlt:GetText();
					</OnTextChanged>
				</Scripts>
				<FontString inherits="ChatFontNormal" bytes="256"/>
			</EditBox>

			<EditBox name="cEasyHealer_EditBox_SpellCtrl" autoFocus="false" frameStrata="HIGH" historyLines="32" parent="cEasyHealer_Frame_Settings" justifyH="LEFT">
				<Backdrop name="$parentBackdrop" bgFile="Interface\TutorialFrame\TutorialFrameBackground" edgeFile="Interface\DialogFrame\UI-DialogBox-Border" tile="true">
					<EdgeSize>
						<AbsValue val="16"/>
					</EdgeSize>
					<TileSize>
						<AbsValue val="32"/>
					</TileSize>
					<BackgroundInsets>
						<AbsInset left="5" right="5" top="5" bottom="5"/>
					</BackgroundInsets>
				</Backdrop>
				<Size>
					<AbsDimension x="257" y="28"/>
				</Size>
				<Anchors>
					<Anchor point="TOPLEFT">
						<Offset>
							<AbsDimension x="10" y="-160"/>
						</Offset>
					</Anchor>
				</Anchors>
				<Scripts>
					<OnShow>
						this:ClearFocus();
					</OnShow>
					<OnEscapePressed>
						this:ClearFocus();
					</OnEscapePressed>
					<OnTextChanged>
						CEASYHEALER_SPELL_TO_CAST_CTRL = cEasyHealer_EditBox_SpellCtrl:GetText();
					</OnTextChanged>
				</Scripts>
				<FontString inherits="ChatFontNormal" bytes="256"/>
			</EditBox>

			<Slider name="cEasyHealer_Slider_Threshold" inherits="OptionsSliderTemplate" parent="cEasyHealer_Frame_Settings">
				<Size>
					<AbsDimension x="257" y="16"/>
				</Size>
				<Anchors>
					<Anchor point="TOPLEFT">
						<Offset>
							<AbsDimension x="10" y="-205"/>
						</Offset>
					</Anchor>
				</Anchors>
				<Scripts>
					<OnLoad>
						cEasyHealer_Slider_Threshold:SetMinMaxValues( 0, 100 );
						cEasyHealer_Slider_Threshold:SetValueStep( 1 );
						getglobal(this:GetName().."Text"):SetText("Threshold for Health (" .. cEasyHealer_Slider_Threshold:GetValue() .. "%)" );
						getglobal(this:GetName().."High"):SetText("100");
						getglobal(this:GetName().."Low"):SetText("0");
					</OnLoad>
					<OnValueChanged>
						CEASYHEALER_THRESHOLD = cEasyHealer_Slider_Threshold:GetValue();
						getglobal(this:GetName().."Text"):SetText("Threshold for Health (" .. cEasyHealer_Slider_Threshold:GetValue() .. "%)" );
					</OnValueChanged>
				</Scripts>
			</Slider>

			<Slider name="cEasyHealer_Slider_ManaConserver" inherits="OptionsSliderTemplate" parent="cEasyHealer_Frame_Settings">
				<Size>
					<AbsDimension x="257" y="16"/>
				</Size>
				<Anchors>
					<Anchor point="TOPLEFT">
						<Offset>
							<AbsDimension x="10" y="-240"/>
						</Offset>
					</Anchor>
				</Anchors>
				<Scripts>
					<OnLoad>
						cEasyHealer_Slider_ManaConserver:SetMinMaxValues( 0, 100 );
						cEasyHealer_Slider_ManaConserver:SetValueStep( 1 );
						getglobal(this:GetName().."Text"):SetText( "Threshold for mana conserver (" .. cEasyHealer_Slider_ManaConserver:GetValue() .. "%)" );
						getglobal(this:GetName().."High"):SetText( "100" );
						getglobal(this:GetName().."Low"):SetText( "0" );
					</OnLoad>
					<OnValueChanged>
						CEASYHEALER_MANA_CONSERVER = cEasyHealer_Slider_ManaConserver:GetValue();
						getglobal(this:GetName().."Text"):SetText( "Threshold for mana conserver (" .. cEasyHealer_Slider_ManaConserver:GetValue() .. "%)" );
					</OnValueChanged>
				</Scripts>
			</Slider>

			<CheckButton name="EasyHealer_CheckButton_CheckDistance" inherits="UICheckButtonTemplate" parent="cEasyHealer_Frame_Settings">
				<Anchors>
					<Anchor point="TOPLEFT">
						<Offset>
							<AbsDimension x="10" y="-270"/>
						</Offset>
					</Anchor>
				</Anchors>
				<Scripts>
					<OnClick>
						if( this:GetChecked() ~= nil )
						then
							CEASYHEALER_SETTINGS.CHECK_DISTANCE = true;
							--ChatFrame1:AddMessage( "check distance true" );
						else
							CEASYHEALER_SETTINGS.CHECK_DISTANCE = false;
							--ChatFrame1:AddMessage( "check distance false" );
						end;
					</OnClick>
				</Scripts>
			</CheckButton>

			<Button name="cEasyHealer_Button_Close" inherits="UIPanelButtonTemplate" parent="cEasyHealer_Frame_Settings" text="Close">
				<Size>
					<AbsDimension x="100" y="21"/>
				</Size>
				<Anchors>
					<Anchor point="BOTTOM" relativeTo="cEasyHealer_Frame_Settings" relativePoint="BOTTOM">
						<Offset>
							<AbsDimension x="0" y="10"/>
						</Offset>
					</Anchor>
				</Anchors>
				<Scripts>
					<OnClick>
						HideUIPanel( cEasyHealer_Frame_Settings );
					</OnClick>
				</Scripts>
			</Button>



		</Frames>
	</Frame>

</Ui>