<Ui xmlns="http://www.blizzard.com/wow/ui/" xmlns:xsi="http://www.w3.org/2001/XMLSchema-instance" xsi:schemaLocation="http://www.blizzard.com/wow/ui/">

	<Script file="cEasyHealer.lua"/>

	<Frame name="cEasyHealer_Frame_Menu" inherits="UIMenuTemplate" parent="UIParent">
		<Size>
			<AbsDimension x="110" y="80"/>
		</Size>
		<Anchors>
			<Anchor point="TOPRIGHT" relativeTo="cEasyHealer_Button_Minimap" relativePoint="TOPRIGHT">
				<Offset>
					<AbsDimension x="-20" y="-20"/>
				</Offset>
			</Anchor>
		</Anchors> 
		<Scripts>
			<OnLoad>
				cEasyHealer_Frame_MenuButton1:SetText( "Toggle list" );
				cEasyHealer_Frame_MenuButton1.func = function() cEasyHealer_Function_ToggleMenu(); end	

				cEasyHealer_Frame_MenuButton2:SetText( "Open settings" );
				cEasyHealer_Frame_MenuButton2.func = function() ShowUIPanel( cEasyHealer_Frame_Settings ); end

				cEasyHealer_Frame_MenuButton3:SetText( "Edit filter" );
				cEasyHealer_Frame_MenuButton3.func = function() ShowUIPanel( cEasyHealer_Frame_Filter ); end

				cEasyHealer_Frame_MenuButton4:SetText( "Close menu" );
				cEasyHealer_Frame_MenuButton4.func = function() HideUIPanel( cEasyHealer_Frame_Menu ); end 

				cEasyHealer_Frame_MenuButton1:ClearAllPoints();
				cEasyHealer_Frame_MenuButton1:SetPoint( "TOPLEFT", "cEasyHealer_Frame_Menu", "TOPLEFT", 6, -6 );
				cEasyHealer_Frame_MenuButton2:ClearAllPoints();
				cEasyHealer_Frame_MenuButton2:SetPoint( "TOP", "cEasyHealer_Frame_MenuButton1", "BOTTOM", 0, 0 );
				cEasyHealer_Frame_MenuButton3:ClearAllPoints();
				cEasyHealer_Frame_MenuButton3:SetPoint( "TOP", "cEasyHealer_Frame_MenuButton2", "BOTTOM", 0, 0 );
				cEasyHealer_Frame_MenuButton4:ClearAllPoints();
				cEasyHealer_Frame_MenuButton4:SetPoint( "TOP", "cEasyHealer_Frame_MenuButton3", "BOTTOM", 0, 0 );
			</OnLoad>
		</Scripts>
	</Frame>

</Ui>