<Ui xmlns="http://www.blizzard.com/wow/ui/" xmlns:xsi="http://www.w3.org/2001/XMLSchema-instance" xsi:schemaLocation="http://www.blizzard.com/wow/ui/">

	<Script file="cEasyHealer.lua"/>

	<Frame name="cEasyHealer_Frame_Filter" frameStrata="HIGH" toplevel="true" enableMouse="true" movable="true" parent="UIParent" hidden="true">

		<Backdrop bgFile="Interface\DialogFrame\UI-DialogBox-Background" edgeFile="Interface\Tooltips\UI-Tooltip-Border" tile="true">
			<EdgeSize>
				<AbsValue val="16"/>
			</EdgeSize>
			<TileSize>
				<AbsValue val="32"/>
			</TileSize>
			<BackgroundInsets>
				<AbsInset left="5" right="5" top="5" bottom="5"/>
			</BackgroundInsets>
		</Backdrop>

		<Size>
			<AbsDimension x="200" y="350"/>
		</Size>
		<Anchors>
			<Anchor point="CENTER">
				<Offset>
					<AbsDimension x="0" y="0"/>
				</Offset>
			</Anchor>
		</Anchors> 

		<Layers>
			<Layer level="BACKGROUND">
				
				<FontString inherits="GameFontNormal" text="cEasyHealer Filter">
					<Anchors>
						<Anchor point="TOP">
							<Offset>
								<AbsDimension x="0" y="15"/>
							</Offset>
						</Anchor>
					</Anchors>
				</FontString>

				<FontString inherits="GameFontNormal" text="So, who do we heal today?">
					<Anchors>
						<Anchor point="TOPLEFT">
							<Offset>
								<AbsDimension x="10" y="-10"/>
							</Offset>
						</Anchor>
					</Anchors>
				</FontString>


				<FontString inherits="GameFontNormal" text="The raid">
					<Anchors>
						<Anchor point="TOPLEFT">
							<Offset>
								<AbsDimension x="40" y="-33"/>
							</Offset>
						</Anchor>
					</Anchors>
				</FontString>
				<FontString inherits="GameFontNormal" text="Pets">
					<Anchors>
						<Anchor point="TOPLEFT">
							<Offset>
								<AbsDimension x="40" y="-58"/>
							</Offset>
						</Anchor>
					</Anchors>
				</FontString>
				<FontString inherits="GameFontNormal" text="Paladin">
					<Anchors>
						<Anchor point="TOPLEFT">
							<Offset>
								<AbsDimension x="40" y="-83"/>
							</Offset>
						</Anchor>
					</Anchors>
				</FontString>
				<FontString inherits="GameFontNormal" text="Rogue">
					<Anchors>
						<Anchor point="TOPLEFT">
							<Offset>
								<AbsDimension x="40" y="-108"/>
							</Offset>
						</Anchor>
					</Anchors>
				</FontString>
				<FontString inherits="GameFontNormal" text="Priest">
					<Anchors>
						<Anchor point="TOPLEFT">
							<Offset>
								<AbsDimension x="40" y="-133"/>
							</Offset>
						</Anchor>
					</Anchors>
				</FontString>
				<FontString inherits="GameFontNormal" text="Hunter">
					<Anchors>
						<Anchor point="TOPLEFT">
							<Offset>
								<AbsDimension x="40" y="-158"/>
							</Offset>
						</Anchor>
					</Anchors>
				</FontString>
				<FontString inherits="GameFontNormal" text="Warlock">
					<Anchors>
						<Anchor point="TOPLEFT">
							<Offset>
								<AbsDimension x="40" y="-183"/>
							</Offset>
						</Anchor>
					</Anchors>
				</FontString>
				<FontString inherits="GameFontNormal" text="Druid">
					<Anchors>
						<Anchor point="TOPLEFT">
							<Offset>
								<AbsDimension x="40" y="-208"/>
							</Offset>
						</Anchor>
					</Anchors>
				</FontString>
				<FontString inherits="GameFontNormal" text="Warrior">
					<Anchors>
						<Anchor point="TOPLEFT">
							<Offset>
								<AbsDimension x="40" y="-233"/>
							</Offset>
						</Anchor>
					</Anchors>
				</FontString>
				<FontString inherits="GameFontNormal" text="Mage">
					<Anchors>
						<Anchor point="TOPLEFT">
							<Offset>
								<AbsDimension x="40" y="-258"/>
							</Offset>
						</Anchor>
					</Anchors>
				</FontString>
				<FontString inherits="GameFontNormal" text="Shaman">
					<Anchors>
						<Anchor point="TOPLEFT">
							<Offset>
								<AbsDimension x="40" y="-283"/>
							</Offset>
						</Anchor>
					</Anchors>
				</FontString>

			</Layer>
		</Layers>

		<Frames>
			<CheckButton name="EasyHealer_CheckButton_IncludeRaid" inherits="UICheckButtonTemplate" parent="cEasyHealer_Frame_Filter">
				<Anchors>
					<Anchor point="TOPLEFT">
						<Offset>
							<AbsDimension x="10" y="-25"/>
						</Offset>
					</Anchor>
				</Anchors>
				<Scripts>
					<OnClick>
						if( EasyHealer_CheckButton_IncludeRaid:GetChecked() ~= nil )
						then
							CEASYHEALER_UNIT_FILTER.RAID = true;
							--ChatFrame1:AddMessage( "including raid true" );
						else
							CEASYHEALER_UNIT_FILTER.RAID = false;
							--ChatFrame1:AddMessage( "including raid false" );
						end;
					</OnClick>
				</Scripts>
			</CheckButton>

			<CheckButton name="EasyHealer_CheckButton_IncludePets" inherits="UICheckButtonTemplate" parent="cEasyHealer_Frame_Filter">
				<Anchors>
					<Anchor point="TOPLEFT">
						<Offset>
							<AbsDimension x="10" y="-50"/>
						</Offset>
					</Anchor>
				</Anchors>
				<Scripts>
					<OnClick>
						if( EasyHealer_CheckButton_IncludePets:GetChecked() ~= nil )
						then
							CEASYHEALER_UNIT_FILTER.PETS = true;
							--ChatFrame1:AddMessage( "including pets true" );
						else
							CEASYHEALER_UNIT_FILTER.PETS = false;
							--ChatFrame1:AddMessage( "including pets false" );
						end;
					</OnClick>
				</Scripts>
			</CheckButton>

			<CheckButton name="EasyHealer_CheckButton_IncludePaladin" inherits="UICheckButtonTemplate" parent="cEasyHealer_Frame_Filter">
				<Anchors>
					<Anchor point="TOPLEFT">
						<Offset>
							<AbsDimension x="10" y="-75"/>
						</Offset>
					</Anchor>
				</Anchors>
				<Scripts>
					<OnClick>
						if( EasyHealer_CheckButton_IncludePaladin:GetChecked() ~= nil )
						then
							CEASYHEALER_UNIT_FILTER.PALADIN = true;
							--ChatFrame1:AddMessage( "including paladin true" );
						else
							CEASYHEALER_UNIT_FILTER.PALADIN = false;
							--ChatFrame1:AddMessage( "including paladin false" );
						end;
					</OnClick>
				</Scripts>
			</CheckButton>

			<CheckButton name="EasyHealer_CheckButton_IncludeRogue" inherits="UICheckButtonTemplate" parent="cEasyHealer_Frame_Filter">
				<Anchors>
					<Anchor point="TOPLEFT">
						<Offset>
							<AbsDimension x="10" y="-100"/>
						</Offset>
					</Anchor>
				</Anchors>
				<Scripts>
					<OnClick>
						if( EasyHealer_CheckButton_IncludeRogue:GetChecked() ~= nil )
						then
							CEASYHEALER_UNIT_FILTER.ROGUE = true;
							--ChatFrame1:AddMessage( "including rogue true" );
						else
							CEASYHEALER_UNIT_FILTER.ROGUE = false;
							--ChatFrame1:AddMessage( "including rogue false" );
						end;
					</OnClick>
				</Scripts>
			</CheckButton>

			<CheckButton name="EasyHealer_CheckButton_IncludePriest" inherits="UICheckButtonTemplate" parent="cEasyHealer_Frame_Filter">
				<Anchors>
					<Anchor point="TOPLEFT">
						<Offset>
							<AbsDimension x="10" y="-125"/>
						</Offset>
					</Anchor>
				</Anchors>
				<Scripts>
					<OnClick>
						if( EasyHealer_CheckButton_IncludePriest:GetChecked() ~= nil )
						then
							CEASYHEALER_UNIT_FILTER.PRIEST = true;
							--ChatFrame1:AddMessage( "including priest true" );
						else
							CEASYHEALER_UNIT_FILTER.PRIEST = false;
							--ChatFrame1:AddMessage( "including priest false" );
						end;
					</OnClick>
				</Scripts>
			</CheckButton>
			<CheckButton name="EasyHealer_CheckButton_IncludeHunter" inherits="UICheckButtonTemplate" parent="cEasyHealer_Frame_Filter">
				<Anchors>
					<Anchor point="TOPLEFT">
						<Offset>
							<AbsDimension x="10" y="-150"/>
						</Offset>
					</Anchor>
				</Anchors>
				<Scripts>
					<OnClick>
						if( EasyHealer_CheckButton_IncludeHunter:GetChecked() ~= nil )
						then
							CEASYHEALER_UNIT_FILTER.HUNTER = true;
							--ChatFrame1:AddMessage( "including hunter true" );
						else
							CEASYHEALER_UNIT_FILTER.HUNTER = false;
							--ChatFrame1:AddMessage( "including hunter false" );
						end;
					</OnClick>
				</Scripts>
			</CheckButton>
			<CheckButton name="EasyHealer_CheckButton_IncludeWarlock" inherits="UICheckButtonTemplate" parent="cEasyHealer_Frame_Filter">
				<Anchors>
					<Anchor point="TOPLEFT">
						<Offset>
							<AbsDimension x="10" y="-175"/>
						</Offset>
					</Anchor>
				</Anchors>
				<Scripts>
					<OnClick>
						if( EasyHealer_CheckButton_IncludeWarlock:GetChecked() ~= nil )
						then
							CEASYHEALER_UNIT_FILTER.WARLOCK = true;
							--ChatFrame1:AddMessage( "including warlock true" );
						else
							CEASYHEALER_UNIT_FILTER.WARLOCK = false;
							--ChatFrame1:AddMessage( "including warlock false" );
						end;
					</OnClick>
				</Scripts>
			</CheckButton>
			<CheckButton name="EasyHealer_CheckButton_IncludeDruid" inherits="UICheckButtonTemplate" parent="cEasyHealer_Frame_Filter">
				<Anchors>
					<Anchor point="TOPLEFT">
						<Offset>
							<AbsDimension x="10" y="-200"/>
						</Offset>
					</Anchor>
				</Anchors>
				<Scripts>
					<OnClick>
						if( EasyHealer_CheckButton_IncludeDruid:GetChecked() ~= nil )
						then
							CEASYHEALER_UNIT_FILTER.DRUID = true;
							--ChatFrame1:AddMessage( "including druid true" );
						else
							CEASYHEALER_UNIT_FILTER.DRUID = false;
							--ChatFrame1:AddMessage( "including druid false" );
						end;
					</OnClick>
				</Scripts>
			</CheckButton>
			<CheckButton name="EasyHealer_CheckButton_IncludeWarrior" inherits="UICheckButtonTemplate" parent="cEasyHealer_Frame_Filter">
				<Anchors>
					<Anchor point="TOPLEFT">
						<Offset>
							<AbsDimension x="10" y="-225"/>
						</Offset>
					</Anchor>
				</Anchors>
				<Scripts>
					<OnClick>
						if( EasyHealer_CheckButton_IncludeWarrior:GetChecked() ~= nil )
						then
							CEASYHEALER_UNIT_FILTER.WARRIOR = true;
							--ChatFrame1:AddMessage( "including warrior true" );
						else
							CEASYHEALER_UNIT_FILTER.WARRIOR = false;
							--ChatFrame1:AddMessage( "including warrior false" );
						end;
					</OnClick>
				</Scripts>
			</CheckButton>
			<CheckButton name="EasyHealer_CheckButton_IncludeMage" inherits="UICheckButtonTemplate" parent="cEasyHealer_Frame_Filter">
				<Anchors>
					<Anchor point="TOPLEFT">
						<Offset>
							<AbsDimension x="10" y="-250"/>
						</Offset>
					</Anchor>
				</Anchors>
				<Scripts>
					<OnClick>
						if( EasyHealer_CheckButton_IncludeMage:GetChecked() ~= nil )
						then
							CEASYHEALER_UNIT_FILTER.MAGE = true;
							--ChatFrame1:AddMessage( "including mage true" );
						else
							CEASYHEALER_UNIT_FILTER.MAGE = false;
							--ChatFrame1:AddMessage( "including mage false" );
						end;
					</OnClick>
				</Scripts>
			</CheckButton>
			<CheckButton name="EasyHealer_CheckButton_IncludeShaman" inherits="UICheckButtonTemplate" parent="cEasyHealer_Frame_Filter">
				<Anchors>
					<Anchor point="TOPLEFT">
						<Offset>
							<AbsDimension x="10" y="-275"/>
						</Offset>
					</Anchor>
				</Anchors>
				<Scripts>
					<OnClick>
						if( EasyHealer_CheckButton_IncludeShaman:GetChecked() ~= nil )
						then
							CEASYHEALER_UNIT_FILTER.SHAMAN = true;
							--ChatFrame1:AddMessage( "including shaman true" );
						else
							CEASYHEALER_UNIT_FILTER.SHAMAN = false;
							--ChatFrame1:AddMessage( "including shaman false" );
						end;
					</OnClick>
				</Scripts>
			</CheckButton>

			<Button inherits="UIPanelButtonTemplate" parent="cEasyHealer_Frame_Filter" text="Close">
				<Size>
					<AbsDimension x="100" y="21"/>
				</Size>
				<Anchors>
					<Anchor point="BOTTOM" relativeTo="cEasyHealer_Frame_Filter" relativePoint="BOTTOM">
						<Offset>
							<AbsDimension x="0" y="10"/>
						</Offset>
					</Anchor>
				</Anchors>
				<Scripts>
					<OnClick>
						HideUIPanel( cEasyHealer_Frame_Filter );
					</OnClick>
				</Scripts>
			</Button>

		</Frames>

	</Frame>

</Ui>

