<Ui xmlns="http://www.blizzard.com/wow/ui/" xmlns:xsi="http://www.w3.org/2001/XMLSchema-instance" xsi:schemaLocation="http://www.blizzard.com/wow/ui/">

	<Script file="cEasyHealer.lua"/>

	<Button name="cEasyHealer_Button_Minimap" frameStrata="HIGH" toplevel="true" enableMouse="true" movable="true" parent="UIParent">
		<Size>
			<AbsDimension x="32" y="32"/>
		</Size>
		<Anchors>
			<Anchor point="CENTER">
				<Offset>
					<AbsDimension x="0" y="0"/>
				</Offset>
			</Anchor>
		</Anchors>
		<NormalTexture file="Interface\Addons\cEasyHealer\Button-Up.tga"/>
		<PushedTexture file="Interface\Addons\cEasyHealer\Button-Down.tga"/>
		<HighlightTexture alphaMode="ADD" file="Interface\Minimap\UI-Minimap-ZoomButton-Highlight"/>
		<Scripts>
			<OnLoad>
				this:RegisterForDrag( "RightButton" );
			</OnLoad>
			<OnEnter>
				GameTooltip:SetOwner( this, "ANCHOR_BOTTOMLEFT" );
				GameTooltip:SetText( "cEasyHealer " .. CEASYHEALER_VERSION .. "\n\nRight-click to move this button." );
			</OnEnter>							
			<OnLeave>
				GameTooltip:Hide();
			</OnLeave>
			<OnClick>
				GameTooltip:Hide();
				ShowUIPanel( cEasyHealer_Frame_Menu );
			</OnClick>
			<OnDragStart>
				this:StartMoving();
			</OnDragStart>
			<OnDragStop>
				this:StopMovingOrSizing();
			</OnDragStop>
			<OnMouseUp>
				this:StopMovingOrSizing();
			</OnMouseUp>
		</Scripts>
	</Button>

</Ui>