<Ui xmlns="http://www.blizzard.com/wow/ui/" xmlns:xsi="http://www.w3.org/2001/XMLSchema-instance" xsi:schemaLocation="http://www.blizzard.com/wow/ui/">

	<Script file="cEasyHealer.lua"/>

	<Frame name="cEasyHealer_Frame_Main" hidden="false" frameStrata="LOW" toplevel="true" enableMouse="true" movable="true" parent="UIParent">

		<Backdrop bgFile="Interface\DialogFrame\UI-DialogBox-Background" edgeFile="Interface\Tooltips\UI-Tooltip-Border" tile="true">
			<EdgeSize>
				<AbsValue val="16"/>
			</EdgeSize>
			<TileSize>
				<AbsValue val="32"/>
			</TileSize>
			<BackgroundInsets>
				<AbsInset left="5" right="5" top="5" bottom="5"/>
			</BackgroundInsets>
		</Backdrop>

		<Size>
			<AbsDimension x="160" y="110"/>
		</Size>

		<Anchors>
			<Anchor point="CENTER">
				<Offset>
					<AbsDimension x="0" y="0"/>
				</Offset>
			</Anchor>
		</Anchors> 

		<Layers>
			<Layer level="BACKGROUND">
				<FontString inherits="GameFontNormalSmall" text="cEasyHealer">
					<Anchors>
						<Anchor point="TOP">
							<Offset>
								<AbsDimension x="0" y="15"/>
							</Offset>
						</Anchor>
					</Anchors>
				</FontString>
			</Layer>
		</Layers>

		<Frames>
			<Button name="cEasyHealer_Frame_Status1" inherits="cEasyHealer_Frame_StatusTemplate"/>
			<Button name="cEasyHealer_Frame_Status2" inherits="cEasyHealer_Frame_StatusTemplate"/>
			<Button name="cEasyHealer_Frame_Status3" inherits="cEasyHealer_Frame_StatusTemplate"/>
			<Button name="cEasyHealer_Frame_Status4" inherits="cEasyHealer_Frame_StatusTemplate"/>
			<Button name="cEasyHealer_Frame_Status5" inherits="cEasyHealer_Frame_StatusTemplate"/>
			<Frame name="cEasyHealer_Frame_Spell" hidden="false" frameStrata="LOW" toplevel="true" enableMouse="true" movable="true" parent="cEasyHealer_Frame_Main">

				<Backdrop bgFile="Interface\DialogFrame\UI-DialogBox-Background" edgeFile="Interface\Tooltips\UI-Tooltip-Border" tile="true">
					<EdgeSize>
						<AbsValue val="16"/>
					</EdgeSize>
					<TileSize>
						<AbsValue val="32"/>
					</TileSize>
					<BackgroundInsets>
						<AbsInset left="5" right="5" top="5" bottom="5"/>
					</BackgroundInsets>
				</Backdrop>

				<Size>
					<AbsDimension x="160" y="30"/>
				</Size>

				<Anchors>
					<Anchor point="CENTER">
						<Offset>
							<AbsDimension x="0" y="-71"/>
						</Offset>
					</Anchor>
				</Anchors> 

				<Layers>
					<Layer level="BACKGROUND">
						<FontString name="cEasyHealer_FontString_Spell" inherits="GameFontNormalSmall" text="cEasyHealer_FontString_Spell">
							<Anchors>
								<Anchor point="TOP">
									<Offset>
										<AbsDimension x="0" y="-9"/>
									</Offset>
								</Anchor>
							</Anchors>
						</FontString>
					</Layer>
				</Layers>
				<Scripts>
					<OnUpdate>
						cEasyHealer_FontString_Spell:SetText( cEasyHealer_Function_GetSpellName() );
					</OnUpdate>
					<OnDragStart>
						cEasyHealer_Function_OnDragStart();
					</OnDragStart>
					<OnDragStop>
						cEasyHealer_Function_OnDragStop();
					</OnDragStop>
					<OnMouseUp>
						cEasyHealer_Function_OnDragStop();
					</OnMouseUp>
				</Scripts>
			</Frame>

		</Frames>

		<Scripts>
			<OnLoad>
				cEasyHealer_Function_OnLoad();
			</OnLoad>
			<OnEvent>
				cEasyHealer_Function_OnEvent( event );
			</OnEvent>
			<OnDragStart>
				cEasyHealer_Function_OnDragStart();
			</OnDragStart>
			<OnDragStop>
				cEasyHealer_Function_OnDragStop();
			</OnDragStop>
			<OnMouseUp>
				cEasyHealer_Function_OnDragStop();
			</OnMouseUp>
			<OnUpdate>
				cEasyHealer_Function_Update();
			</OnUpdate>
		</Scripts>

	</Frame>

</Ui>