<Ui xmlns="http://www.blizzard.com/wow/ui/" xmlns:xsi="http://www.w3.org/2001/XMLSchema-instance" xsi:schemaLocation="http://www.blizzard.com/wow/ui/..\FrameXML\UI.xsd">
  <Script file="Localization.lua"/>
  <Script file="PerfectShot.lua"/>
  <Frame name="PerfectShotFrame" hidden="true">
    <Scripts>
      <OnLoad>
        PerfectShot_OnLoad();
      </OnLoad>
      <OnEvent>
        PerfectShot_RegisterMyAddons();
      </OnEvent>
      <OnUpdate>
        PerfectShot_OnUpdate(arg1);
      </OnUpdate>
    </Scripts>
  </Frame>

  <Frame name="PerfectShotFrameSS" hidden="true">
    <Scripts>
      <OnShow>
        PerfectShot_Reset();
      </OnShow>
      <OnUpdate>
        PerfectShot_TakeScreenshot();
      </OnUpdate>
    </Scripts>
  </Frame>
</Ui>

