<Ui xmlns="http://www.blizzard.com/wow/ui/">
	<Script file="arena.lua"/>
	<Script file="arenaregistrar.lua"/>
	<Script file="auctionhouse.lua"/>
	<Script file="bags.lua"/>
	<Script file="battlefield.lua"/>
	<Script file="bgmap.lua"/>
	<Script file="bgscore.lua"/>
	<Script file="binding.lua"/>
	<Script file="BlizzardOptions.lua"/>
	<Script file="character.lua"/>
	<Script file="craft.lua"/>
	<Script file="debug.lua"/>
	<Script file="dressingroom.lua"/>
	<Script file="friends.lua"/>
	<Script file="gbank.lua"/>
	<Script file="gmchat.lua"/>
	<Script file="gossip.lua"/>
	<Script file="greeting.lua"/>
	<Script file="guildregistrar.lua"/>
	<Script file="help.lua"/>
	<Script file="inspect.lua"/>
	<Script file="lfg.lua"/>
	<Script file="loot.lua"/>
	<Script file="macro.lua"/>
	<Script file="mail.lua"/>
	<Script file="merchant.lua"/>
	<Script file="mirrortimers.lua"/>
	<Script file="misc.lua"/>
	<Script file="petition.lua"/>
	<Script file="quest.lua"/>
	<Script file="raid.lua"/>
	<Script file="socket.lua"/>
	<Script file="spellbook.lua"/>
	<Script file="stable.lua"/>
	<Script file="tabard.lua"/>
	<Script file="talent.lua"/>
	<Script file="taxi.lua"/>
	<Script file="timemanager.lua"/>
	<Script file="tooltip.lua"/>
	<Script file="trade.lua"/>
	<Script file="tradeskill.lua"/>
	<Script file="trainer.lua"/>
	<Script file="tutorial.lua"/>
	<Script file="worldmap.lua"/>
</Ui>