<Bindings>
	<Binding name="TOGGLEALPHAMAP" header="ALPHAMAP">
        	ToggleAlphaMap();
	</Binding>

	<Binding name="INCREMENTALPHAMAP">
        	IncrementAlphaMap( ALPHAMAP_INCREMENT );
	</Binding>

	<Binding name="DECREMENTALPHAMAP">
        	IncrementAlphaMap( -(ALPHAMAP_INCREMENT) );
	</Binding>

	<Binding name="CLEARVIEWALPHAMAP">
		AM_ClearView();
	</Binding>

	<Binding name="CYCLEWMMODE">
		AM_CycleWMMode();
	</Binding>

	<Binding name="HOT_SPOT">
		AM_ToggleHotSpot();
	</Binding>
</Bindings>