<Bindings>
  <Binding name="TOTEMCONFIG" header="TOTEM">
    FrowningCircle_ShowConfig();
  </Binding>
  <Binding name="TOTEMTHROW" header="TOTEM">
    FrowningCircle_ThrowTotem();
  </Binding>
  <Binding name="TOTEMUSESET1" header="TOTEM">
    FrowningCircle_UseSet(1);
  </Binding>
  <Binding name="TOTEMUSESET2" header="TOTEM">
    FrowningCircle_UseSet(2);
  </Binding>
  <Binding name="TOTEMUSESET3" header="TOTEM">
    FrowningCircle_UseSet(3);
  </Binding>
  <Binding name="TOTEMUSESET4" header="TOTEM">
    FrowningCircle_UseSet(4);
  </Binding>
  <Binding name="TOTEMUSESET5" header="TOTEM">
    FrowningCircle_UseSet(5);
  </Binding>
  <Binding name="TOTEMUSENEXTSET" header="TOTEM">
    FrowningCircle_UseSet("next");
  </Binding>
  <Binding name="TOTEMUSEPREVSET" header="TOTEM">
    FrowningCircle_UseSet("prev");
  </Binding>
</Bindings>
