<Ui xmlns="http://www.blizzard.com/wow/ui/" xmlns:xsi="http://www.w3.org/2001/XMLSchema-instance" xsi:schemaLocation="http://www.blizzard.com/wow/ui/
..\FrameXML\UI.xsd">
  <Script file="localization.lua" />
  <Script file="FrowningCircleData.lua" />
  <Script file="FrowningCircle.lua" />

  <Frame name="TotemFrame" parent="UIParent" hidden="false">
    <Scripts>
      <OnLoad>
        FrowningCircle_OnLoad();
      </OnLoad>
      <OnEvent>
        FrowningCircle_OnEvent();
      </OnEvent>
    </Scripts>
    <Frames>
      <GameTooltip name="TotemHTT" inherits="GameTooltipTemplate" frameSTRATA="TOOLTIP">
      </GameTooltip>
    </Frames>
  </Frame>

  <CheckButton name="TotemButtonTemplate" inherits="ActionButtonTemplate" virtual="true">
    <Scripts>
      <OnEnter>
        FrowningCircle_SetTooltip();
     </OnEnter>
       <OnLeave>
        this.updateTooltip = nil;
        GameTooltip:Hide();
      </OnLeave>
      <OnClick>                
        FrowningCircle_ButtonClick();
      </OnClick>
    </Scripts>
  </CheckButton>

  <Frame name="TotemSchoolTemplate" inherits="OptionFrameBoxTemplate" virtual="true">
    <Size>
      <AbsDimension x="380" y="58"/>
    </Size>
    <Frames>
      <CheckButton name="$parentButton1" inherits="TotemButtonTemplate" id="1">
        <Anchors>
          <Anchor point="TOPLEFT" relativeTo="$parent">
            <Offset>
              <AbsDimension x="11" y="-10"/>
            </Offset>
          </Anchor>
        </Anchors>
      </CheckButton>
      <CheckButton name="$parentButton2" inherits="TotemButtonTemplate" id="2">
        <Anchors>
          <Anchor point="TOPLEFT" relativeTo="$parentButton1" relativePoint="TOPRIGHT">
            <Offset>
              <AbsDimension x="10" y="0"/>
            </Offset>
          </Anchor>
        </Anchors>
      </CheckButton>
      <CheckButton name="$parentButton3" inherits="TotemButtonTemplate" id="3">
        <Anchors>
          <Anchor point="TOPLEFT" relativeTo="$parentButton2" relativePoint="TOPRIGHT">
            <Offset>
              <AbsDimension x="10" y="0"/>
            </Offset>
          </Anchor>
        </Anchors>
      </CheckButton>
      <CheckButton name="$parentButton4" inherits="TotemButtonTemplate" id="4">
        <Anchors>
          <Anchor point="TOPLEFT" relativeTo="$parentButton3" relativePoint="TOPRIGHT">
            <Offset>
              <AbsDimension x="10" y="0"/>
            </Offset>
          </Anchor>
        </Anchors>
      </CheckButton>
      <CheckButton name="$parentButton5" inherits="TotemButtonTemplate" id="5">
        <Anchors>
          <Anchor point="TOPLEFT" relativeTo="$parentButton4" relativePoint="TOPRIGHT">
            <Offset>
              <AbsDimension x="10" y="0"/>
            </Offset>
          </Anchor>
        </Anchors>
      </CheckButton>
      <CheckButton name="$parentButton6" inherits="TotemButtonTemplate" id="6">
        <Anchors>
          <Anchor point="TOPLEFT" relativeTo="$parentButton5" relativePoint="TOPRIGHT">
            <Offset>
              <AbsDimension x="10" y="0"/>
            </Offset>
          </Anchor>
        </Anchors>
      </CheckButton>
      <CheckButton name="$parentButton7" inherits="TotemButtonTemplate" id="7">
        <Anchors>
          <Anchor point="TOPLEFT" relativeTo="$parentButton6" relativePoint="TOPRIGHT">
            <Offset>
              <AbsDimension x="10" y="0"/>
            </Offset>
          </Anchor>
        </Anchors>
      </CheckButton>
      <CheckButton name="$parentButton8" inherits="TotemButtonTemplate" id="8">
        <Anchors>
          <Anchor point="TOPLEFT" relativeTo="$parentButton7" relativePoint="TOPRIGHT">
            <Offset>
              <AbsDimension x="10" y="0"/>
            </Offset>
          </Anchor>
        </Anchors>
      </CheckButton>
    </Frames>
  </Frame>

  <!-- Slider Template -->
  <Slider name="TotemSliderTemplate" inherits="OptionsSliderTemplate" minValue="1" maxValue="100" valueStep="1" virtual="true">
    <Scripts>
      <OnEnter>
        GameTooltip:SetOwner(this, "ANCHOR_NONE");
        GameTooltip:SetText(this:GetValue());
      </OnEnter>
      <OnValueChanged>
        GameTooltip:SetText(this:GetValue());
      </OnValueChanged>
        <OnLeave>
          GameTooltip:Hide();
        </OnLeave>
      </Scripts>
  </Slider>

<Frame name="TotemConfigFrame" toplevel="true" frameStrata="DIALOG" movable="true" enableMouse="true" hidden="true" parent="UIParent" enableKeyboard="true">
  <Size>
    <AbsDimension x="405" y="450"/>
  </Size>
  <Anchors>
    <Anchor point="CENTER"/>
  </Anchors>
  <Backdrop bgFile="Interface\DialogFrame\UI-DialogBox-Background" edgeFile="Interface\DialogFrame\UI-DialogBox-Border" tile="true">
    <BackgroundInsets>
      <AbsInset left="11" right="12" top="12" bottom="11"/>
    </BackgroundInsets>
    <TileSize>
      <AbsValue val="32"/>
    </TileSize>
    <EdgeSize>
     <AbsValue val="32"/>
    </EdgeSize>
  </Backdrop>
  <Layers>
    <Layer level="ARTWORK">
      <Texture name="TotemConfigFrameHeader" file="Interface\DialogFrame\UI-DialogBox-Header">
        <Size>
          <AbsDimension x="356" y="64"/>
        </Size>
        <Anchors>
          <Anchor point="TOP">
            <Offset>
              <AbsDimension x="0" y="12"/>
            </Offset>
          </Anchor>
        </Anchors>
      </Texture>
      <FontString inherits="GameFontNormal" text="TotemConfigMenuTitle">
        <Anchors>
          <Anchor point="TOP" relativeTo="TotemConfigFrameHeader">
            <Offset>
              <AbsDimension x="0" y="-14"/>
            </Offset>
          </Anchor>
        </Anchors>
      </FontString>
    </Layer>
  </Layers>

  <Frames>

    <Frame name="TotemConfigSetDropDown" inherits="UIDropDownMenuTemplate">
      <Anchors>
        <Anchor point="TOPLEFT" relativePoint="TOPLEFT" relativeTo="TotemConfigFrame">
          <Offset>
            <AbsDimension x="12" y="-35"/>
          </Offset>
        </Anchor>
      </Anchors>
      <Layers>
        <Layer level="OVERLAY">
          <FontString inherits="GameFontNormalSmall" text="Totem Set">
            <Anchors>
              <Anchor point="TOPLEFT">
                <Offset>
                  <AbsDimension x="20" y="10"/>
                </Offset>
              </Anchor>
            </Anchors>
          </FontString>
        </Layer>
      </Layers>
      <Scripts>
        <OnLoad>
          UIDropDownMenu_Initialize(TotemConfigSetDropDown, FrowningCircle_SetDropDownInitialize);
          UIDropDownMenu_SetWidth(130);
        </OnLoad>
      </Scripts>
    </Frame>

    <Frame name="TotemConfigFire" inherits="TotemSchoolTemplate">
      <Anchors>
        <Anchor point="TOPLEFT" relativeTo="TotemConfigSetDropDown" relativePoint="BOTTOMLEFT">
          <Offset>
            <AbsDimension x="0" y="-15"/>
          </Offset>
        </Anchor>
      </Anchors>

      <Scripts>
        <OnShow>
          this:SetBackdropBorderColor(0.4, 0.4, 0.4);
          this:SetBackdropColor(0.15, 0.15, 0.15);
          getglobal(this:GetName() .. "Title"):SetText(TotemSchools[1]);
        </OnShow>
      </Scripts>
    </Frame>

    <Frame name="TotemConfigWater" inherits="TotemSchoolTemplate">
      <Anchors>
        <Anchor point="TOPLEFT" relativeTo="TotemConfigFire" relativePoint="BOTTOMLEFT">
          <Offset>
            <AbsDimension x="0" y="-15"/>
          </Offset>
        </Anchor>
      </Anchors>

      <Scripts>
        <OnShow>
          this:SetBackdropBorderColor(0.4, 0.4, 0.4);
          this:SetBackdropColor(0.15, 0.15, 0.15);
          getglobal(this:GetName() .. "Title"):SetText(TotemSchools[2]);
        </OnShow>
      </Scripts>
    </Frame>

    <Frame name="TotemConfigEarth" inherits="TotemSchoolTemplate">
      <Anchors>
        <Anchor point="TOPLEFT" relativeTo="TotemConfigWater" relativePoint="BOTTOMLEFT">
          <Offset>
            <AbsDimension x="0" y="-15"/>
          </Offset>
        </Anchor>
      </Anchors>

      <Scripts>
        <OnShow>
          this:SetBackdropBorderColor(0.4, 0.4, 0.4);
          this:SetBackdropColor(0.15, 0.15, 0.15);
          getglobal(this:GetName() .. "Title"):SetText(TotemSchools[3]);
        </OnShow>
      </Scripts>
    </Frame>

    <Frame name="TotemConfigAir" inherits="TotemSchoolTemplate">
      <Anchors>
        <Anchor point="TOPLEFT" relativeTo="TotemConfigEarth" relativePoint="BOTTOMLEFT">
          <Offset>
            <AbsDimension x="0" y="-15"/>
          </Offset>
        </Anchor>
      </Anchors>

      <Scripts>
        <OnShow>
          this:SetBackdropBorderColor(0.4, 0.4, 0.4);
          this:SetBackdropColor(0.15, 0.15, 0.15);
          getglobal(this:GetName() .. "Title"):SetText(TotemSchools[4]);
        </OnShow>
      </Scripts>
    </Frame>

    <CheckButton name="TotemConfigFrameSmartRecast" inherits="OptionsCheckButtonTemplate">
      <Size>
        <AbsDimensions x="100" y="22" />
      </Size>
      <Anchors>
        <Anchor point="TOPLEFT" relativeTo="TotemConfigAir" relativePoint="BOTTOMLEFT">
          <Offset>
            <AbsDimension x="0" y="-15" />
          </Offset>
        </Anchor>
      </Anchors>
    </CheckButton>

    <Slider name="TotemConfigFrameOffensiveDelay" inherits="TotemSliderTemplate" minValue="0" maxValue="60">
      <Size>
        <AbsDimensions x="150" y="22" />
      </Size>
      <Anchors>
        <Anchor point="TOPLEFT" relativeTo="TotemConfigAir" relativePoint="BOTTOMLEFT">
          <Offset>
            <AbsDimension x="120" y="-24" />
          </Offset>
        </Anchor>
      </Anchors>
    </Slider>

    <Button name="TotemConfigFrameOkay" inherits="GameMenuButtonTemplate" text="OKAY">
      <Size>
        <AbsDimension x="100" y="22"/>
       </Size>
      <Anchors>
        <Anchor point="BOTTOM" relativePoint="BOTTOM">
          <Offset>
            <AbsDimension x="10" y="16"/>
          </Offset>
        </Anchor>
      </Anchors>
      <Scripts>
        <OnClick>
          FrowningCircle_SaveConfig();
          TotemConfigFrame:Hide();
        </OnClick>
      </Scripts>
    </Button>
    <Button name="TotemConfigFrameCancel" inherits="GameMenuButtonTemplate" text="CANCEL">
      <Size>
        <AbsDimension x="100" y="22"/>
      </Size>
      <Anchors>
        <Anchor point="BOTTOMLEFT" relativePoint="BOTTOM">
          <Offset>
            <AbsDimension x="60" y="16"/>
          </Offset>
        </Anchor>
      </Anchors>
      <Scripts>
        <OnClick>
          TotemConfigFrame:Hide();
        </OnClick>
      </Scripts>
    </Button>
  </Frames>

  <Scripts>
    <OnShow>
      FrowningCircle_ConfigFrameInit();
    </OnShow>
  </Scripts>
</Frame>
</Ui>