<Ui xmlns="http://www.blizzard.com/wow/ui/" xmlns:xsi="http://www.w3.org/2001/XMLSchema-instance" xsi:schemaLocation="http://www.blizzard.com/wow/ui/
..\FrameXML\UI.xsd">

	<Script file="rSelfCast.lua"/>

	<Frame name="rSelfCast" hidden="false">
		<Scripts>
			<OnLoad>
				rSelfCast_OnLoad();
			</OnLoad>
			<OnEvent>
				rSelfCast_OnEvent();
			</OnEvent>
		</Scripts>
	</Frame>

	<GameTooltip name="rSelfCast_Tooltip" inherits="GameTooltipTemplate">
	   <Scripts>
		 <Onload>
		   this:SetOwner(this, "ANCHOR_NONE");
		 </Onload>
	   </Scripts>
	</GameTooltip>

</Ui>