<Ui xmlns="http://www.blizzard.com/wow/ui/" xmlns:xsi="http://www.w3.org/2001/XMLSchema-instance" xsi:schemaLocation="http://www.blizzard.com/wow/ui/
C:\Projects\WoW\Bin\Interface\FrameXML\UI.xsd">

	<Script file="ShardAceLocale_enUS.lua"/>
	<Script file="ShardAceLocale_deDE.lua"/>
	<Script file="ShardAceLocals_frFR.lua"/>
	<Script file="ShardAce.lua"/>

	<Button name="ShardAceButtonTemplate" frameStrata="LOW" toplevel="true" enableMouse="true" movable="true" parent="Minimap" virtual="true">
		<NormalTexture file="Interface\AddOns\ShardAce\Images\ShardAceBlank"/>
		<HighlightTexture alphaMode="ADD" file="Interface\AddOns\ShardAce\Images\ShardAceGlow"/>
		<Size>
			<AbsDimension x="25" y="25"/>
		</Size>
		<Anchors>
			<Anchor point="CENTER">
				<Offset>
					<AbsDimension x="0" y="0"/>
				</Offset>
			</Anchor>
		</Anchors>
		<Layers>
			<Layer level="OVERLAY">
				<FontString name="$parent_Text" inherits="GameFontHighlightSmall" text="99">
					<Anchors>
						<Anchor point="CENTER">
							<Offset>
								<AbsDimension x="0" y="1"/>
							</Offset>
						</Anchor>
					</Anchors>
					<FontHeight>
						<AbsValue val="14"/>
					</FontHeight>
					<Color r="1" g="1" b="1"/>
				</FontString>
			</Layer>
		</Layers>
		<Scripts>
			<OnLoad>
				this:Hide()
				this:RegisterForClicks("LeftButtonUp", "RightButtonUp")
			</OnLoad>
			<OnLeave>
				GameTooltip:Hide()
			</OnLeave>
		</Scripts>
	</Button>
	<Button name="ShardAceCount" inherits="ShardAceButtonTemplate">
		<Size>
			<AbsDimension x="25" y="25"/>
		</Size>
		<Anchors>
			<Anchor point="CENTER">
				<Offset>
					<AbsDimension x="-98" y="20"/>
				</Offset>
			</Anchor>
		</Anchors>
		<Scripts>
			<OnEnter>
				ShardAce:ShowTooltip(ShardAce.Locals.CountTip)
			</OnEnter>
			<OnClick>
				ShardAce:CountClick(arg1)
			</OnClick>
		</Scripts>
	</Button>
	<Button name="ShardAceSoul" inherits="ShardAceButtonTemplate" parent="ShardAceCount">
		<NormalTexture file="Interface\AddOns\ShardAce\Images\ShardAceSoulGrey"/>
		<Size>
			<AbsDimension x="25" y="25"/>
		</Size>
		<Anchors>
			<Anchor point="CENTER">
				<Offset>
					<AbsDimension x="-5" y="-24"/>
				</Offset>
			</Anchor>
		</Anchors>
		<Scripts>
			<OnEnter>
				ShardAce:ShowTooltip(ShardAce.Locals.SoulTip)
			</OnEnter>
			<OnClick>
				ShardAce:SoulClick(arg1)
			</OnClick>
		</Scripts>
	</Button>
	<Button name="ShardAceStone" inherits="ShardAceButtonTemplate" parent="ShardAceCount">
		<NormalTexture file="Interface\AddOns\ShardAce\Images\ShardAceSpellGrey"/>
		<Size>
			<AbsDimension x="25" y="25"/>
		</Size>
		<Anchors>
			<Anchor point="CENTER">
				<Offset>
					<AbsDimension x="-2" y="-49"/>
				</Offset>
			</Anchor>
		</Anchors>
		<Scripts>
			<OnEnter>
				ShardAce:ShowTooltip(ShardAce.Locals.StoneTip)
			</OnEnter>
			<OnClick>
				ShardAce:StoneClick(arg1)
			</OnClick>
		</Scripts>
	</Button>
	<Button name="ShardAceHealth" inherits="ShardAceButtonTemplate" parent="Minimap">
		<NormalTexture file="Interface\AddOns\ShardAce\Images\ShardAceHealthGrey"/>
		<Size>
			<AbsDimension x="25" y="25"/>
		</Size>
		<Anchors>
			<Anchor point="CENTER" relativeTo="ShardAceCount">
				<Offset>
					<AbsDimension x="9" y="-72"/>
				</Offset>
			</Anchor>
		</Anchors>
		<Scripts>
			<OnEnter>
				ShardAce:ShowTooltip(ShardAce.Locals.HealthTip)
			</OnEnter>
			<OnClick>
				ShardAce:HealthClick(arg1)
			</OnClick>
		</Scripts>
	</Button>
	<Frame name="ShardAce_Summoner" frameStrata="MEDIUM" toplevel="true" parent="ShardAceHealth">
			<Size>
				<AbsDimension x="304" y="66"/>
			</Size>
			<Anchors>
				<Anchor point="RIGHT" relativeTo="$parent" relativePoint="LEFT">
					<Offset>
							<AbsDimension x="0" y="0"/>
					</Offset>
				</Anchor>
			</Anchors>
			<Frames>
				<Button name="$parent_Button1" frameStrata="MEDIUM" enableMouse="true" movable="true">
					<Size>
						<AbsDimension x="32" y="32"/>
						</Size>
					<Anchors>
						<Anchor point="TOPRIGHT" relativeTo="$parent" relativePoint="TOPRIGHT">
							<Offset>
								<AbsDimension x="0" y="0"/>
							</Offset>
						</Anchor>
					</Anchors>
					<Layers>
						<Layer level="BACKGROUND">
							<Texture file="Interface\Icons\Spell_Nature_RemoveCurse"/>
						</Layer>
					</Layers>
					<Scripts>
						<OnEnter>
							ShardAce:ShowTooltip(ShardAce.Spell"Fel Domination")
						</OnEnter>
						<OnLeave>
							GameTooltip:Hide()
						</OnLeave>
						<OnClick>
							ShardAce:Cast(nil, "FelDomination")
						</OnClick>
					</Scripts>
					<NormalTexture file="Interface\Icons\Spell_Nature_RemoveCurse"/>
					<PushedTexture file="Interface\Buttons\UI-Quickslot-Depress"/>
					<HighlightTexture alphaMode="ADD" file="Interface\Buttons\ButtonHilight-Square"/>
				</Button>
				<Button name="$parent_Button2" frameStrata="MEDIUM" enableMouse="true" movable="true">
					<Size>
						<AbsDimension x="32" y="32"/>
					</Size>
					<Anchors>
						<Anchor point="TOPRIGHT" relativeTo="$parent_Button1" relativePoint="TOPLEFT">
							<Offset>
								<AbsDimension x="-2" y="0"/>
							</Offset>
						</Anchor>
					</Anchors>
					<Layers>
						<Layer level="BACKGROUND">
							<Texture file="Interface\Icons\Spell_Shadow_SummonImp"/>
						</Layer>
					</Layers>
					<Scripts>
						<OnLoad>
							this:RegisterForClicks("LeftButtonUp", "RightButtonUp")
						</OnLoad>
						<OnEnter>
							ShardAce:ShowTooltip(ShardAce.Spell"Summon Imp")
						</OnEnter>
						<OnLeave>
							GameTooltip:Hide()
						</OnLeave>
						<OnClick>
							ShardAce:Cast(arg1, "Imp");
						</OnClick>
					</Scripts>
					<NormalTexture file="Interface\Icons\Spell_Shadow_SummonImp"/>
					<PushedTexture file="Interface\Buttons\UI-Quickslot-Depress"/>
					<HighlightTexture alphaMode="ADD" file="Interface\Buttons\ButtonHilight-Square"/>
				</Button>
				<Button name="$parent_Button3" frameStrata="MEDIUM" enableMouse="true" movable="true">
					<Size>
						<AbsDimension x="32" y="32"/>
					</Size>
					<Anchors>
						<Anchor point="TOPRIGHT" relativeTo="$parent_Button2" relativePoint="TOPLEFT">
							<Offset>
								<AbsDimension x="-2" y="0"/>
							</Offset>
						</Anchor>
					</Anchors>
					<Layers>
						<Layer level="BACKGROUND">
							<Texture file="Interface\Icons\Spell_Shadow_SummonVoidWalker"/>
						</Layer>
					</Layers>
					<Scripts>
						<OnLoad>
							this:RegisterForClicks("LeftButtonUp", "RightButtonUp")
						</OnLoad>
						<OnEnter>
							ShardAce:ShowTooltip(ShardAce.Spell"Summon Voidwalker")
						</OnEnter>
						<OnLeave>
							GameTooltip:Hide()
						</OnLeave>
						<OnClick>
							ShardAce:Cast(arg1, "Voidwalker");
						</OnClick>
					</Scripts>
					<NormalTexture file="Interface\Icons\Spell_Shadow_SummonVoidWalker"/>
					<PushedTexture file="Interface\Buttons\UI-Quickslot-Depress"/>
					<HighlightTexture alphaMode="ADD" file="Interface\Buttons\ButtonHilight-Square"/>
				</Button>
				<Button name="$parent_Button4" frameStrata="MEDIUM" enableMouse="true" movable="true">
					<Size>
						<AbsDimension x="32" y="32"/>
					</Size>
					<Anchors>
						<Anchor point="TOPRIGHT" relativeTo="$parent_Button3" relativePoint="TOPLEFT">
							<Offset>
								<AbsDimension x="-2" y="0"/>
							</Offset>
						</Anchor>
					</Anchors>
					<Layers>
						<Layer level="BACKGROUND">
							<Texture file="Interface\Icons\Spell_Shadow_SummonSuccubus"/>
						</Layer>
					</Layers>
					<Scripts>
						<OnLoad>
							this:RegisterForClicks("LeftButtonUp", "RightButtonUp")
						</OnLoad>
						<OnEnter>
							ShardAce:ShowTooltip(ShardAce.Spell"Summon Succubus")
						</OnEnter>
						<OnLeave>
							GameTooltip:Hide()
						</OnLeave>
						<OnClick>
							ShardAce:Cast(arg1, "Succubus");
						</OnClick>
					</Scripts>
					<NormalTexture file="Interface\Icons\Spell_Shadow_SummonSuccubus"/>
					<PushedTexture file="Interface\Buttons\UI-Quickslot-Depress"/>
					<HighlightTexture alphaMode="ADD" file="Interface\Buttons\ButtonHilight-Square"/>
				</Button>
				<Button name="$parent_Button5" frameStrata="MEDIUM" enableMouse="true" movable="true">
					<Size>
						<AbsDimension x="32" y="32"/>
					</Size>
					<Anchors>
						<Anchor point="TOPRIGHT" relativeTo="$parent_Button4" relativePoint="TOPLEFT">
							<Offset>
								<AbsDimension x="-2" y="0"/>
							</Offset>
						</Anchor>
					</Anchors>
					<Layers>
						<Layer level="BACKGROUND">
							<Texture file="Interface\Icons\Spell_Shadow_SummonFelHunter"/>
						</Layer>
					</Layers>
					<Scripts>
						<OnLoad>
							this:RegisterForClicks("LeftButtonUp", "RightButtonUp")
						</OnLoad>
						<OnEnter>
							ShardAce:ShowTooltip(ShardAce.Spell"Summon Felhunter")
						</OnEnter>
						<OnLeave>
							GameTooltip:Hide()
						</OnLeave>
						<OnClick>
							ShardAce:Cast(arg1, "Felhunter");
						</OnClick>
					</Scripts>
					<NormalTexture file="Interface\Icons\Spell_Shadow_SummonFelHunter"/>
					<PushedTexture file="Interface\Buttons\UI-Quickslot-Depress"/>
					<HighlightTexture alphaMode="ADD" file="Interface\Buttons\ButtonHilight-Square"/>
				</Button>
				<Button name="$parent_Button6" frameStrata="MEDIUM" enableMouse="true" movable="true">
					<Size>
						<AbsDimension x="32" y="32"/>
					</Size>
					<Anchors>
						<Anchor point="TOPRIGHT" relativeTo="$parent_Button5" relativePoint="TOPLEFT">
							<Offset>
								<AbsDimension x="-2" y="0"/>
							</Offset>
						</Anchor>
					</Anchors>
					<Layers>
						<Layer level="BACKGROUND">
							<Texture file="Interface\Icons\Spell_Shadow_SummonInfernal"/>
						</Layer>
					</Layers>
					<Scripts>
						<OnEnter>
							ShardAce:ShowTooltip(ShardAce.Spell"Inferno")
						</OnEnter>
						<OnLeave>
							GameTooltip:Hide()
						</OnLeave>
						<OnClick>
							ShardAce:Cast(nil, "Infernal");
						</OnClick>
					</Scripts>
					<NormalTexture file="Interface\Icons\Spell_Shadow_SummonInfernal"/>
					<PushedTexture file="Interface\Buttons\UI-Quickslot-Depress"/>
					<HighlightTexture alphaMode="ADD" file="Interface\Buttons\ButtonHilight-Square"/>
				</Button>
				<Button name="$parent_Button7" frameStrata="MEDIUM" enableMouse="true" movable="true">
					<Size>
						<AbsDimension x="32" y="32"/>
					</Size>
					<Anchors>
						<Anchor point="TOPRIGHT" relativeTo="$parent_Button6" relativePoint="TOPLEFT">
							<Offset>
								<AbsDimension x="-2" y="0"/>
							</Offset>
						</Anchor>
					</Anchors>
					<Layers>
						<Layer level="BACKGROUND">
							<Texture file="Interface\Icons\Spell_Shadow_AuraOfDarkness"/>
						</Layer>
					</Layers>
					<Scripts>
						<OnEnter>
							ShardAce:ShowTooltip(ShardAce.Spell"Curse of Doom")
						</OnEnter>
						<OnLeave>
							GameTooltip:Hide()
						</OnLeave>
						<OnClick>
							ShardAce:Cast(nil, "CurseofDoom");
						</OnClick>
					</Scripts>
					<NormalTexture file="Interface\Icons\Spell_Shadow_AuraOfDarkness"/>
					<PushedTexture file="Interface\Buttons\UI-Quickslot-Depress"/>
					<HighlightTexture alphaMode="ADD" file="Interface\Buttons\ButtonHilight-Square"/>
				</Button>
				<Button name="$parent_Button8" frameStrata="MEDIUM" enableMouse="true" movable="true">
					<Size>
						<AbsDimension x="32" y="32"/>
					</Size>
					<Anchors>
						<Anchor point="TOPRIGHT" relativeTo="$parent_Button7" relativePoint="TOPLEFT">
							<Offset>
								<AbsDimension x="-2" y="0"/>
							</Offset>
						</Anchor>
					</Anchors>
					<Layers>
						<Layer level="BACKGROUND">
							<Texture file="Interface\Icons\Spell_Shadow_AntiMagicShell"/>
						</Layer>
					</Layers>
					<Scripts>
						<OnEnter>
							ShardAce:ShowTooltip(ShardAce.Spell"Ritual of Doom")
						</OnEnter>
						<OnLeave>
							GameTooltip:Hide()
						</OnLeave>
						<OnClick>
							ShardAce:Cast(nil, "Doomguard");
						</OnClick>
					</Scripts>
					<NormalTexture file="Interface\Icons\Spell_Shadow_AntiMagicShell"/>
					<PushedTexture file="Interface\Buttons\UI-Quickslot-Depress"/>
					<HighlightTexture alphaMode="ADD" file="Interface\Buttons\ButtonHilight-Square"/>
				</Button>
				<Button name="$parent_Button9" frameStrata="MEDIUM" enableMouse="true" movable="true">
					<Size>
						<AbsDimension x="32" y="32"/>
					</Size>
					<Anchors>
						<Anchor point="TOPRIGHT" relativeTo="$parent_Button8" relativePoint="TOPLEFT">
							<Offset>
								<AbsDimension x="-2" y="0"/>
							</Offset>
						</Anchor>
					</Anchors>
					<Layers>
						<Layer level="BACKGROUND">
							<Texture file="Interface\Icons\Spell_Shadow_EnslaveDemon"/>
						</Layer>
					</Layers>
					<Scripts>
						<OnEnter>
							ShardAce:ShowTooltip(ShardAce.Spell"Enslave Demon")
						</OnEnter>
						<OnLeave>
							GameTooltip:Hide()
						</OnLeave>
						<OnClick>
							ShardAce:Cast(nil, "Enslave");
						</OnClick>
					</Scripts>
					<NormalTexture file="Interface\Icons\Spell_Shadow_EnslaveDemon"/>
					<PushedTexture file="Interface\Buttons\UI-Quickslot-Depress"/>
					<HighlightTexture alphaMode="ADD" file="Interface\Buttons\ButtonHilight-Square"/>
				</Button>
				<Button name="$parent_Button10" frameStrata="MEDIUM" enableMouse="true" movable="true">
					<Size>
						<AbsDimension x="32" y="32"/>
					</Size>
					<Anchors>
						<Anchor point="TOPRIGHT" relativeTo="$parent_Button1" relativePoint="BOTTOMRIGHT">
							<Offset>
								<AbsDimension x="0" y="-2"/>
							</Offset>
						</Anchor>
					</Anchors>
					<Layers>
						<Layer level="BACKGROUND">
							<Texture file="Interface\Icons\Spell_Shadow_EvilEye"/>
						</Layer>
					</Layers>
					<Scripts>
						<OnEnter>
							ShardAce:ShowTooltip(ShardAce.Spell"Eye of Kilrogg")
						</OnEnter>
						<OnLeave>
							GameTooltip:Hide()
						</OnLeave>
						<OnClick>
							ShardAce:Cast(nil, "Eye");
						</OnClick>
					</Scripts>
					<NormalTexture file="Interface\Icons\Spell_Shadow_EvilEye"/>
					<PushedTexture file="Interface\Buttons\UI-Quickslot-Depress"/>
					<HighlightTexture alphaMode="ADD" file="Interface\Buttons\ButtonHilight-Square"/>
				</Button>
				<Button name="$parent_Button11" frameStrata="MEDIUM" enableMouse="true" movable="true">
					<Size>
						<AbsDimension x="32" y="32"/>
					</Size>
					<Anchors>
						<Anchor point="TOPRIGHT" relativeTo="$parent_Button10" relativePoint="TOPLEFT">
							<Offset>
								<AbsDimension x="-2" y="0"/>
							</Offset>
						</Anchor>
					</Anchors>
					<Layers>
						<Layer level="BACKGROUND">
							<Texture file="Interface\Icons\Spell_Shadow_Twilight"/>
						</Layer>
					</Layers>
					<Scripts>
						<OnEnter>
							ShardAce:ShowTooltip(ShardAce.Spell"Ritual of Summoning")
						</OnEnter>
						<OnLeave>
							GameTooltip:Hide()
						</OnLeave>
						<OnClick>
							ShardAce:Cast(nil, "Port");
						</OnClick>
					</Scripts>
					<NormalTexture file="Interface\Icons\Spell_Shadow_Twilight"/>
					<PushedTexture file="Interface\Buttons\UI-Quickslot-Depress"/>
					<HighlightTexture alphaMode="ADD" file="Interface\Buttons\ButtonHilight-Square"/>
				</Button>
				<Button name="$parent_Button12" frameStrata="MEDIUM" enableMouse="true" movable="true">
					<Size>
						<AbsDimension x="32" y="32"/>
					</Size>
					<Anchors>
						<Anchor point="TOPRIGHT" relativeTo="$parent_Button11" relativePoint="TOPLEFT">
							<Offset>
								<AbsDimension x="-2" y="0"/>
							</Offset>
						</Anchor>
					</Anchors>
					<Layers>
						<Layer level="BACKGROUND">
							<Texture file="Interface\Icons\Spell_Shadow_PsychicScream"/>
						</Layer>
					</Layers>
					<Scripts>
						<OnEnter>
							ShardAce:ShowTooltip(ShardAce.Spell"Demonic Sacrifice")
						</OnEnter>
						<OnLeave>
							GameTooltip:Hide()
						</OnLeave>
						<OnClick>
							ShardAce:Cast(nil, "Sacrifice");
						</OnClick>
					</Scripts>
					<NormalTexture file="Interface\Icons\Spell_Shadow_PsychicScream"/>
					<PushedTexture file="Interface\Buttons\UI-Quickslot-Depress"/>
					<HighlightTexture alphaMode="ADD" file="Interface\Buttons\ButtonHilight-Square"/>
				</Button>
				<Button name="$parent_Button13" frameStrata="MEDIUM" enableMouse="true" movable="true">
					<Size>
						<AbsDimension x="32" y="32"/>
					</Size>
					<Anchors>
						<Anchor point="TOPRIGHT" relativeTo="$parent_Button12" relativePoint="TOPLEFT">
							<Offset>
								<AbsDimension x="-2" y="0"/>
							</Offset>
						</Anchor>
					</Anchors>
					<Layers>
						<Layer level="BACKGROUND">
							<Texture file="Interface\Icons\Spell_Shadow_Metamorphosis"/>
						</Layer>
					</Layers>
					<Scripts>
						<OnEnter>
							ShardAce:ShowTooltip(ShardAce.Spell"Sense Demons")
						</OnEnter>
						<OnLeave>
							GameTooltip:Hide()
						</OnLeave>
						<OnClick>
							ShardAce:Cast(nil, "Tracking");
						</OnClick>
					</Scripts>
					<NormalTexture file="Interface\Icons\Spell_Shadow_Metamorphosis"/>
					<PushedTexture file="Interface\Buttons\UI-Quickslot-Depress"/>
					<HighlightTexture alphaMode="ADD" file="Interface\Buttons\ButtonHilight-Square"/>
				</Button>
				<Button name="$parent_Button14" frameStrata="MEDIUM" enableMouse="true" movable="true">
					<Size>
						<AbsDimension x="32" y="32"/>
					</Size>
					<Anchors>
						<Anchor point="TOPRIGHT" relativeTo="$parent_Button13" relativePoint="TOPLEFT">
							<Offset>
								<AbsDimension x="-2" y="0"/>
							</Offset>
						</Anchor>
					</Anchors>
					<Layers>
						<Layer level="BACKGROUND">
							<Texture file="Interface\Icons\Spell_Shadow_DemonBreath"/>
						</Layer>
					</Layers>
					<Scripts>
						<OnEnter>
							ShardAce:ShowTooltip(ShardAce.Spell"Unending Breath")
						</OnEnter>
						<OnLeave>
							GameTooltip:Hide()
						</OnLeave>
						<OnClick>
							ShardAce:Cast(nil, "Breath");
						</OnClick>
					</Scripts>
					<NormalTexture file="Interface\Icons\Spell_Shadow_DemonBreath"/>
					<PushedTexture file="Interface\Buttons\UI-Quickslot-Depress"/>
					<HighlightTexture alphaMode="ADD" file="Interface\Buttons\ButtonHilight-Square"/>
				</Button>
				<Button name="$parent_Button15" frameStrata="MEDIUM" enableMouse="true" movable="true">
					<Size>
						<AbsDimension x="32" y="32"/>
					</Size>
					<Anchors>
						<Anchor point="TOPRIGHT" relativeTo="$parent_Button14" relativePoint="TOPLEFT">
							<Offset>
								<AbsDimension x="-2" y="0"/>
							</Offset>
						</Anchor>
					</Anchors>
					<Layers>
						<Layer level="BACKGROUND">
							<Texture file="Interface\Icons\Spell_Shadow_DetectInvisibility"/>
						</Layer>
					</Layers>
					<Scripts>
						<OnEnter>
							ShardAce:ShowTooltip(ShardAce.Spell"Detect Invisibility")
						</OnEnter>
						<OnLeave>
							GameTooltip:Hide()
						</OnLeave>
						<OnClick>
							ShardAce:Cast(nil, "DetectInvis");
						</OnClick>
					</Scripts>
					<NormalTexture file="Interface\Icons\Spell_Shadow_DetectInvisibility"/>
					<PushedTexture file="Interface\Buttons\UI-Quickslot-Depress"/>
					<HighlightTexture alphaMode="ADD" file="Interface\Buttons\ButtonHilight-Square"/>
				</Button>
			</Frames>
		</Frame>
	
</Ui>