<Bindings>
   		<Binding name="STEED" header="SpiritSphere_BIND">
    	 SpiritSphere_UseItem("Mount");
    	</Binding>
    	<Binding name="MIGHT" header="SpiritSphere_BIND">
    	 SpiritSphere_CastBlessing("Might");
    	</Binding>
    	<Binding name="WISDOM" header="SpiritSphere_BIND">
    	 SpiritSphere_CastBlessing("Wisdom");
    	</Binding>
    	<Binding name="SALVATION" header="SpiritSphere_BIND">
    	 SpiritSphere_CastBlessing("Salvation");
    	</Binding>
    	<Binding name="LIGHT" header="SpiritSphere_BIND">
    	 SpiritSphere_CastBlessing("Light");
    	</Binding>
    	<Binding name="KINGS" header="SpiritSphere_BIND">
    	 SpiritSphere_CastBlessing("Kings");
    	</Binding>
    	<Binding name="SANCTUARY" header="SpiritSphere_BIND">
    	 SpiritSphere_CastBlessing("Sanctuary");
    	</Binding>
    	<Binding name="FREEDOM" header="SpiritSphere_BIND">
    	 SpiritSphere_CastBlessing("Freedom");
    	</Binding>
    	<Binding name="SACRIFICE" header="SpiritSphere_BIND">
    	 SpiritSphere_CastBlessing("Sacrifice");
    	</Binding>
    	<Binding name="SCOMMAND" header="SpiritSphere_BIND">
    	 SpiritSphere_CastSeal("Command");
    	</Binding>
    	<Binding name="SCRUSADER" header="SpiritSphere_BIND">
    	 SpiritSphere_CastSeal("Crusader");
    	</Binding>
    	<Binding name="SJUSTICE" header="SpiritSphere_BIND">
    	 SpiritSphere_CastSeal("Justice");
    	</Binding>
    	<Binding name="SLIGHT" header="SpiritSphere_BIND">
    	 SpiritSphere_CastSeal("Light");
    	</Binding>
    	<Binding name="SRIGHTEOUSNESS" header="SpiritSphere_BIND">
    	 SpiritSphere_CastSeal("Righteousness");
    	</Binding>
    	<Binding name="SWISDOM" header="SpiritSphere_BIND">
    	 SpiritSphere_CastSeal("Wisdom");
    	</Binding>
    	<Binding name="JUDGEMENT" header="SpiritSphere_BIND">
    	 SpiritSphere_CastSeal("Judgement");
    	</Binding>
</Bindings>
