<Ui xmlns="http://www.blizzard.com/wow/ui/" xmlns:xsi="http://www.w3.org/2001/XMLSchema-instance" xsi:schemaLocation="http://www.blizzard.com/wow/ui/..\FrameXML\UI.xsd">
	<Script file="Localization-FR.lua"/>
  <Script file="Localization-EN.lua"/>
  <Script file="Localization-DE.lua"/>
  <Script file="SpiritSphere.lua"/>
	
	<Button name="SpiritSphereButton" hidden="false" enableMouse="true"  toplevel="true" parent="UIParent" movable="true">
		<Size>
			<AbsDimension x="58" y="58"/>o
		</Size>
		<Anchors>
			<Anchor point="CENTER" relativeTo="UIParent" relativePoint="CENTER">
				<Offset>
					<AbsDimension x="0" y="-100"/>
				</Offset>
			</Anchor>
		</Anchors>
		<Layers>
			<Layer level="ARTWORK">
				<FontString name="SpiritSphereKingsCount" inherits="GameFontNormal" text="00">
					<Color r="1.0" g="1.0" b="1.0" a="1"/>
					<Anchors>
						<Anchor point="CENTER" relativeTo="SpiritSphereButton" relativeFrom="CENTER">
							<Offset>
								<AbsDimension x="0" y="0"/>
							</Offset>
						</Anchor>
					</Anchors>
				</FontString>
			</Layer>
		</Layers>
		<Scripts>
		  <OnLoad>
		  	this:RegisterForDrag("LeftButton");
		  	this:RegisterForClicks("LeftButtonUp","RightButtonUp");
		  </OnLoad>
		  <OnEnter>
		    SpiritSphere_BuildTooltip(this,"ANCHOR_CURSOR","SpiritSphereButton");
		  </OnEnter>
      <OnLeave>
				GameTooltip:Hide();
			</OnLeave>
		  <OnClick>
			  SpiritSphere_OnClick(arg1);
			</OnClick>
			<OnDragStart>
				SpiritSphere_OnDragStart(this);
			</OnDragStart>
			<OnDragStop>
				SpiritSphere_OnDragStop(this);
			</OnDragStop>
			<OnMouseUp>
				SpiritSphere_OnDragStop(this);
			</OnMouseUp>
			<OnUpdate>
				SpiritSphere_OnUpdate();
			</OnUpdate>
			<OnEvent>
				SpiritSphere_OnEvent(event);
			</OnEvent>
		</Scripts>
	</Button>
	
	<Button name="SpiritSphereButton2" hidden="false" enableMouse="true"  toplevel="true" parent="UIParent" movable="true">
		<Size>
			<AbsDimension x="58" y="58"/>
		</Size>
		<Anchors>
			<Anchor point="CENTER" relativeTo="UIParent" relativePoint="CENTER">
				<Offset>
					<AbsDimension x="0" y="-100"/>
				</Offset>
			</Anchor>
		</Anchors>
		<Layers>
			<Layer level="ARTWORK">
				<FontString name="SpiritSphereJudgementCooldown" inherits="GameFontNormal" text="">
					<Color r="1" g="1" b="0" a="1"/>
					<Anchors>
						<Anchor point="CENTER" relativeTo="SpiritSphereButton2" relativeFrom="CENTER">
							<Offset>
								<AbsDimension x="0" y="0"/>
							</Offset>
						</Anchor>
					</Anchors>
				</FontString>
			</Layer>
		</Layers>
		<Scripts>
		  <OnLoad>
		  	this:RegisterForDrag("LeftButton");
		  	this:RegisterForClicks("LeftButtonUp","RightButtonUp");
		  </OnLoad>
		  <OnEnter>
		    SpiritSphere_BuildTooltip(this,"ANCHOR_CURSOR","SpiritSphereButton2");
		  </OnEnter>
      <OnLeave>
				GameTooltip:Hide();
			</OnLeave>
		  <OnClick>
			 SpiritSphere_CastSeal("Judgement");
			</OnClick>
			<OnDragStart>
				SpiritSphere_OnDragStart(this);
			</OnDragStart>
			<OnDragStop>
				SpiritSphere_OnDragStop(this);
			</OnDragStop>
			<OnMouseUp>
				SpiritSphere_OnDragStop(this);
			</OnMouseUp>
			<OnEvent>
				SpiritSphere_OnEvent(event);
			</OnEvent>
		</Scripts>
		<NormalTexture file="Interface\AddOns\SpiritSphere\UI\Judgement"/>
	</Button>
	
	<Button name="SpiritSphereMountButton" hidden="false" enableMouse="true"  toplevel="true" parent="UIParent" movable="true">
		<Size>
			<AbsDimension x="34" y="34"/>
		</Size>
		<Anchors>
			<Anchor point="CENTER" relativeTo="UIParent" relativePoint="CENTER">
				<Offset>
					<AbsDimension x="17" y="-100"/>
				</Offset>
			</Anchor>
		</Anchors>
		<Layers>
			<Layer level="ARTWORK">
				<FontString name="Cooldown1" inherits="GameFontNormal">
					<Color r="1.0" g="1.0" b="0.0" a="1"/>
					<Anchors>
						<Anchor point="CENTER" relativeTo="SpiritSphereMountButton" relativeFrom="CENTER">
							<Offset>
								<AbsDimension x="0" y="0"/>
							</Offset>
						</Anchor>
					</Anchors>
				</FontString>
			</Layer>
		</Layers>
		<Scripts>
		  <OnEnter>
		    SpiritSphere_BuildTooltip(this,"ANCHOR_CURSOR","Mount");
		  </OnEnter>
      <OnLeave>
				GameTooltip:Hide();
			</OnLeave>
			<OnLoad>
				this:RegisterForDrag("LeftButton");
				this:RegisterForClicks("LeftButtonUp", "RightButtonUp");
			</OnLoad>
			<OnClick>
				SpiritSphere_UseItem("Mount",arg1);
			</OnClick>
			<OnDragStart>
				SpiritSphere_OnDragStart(this);
			</OnDragStart>
			<OnDragStop>
				SpiritSphere_OnDragStop(this);
			</OnDragStop>
			<OnMouseUp>
				SpiritSphere_OnDragStop(this);
			</OnMouseUp>
		</Scripts>
		<NormalTexture file="Interface\AddOns\SpiritSphere\UI\Mount"/>
		<HighlightTexture file="Interface\AddOns\SpiritSphere\UI\Mount2"/>
	</Button>	
	
	<GameTooltip name="SpiritSphereTooltip" frameStrata="LOW" toplevel="true" movable="true" parent="UIParent" inherits="GameTooltipTemplate" />
</Ui>
