<Ui xmlns="http://www.blizzard.com/wow/ui/" xmlns:xsi="http://www.w3.org/2001/XMLSchema-instance" xsi:schemaLocation="http://www.blizzard.com/wow/ui/..\FrameXML\UI.xsd">
  
<Button name="SpiritSphereMightButton" hidden="false" enableMouse="true"  toplevel="true" parent="UIParent" movable="false" inherits="CooldownCount">
		<Size>
			<AbsDimension x="40" y="40"/>
		</Size>
		<Anchors>
			<Anchor point="CENTER" relativeTo="SpiritSphereButton" relativePoint="CENTER">
				<Offset>
					<AbsDimension x="17" y="-100"/>
				</Offset>
			</Anchor>
		</Anchors>
		<Layers>
			<Layer level="ARTWORK">
				<FontString name="Cooldown2" inherits="GameFontNormal">
					<Color r="1.0" g="1.0" b="0.0" a="1"/>
					<Anchors>
						<Anchor point="CENTER" relativeTo="SpiritSphereMightButton" relativeFrom="CENTER">
							<Offset>
								<AbsDimension x="0" y="0"/>
							</Offset>
						</Anchor>
					</Anchors>
				</FontString>
			</Layer>
		</Layers>
		<Scripts>
	   	<OnEnter>
		    SpiritSphere_BuildTooltip(this,"ANCHOR_CURSOR","Might");
		  </OnEnter>
      <OnLeave>
				GameTooltip:Hide();
			</OnLeave>
			<OnLoad>
				this:RegisterForDrag("LeftButton");
				this:RegisterForClicks("LeftButtonUp", "RightButtonUp");
			</OnLoad>
			<OnClick>
			  SpiritSphere_CastBlessing("Might",arg1);
			</OnClick>
		</Scripts>
		<NormalTexture file="Interface\AddOns\SpiritSphere\UI\Might"/>
		<HighlightTexture file="Interface\AddOns\SpiritSphere\UI\Might2"/>
	</Button>
	
	<Button name="SpiritSphereMightUpButton" hidden="true" enableMouse="true"  toplevel="true" parent="UIParent" movable="false" inherits="CooldownCount">
		<Size>
			<AbsDimension x="40" y="40"/>
		</Size>
		<Anchors>
			<Anchor point="CENTER" relativeTo="SpiritSphereButton" relativePoint="CENTER">
				<Offset>
					<AbsDimension x="17" y="-100"/>
				</Offset>
			</Anchor>
		</Anchors>
		<Layers>
			<Layer level="ARTWORK">
				<FontString name="Cooldown3" inherits="GameFontNormal">
					<Color r="1.0" g="1.0" b="0.0" a="1"/>
					<Anchors>
						<Anchor point="CENTER" relativeTo="SpiritSphereMightUpButton" relativeFrom="CENTER">
							<Offset>
								<AbsDimension x="0" y="0"/>
							</Offset>
						</Anchor>
					</Anchors>
				</FontString>
			</Layer>
		</Layers>
		<Scripts>
		  <OnEnter>
		    SpiritSphere_BuildTooltip(this,"ANCHOR_CURSOR","MightUp");
		  </OnEnter>
      <OnLeave>
				GameTooltip:Hide();
			</OnLeave>
			<OnLoad>
				this:RegisterForDrag("LeftButton");
				this:RegisterForClicks("LeftButtonUp", "RightButtonUp");
			</OnLoad>
			<OnClick>
			  SpiritSphere_CastBlessing("Might",arg1);
			</OnClick>
		</Scripts>
		<NormalTexture file="Interface\AddOns\SpiritSphere\UI\MightUp"/>
		<HighlightTexture file="Interface\AddOns\SpiritSphere\UI\MightUp2"/>
	</Button>
	
	<Button name="SpiritSphereWisdomButton" hidden="false" enableMouse="true"  toplevel="true" parent="UIParent" movable="false" inherits="CooldownCount">
		<Size>
			<AbsDimension x="40" y="40"/>
		</Size>
		<Anchors>
			<Anchor point="CENTER" relativeTo="SpiritSphereButton" relativePoint="CENTER">
				<Offset>
					<AbsDimension x="17" y="-100"/>
				</Offset>
			</Anchor>
		</Anchors>
		<Layers>
			<Layer level="ARTWORK">
				<FontString name="Cooldown4" inherits="GameFontNormal">
					<Color r="1.0" g="1.0" b="0.0" a="1"/>
					<Anchors>
						<Anchor point="CENTER" relativeTo="SpiritSphereWisdomButton" relativeFrom="CENTER">
							<Offset>
								<AbsDimension x="0" y="0"/>
							</Offset>
						</Anchor>
					</Anchors>
				</FontString>
			</Layer>
		</Layers>
		<Scripts>
		  <OnEnter>
		    SpiritSphere_BuildTooltip(this,"ANCHOR_CURSOR","Wisdom");
		  </OnEnter>
      <OnLeave>
				GameTooltip:Hide();
			</OnLeave>
			<OnLoad>
				this:RegisterForDrag("LeftButton");
				this:RegisterForClicks("LeftButtonUp", "RightButtonUp");
			</OnLoad>
			<OnClick>
			  SpiritSphere_CastBlessing("Wisdom",arg1);
  		</OnClick>
		</Scripts>
		<NormalTexture file="Interface\AddOns\SpiritSphere\UI\Wisdom"/>
		<HighlightTexture file="Interface\AddOns\SpiritSphere\UI\Wisdom2"/>
	</Button>
	
	<Button name="SpiritSphereWisdomUpButton" hidden="true" enableMouse="true"  toplevel="true" parent="UIParent" movable="false" inherits="CooldownCount">
		<Size>
			<AbsDimension x="40" y="40"/>
		</Size>
		<Anchors>
			<Anchor point="CENTER" relativeTo="SpiritSphereButton" relativePoint="CENTER">
				<Offset>
					<AbsDimension x="17" y="-100"/>
				</Offset>
			</Anchor>
		</Anchors>
		<Layers>
			<Layer level="ARTWORK">
				<FontString name="Cooldown5" inherits="GameFontNormal">
					<Color r="1.0" g="1.0" b="0.0" a="1"/>
					<Anchors>
						<Anchor point="CENTER" relativeTo="SpiritSphereWisdomUpButton" relativeFrom="CENTER">
							<Offset>
								<AbsDimension x="0" y="0"/>
							</Offset>
						</Anchor>
					</Anchors>
				</FontString>
			</Layer>
		</Layers>
		<Scripts>
		  <OnEnter>
		    SpiritSphere_BuildTooltip(this,"ANCHOR_CURSOR","WisdomUp");
		  </OnEnter>
      <OnLeave>
				GameTooltip:Hide();
			</OnLeave>
			<OnLoad>
				this:RegisterForDrag("LeftButton");
				this:RegisterForClicks("LeftButtonUp", "RightButtonUp");
			</OnLoad>
			<OnClick>
			  SpiritSphere_CastBlessing("Wisdom",arg1);
  		</OnClick>
		</Scripts>
		<NormalTexture file="Interface\AddOns\SpiritSphere\UI\WisdomUp"/>
		<HighlightTexture file="Interface\AddOns\SpiritSphere\UI\WisdomUp2"/>
	</Button>
	
	<Button name="SpiritSphereSalvationButton" hidden="false" enableMouse="true"  toplevel="true" parent="UIParent" movable="false" inherits="CooldownCount">
		<Size>
			<AbsDimension x="40" y="40"/>
		</Size>
		<Anchors>
			<Anchor point="CENTER" relativeTo="SpiritSphereButton" relativePoint="CENTER">
				<Offset>
					<AbsDimension x="17" y="-100"/>
				</Offset>
			</Anchor>
		</Anchors>
		<Layers>
			<Layer level="ARTWORK">
				<FontString name="Cooldown6" inherits="GameFontNormal">
					<Color r="1.0" g="1.0" b="0.0" a="1"/>
					<Anchors>
						<Anchor point="CENTER" relativeTo="SpiritSphereSalvationButton" relativeFrom="CENTER">
							<Offset>
								<AbsDimension x="0" y="0"/>
							</Offset>
						</Anchor>
					</Anchors>
				</FontString>
			</Layer>
		</Layers>
		<Scripts>
		<OnEnter>
		    SpiritSphere_BuildTooltip(this,"ANCHOR_CURSOR","Salvation");
		  </OnEnter>
      <OnLeave>
				GameTooltip:Hide();
			</OnLeave>
			<OnLoad>
				this:RegisterForDrag("LeftButton");
				this:RegisterForClicks("LeftButtonUp", "RightButtonUp");
			</OnLoad>
			<OnClick>
		  	SpiritSphere_CastBlessing("Salvation",arg1);
			</OnClick>
		</Scripts>
		<NormalTexture file="Interface\AddOns\SpiritSphere\UI\Salvation"/>
		<HighlightTexture file="Interface\AddOns\SpiritSphere\UI\Salvation2"/>
	</Button>
	
	<Button name="SpiritSphereSalvationUpButton" hidden="true" enableMouse="true"  toplevel="true" parent="UIParent" movable="false" inherits="CooldownCount">
		<Size>
			<AbsDimension x="40" y="40"/>
		</Size>
		<Anchors>
			<Anchor point="CENTER" relativeTo="SpiritSphereButton" relativePoint="CENTER">
				<Offset>
					<AbsDimension x="17" y="-100"/>
				</Offset>
			</Anchor>
		</Anchors>
		<Layers>
			<Layer level="ARTWORK">
				<FontString name="Cooldown7" inherits="GameFontNormal">
					<Color r="1.0" g="1.0" b="0.0" a="1"/>
					<Anchors>
						<Anchor point="CENTER" relativeTo="SpiritSphereSalvationUpButton" relativeFrom="CENTER">
							<Offset>
								<AbsDimension x="0" y="0"/>
							</Offset>
						</Anchor>
					</Anchors>
				</FontString>
			</Layer>
		</Layers>
		<Scripts>
		  <OnEnter>
		    SpiritSphere_BuildTooltip(this,"ANCHOR_CURSOR","SalvationUp");
		  </OnEnter>
      <OnLeave>
				GameTooltip:Hide();
			</OnLeave>
			<OnLoad>
				this:RegisterForDrag("LeftButton");
				this:RegisterForClicks("LeftButtonUp", "RightButtonUp");
			</OnLoad>
			<OnClick>
		  	SpiritSphere_CastBlessing("Salvation",arg1);
			</OnClick>
		</Scripts>
		<NormalTexture file="Interface\AddOns\SpiritSphere\UI\SalvationUp"/>
		<HighlightTexture file="Interface\AddOns\SpiritSphere\UI\SalvationUp2"/>
	</Button>
	
	<Button name="SpiritSphereLightButton" hidden="false" enableMouse="true"  toplevel="true" parent="UIParent" movable="false" inherits="CooldownCount">
		<Size>
			<AbsDimension x="40" y="40"/>
		</Size>
		<Anchors>
			<Anchor point="CENTER" relativeTo="SpiritSphereButton" relativePoint="CENTER">
				<Offset>
					<AbsDimension x="17" y="-100"/>
				</Offset>
			</Anchor>
		</Anchors>
		<Layers>
			<Layer level="ARTWORK">
				<FontString name="Cooldown8" inherits="GameFontNormal">
					<Color r="1.0" g="1.0" b="0.0" a="1"/>
					<Anchors>
						<Anchor point="CENTER" relativeTo="SpiritSphereLightButton" relativeFrom="CENTER">
							<Offset>
								<AbsDimension x="0" y="0"/>
							</Offset>
						</Anchor>
					</Anchors>
				</FontString>
			</Layer>
		</Layers>
		<Scripts>
		  <OnEnter>
		    SpiritSphere_BuildTooltip(this,"ANCHOR_CURSOR","Light");
		  </OnEnter>
      <OnLeave>
				GameTooltip:Hide();
			</OnLeave>
			<OnLoad>
				this:RegisterForDrag("LeftButton");
				this:RegisterForClicks("LeftButtonUp", "RightButtonUp");
			</OnLoad>
			<OnClick>
			  SpiritSphere_CastBlessing("Light",arg1);
			</OnClick>
		</Scripts>
		<NormalTexture file="Interface\AddOns\SpiritSphere\UI\Light"/>
		<HighlightTexture file="Interface\AddOns\SpiritSphere\UI\Light2"/>
	</Button>
	
	<Button name="SpiritSphereLightUpButton" hidden="true" enableMouse="true"  toplevel="true" parent="UIParent" movable="false" inherits="CooldownCount">
		<Size>
			<AbsDimension x="40" y="40"/>
		</Size>
		<Anchors>
			<Anchor point="CENTER" relativeTo="SpiritSphereButton" relativePoint="CENTER">
				<Offset>
					<AbsDimension x="17" y="-100"/>
				</Offset>
			</Anchor>
		</Anchors>
		<Layers>
			<Layer level="ARTWORK">
				<FontString name="Cooldown9" inherits="GameFontNormal">
					<Color r="1.0" g="1.0" b="0.0" a="1"/>
					<Anchors>
						<Anchor point="CENTER" relativeTo="SpiritSphereLightUpButton" relativeFrom="CENTER">
							<Offset>
								<AbsDimension x="0" y="0"/>
							</Offset>
						</Anchor>
					</Anchors>
				</FontString>
			</Layer>
		</Layers>
		<Scripts>
		  <OnEnter>
		    SpiritSphere_BuildTooltip(this,"ANCHOR_CURSOR","LightUp");
		  </OnEnter>
      <OnLeave>
				GameTooltip:Hide();
			</OnLeave>
			<OnLoad>
				this:RegisterForDrag("LeftButton");
				this:RegisterForClicks("LeftButtonUp", "RightButtonUp");
			</OnLoad>
			<OnClick>
			  SpiritSphere_CastBlessing("Light",arg1);
			</OnClick>
		</Scripts>
		<NormalTexture file="Interface\AddOns\SpiritSphere\UI\LightUp"/>
		<HighlightTexture file="Interface\AddOns\SpiritSphere\UI\LightUp2"/>
	</Button>
	
	<Button name="SpiritSphereFreedomButton" hidden="false" enableMouse="true"  toplevel="true" parent="UIParent" movable="false">
		<Size>
			<AbsDimension x="40" y="40"/>
		</Size>
		<Anchors>
			<Anchor point="CENTER" relativeTo="SpiritSphereButton" relativePoint="CENTER">
				<Offset>
					<AbsDimension x="17" y="-100"/>
				</Offset>
			</Anchor>
		</Anchors>
		<Layers>
			<Layer level="ARTWORK">
				<FontString name="SpiritSphereFreedomCooldown" inherits="GameFontNormal">
					<Color r="1.0" g="1.0" b="0.0" a="1"/>
					<Anchors>
						<Anchor point="CENTER" relativeTo="SpiritSphereFreedomButton" relativeFrom="CENTER">
							<Offset>
								<AbsDimension x="0" y="0"/>
							</Offset>
						</Anchor>
					</Anchors>
				</FontString>
			</Layer>
		</Layers>
		<Scripts>
		  <OnEnter>
		    SpiritSphere_BuildTooltip(this,"ANCHOR_CURSOR","Freedom");
		  </OnEnter>
      <OnLeave>
				GameTooltip:Hide();
			</OnLeave>
			<OnLoad>
				this:RegisterForDrag("LeftButton");
				this:RegisterForClicks("LeftButtonUp", "RightButtonUp");
			</OnLoad>
			<OnClick>
			  SpiritSphere_CastBlessing("Freedom",arg1);
			</OnClick>
		</Scripts>
		<NormalTexture file="Interface\AddOns\SpiritSphere\UI\Freedom"/>
		<HighlightTexture file="Interface\AddOns\SpiritSphere\UI\Freedom2"/>
	</Button>
	
	<Button name="SpiritSphereSacrificeButton" hidden="false" enableMouse="true"  toplevel="true" parent="UIParent" movable="false" inherits="CooldownCount">
		<Size>
			<AbsDimension x="40" y="40"/>
		</Size>
		<Anchors>
			<Anchor point="CENTER" relativeTo="SpiritSphereButton" relativePoint="CENTER">
				<Offset>
					<AbsDimension x="17" y="-100"/>
				</Offset>
			</Anchor>
		</Anchors>
		<Layers>
			<Layer level="ARTWORK">
				<FontString name="Cooldown10" inherits="GameFontNormal">
					<Color r="1.0" g="1.0" b="0.0" a="1"/>
					<Anchors>
						<Anchor point="CENTER" relativeTo="SpiritSphereSacrificeButton" relativeFrom="CENTER">
							<Offset>
								<AbsDimension x="0" y="0"/>
							</Offset>
						</Anchor>
					</Anchors>
				</FontString>
			</Layer>
		</Layers>
		<Scripts>
		  <OnEnter>
		    SpiritSphere_BuildTooltip(this,"ANCHOR_CURSOR","Sacrifice");
		  </OnEnter>
      <OnLeave>
				GameTooltip:Hide();
			</OnLeave>
			<OnLoad>
				this:RegisterForDrag("LeftButton");
				this:RegisterForClicks("LeftButtonUp", "RightButtonUp");
			</OnLoad>
			<OnClick>
			  SpiritSphere_CastBlessing("Sacrifice");
			</OnClick>
		</Scripts>
		<NormalTexture file="Interface\AddOns\SpiritSphere\UI\Sacrifice"/>
		<HighlightTexture file="Interface\AddOns\SpiritSphere\UI\Sacrifice2"/>
	</Button>
	
	<Button name="SpiritSphereKingsButton" hidden="false" enableMouse="true"  toplevel="true" parent="UIParent" movable="false" inherits="CooldownCount">
		<Size>
			<AbsDimension x="40" y="40"/>
		</Size>
		<Anchors>
			<Anchor point="CENTER" relativeTo="SpiritSphereButton" relativePoint="CENTER">
				<Offset>
					<AbsDimension x="17" y="-100"/>
				</Offset>
			</Anchor>
		</Anchors>
		<Layers>
			<Layer level="ARTWORK">
				<FontString name="Cooldown11" inherits="GameFontNormal">
					<Color r="1.0" g="1.0" b="0.0" a="1"/>
					<Anchors>
						<Anchor point="CENTER" relativeTo="SpiritSphereKingsButton" relativeFrom="CENTER">
							<Offset>
								<AbsDimension x="0" y="0"/>
							</Offset>
						</Anchor>
					</Anchors>
				</FontString>
			</Layer>
		</Layers>
		<Scripts>
		  <OnEnter>
		    SpiritSphere_BuildTooltip(this,"ANCHOR_CURSOR","Kings");
		  </OnEnter>
      <OnLeave>
				GameTooltip:Hide();
			</OnLeave>
			<OnLoad>
				this:RegisterForDrag("LeftButton");
				this:RegisterForClicks("LeftButtonUp", "RightButtonUp");
			</OnLoad>
			<OnClick>
			  SpiritSphere_CastBlessing("Kings",arg1);
			</OnClick>
		</Scripts>
		<NormalTexture file="Interface\AddOns\SpiritSphere\UI\Kings"/>
		<HighlightTexture file="Interface\AddOns\SpiritSphere\UI\Kings2"/>
	</Button>
	
	<Button name="SpiritSphereKingsUpButton" hidden="true" enableMouse="true"  toplevel="true" parent="UIParent" movable="false" inherits="CooldownCount">
		<Size>
			<AbsDimension x="40" y="40"/>
		</Size>
		<Anchors>
			<Anchor point="CENTER" relativeTo="SpiritSphereButton" relativePoint="CENTER">
				<Offset>
					<AbsDimension x="17" y="-100"/>
				</Offset>
			</Anchor>
		</Anchors>
		<Layers>
			<Layer level="ARTWORK">
				<FontString name="Cooldown12" inherits="GameFontNormal">
					<Color r="1.0" g="1.0" b="0.0" a="1"/>
					<Anchors>
						<Anchor point="CENTER" relativeTo="SpiritSphereKingsUpButton" relativeFrom="CENTER">
							<Offset>
								<AbsDimension x="0" y="0"/>
							</Offset>
						</Anchor>
					</Anchors>
				</FontString>
			</Layer>
		</Layers>
		<Scripts>
		  <OnEnter>
		    SpiritSphere_BuildTooltip(this,"ANCHOR_CURSOR","KingsUp");
		  </OnEnter>
      <OnLeave>
				GameTooltip:Hide();
			</OnLeave>
			<OnLoad>
				this:RegisterForDrag("LeftButton");
				this:RegisterForClicks("LeftButtonUp", "RightButtonUp");
			</OnLoad>
			<OnClick>
			  SpiritSphere_CastBlessing("Kings",arg1);
			</OnClick>
		</Scripts>
		<NormalTexture file="Interface\AddOns\SpiritSphere\UI\KingsUp"/>
		<HighlightTexture file="Interface\AddOns\SpiritSphere\UI\KingsUp2"/>
	</Button>
	
	<Button name="SpiritSphereSanctuaryButton" hidden="false" enableMouse="true"  toplevel="true" parent="UIParent" movable="false" inherits="CooldownCount">
		<Size>
			<AbsDimension x="40" y="40"/>
		</Size>
		<Anchors>
			<Anchor point="CENTER" relativeTo="SpiritSphereButton" relativePoint="CENTER">
				<Offset>
					<AbsDimension x="17" y="-100"/>
				</Offset>
			</Anchor>
		</Anchors>
		<Layers>
			<Layer level="ARTWORK">
				<FontString name="Cooldown13" inherits="GameFontNormal">
					<Color r="1.0" g="1.0" b="0.0" a="1"/>
					<Anchors>
						<Anchor point="CENTER" relativeTo="SpiritSphereSanctuaryButton" relativeFrom="CENTER">
							<Offset>
								<AbsDimension x="0" y="0"/>
							</Offset>
						</Anchor>
					</Anchors>
				</FontString>
			</Layer>
		</Layers>
		<Scripts>
		  <OnEnter>
		    SpiritSphere_BuildTooltip(this,"ANCHOR_CURSOR","Sanctuary");
		  </OnEnter>
      <OnLeave>
				GameTooltip:Hide();
			</OnLeave>
			<OnLoad>
				this:RegisterForDrag("LeftButton");
				this:RegisterForClicks("LeftButtonUp", "RightButtonUp");
			</OnLoad>
			<OnClick>
			  SpiritSphere_CastBlessing("Sanctuary",arg1);
			</OnClick>
		</Scripts>
		<NormalTexture file="Interface\AddOns\SpiritSphere\UI\Sanctuary"/>
		<HighlightTexture file="Interface\AddOns\SpiritSphere\UI\Sanctuary2"/>
	</Button>
	
	<Button name="SpiritSphereSanctuaryUpButton" hidden="true" enableMouse="true"  toplevel="true" parent="UIParent" movable="false" inherits="CooldownCount">
		<Size>
			<AbsDimension x="40" y="40"/>
		</Size>
		<Anchors>
			<Anchor point="CENTER" relativeTo="SpiritSphereButton" relativePoint="CENTER">
				<Offset>
					<AbsDimension x="17" y="-100"/>
				</Offset>
			</Anchor>
		</Anchors>
		<Layers>
			<Layer level="ARTWORK">
				<FontString name="Cooldown14" inherits="GameFontNormal">
					<Color r="1.0" g="1.0" b="0.0" a="1"/>
					<Anchors>
						<Anchor point="CENTER" relativeTo="SpiritSphereSanctuaryUpButton" relativeFrom="CENTER">
							<Offset>
								<AbsDimension x="0" y="0"/>
							</Offset>
						</Anchor>
					</Anchors>
				</FontString>
			</Layer>
		</Layers>
		<Scripts>
		  <OnEnter>
		    SpiritSphere_BuildTooltip(this,"ANCHOR_CURSOR","SanctuaryUp");
		  </OnEnter>
      <OnLeave>
				GameTooltip:Hide();
			</OnLeave>
			<OnLoad>
				this:RegisterForDrag("LeftButton");
				this:RegisterForClicks("LeftButtonUp", "RightButtonUp");
			</OnLoad>
			<OnClick>
			  SpiritSphere_CastBlessing("Sanctuary",arg1);
			</OnClick>
		</Scripts>
		<NormalTexture file="Interface\AddOns\SpiritSphere\UI\SanctuaryUp"/>
		<HighlightTexture file="Interface\AddOns\SpiritSphere\UI\SanctuaryUp2"/>
	</Button>

</Ui>
