<Ui xmlns="http://www.blizzard.com/wow/ui/" xmlns:xsi="http://www.w3.org/2001/XMLSchema-instance" xsi:schemaLocation="http://www.blizzard.com/wow/ui/..\FrameXML\UI.xsd">
    
<Frame name="SpiritSphereMenu" hidden="true" virtual="false" parent="UIParent">
    <Size> 
      <AbsDimension x="300" y="300"/> 
    </Size> 
    <Anchors> 
      <Anchor point="CENTER" /> 
    </Anchors>
    <Backdrop bgFile="Interface\DialogFrame\UI-DialogBox-Background" edgeFile="Interface\DialogFrame\UI-DialogBox-Border">
      <EdgeSize>
        <AbsValue val="30"/>
      </EdgeSize>
      <BackgroundInsets>
        <AbsInset left="11" right="12" top="12" bottom="11"/>
      </BackgroundInsets>
    </Backdrop>

    <!-- Ecrit -->
    <Layers> 
      <Layer level="BACKGROUND"> 
        <Texture name="$parent_Background" setAllPoints="true">
          <Color r="0" g="0" b="0" a="0.8" /> 
        </Texture>
      </Layer>
    </Layers>
    <Layers> 
      <Layer level="ARTWORK"> 
        <FontString name="Titre" inherits="GameFontNormal" text="SPIRIT SPHERE -  OPTIONS">
          <Anchors>
            <Anchor point="TOP" relativePoint="TOP">
              <Offset>
                <AbsDimension x="0" y="-10"/>
              </Offset>
            </Anchor>
          </Anchors>
        </FontString>
        <FontString name="Show" inherits="GameFontNormal">
          <Anchors>
            <Anchor point="LEFT" relativePoint="TOPLEFT">
              <Offset>
                <AbsDimension x="15" y="-50"/>
              </Offset>
            </Anchor>
          </Anchors>
        </FontString>
        <FontString name="Drag" inherits="GameFontNormal">
          <Anchors>
            <Anchor point="LEFT">
              <Offset>
                <AbsDimension x="15" y="30"/>
              </Offset>
            </Anchor>
          </Anchors>
        </FontString>
        <FontString name="Tooltips" inherits="GameFontNormal">
          <Anchors>
            <Anchor point="LEFT">
              <Offset>
                <AbsDimension x="15" y="-60"/>
              </Offset>
            </Anchor>
          </Anchors>
        </FontString>
      </Layer> 
    </Layers>   
    
  <Frames>
    <!-- Check BENE -->
    <CheckButton name="SpiritSphereCheckBlessing" inherits="UICheckButtonTemplate" id="1">
      <Size>
        <AbsDimension x="20" y="20"/>
      </Size>
      <Anchors> 
        <Anchor point="TOPLEFT">
          <Offset>
            <AbsDimension x="20" y="-70"/>
          </Offset>
        </Anchor>
      </Anchors>      
      <Scripts>
        <OnLoad>
          getglobal(this:GetName().."Text"):SetText(SpiritSphere_MENU.Blessing);
        </OnLoad>
      </Scripts>
    </CheckButton>
    
    <!-- Check SCEAU -->
    <CheckButton name="SpiritSphereCheckSeal" inherits="UICheckButtonTemplate" id="2">
      <Size>
        <AbsDimension x="20" y="20"/>
      </Size>
      <Anchors> 
        <Anchor point="TOPLEFT">
          <Offset>
            <AbsDimension x="120" y="-70"/>
          </Offset>
        </Anchor>
      </Anchors>      
      <Scripts>
        <OnLoad>
          getglobal(this:GetName().."Text"):SetText(SpiritSphere_MENU.Seal);
        </OnLoad>
      </Scripts>
    </CheckButton>
    
    <!-- Check MONTURE -->
    <CheckButton name="SpiritSphereCheckMount" inherits="UICheckButtonTemplate" id="3">
      <Size>
        <AbsDimension x="20" y="20"/>
      </Size>
      <Anchors> 
        <Anchor point="TOPLEFT">
          <Offset>
            <AbsDimension x="200" y="-70"/>
          </Offset>
        </Anchor>
      </Anchors>      
      <Scripts>
        <OnLoad>
          getglobal(this:GetName().."Text"):SetText(SpiritSphere_MENU.Mount);
        </OnLoad>
      </Scripts>
    </CheckButton>
    
    <!-- Lock -->
    <Button name="SpiritSphereLock" inherits="UIPanelButtonTemplate" text="Lock" id="4">
      <Size>
        <AbsDimension x="80" y="25"/>
      </Size>
      <Anchors>
        <Anchor point="LEFT">
          <Offset>
            <AbsDimension x="30" y="-10"/>
          </Offset>
        </Anchor>
      </Anchors>
      <Scripts>
        <OnClick>
          SpiritSphere_Config.Movable = false;
        </OnClick>
      </Scripts>
    </Button>
    
    <!-- Unlock -->
    <Button name="SpiritSphereUnlock" inherits="UIPanelButtonTemplate" text="Unlock" id="5">
      <Size>
        <AbsDimension x="80" y="25"/>
      </Size>
      <Anchors>
        <Anchor point="LEFT">
          <Offset>
            <AbsDimension x="140" y="-10"/>
          </Offset>
        </Anchor>
      </Anchors>
      <Scripts>
        <OnClick>
          SpiritSphere_Config.Movable = true;
        </OnClick>
      </Scripts>
    </Button>
    
    <!-- Confirmation -->
    <Button name="SpiritSphereConfirmation" inherits="UIPanelButtonTemplate" text="Schliessen" id="6">
      <Size>
        <AbsDimension x="100" y="30"/>
      </Size>
      <Anchors>
        <Anchor point="BOTTOM" />
      </Anchors>
      <Scripts>
        <OnClick>
          SpiritSphere_Menu_OnClick();
        </OnClick>
      </Scripts>
    </Button>
    
    <!-- Aides Bouton Radio -->
    <CheckButton name="SpiritSphereTooltipsOff" inherits="SendMailRadioButtonTemplate" id="7">
      <Anchors>
        <Anchor point="BOTTOM">
          <Offset>
            <AbsDimension  x="-120" y="50"/>
          </Offset>
        </Anchor>
      </Anchors>
      <Scripts>
        <OnLoad>
          getglobal(this:GetName().."Text"):SetText(SpiritSphere_MENU.Off);
        </OnLoad>
        <OnClick>
          SpiritSphereTooltipsPartial:SetChecked(nil);
          SpiritSphereTooltipsTotal:SetChecked(nil);
        </OnClick>
      </Scripts>
      </CheckButton>
      <CheckButton name="SpiritSphereTooltipsPartial" inherits="SendMailRadioButtonTemplate" id="8">
        <Anchors>
          <Anchor point="BOTTOM">
            <Offset>
              <AbsDimension  x="-20" y="50"/>
            </Offset>
          </Anchor>
        </Anchors>
        <Scripts>
          <OnLoad>
            getglobal(this:GetName().."Text"):SetText(SpiritSphere_MENU.Partial);
          </OnLoad>
          <OnClick>
            SpiritSphereTooltipsOff:SetChecked(nil);
            SpiritSphereTooltipsTotal:SetChecked(nil);
          </OnClick>
        </Scripts>
      </CheckButton>
      <CheckButton name="SpiritSphereTooltipsTotal" inherits="SendMailRadioButtonTemplate" id="9">
        <Anchors>
          <Anchor point="BOTTOM">
            <Offset>
              <AbsDimension  x="80" y="50"/>
            </Offset>
          </Anchor>
        </Anchors>
        <Scripts>
          <OnLoad>
            getglobal(this:GetName().."Text"):SetText(SpiritSphere_MENU.Total);
          </OnLoad>
          <OnClick>
            SpiritSphereTooltipsOff:SetChecked(nil);
            SpiritSphereTooltipsPartial:SetChecked(nil);
          </OnClick>
        </Scripts>
      </CheckButton>
  </Frames>
  <Scripts>
    <OnLoad>
      Show:SetText(SpiritSphere_MENU.Show);
      Drag:SetText(SpiritSphere_MENU.Drag);
      Tooltips:SetText(SpiritSphere_MENU.Tooltips);
    </OnLoad>
  </Scripts> 
</Frame> 
</Ui>

