<?xml version="1.0" encoding="UTF-8"?>
<Ui xsi:schemaLocation="http://www.blizzard.com/wow/ui/"
    xmlns="http://www.blizzard.com/wow/ui/"
    xmlns:xsi="http://www.w3.org/2001/XMLSchema-instance"
    xmlns:ns="http://www.blizzard.com/wow/ui/">
    <Script file="SpiritSphere.lua" />
    <Script file="SpiritSphereButton.lua" />

  <Frame enableMouse="true" hidden="false" name="SpiritSphereButtonFrame" parent="Minimap" frameStrata="MEDIUM">
    <Size>
      <AbsDimension x="32" y="32" />
    </Size>

    <Anchors>
      <Anchor point="TOPLEFT" relativePoint="BOTTOM" relativeTo="Minimap">
        <Offset>
          <AbsDimension x="0" y="0" />
        </Offset>
      </Anchor>
    </Anchors>

    <Frames>
      <Button name="SpiritSphereToggleButton">
        <Size>
          <AbsDimension x="33" y="33" />
        </Size>

        <Anchors>
          <Anchor point="TOPLEFT">
            <Offset>
              <AbsDimension x="-88" y="52" />
            </Offset>
          </Anchor>
        </Anchors>

        <Scripts>
		<OnLoad> this.tooltip = "Click to toggle SpiritSphere Menu";
		</OnLoad>
	  <OnClick> 
		SpiritSphereOnclick();		  
	  </OnClick>
          <OnEnter> GameTooltip:SetOwner(this, "ANCHOR_LEFT");
          GameTooltip:SetText(this.tooltip); </OnEnter>

          <OnLeave> GameTooltip:Hide(); </OnLeave>
        </Scripts>

        <Layers>
          <Layer level="ARTWORK">
            <Texture file="Interface\AddOns\SpiritSphere\SpiritSphereButton.tga"
                     name="$parentTexture" />
          </Layer>
        </Layers>

        <NormalTexture file="Interface\AddOns\SpiritSphere\SpiritSphereButton.tga" />

        <PushedTexture file="Interface\AddOns\SpiritSphere\SpiritSphereButtonDown.tga" />

        <HighlightTexture alphaMode="ADD"
                          file="Interface\Minimap\UI-Minimap-ZoomButton-Highlight" />
      </Button>
    </Frames>
    <Scripts>
	 <OnLoad>this:RegisterEvent("VARIABLES_LOADED");</OnLoad>
	 <OnEvent>SpiritSphereMoveButton();</OnEvent>
</Scripts>
 
  </Frame>
</Ui>