<Ui xmlns="http://www.blizzard.com/wow/ui/" xmlns:xsi="http://www.w3.org/2001/XMLSchema-instance" xsi:schemaLocation="http://www.blizzard.com/wow/ui/..\FrameXML\UI.xsd">

<Button name="SpiritSphereSCommandButton" hidden="false" enableMouse="true"  toplevel="true" parent="UIParent" movable="false" inherits="CooldownCount">
		<Size>
			<AbsDimension x="40" y="40"/>
		</Size>
		<Anchors>
			<Anchor point="CENTER" relativeTo="SpiritSphereButton2" relativePoint="CENTER">
				<Offset>
					<AbsDimension x="17" y="-100"/>
				</Offset>
			</Anchor>
		</Anchors>
		<Layers>
			<Layer level="ARTWORK">
				<FontString name="Cooldown15" inherits="GameFontNormal">
					<Color r="1.0" g="1.0" b="0.0" a="1"/>
					<Anchors>
						<Anchor point="CENTER" relativeTo="SpiritSphereSCommandButton" relativeFrom="CENTER">
							<Offset>
								<AbsDimension x="0" y="0"/>
							</Offset>
						</Anchor>
					</Anchors>
				</FontString>
			</Layer>
		</Layers>
		<Scripts>
	   	<OnEnter>
		    SpiritSphere_BuildTooltip(this,"ANCHOR_CURSOR","SCommand");
		  </OnEnter>
      <OnLeave>
				GameTooltip:Hide();
			</OnLeave>
			<OnLoad>
				this:RegisterForDrag("LeftButton");
				this:RegisterForClicks("LeftButtonUp", "RightButtonUp");
			</OnLoad>
			<OnClick>
			  SpiritSphere_CastSeal("Command",arg1);
			</OnClick>
		</Scripts>
		<NormalTexture file="Interface\AddOns\SpiritSphere\UI\SCommand"/>
		<HighlightTexture file="Interface\AddOns\SpiritSphere\UI\SCommand2"/>
	</Button>
	
	<Button name="SpiritSphereSCrusaderButton" hidden="false" enableMouse="true"  toplevel="true" parent="UIParent" movable="false" inherits="CooldownCount">
		<Size>
			<AbsDimension x="40" y="40"/>
		</Size>
		<Anchors>
			<Anchor point="CENTER" relativeTo="SpiritSphereButton2" relativePoint="CENTER">
				<Offset>
					<AbsDimension x="17" y="-100"/>
				</Offset>
			</Anchor>
		</Anchors>
		<Layers>
			<Layer level="ARTWORK">
				<FontString name="Cooldown16" inherits="GameFontNormal">
					<Color r="1.0" g="1.0" b="0.0" a="1"/>
					<Anchors>
						<Anchor point="CENTER" relativeTo="SpiritSphereSCrusaderButton" relativeFrom="CENTER">
							<Offset>
								<AbsDimension x="0" y="0"/>
							</Offset>
						</Anchor>
					</Anchors>
				</FontString>
			</Layer>
		</Layers>
		<Scripts>
		  <OnEnter>
		    SpiritSphere_BuildTooltip(this,"ANCHOR_CURSOR","SCrusader");
		  </OnEnter>
      <OnLeave>
				GameTooltip:Hide();
			</OnLeave>
			<OnLoad>
				this:RegisterForDrag("LeftButton");
				this:RegisterForClicks("LeftButtonUp", "RightButtonUp");
			</OnLoad>
			<OnClick>
			  SpiritSphere_CastSeal("Crusader",arg1);
			</OnClick>
		</Scripts>
		<NormalTexture file="Interface\AddOns\SpiritSphere\UI\SCrusader"/>
		<HighlightTexture file="Interface\AddOns\SpiritSphere\UI\SCrusader2"/>
	</Button>
	
	<Button name="SpiritSphereSJusticeButton" hidden="false" enableMouse="true"  toplevel="true" parent="UIParent" movable="false" inherits="CooldownCount">
		<Size>
			<AbsDimension x="40" y="40"/>
		</Size>
		<Anchors>
			<Anchor point="CENTER" relativeTo="SpiritSphereButton2" relativePoint="CENTER">
				<Offset>
					<AbsDimension x="17" y="-100"/>
				</Offset>
			</Anchor>
		</Anchors>
		<Layers>
			<Layer level="ARTWORK">
				<FontString name="Cooldown17" inherits="GameFontNormal">
					<Color r="1.0" g="1.0" b="0.0" a="1"/>
					<Anchors>
						<Anchor point="CENTER" relativeTo="SpiritSphereSJusticeButton" relativeFrom="CENTER">
							<Offset>
								<AbsDimension x="0" y="0"/>
							</Offset>
						</Anchor>
					</Anchors>
				</FontString>
			</Layer>
		</Layers>
		<Scripts>
		  <OnEnter>
		    SpiritSphere_BuildTooltip(this,"ANCHOR_CURSOR","SJustice");
		  </OnEnter>
      <OnLeave>
				GameTooltip:Hide();
			</OnLeave>
			<OnLoad>
				this:RegisterForDrag("LeftButton");
				this:RegisterForClicks("LeftButtonUp", "RightButtonUp");
			</OnLoad>
			<OnClick>
			  SpiritSphere_CastSeal("Justice",arg1);
  		</OnClick>
		</Scripts>
		<NormalTexture file="Interface\AddOns\SpiritSphere\UI\SJustice"/>
		<HighlightTexture file="Interface\AddOns\SpiritSphere\UI\SJustice2"/>
	</Button>
	
	<Button name="SpiritSphereSLightButton" hidden="false" enableMouse="true"  toplevel="true" parent="UIParent" movable="false" inherits="CooldownCount">
		<Size>
			<AbsDimension x="40" y="40"/>
		</Size>
		<Anchors>
			<Anchor point="CENTER" relativeTo="SpiritSphereButton2" relativePoint="CENTER">
				<Offset>
					<AbsDimension x="17" y="-100"/>
				</Offset>
			</Anchor>
		</Anchors>
		<Layers>
			<Layer level="ARTWORK">
				<FontString name="Cooldown18" inherits="GameFontNormal">
					<Color r="1.0" g="1.0" b="0.0" a="1"/>
					<Anchors>
						<Anchor point="CENTER" relativeTo="SpiritSphereSLightButton" relativeFrom="CENTER">
							<Offset>
								<AbsDimension x="0" y="0"/>
							</Offset>
						</Anchor>
					</Anchors>
				</FontString>
			</Layer>
		</Layers>
		<Scripts>
		  <OnEnter>
		    SpiritSphere_BuildTooltip(this,"ANCHOR_CURSOR","SLight");
		  </OnEnter>
      <OnLeave>
				GameTooltip:Hide();
			</OnLeave>
			<OnLoad>
				this:RegisterForDrag("LeftButton");
				this:RegisterForClicks("LeftButtonUp", "RightButtonUp");
			</OnLoad>
			<OnClick>
			  SpiritSphere_CastSeal("Light",arg1);
  		</OnClick>
		</Scripts>
		<NormalTexture file="Interface\AddOns\SpiritSphere\UI\SLight"/>
		<HighlightTexture file="Interface\AddOns\SpiritSphere\UI\SLight2"/>
	</Button>
	
	<Button name="SpiritSphereSRighteousnessButton" hidden="false" enableMouse="true"  toplevel="true" parent="UIParent" movable="false" inherits="CooldownCount">
		<Size>
			<AbsDimension x="40" y="40"/>
		</Size>
		<Anchors>
			<Anchor point="CENTER" relativeTo="SpiritSphereButton2" relativePoint="CENTER">
				<Offset>
					<AbsDimension x="17" y="-100"/>
				</Offset>
			</Anchor>
		</Anchors>
		<Layers>
			<Layer level="ARTWORK">
				<FontString name="Cooldown19" inherits="GameFontNormal">
					<Color r="1.0" g="1.0" b="0.0" a="1"/>
					<Anchors>
						<Anchor point="CENTER" relativeTo="SpiritSphereSRighteousnessButton" relativeFrom="CENTER">
							<Offset>
								<AbsDimension x="0" y="0"/>
							</Offset>
						</Anchor>
					</Anchors>
				</FontString>
			</Layer>
		</Layers>
		<Scripts>
		<OnEnter>
		    SpiritSphere_BuildTooltip(this,"ANCHOR_CURSOR","SRighteousness");
		  </OnEnter>
      <OnLeave>
				GameTooltip:Hide();
			</OnLeave>
			<OnLoad>
				this:RegisterForDrag("LeftButton");
				this:RegisterForClicks("LeftButtonUp", "RightButtonUp");
			</OnLoad>
			<OnClick>
		  	SpiritSphere_CastSeal("Righteousness",arg1);
			</OnClick>
		</Scripts>
		<NormalTexture file="Interface\AddOns\SpiritSphere\UI\SRighteousness"/>
		<HighlightTexture file="Interface\AddOns\SpiritSphere\UI\SRighteousness2"/>
	</Button>
	
	<Button name="SpiritSphereSWisdomButton" hidden="false" enableMouse="true"  toplevel="true" parent="UIParent" movable="false" inherits="CooldownCount">
		<Size>
			<AbsDimension x="40" y="40"/>
		</Size>
		<Anchors>
			<Anchor point="CENTER" relativeTo="SpiritSphereButton2" relativePoint="CENTER">
				<Offset>
					<AbsDimension x="17" y="-100"/>
				</Offset>
			</Anchor>
		</Anchors>
		<Layers>
			<Layer level="ARTWORK">
				<FontString name="Cooldown20" inherits="GameFontNormal">
					<Color r="1.0" g="1.0" b="0.0" a="1"/>
					<Anchors>
						<Anchor point="CENTER" relativeTo="SpiritSphereSWisdomButton" relativeFrom="CENTER">
							<Offset>
								<AbsDimension x="0" y="0"/>
							</Offset>
						</Anchor>
					</Anchors>
				</FontString>
			</Layer>
		</Layers>
		<Scripts>
		  <OnEnter>
		    SpiritSphere_BuildTooltip(this,"ANCHOR_CURSOR","SWisdom");
		  </OnEnter>
      <OnLeave>
				GameTooltip:Hide();
			</OnLeave>
			<OnLoad>
				this:RegisterForDrag("LeftButton");
				this:RegisterForClicks("LeftButtonUp", "RightButtonUp");
			</OnLoad>
			<OnClick>
		  	SpiritSphere_CastSeal("Wisdom",arg1);
			</OnClick>
		</Scripts>
		<NormalTexture file="Interface\AddOns\SpiritSphere\UI\SWisdom"/>
		<HighlightTexture file="Interface\AddOns\SpiritSphere\UI\SWisdom2"/>
	</Button>


</Ui>
