<Bindings>
<!--
	Revision: $Id: Bindings.xml 653 2007-10-22 07:19:21Z root $

	License:
		This program is free software; you can redistribute it and/or
		modify it under the terms of the GNU General Public License
		as published by the Free Software Foundation; either version 2
		of the License, or (at your option) any later version.

		This program is distributed in the hope that it will be useful,
		but WITHOUT ANY WARRANTY; without even the implied warranty of
		MERCHANTABILITY or FITNESS FOR A PARTICULAR PURPOSE.  See the
		GNU General Public License for more details.

		You should have received a copy of the GNU General Public License
		along with this program(see GPL.txt); if not, write to the Free Software
		Foundation, Inc., 51 Franklin Street, Fifth Floor, Boston, MA  02110-1301, USA.

	Note:
		This AddOn's source code is specifically designed to work with
		World of Warcraft's interpreted AddOn system.
		You have an implicit licence to use this AddOn with these facilities
		since that is it's designated purpose as per:
		http://www.fsf.org/licensing/licenses/gpl-faq.html#InterpreterIncompat
-->
	<!-- User interface key bindings -->
	<!--
	<Binding name="GATHERER_BINDING_QUICKMENU" header="GATHERER">
		if (Gatherer.Interface.Popup:IsVisible()) then
				Gatherer.Interface.HideMenu()
		else
				Gatherer.Interface.ShowMenu()
		end
	</Binding>
	-->
	<Binding name="GATHERER_TOGGLE_OPTIONS_DIALOG" header="GATHERER">
		Gatherer.Config.ToggleOptions()
	</Binding>
	<!--
	<Binding name="GATHERER_BINDING_REPORT">
		showGathererInfo(1)
	</Binding>
	<Binding name="GATHERER_BINDING_SEARCH">
		showGathererInfo(2)
	</Binding>
	-->
</Bindings>

