<Ui xmlns="http://www.blizzard.com/wow/ui" xmlns:xsi="http://www.w3.org/2001/XMLSchema-instance">
    <!--Autogenerated by wowuides, Version=1.0.300.0, Culture=neutral, PublicKeyToken=null-->
    <Frame name="QuestieOptionsForm" hidden="true" frameStrata="DIALOG" movable="true" clampedToScreen="true">
        <!--<FrameSkin skinid="dcb143e1-a4ab-4e7c-b934-1efa40101d21" frameid="2d508883-59c2-4f83-ae10-27aaad48391b" />-->
        <Size>
            <AbsDimension x="400" y="537" />
        </Size>
        <Anchors>
            <Anchor point="CENTER" relativeTo="UIParent">
                <Offset>
                    <AbsDimension x="0" y="0" />
                </Offset>
            </Anchor>
        </Anchors>
        <Backdrop bgFile="Interface\DialogFrame\UI-DialogBox-Background" edgeFile="Interface\DialogFrame\UI-DialogBox-Border" tile="true">
            <BackgroundInsets>
                <AbsInset left="11" right="12" top="12" bottom="11" />
            </BackgroundInsets>
            <TileSize>
                <AbsValue val="32" />
            </TileSize>
            <EdgeSize>
                <AbsValue val="32" />
            </EdgeSize>
        </Backdrop>
        <Layers>
            <Layer>
                <Texture name="$parentTitleBorder" file="Interface\DialogFrame\UI-DialogBox-Header">
                    <Size>
                        <AbsDimension x="160" y="32" />
                    </Size>
                    <Anchors>
                        <Anchor point="TOP">
                            <Offset>
                                <AbsDimension x="0" y="5" />
                            </Offset>
                        </Anchor>
                    </Anchors>
                    <TexCoords left="0.2" right="0.8" top="0" bottom="0.6" />
                </Texture>
                <FontString name="$parentTitleString" inherits="GameFontNormalSmall" text="Questie Options">
                    <Size>
                        <AbsDimension x="140" y="0" />
                    </Size>
                    <Anchors>
                        <Anchor point="TOP">
                            <Offset>
                                <AbsDimension x="0" y="-4" />
                            </Offset>
                        </Anchor>
                    </Anchors>
                    <FontHeight>
                        <AbsValue val="12" />
                    </FontHeight>
                    <Color r="1" g="0.8196079" b="0" />
                    <Shadow>
                        <Color r="0" g="0" b="0" />
                        <Offset>
                            <AbsDimension x="1" y="-1" />
                        </Offset>
                    </Shadow>
                </FontString>
            </Layer>
        </Layers>
        <Frames>
            <Button name="$parentCloseButton">
                <!--<FrameSkin skinid="dcb143e1-a4ab-4e7c-b934-1efa40101d21" frameid="2d508884-59c2-4f83-ae10-27aaad48391b" />-->
                <Size>
                    <AbsDimension x="32" y="32" />
                </Size>
                <Anchors>
                    <Anchor point="TOPRIGHT">
                        <Offset>
                            <AbsDimension x="-2" y="-2" />
                        </Offset>
                    </Anchor>
                </Anchors>
                <Scripts>
                    <OnClick>Questie:OptionsForm_CancelOptions()</OnClick>
                </Scripts>
                <NormalTexture file="Interface\Buttons\UI-Panel-MinimizeButton-Up"/>
                <PushedTexture file="Interface\Buttons\UI-Panel-MinimizeButton-Down"/>
                <DisabledTexture file="Interface\Buttons\UI-Panel-Button-Disabled">
                    <TexCoords left="0" right="0.625" top="0" bottom="0.6875" />
                </DisabledTexture>
                <HighlightTexture file="Interface\Buttons\UI-Panel-Button-Highlight" alphaMode="ADD">
                    <TexCoords left="0" right="0.625" top="0" bottom="0.6875" />
                </HighlightTexture>
                <ButtonText name="$parentText">
                    <FontHeight>
                        <AbsValue val="10" />
                    </FontHeight>
                </ButtonText>
            </Button>
            <Button name="$parentResetDefaultsButton" inherits="GameMenuButtonTemplate" text="Reset Defaults">
                <!--<FrameSkin skinid="dcb143e1-a4ab-4e7c-b934-1efa40101d21" frameid="2d508884-59c2-4f83-ae10-27aaad48391b" />-->
                <Size>
                    <AbsDimension x="100" y="22" />
                </Size>
                <Anchors>
                    <Anchor point="TOPLEFT">
                        <Offset>
                            <AbsDimension x="18" y="-498" />
                        </Offset>
                    </Anchor>
                </Anchors>
                <Scripts>
                    <OnClick>Questie:ClearConfig("slash")</OnClick>
                </Scripts>
                <NormalTexture file="Interface\Buttons\UI-Panel-Button-Up">
                    <TexCoords left="0" right="0.625" top="0" bottom="0.6875" />
                </NormalTexture>
                <PushedTexture file="Interface\Buttons\UI-Panel-Button-Down">
                    <TexCoords left="0" right="0.625" top="0" bottom="0.6875" />
                </PushedTexture>
                <DisabledTexture file="Interface\Buttons\UI-Panel-Button-Disabled">
                    <TexCoords left="0" right="0.625" top="0" bottom="0.6875" />
                </DisabledTexture>
                <HighlightTexture file="Interface\Buttons\UI-Panel-Button-Highlight" alphaMode="ADD">
                    <TexCoords left="0" right="0.625" top="0" bottom="0.6875" />
                </HighlightTexture>
                <ButtonText name="$parentText">
                    <FontHeight>
                        <AbsValue val="10" />
                    </FontHeight>
                </ButtonText>
            </Button>
            <Frame name="$parentMinShowLevel">
                <!--<FrameSkin skinid="dcb143e1-a4ab-4e7c-b934-1efa40101d21" frameid="2d508889-59c2-4f83-ae10-27aaad48391b" />-->
                <Size>
                    <AbsDimension x="166" y="32" />
                </Size>
                <Anchors>
                    <Anchor point="TOPLEFT">
                        <Offset>
                            <AbsDimension x="18" y="-453" />
                        </Offset>
                    </Anchor>
                </Anchors>
                <Frames>
                    <Slider name="$parentSlider" enableMouse="true" minValue="0" maxValue="60" defaultValue="5" valueStep="1" orientation="HORIZONTAL">
                        <Size>
                            <AbsDimension x="128" y="17" />
                        </Size>
                        <Anchors>
                            <Anchor point="LEFT" />
                            <Anchor point="RIGHT" />
                        </Anchors>
                        <Backdrop bgFile="Interface\Buttons\UI-SliderBar-Background" edgeFile="Interface\Buttons\UI-SliderBar-Border" tile="true">
                            <BackgroundInsets>
                                <AbsInset left="3" right="3" top="6" bottom="6" />
                            </BackgroundInsets>
                            <TileSize>
                                <AbsValue val="8" />
                            </TileSize>
                            <EdgeSize>
                                <AbsValue val="8" />
                            </EdgeSize>
                        </Backdrop>
                        <Layers>
                            <Layer>
                                <FontString name="$parentTitle" inherits="GameFontNormalSmall" text="Min Show Level">
                                    <Anchors>
                                        <Anchor point="BOTTOM" relativePoint="TOP" />
                                    </Anchors>
                                    <FontHeight>
                                        <AbsValue val="10" />
                                    </FontHeight>
                                    <Color r="1" g="0.8196079" b="0" />
                                    <Shadow>
                                        <Color r="0" g="0" b="0" />
                                        <Offset>
                                            <AbsDimension x="1" y="-1" />
                                        </Offset>
                                    </Shadow>
                                </FontString>
                                <FontString name="$parentCurrent" inherits="GameFontNormalSmall" text="5">
                                    <Anchors>
                                        <Anchor point="TOP" relativePoint="BOTTOM" />
                                    </Anchors>
                                    <FontHeight>
                                        <AbsValue val="10" />
                                    </FontHeight>
                                    <Color r="0.5" g="0.5" b="1" />
                                    <Shadow>
                                        <Color r="0" g="0" b="0" />
                                        <Offset>
                                            <AbsDimension x="1" y="-1" />
                                        </Offset>
                                    </Shadow>
                                </FontString>
                                <FontString name="$parentMin" inherits="GameFontNormalSmall" text="0">
                                    <Anchors>
                                        <Anchor point="TOPLEFT" relativePoint="BOTTOMLEFT" />
                                    </Anchors>
                                    <FontHeight>
                                        <AbsValue val="10" />
                                    </FontHeight>
                                    <Color r="1" g="1" b="1" />
                                    <Shadow>
                                        <Color r="0" g="0" b="0" />
                                        <Offset>
                                            <AbsDimension x="1" y="-1" />
                                        </Offset>
                                    </Shadow>
                                </FontString>
                                <FontString name="$parentMax" inherits="GameFontNormalSmall" text="60">
                                    <Anchors>
                                        <Anchor point="TOPRIGHT" relativePoint="BOTTOMRIGHT" />
                                    </Anchors>
                                    <FontHeight>
                                        <AbsValue val="10" />
                                    </FontHeight>
                                    <Color r="1" g="1" b="1" />
                                    <Shadow>
                                        <Color r="0" g="0" b="0" />
                                        <Offset>
                                            <AbsDimension x="1" y="-1" />
                                        </Offset>
                                    </Shadow>
                                </FontString>
                            </Layer>
                        </Layers>
                        <Scripts>
                            <OnEnter>Questie:OptionsForm_SettingOnEnter("minShowLevel")
                            </OnEnter>
                            <OnLeave>Questie:OptionsForm_SettingOnLeave()
                            </OnLeave>
                            <OnValueChanged>Questie:OptionsForm_SettingOnValueChanged()
                            </OnValueChanged>
                        </Scripts>
                        <ThumbTexture name="$parentThumb" file="Interface\Buttons\UI-SliderBar-Button-Horizontal">
                            <Size>
                                <AbsDimension x="32" y="32" />
                            </Size>
                        </ThumbTexture>
                    </Slider>
                </Frames>
            </Frame>
            <Frame name="$parentMaxShowLevel">
                <!--<FrameSkin skinid="dcb143e1-a4ab-4e7c-b934-1efa40101d21" frameid="2d508889-59c2-4f83-ae10-27aaad48391b" />-->
                <Size>
                    <AbsDimension x="166" y="32" />
                </Size>
                <Anchors>
                    <Anchor point="TOPLEFT">
                        <Offset>
                            <AbsDimension x="18" y="-377" />
                        </Offset>
                    </Anchor>
                </Anchors>
                <Frames>
                    <Slider name="$parentSlider" enableMouse="true" minValue="0" maxValue="60" defaultValue="3" valueStep="1" orientation="HORIZONTAL">
                        <Size>
                            <AbsDimension x="128" y="17" />
                        </Size>
                        <Anchors>
                            <Anchor point="LEFT" />
                            <Anchor point="RIGHT" />
                        </Anchors>
                        <Backdrop bgFile="Interface\Buttons\UI-SliderBar-Background" edgeFile="Interface\Buttons\UI-SliderBar-Border" tile="true">
                            <BackgroundInsets>
                                <AbsInset left="3" right="3" top="6" bottom="6" />
                            </BackgroundInsets>
                            <TileSize>
                                <AbsValue val="8" />
                            </TileSize>
                            <EdgeSize>
                                <AbsValue val="8" />
                            </EdgeSize>
                        </Backdrop>
                        <Layers>
                            <Layer>
                                <FontString name="$parentTitle" inherits="GameFontNormalSmall" text="Max Show Level">
                                    <Anchors>
                                        <Anchor point="BOTTOM" relativePoint="TOP" />
                                    </Anchors>
                                    <FontHeight>
                                        <AbsValue val="10" />
                                    </FontHeight>
                                    <Color r="1" g="0.8196079" b="0" />
                                    <Shadow>
                                        <Color r="0" g="0" b="0" />
                                        <Offset>
                                            <AbsDimension x="1" y="-1" />
                                        </Offset>
                                    </Shadow>
                                </FontString>
                                <FontString name="$parentCurrent" inherits="GameFontNormalSmall" text="3">
                                    <Anchors>
                                        <Anchor point="TOP" relativePoint="BOTTOM" />
                                    </Anchors>
                                    <FontHeight>
                                        <AbsValue val="10" />
                                    </FontHeight>
                                    <Color r="0.5" g="0.5" b="1" />
                                    <Shadow>
                                        <Color r="0" g="0" b="0" />
                                        <Offset>
                                            <AbsDimension x="1" y="-1" />
                                        </Offset>
                                    </Shadow>
                                </FontString>
                                <FontString name="$parentMin" inherits="GameFontNormalSmall" text="0">
                                    <Anchors>
                                        <Anchor point="TOPLEFT" relativePoint="BOTTOMLEFT" />
                                    </Anchors>
                                    <FontHeight>
                                        <AbsValue val="10" />
                                    </FontHeight>
                                    <Color r="1" g="1" b="1" />
                                    <Shadow>
                                        <Color r="0" g="0" b="0" />
                                        <Offset>
                                            <AbsDimension x="1" y="-1" />
                                        </Offset>
                                    </Shadow>
                                </FontString>
                                <FontString name="$parentMax" inherits="GameFontNormalSmall" text="60">
                                    <Anchors>
                                        <Anchor point="TOPRIGHT" relativePoint="BOTTOMRIGHT" />
                                    </Anchors>
                                    <FontHeight>
                                        <AbsValue val="10" />
                                    </FontHeight>
                                    <Color r="1" g="1" b="1" />
                                    <Shadow>
                                        <Color r="0" g="0" b="0" />
                                        <Offset>
                                            <AbsDimension x="1" y="-1" />
                                        </Offset>
                                    </Shadow>
                                </FontString>
                            </Layer>
                        </Layers>
                        <Scripts>
                            <OnEnter>Questie:OptionsForm_SettingOnEnter("maxShowLevel")
                            </OnEnter>
                            <OnLeave>Questie:OptionsForm_SettingOnLeave()
                            </OnLeave>
                            <OnValueChanged>Questie:OptionsForm_SettingOnValueChanged()
                            </OnValueChanged>
                        </Scripts>
                        <ThumbTexture name="$parentThumb" file="Interface\Buttons\UI-SliderBar-Button-Horizontal">
                            <Size>
                                <AbsDimension x="32" y="32" />
                            </Size>
                        </ThumbTexture>
                    </Slider>
                </Frames>
            </Frame>
            <Frame name="$parentTrackerScale">
                <!--<FrameSkin skinid="dcb143e1-a4ab-4e7c-b934-1efa40101d21" frameid="2d508889-59c2-4f83-ae10-27aaad48391b" />-->
                <Size>
                    <AbsDimension x="166" y="32" />
                </Size>
                <Anchors>
                    <Anchor point="TOPLEFT">
                        <Offset>
                            <AbsDimension x="208" y="-377" />
                        </Offset>
                    </Anchor>
                </Anchors>
                <Frames>
                    <Slider name="$parentSlider" enableMouse="true" minValue="60" maxValue="140" defaultValue="100" valueStep="1" orientation="HORIZONTAL">
                        <Size>
                            <AbsDimension x="128" y="17" />
                        </Size>
                        <Anchors>
                            <Anchor point="LEFT" />
                            <Anchor point="RIGHT" />
                        </Anchors>
                        <Backdrop bgFile="Interface\Buttons\UI-SliderBar-Background" edgeFile="Interface\Buttons\UI-SliderBar-Border" tile="true">
                            <BackgroundInsets>
                                <AbsInset left="3" right="3" top="6" bottom="6" />
                            </BackgroundInsets>
                            <TileSize>
                                <AbsValue val="8" />
                            </TileSize>
                            <EdgeSize>
                                <AbsValue val="8" />
                            </EdgeSize>
                        </Backdrop>
                        <Layers>
                            <Layer>
                                <FontString name="$parentTitle" inherits="GameFontNormalSmall" text="Tracker Scale">
                                    <Anchors>
                                        <Anchor point="BOTTOM" relativePoint="TOP" />
                                    </Anchors>
                                    <FontHeight>
                                        <AbsValue val="10" />
                                    </FontHeight>
                                    <Color r="1" g="0.8196079" b="0" />
                                    <Shadow>
                                        <Color r="0" g="0" b="0" />
                                        <Offset>
                                            <AbsDimension x="1" y="-1" />
                                        </Offset>
                                    </Shadow>
                                </FontString>
                                <FontString name="$parentCurrent" inherits="GameFontNormalSmall" text="100%">
                                    <Anchors>
                                        <Anchor point="TOP" relativePoint="BOTTOM" />
                                    </Anchors>
                                    <FontHeight>
                                        <AbsValue val="10" />
                                    </FontHeight>
                                    <Color r="0.5" g="0.5" b="1" />
                                    <Shadow>
                                        <Color r="0" g="0" b="0" />
                                        <Offset>
                                            <AbsDimension x="1" y="-1" />
                                        </Offset>
                                    </Shadow>
                                </FontString>
                                <FontString name="$parentMin" inherits="GameFontNormalSmall" text="60%">
                                    <Anchors>
                                        <Anchor point="TOPLEFT" relativePoint="BOTTOMLEFT" />
                                    </Anchors>
                                    <FontHeight>
                                        <AbsValue val="10" />
                                    </FontHeight>
                                    <Color r="1" g="1" b="1" />
                                    <Shadow>
                                        <Color r="0" g="0" b="0" />
                                        <Offset>
                                            <AbsDimension x="1" y="-1" />
                                        </Offset>
                                    </Shadow>
                                </FontString>
                                <FontString name="$parentMax" inherits="GameFontNormalSmall" text="140%">
                                    <Anchors>
                                        <Anchor point="TOPRIGHT" relativePoint="BOTTOMRIGHT" />
                                    </Anchors>
                                    <FontHeight>
                                        <AbsValue val="10" />
                                    </FontHeight>
                                    <Color r="1" g="1" b="1" />
                                    <Shadow>
                                        <Color r="0" g="0" b="0" />
                                        <Offset>
                                            <AbsDimension x="1" y="-1" />
                                        </Offset>
                                    </Shadow>
                                </FontString>
                            </Layer>
                        </Layers>
                        <Scripts>
                            <OnEnter>Questie:OptionsForm_SettingOnEnter("trackerScale")
                            </OnEnter>
                            <OnLeave>Questie:OptionsForm_SettingOnLeave()
                            </OnLeave>
                            <OnValueChanged>Questie:OptionsForm_SettingOnValueChanged()
                            </OnValueChanged>
                        </Scripts>
                        <ThumbTexture name="$parentThumb" file="Interface\Buttons\UI-SliderBar-Button-Horizontal">
                            <Size>
                                <AbsDimension x="32" y="32" />
                            </Size>
                        </ThumbTexture>
                    </Slider>
                </Frames>
            </Frame>
            <Frame name="$parentTrackerTransparency">
                <!--<FrameSkin skinid="dcb143e1-a4ab-4e7c-b934-1efa40101d21" frameid="2d508889-59c2-4f83-ae10-27aaad48391b" />-->
                <Size>
                    <AbsDimension x="166" y="32" />
                </Size>
                <Anchors>
                    <Anchor point="TOPLEFT">
                        <Offset>
                            <AbsDimension x="208" y="-415" />
                        </Offset>
                    </Anchor>
                </Anchors>
                <Frames>
                    <Slider name="$parentSlider" enableMouse="true" minValue="10" maxValue="100" defaultValue="50" valueStep="1" orientation="HORIZONTAL">
                        <Size>
                            <AbsDimension x="128" y="17" />
                        </Size>
                        <Anchors>
                            <Anchor point="LEFT" />
                            <Anchor point="RIGHT" />
                        </Anchors>
                        <Backdrop bgFile="Interface\Buttons\UI-SliderBar-Background" edgeFile="Interface\Buttons\UI-SliderBar-Border" tile="true">
                            <BackgroundInsets>
                                <AbsInset left="3" right="3" top="6" bottom="6" />
                            </BackgroundInsets>
                            <TileSize>
                                <AbsValue val="8" />
                            </TileSize>
                            <EdgeSize>
                                <AbsValue val="8" />
                            </EdgeSize>
                        </Backdrop>
                        <Layers>
                            <Layer>
                                <FontString name="$parentTitle" inherits="GameFontNormalSmall" text="Tracker Transparency">
                                    <Anchors>
                                        <Anchor point="BOTTOM" relativePoint="TOP" />
                                    </Anchors>
                                    <FontHeight>
                                        <AbsValue val="10" />
                                    </FontHeight>
                                    <Color r="1" g="0.8196079" b="0" />
                                    <Shadow>
                                        <Color r="0" g="0" b="0" />
                                        <Offset>
                                            <AbsDimension x="1" y="-1" />
                                        </Offset>
                                    </Shadow>
                                </FontString>
                                <FontString name="$parentCurrent" inherits="GameFontNormalSmall" text="50%">
                                    <Anchors>
                                        <Anchor point="TOP" relativePoint="BOTTOM" />
                                    </Anchors>
                                    <FontHeight>
                                        <AbsValue val="10" />
                                    </FontHeight>
                                    <Color r="0.5" g="0.5" b="1" />
                                    <Shadow>
                                        <Color r="0" g="0" b="0" />
                                        <Offset>
                                            <AbsDimension x="1" y="-1" />
                                        </Offset>
                                    </Shadow>
                                </FontString>
                                <FontString name="$parentMax" inherits="GameFontNormalSmall" text="100%">
                                    <Anchors>
                                        <Anchor point="TOPRIGHT" relativePoint="BOTTOMRIGHT" />
                                    </Anchors>
                                    <FontHeight>
                                        <AbsValue val="10" />
                                    </FontHeight>
                                    <Color r="1" g="1" b="1" />
                                    <Shadow>
                                        <Color r="0" g="0" b="0" />
                                        <Offset>
                                            <AbsDimension x="1" y="-1" />
                                        </Offset>
                                    </Shadow>
                                </FontString>
                                <FontString name="$parentMin" inherits="GameFontNormalSmall" text="10%">
                                    <Anchors>
                                        <Anchor point="TOPLEFT" relativePoint="BOTTOMLEFT" />
                                    </Anchors>
                                    <FontHeight>
                                        <AbsValue val="10" />
                                    </FontHeight>
                                    <Color r="1" g="1" b="1" />
                                    <Shadow>
                                        <Color r="0" g="0" b="0" />
                                        <Offset>
                                            <AbsDimension x="1" y="-1" />
                                        </Offset>
                                    </Shadow>
                                </FontString>
                            </Layer>
                        </Layers>
                        <Scripts>
                            <OnEnter>Questie:OptionsForm_SettingOnEnter("trackerAlpha")
                            </OnEnter>
                            <OnLeave>Questie:OptionsForm_SettingOnLeave()
                            </OnLeave>
                            <OnValueChanged>Questie:OptionsForm_SettingOnValueChanged()
                            </OnValueChanged>
                        </Scripts>
                        <ThumbTexture name="$parentThumb" file="Interface\Buttons\UI-SliderBar-Button-Horizontal">
                            <Size>
                                <AbsDimension x="32" y="32" />
                            </Size>
                        </ThumbTexture>
                    </Slider>
                </Frames>
            </Frame>
            <Button name="$parentDoneButton" inherits="GameMenuButtonTemplate" text="Done">
                <!--<FrameSkin skinid="dcb143e1-a4ab-4e7c-b934-1efa40101d21" frameid="2d508884-59c2-4f83-ae10-27aaad48391b" />-->
                <Size>
                    <AbsDimension x="136" y="31" />
                </Size>
                <Anchors>
                    <Anchor point="TOPLEFT">
                        <Offset>
                            <AbsDimension x="132" y="-489" />
                        </Offset>
                    </Anchor>
                </Anchors>
                <Scripts>
                    <OnClick>Questie:OptionsForm_ApplyOptions()</OnClick>
                </Scripts>
                <NormalTexture file="Interface\Buttons\UI-Panel-Button-Up">
                    <TexCoords left="0" right="0.625" top="0" bottom="0.6875" />
                </NormalTexture>
                <PushedTexture file="Interface\Buttons\UI-Panel-Button-Down">
                    <TexCoords left="0" right="0.625" top="0" bottom="0.6875" />
                </PushedTexture>
                <DisabledTexture file="Interface\Buttons\UI-Panel-Button-Disabled">
                    <TexCoords left="0" right="0.625" top="0" bottom="0.6875" />
                </DisabledTexture>
                <HighlightTexture file="Interface\Buttons\UI-Panel-Button-Highlight" alphaMode="ADD">
                    <TexCoords left="0" right="0.625" top="0" bottom="0.6875" />
                </HighlightTexture>
                <ButtonText name="$parentText">
                    <FontHeight>
                        <AbsValue val="10" />
                    </FontHeight>
                </ButtonText>
            </Button>
            <CheckButton name="$parentAlwaysShowObjectivesCheck">
                <!--<FrameSkin skinid="f15d4970-d66d-444e-bb2d-1ad102c87fed" frameid="f15d4974-d66d-444e-bb2d-1ad102c87fed" />-->
                <Size>
                    <AbsDimension x="32" y="32" />
                </Size>
                <Anchors>
                    <Anchor point="TOPLEFT">
                        <Offset>
                            <AbsDimension x="152" y="-73" />
                        </Offset>
                    </Anchor>
                </Anchors>
                <Scripts>
                    <OnEnter>Questie:OptionsForm_SettingOnEnter("alwaysShowObjectives")</OnEnter>
                    <OnLeave>Questie:OptionsForm_SettingOnLeave()</OnLeave>
                </Scripts>
                <NormalTexture file="Interface\Buttons\UI-CheckBox-Up" />
                <PushedTexture file="Interface\Buttons\UI-CheckBox-Down" />
                <DisabledTexture />
                <HighlightTexture file="Interface\Buttons\UI-CheckBox-Highlight" alphaMode="ADD" />
                <PushedTextOffset x="0" y="0" />
                <CheckedTexture file="Interface\Buttons\UI-CheckBox-Check" />
                <DisabledCheckedTexture file="Interface\Buttons\UI-CheckBox-Check-Disabled" />
            </CheckButton>
            <Frame name="$parentAlwaysShowObjectivesLabel">
                <!--<FrameSkin skinid="f15d4970-d66d-444e-bb2d-1ad102c87fed" frameid="f15d4978-d66d-444e-bb2d-1ad102c87fed" />-->
                <Size>
                    <AbsDimension x="128" y="32" />
                </Size>
                <Anchors>
                    <Anchor point="TOPLEFT">
                        <Offset>
                            <AbsDimension x="18" y="-73" />
                        </Offset>
                    </Anchor>
                </Anchors>
                <Layers>
                    <Layer>
                        <FontString name="$parentLabel" setAllPoints="true" inherits="GameFontNormalSmall" text="Always Show Quests">
                            <FontHeight>
                                <AbsValue val="12" />
                            </FontHeight>
                            <Color r="1" g="0.8196079" b="0" />
                            <Shadow>
                                <Color r="0" g="0" b="0" />
                                <Offset>
                                    <AbsDimension x="1" y="-1" />
                                </Offset>
                            </Shadow>
                        </FontString>
                    </Layer>
                </Layers>
                <Scripts>
                    <OnEnter>Questie:OptionsForm_SettingOnEnter("alwaysShowObjectives")</OnEnter>
                    <OnLeave>Questie:OptionsForm_SettingOnLeave()</OnLeave>
                </Scripts>
            </Frame>
            <CheckButton name="$parentArrowEnabledCheck">
                <!--<FrameSkin skinid="f15d4970-d66d-444e-bb2d-1ad102c87fed" frameid="f15d4974-d66d-444e-bb2d-1ad102c87fed" />-->
                <Size>
                    <AbsDimension x="32" y="32" />
                </Size>
                <Anchors>
                    <Anchor point="TOPLEFT">
                        <Offset>
                            <AbsDimension x="152" y="-35" />
                        </Offset>
                    </Anchor>
                </Anchors>
                <Scripts>
                    <OnEnter>Questie:OptionsForm_SettingOnEnter("arrowEnabled")</OnEnter>
                    <OnLeave>Questie:OptionsForm_SettingOnLeave()</OnLeave>
                </Scripts>
                <NormalTexture file="Interface\Buttons\UI-CheckBox-Up" />
                <PushedTexture file="Interface\Buttons\UI-CheckBox-Down" />
                <DisabledTexture />
                <HighlightTexture file="Interface\Buttons\UI-CheckBox-Highlight" alphaMode="ADD" />
                <PushedTextOffset x="0" y="0" />
                <CheckedTexture file="Interface\Buttons\UI-CheckBox-Check" />
                <DisabledCheckedTexture file="Interface\Buttons\UI-CheckBox-Check-Disabled" />
            </CheckButton>
            <Frame name="$parentArrowEnabledLabel">
                <!--<FrameSkin skinid="f15d4970-d66d-444e-bb2d-1ad102c87fed" frameid="f15d4978-d66d-444e-bb2d-1ad102c87fed" />-->
                <Size>
                    <AbsDimension x="128" y="17" />
                </Size>
                <Anchors>
                    <Anchor point="TOPLEFT">
                        <Offset>
                            <AbsDimension x="18" y="-43" />
                        </Offset>
                    </Anchor>
                </Anchors>
                <Layers>
                    <Layer>
                        <FontString name="$parentLabel" setAllPoints="true" inherits="GameFontNormalSmall" text="Questie Arrow">
                            <FontHeight>
                                <AbsValue val="12" />
                            </FontHeight>
                            <Color r="1" g="0.8196079" b="0" />
                            <Shadow>
                                <Color r="0" g="0" b="0" />
                                <Offset>
                                    <AbsDimension x="1" y="-1" />
                                </Offset>
                            </Shadow>
                        </FontString>
                    </Layer>
                </Layers>
                <Scripts>
                    <OnEnter>Questie:OptionsForm_SettingOnEnter("arrowEnabled")</OnEnter>
                    <OnLeave>Questie:OptionsForm_SettingOnLeave()</OnLeave>
                </Scripts>
            </Frame>
            <CheckButton name="$parentBoldColorsCheck">
                <!--<FrameSkin skinid="f15d4970-d66d-444e-bb2d-1ad102c87fed" frameid="f15d4974-d66d-444e-bb2d-1ad102c87fed" />-->
                <Size>
                    <AbsDimension x="32" y="32" />
                </Size>
                <Anchors>
                    <Anchor point="TOPLEFT">
                        <Offset>
                            <AbsDimension x="152" y="-111" />
                        </Offset>
                    </Anchor>
                </Anchors>
                <Scripts>
                    <OnEnter>Questie:OptionsForm_SettingOnEnter("boldColors")</OnEnter>
                    <OnLeave>Questie:OptionsForm_SettingOnLeave()</OnLeave>
                </Scripts>
                <NormalTexture file="Interface\Buttons\UI-CheckBox-Up" />
                <PushedTexture file="Interface\Buttons\UI-CheckBox-Down" />
                <DisabledTexture />
                <HighlightTexture file="Interface\Buttons\UI-CheckBox-Highlight" alphaMode="ADD" />
                <PushedTextOffset x="0" y="0" />
                <CheckedTexture file="Interface\Buttons\UI-CheckBox-Check" />
                <DisabledCheckedTexture file="Interface\Buttons\UI-CheckBox-Check-Disabled" />
            </CheckButton>
            <Frame name="$parentBoldColorsLabel">
                <!--<FrameSkin skinid="f15d4970-d66d-444e-bb2d-1ad102c87fed" frameid="f15d4978-d66d-444e-bb2d-1ad102c87fed" />-->
                <Size>
                    <AbsDimension x="128" y="17" />
                </Size>
                <Anchors>
                    <Anchor point="TOPLEFT">
                        <Offset>
                            <AbsDimension x="18" y="-119" />
                        </Offset>
                    </Anchor>
                </Anchors>
                <Layers>
                    <Layer>
                        <FontString name="$parentLabel" setAllPoints="true" inherits="GameFontNormalSmall" text="Questie Tracker Colors">
                            <FontHeight>
                                <AbsValue val="12" />
                            </FontHeight>
                            <Color r="1" g="0.8196079" b="0" />
                            <Shadow>
                                <Color r="0" g="0" b="0" />
                                <Offset>
                                    <AbsDimension x="1" y="-1" />
                                </Offset>
                            </Shadow>
                        </FontString>
                    </Layer>
                </Layers>
                <Scripts>
                    <OnEnter>Questie:OptionsForm_SettingOnEnter("boldColors")</OnEnter>
                    <OnLeave>Questie:OptionsForm_SettingOnLeave()</OnLeave>
                </Scripts>
            </Frame>
            <CheckButton name="$parentMaxLevelFilterCheck">
                <!--<FrameSkin skinid="f15d4970-d66d-444e-bb2d-1ad102c87fed" frameid="f15d4974-d66d-444e-bb2d-1ad102c87fed" />-->
                <Size>
                    <AbsDimension x="32" y="32" />
                </Size>
                <Anchors>
                    <Anchor point="TOPLEFT">
                        <Offset>
                            <AbsDimension x="152" y="-339" />
                        </Offset>
                    </Anchor>
                </Anchors>
                <Scripts>
                    <OnEnter>Questie:OptionsForm_SettingOnEnter("maxLevelFilter")</OnEnter>
                    <OnLeave>Questie:OptionsForm_SettingOnLeave()</OnLeave>
                </Scripts>
                <NormalTexture file="Interface\Buttons\UI-CheckBox-Up" />
                <PushedTexture file="Interface\Buttons\UI-CheckBox-Down" />
                <DisabledTexture />
                <HighlightTexture file="Interface\Buttons\UI-CheckBox-Highlight" alphaMode="ADD" />
                <PushedTextOffset x="0" y="0" />
                <CheckedTexture file="Interface\Buttons\UI-CheckBox-Check" />
                <DisabledCheckedTexture file="Interface\Buttons\UI-CheckBox-Check-Disabled" />
            </CheckButton>
            <Frame name="$parentMaxLevelFilterLabel">
                <!--<FrameSkin skinid="f15d4970-d66d-444e-bb2d-1ad102c87fed" frameid="f15d4978-d66d-444e-bb2d-1ad102c87fed" />-->
                <Size>
                    <AbsDimension x="128" y="32" />
                </Size>
                <Anchors>
                    <Anchor point="TOPLEFT">
                        <Offset>
                            <AbsDimension x="18" y="-339" />
                        </Offset>
                    </Anchor>
                </Anchors>
                <Layers>
                    <Layer>
                        <FontString name="$parentLabel" setAllPoints="true" inherits="GameFontNormalSmall" text="Max Level Filter">
                            <FontHeight>
                                <AbsValue val="12" />
                            </FontHeight>
                            <Color r="1" g="0.8196079" b="0" />
                            <Shadow>
                                <Color r="0" g="0" b="0" />
                                <Offset>
                                    <AbsDimension x="1" y="-1" />
                                </Offset>
                            </Shadow>
                        </FontString>
                    </Layer>
                </Layers>
                <Scripts>
                    <OnEnter>Questie:OptionsForm_SettingOnEnter("maxLevelFilter")</OnEnter>
                    <OnLeave>Questie:OptionsForm_SettingOnLeave()</OnLeave>
                </Scripts>
            </Frame>
            <CheckButton name="$parentMinLevelFilterCheck">
                <!--<FrameSkin skinid="f15d4970-d66d-444e-bb2d-1ad102c87fed" frameid="f15d4974-d66d-444e-bb2d-1ad102c87fed" />-->
                <Size>
                    <AbsDimension x="32" y="32" />
                </Size>
                <Anchors>
                    <Anchor point="TOPLEFT">
                        <Offset>
                            <AbsDimension x="152" y="-415" />
                        </Offset>
                    </Anchor>
                </Anchors>
                <Scripts>
                    <OnEnter>Questie:OptionsForm_SettingOnEnter("minLevelFilter")</OnEnter>
                    <OnLeave>Questie:OptionsForm_SettingOnLeave()</OnLeave>
                </Scripts>
                <NormalTexture file="Interface\Buttons\UI-CheckBox-Up" />
                <PushedTexture file="Interface\Buttons\UI-CheckBox-Down" />
                <DisabledTexture />
                <HighlightTexture file="Interface\Buttons\UI-CheckBox-Highlight" alphaMode="ADD" />
                <PushedTextOffset x="0" y="0" />
                <CheckedTexture file="Interface\Buttons\UI-CheckBox-Check" />
                <DisabledCheckedTexture file="Interface\Buttons\UI-CheckBox-Check-Disabled" />
            </CheckButton>
            <Frame name="$parentMinLevelFilterLabel">
                <!--<FrameSkin skinid="f15d4970-d66d-444e-bb2d-1ad102c87fed" frameid="f15d4978-d66d-444e-bb2d-1ad102c87fed" />-->
                <Size>
                    <AbsDimension x="128" y="32" />
                </Size>
                <Anchors>
                    <Anchor point="TOPLEFT">
                        <Offset>
                            <AbsDimension x="18" y="-415" />
                        </Offset>
                    </Anchor>
                </Anchors>
                <Layers>
                    <Layer>
                        <FontString name="$parentLabel" setAllPoints="true" inherits="GameFontNormalSmall" text="Min Level Filter">
                            <FontHeight>
                                <AbsValue val="12" />
                            </FontHeight>
                            <Color r="1" g="0.8196079" b="0" />
                            <Shadow>
                                <Color r="0" g="0" b="0" />
                                <Offset>
                                    <AbsDimension x="1" y="-1" />
                                </Offset>
                            </Shadow>
                        </FontString>
                    </Layer>
                </Layers>
                <Scripts>
                    <OnEnter>Questie:OptionsForm_SettingOnEnter("minLevelFilter")</OnEnter>
                    <OnLeave>Questie:OptionsForm_SettingOnLeave()</OnLeave>
                </Scripts>
            </Frame>
            <Frame name="$parentShowMapNotesLabel">
                <!--<FrameSkin skinid="f15d4970-d66d-444e-bb2d-1ad102c87fed" frameid="f15d4978-d66d-444e-bb2d-1ad102c87fed" />-->
                <Size>
                    <AbsDimension x="128" y="32" />
                </Size>
                <Anchors>
                    <Anchor point="TOPLEFT">
                        <Offset>
                            <AbsDimension x="208" y="-73" />
                        </Offset>
                    </Anchor>
                </Anchors>
                <Layers>
                    <Layer>
                        <FontString name="$parentLabel" setAllPoints="true" inherits="GameFontNormalSmall" text="Show Map Notes">
                            <FontHeight>
                                <AbsValue val="12" />
                            </FontHeight>
                            <Color r="1" g="0.8196079" b="0" />
                            <Shadow>
                                <Color r="0" g="0" b="0" />
                                <Offset>
                                    <AbsDimension x="1" y="-1" />
                                </Offset>
                            </Shadow>
                        </FontString>
                    </Layer>
                </Layers>
                <Scripts>
                    <OnEnter>Questie:OptionsForm_SettingOnEnter("showMapNotes")</OnEnter>
                    <OnLeave>Questie:OptionsForm_SettingOnLeave()</OnLeave>
                </Scripts>
            </Frame>
			<Frame name="$parentHideObjectivesLabel">
                <!--<FrameSkin skinid="f15d4970-d66d-444e-bb2d-1ad102c87fed" frameid="f15d4978-d66d-444e-bb2d-1ad102c87fed" />-->
                <Size>
                    <AbsDimension x="128" y="32" />
                </Size>
                <Anchors>
                    <Anchor point="TOPLEFT">
                        <Offset>
                            <AbsDimension x="208" y="-111" />
                        </Offset>
                    </Anchor>
                </Anchors>
                <Layers>
                    <Layer>
                        <FontString name="$parentLabel" setAllPoints="true" inherits="GameFontNormalSmall" text="Hide Objective Markers">
                            <FontHeight>
                                <AbsValue val="12" />
                            </FontHeight>
                            <Color r="1" g="0.8196079" b="0" />
                            <Shadow>
                                <Color r="0" g="0" b="0" />
                                <Offset>
                                    <AbsDimension x="1" y="-1" />
                                </Offset>
                            </Shadow>
                        </FontString>
                    </Layer>
                </Layers>
                <Scripts>
                    <OnEnter>Questie:OptionsForm_SettingOnEnter("hideObjectives")</OnEnter>
                    <OnLeave>Questie:OptionsForm_SettingOnLeave()</OnLeave>
                </Scripts>
            </Frame>
            <Frame name="$parentShowProfessionQuestsLabel">
                <!--<FrameSkin skinid="f15d4970-d66d-444e-bb2d-1ad102c87fed" frameid="f15d4978-d66d-444e-bb2d-1ad102c87fed" />-->
                <Size>
                    <AbsDimension x="128" y="32" />
                </Size>
                <Anchors>
                    <Anchor point="TOPLEFT">
                        <Offset>
                            <AbsDimension x="208" y="-149" />
                        </Offset>
                    </Anchor>
                </Anchors>
                <Layers>
                    <Layer>
                        <FontString name="$parentLabel" setAllPoints="true" inherits="GameFontNormalSmall" text="Show Profession Quests">
                            <FontHeight>
                                <AbsValue val="12" />
                            </FontHeight>
                            <Color r="1" g="0.8196079" b="0" />
                            <Shadow>
                                <Color r="0" g="0" b="0" />
                                <Offset>
                                    <AbsDimension x="1" y="-1" />
                                </Offset>
                            </Shadow>
                        </FontString>
                    </Layer>
                </Layers>
                <Scripts>
                    <OnEnter>Questie:OptionsForm_SettingOnEnter("showProfessionQuests")</OnEnter>
                    <OnLeave>Questie:OptionsForm_SettingOnLeave()</OnLeave>
                </Scripts>
            </Frame>
            <Frame name="$parentShowTrackerHeaderLabel">
                <!--<FrameSkin skinid="f15d4970-d66d-444e-bb2d-1ad102c87fed" frameid="f15d4978-d66d-444e-bb2d-1ad102c87fed" />-->
                <Size>
                    <AbsDimension x="128" y="32" />
                </Size>
                <Anchors>
                    <Anchor point="TOPLEFT">
                        <Offset>
                            <AbsDimension x="208" y="-225" />
                        </Offset>
                    </Anchor>
                </Anchors>
                <Layers>
                    <Layer>
                        <FontString name="$parentLabel" setAllPoints="true" inherits="GameFontNormalSmall" text="Show Tracker Header">
                            <FontHeight>
                                <AbsValue val="12" />
                            </FontHeight>
                            <Color r="1" g="0.8196079" b="0" />
                            <Shadow>
                                <Color r="0" g="0" b="0" />
                                <Offset>
                                    <AbsDimension x="1" y="-1" />
                                </Offset>
                            </Shadow>
                        </FontString>
                    </Layer>
                </Layers>
                <Scripts>
                    <OnEnter>Questie:OptionsForm_SettingOnEnter("showTrackerHeader")</OnEnter>
                    <OnLeave>Questie:OptionsForm_SettingOnLeave()</OnLeave>
                </Scripts>
            </Frame>
            <Frame name="$parentShowToolTipsLabel">
                <!--<FrameSkin skinid="f15d4970-d66d-444e-bb2d-1ad102c87fed" frameid="f15d4978-d66d-444e-bb2d-1ad102c87fed" />-->
                <Size>
                    <AbsDimension x="128" y="32" />
                </Size>
                <Anchors>
                    <Anchor point="TOPLEFT">
                        <Offset>
                            <AbsDimension x="208" y="-187" />
                        </Offset>
                    </Anchor>
                </Anchors>
                <Layers>
                    <Layer>
                        <FontString name="$parentLabel" setAllPoints="true" inherits="GameFontNormalSmall" text="Show Tooltips">
                            <FontHeight>
                                <AbsValue val="12" />
                            </FontHeight>
                            <Color r="1" g="0.8196079" b="0" />
                            <Shadow>
                                <Color r="0" g="0" b="0" />
                                <Offset>
                                    <AbsDimension x="1" y="-1" />
                                </Offset>
                            </Shadow>
                        </FontString>
                    </Layer>
                </Layers>
                <Scripts>
                    <OnEnter>Questie:OptionsForm_SettingOnEnter("showToolTips")</OnEnter>
                    <OnLeave>Questie:OptionsForm_SettingOnLeave()</OnLeave>
                </Scripts>
            </Frame>
            <Frame name="$parentTrackerEnabledLabel">
                <!--<FrameSkin skinid="f15d4970-d66d-444e-bb2d-1ad102c87fed" frameid="f15d4978-d66d-444e-bb2d-1ad102c87fed" />-->
                <Size>
                    <AbsDimension x="128" y="32" />
                </Size>
                <Anchors>
                    <Anchor point="TOPLEFT">
                        <Offset>
                            <AbsDimension x="208" y="-301" />
                        </Offset>
                    </Anchor>
                </Anchors>
                <Layers>
                    <Layer>
                        <FontString name="$parentLabel" setAllPoints="true" inherits="GameFontNormalSmall" text="Questie Tracker">
                            <FontHeight>
                                <AbsValue val="12" />
                            </FontHeight>
                            <Color r="1" g="0.8196079" b="0" />
                            <Shadow>
                                <Color r="0" g="0" b="0" />
                                <Offset>
                                    <AbsDimension x="1" y="-1" />
                                </Offset>
                            </Shadow>
                        </FontString>
                    </Layer>
                </Layers>
                <Scripts>
                    <OnEnter>Questie:OptionsForm_SettingOnEnter("trackerEnabled")</OnEnter>
                    <OnLeave>Questie:OptionsForm_SettingOnLeave()</OnLeave>
                </Scripts>
            </Frame>
            <Frame name="$parentTrackerListLabel">
                <!--<FrameSkin skinid="f15d4970-d66d-444e-bb2d-1ad102c87fed" frameid="f15d4978-d66d-444e-bb2d-1ad102c87fed" />-->
                <Size>
                    <AbsDimension x="128" y="32" />
                </Size>
                <Anchors>
                    <Anchor point="TOPLEFT">
                        <Offset>
                            <AbsDimension x="208" y="-339" />
                        </Offset>
                    </Anchor>
                </Anchors>
                <Layers>
                    <Layer>
                        <FontString name="$parentLabel" setAllPoints="true" inherits="GameFontNormalSmall" text="Tracker Sorting Direction">
                            <FontHeight>
                                <AbsValue val="12" />
                            </FontHeight>
                            <Color r="1" g="0.8196079" b="0" />
                            <Shadow>
                                <Color r="0" g="0" b="0" />
                                <Offset>
                                    <AbsDimension x="1" y="-1" />
                                </Offset>
                            </Shadow>
                        </FontString>
                    </Layer>
                </Layers>
                <Scripts>
                    <OnEnter>Questie:OptionsForm_SettingOnEnter("trackerList")</OnEnter>
                    <OnLeave>Questie:OptionsForm_SettingOnLeave()</OnLeave>
                </Scripts>
            </Frame>
            <Frame name="$parentTrackerBackgroundLabel">
                <!--<FrameSkin skinid="f15d4970-d66d-444e-bb2d-1ad102c87fed" frameid="f15d4978-d66d-444e-bb2d-1ad102c87fed" />-->
                <Size>
                    <AbsDimension x="128" y="32" />
                </Size>
                <Anchors>
                    <Anchor point="TOPLEFT">
                        <Offset>
                            <AbsDimension x="208" y="-263" />
                        </Offset>
                    </Anchor>
                </Anchors>
                <Layers>
                    <Layer>
                        <FontString name="$parentLabel" setAllPoints="true" inherits="GameFontNormalSmall" text="Tracker Background">
                            <FontHeight>
                                <AbsValue val="12" />
                            </FontHeight>
                            <Color r="1" g="0.8196079" b="0" />
                            <Shadow>
                                <Color r="0" g="0" b="0" />
                                <Offset>
                                    <AbsDimension x="1" y="-1" />
                                </Offset>
                            </Shadow>
                        </FontString>
                    </Layer>
                </Layers>
                <Scripts>
                    <OnEnter>Questie:OptionsForm_SettingOnEnter("trackerBackground")</OnEnter>
                    <OnLeave>Questie:OptionsForm_SettingOnLeave()</OnLeave>
                </Scripts>
            </Frame>
            <Frame name="$parentResizeWorldmapLabel">
                <!--<FrameSkin skinid="f15d4970-d66d-444e-bb2d-1ad102c87fed" frameid="f15d4978-d66d-444e-bb2d-1ad102c87fed" />-->
                <Size>
                    <AbsDimension x="128" y="32" />
                </Size>
                <Anchors>
                    <Anchor point="TOPLEFT">
                        <Offset>
                            <AbsDimension x="208" y="-35" />
                        </Offset>
                    </Anchor>
                </Anchors>
                <Layers>
                    <Layer>
                        <FontString name="$parentLabel" setAllPoints="true" inherits="GameFontNormalSmall" text="Resize Worldmap">
                            <FontHeight>
                                <AbsValue val="12" />
                            </FontHeight>
                            <Color r="1" g="0.8196079" b="0" />
                            <Shadow>
                                <Color r="0" g="0" b="0" />
                                <Offset>
                                    <AbsDimension x="1" y="-1" />
                                </Offset>
                            </Shadow>
                        </FontString>
                    </Layer>
                </Layers>
                <Scripts>
                    <OnEnter>Questie:OptionsForm_SettingOnEnter("resizeWorldmap")</OnEnter>
                    <OnLeave>Questie:OptionsForm_SettingOnLeave()</OnLeave>
                </Scripts>
            </Frame>
            <Frame name="$parentHideMinimapIconsLabel">
                <!--<FrameSkin skinid="f15d4970-d66d-444e-bb2d-1ad102c87fed" frameid="f15d4978-d66d-444e-bb2d-1ad102c87fed" />-->
                <Size>
                    <AbsDimension x="128" y="32" />
                </Size>
                <Anchors>
                    <Anchor point="TOPLEFT">
                        <Offset>
                            <AbsDimension x="18" y="-225" />
                        </Offset>
                    </Anchor>
                </Anchors>
                <Layers>
                    <Layer>
                        <FontString name="$parentLabel" setAllPoints="true" inherits="GameFontNormalSmall" text="Hide Minimap Icons">
                            <FontHeight>
                                <AbsValue val="12" />
                            </FontHeight>
                            <Color r="1" g="0.8196079" b="0" />
                            <Shadow>
                                <Color r="0" g="0" b="0" />
                                <Offset>
                                    <AbsDimension x="1" y="-1" />
                                </Offset>
                            </Shadow>
                        </FontString>
                    </Layer>
                </Layers>
                <Scripts>
                    <OnEnter>Questie:OptionsForm_SettingOnEnter("hideMinimapIcons")</OnEnter>
                    <OnLeave>Questie:OptionsForm_SettingOnLeave()</OnLeave>
                </Scripts>
            </Frame>
            <Frame name="$parentMinimapButtonLabel">
                <!--<FrameSkin skinid="f15d4970-d66d-444e-bb2d-1ad102c87fed" frameid="f15d4978-d66d-444e-bb2d-1ad102c87fed" />-->
                <Size>
                    <AbsDimension x="128" y="32" />
                </Size>
                <Anchors>
                    <Anchor point="TOPLEFT">
                        <Offset>
                            <AbsDimension x="18" y="-263" />
                        </Offset>
                    </Anchor>
                </Anchors>
                <Layers>
                    <Layer>
                        <FontString name="$parentLabel" setAllPoints="true" inherits="GameFontNormalSmall" text="Show Minimap Button">
                            <FontHeight>
                                <AbsValue val="12" />
                            </FontHeight>
                            <Color r="1" g="0.8196079" b="0" />
                            <Shadow>
                                <Color r="0" g="0" b="0" />
                                <Offset>
                                    <AbsDimension x="1" y="-1" />
                                </Offset>
                            </Shadow>
                        </FontString>
                    </Layer>
                </Layers>
                <Scripts>
                    <OnEnter>Questie:OptionsForm_SettingOnEnter("minimapButton")</OnEnter>
                    <OnLeave>Questie:OptionsForm_SettingOnLeave()</OnLeave>
                </Scripts>
            </Frame>
            <Frame name="$parentVersionLabel">
                <!--<FrameSkin skinid="f15d4970-d66d-444e-bb2d-1ad102c87fed" frameid="f15d4978-d66d-444e-bb2d-1ad102c87fed" />-->
                <Size>
                    <AbsDimension x="136" y="32" />
                </Size>
                <Anchors>
                    <Anchor point="TOPLEFT">
                        <Offset>
                            <AbsDimension x="224" y="-451" />
                        </Offset>
                    </Anchor>
                </Anchors>
                <Layers>
                    <Layer>
                        <FontString name="$parentLabel" setAllPoints="true" inherits="GameFontNormalSmall" text="Version">
                            <FontHeight>
                                <AbsValue val="12" />
                            </FontHeight>
                            <Color r="1" g="0.8196079" b="0" />
                            <Shadow>
                                <Color r="0" g="0" b="0" />
                                <Offset>
                                    <AbsDimension x="1" y="-1" />
                                </Offset>
                            </Shadow>
                        </FontString>
                    </Layer>
                </Layers>
            </Frame>
            <CheckButton name="$parentShowMapNotesCheck">
                <!--<FrameSkin skinid="f15d4970-d66d-444e-bb2d-1ad102c87fed" frameid="f15d4974-d66d-444e-bb2d-1ad102c87fed" />-->
                <Size>
                    <AbsDimension x="32" y="32" />
                </Size>
                <Anchors>
                    <Anchor point="TOPLEFT">
                        <Offset>
                            <AbsDimension x="342" y="-73" />
                        </Offset>
                    </Anchor>
                </Anchors>
                <Scripts>
                    <OnEnter>Questie:OptionsForm_SettingOnEnter("showMapNotes")</OnEnter>
                    <OnLeave>Questie:OptionsForm_SettingOnLeave()</OnLeave>
                </Scripts>
                <NormalTexture file="Interface\Buttons\UI-CheckBox-Up" />
                <PushedTexture file="Interface\Buttons\UI-CheckBox-Down" />
                <DisabledTexture />
                <HighlightTexture file="Interface\Buttons\UI-CheckBox-Highlight" alphaMode="ADD" />
                <PushedTextOffset x="0" y="0" />
                <CheckedTexture file="Interface\Buttons\UI-CheckBox-Check" />
                <DisabledCheckedTexture file="Interface\Buttons\UI-CheckBox-Check-Disabled" />
            </CheckButton>
			<CheckButton name="$parentHideObjectives">
                <!--<FrameSkin skinid="f15d4970-d66d-444e-bb2d-1ad102c87fed" frameid="f15d4974-d66d-444e-bb2d-1ad102c87fed" />-->
                <Size>
                    <AbsDimension x="32" y="32" />
                </Size>
                <Anchors>
                    <Anchor point="TOPLEFT">
                        <Offset>
                            <AbsDimension x="342" y="-111" />
                        </Offset>
                    </Anchor>
                </Anchors>
                <Scripts>
                    <OnEnter>Questie:OptionsForm_SettingOnEnter("hideObjectives")</OnEnter>
                    <OnLeave>Questie:OptionsForm_SettingOnLeave()</OnLeave>
                </Scripts>
                <NormalTexture file="Interface\Buttons\UI-CheckBox-Up" />
                <PushedTexture file="Interface\Buttons\UI-CheckBox-Down" />
                <DisabledTexture />
                <HighlightTexture file="Interface\Buttons\UI-CheckBox-Highlight" alphaMode="ADD" />
                <PushedTextOffset x="0" y="0" />
                <CheckedTexture file="Interface\Buttons\UI-CheckBox-Check" />
                <DisabledCheckedTexture file="Interface\Buttons\UI-CheckBox-Check-Disabled" />
            </CheckButton>
            <CheckButton name="$parentShowProfessionQuestsCheck">
                <!--<FrameSkin skinid="f15d4970-d66d-444e-bb2d-1ad102c87fed" frameid="f15d4974-d66d-444e-bb2d-1ad102c87fed" />-->
                <Size>
                    <AbsDimension x="32" y="32" />
                </Size>
                <Anchors>
                    <Anchor point="TOPLEFT">
                        <Offset>
                            <AbsDimension x="342" y="-149" />
                        </Offset>
                    </Anchor>
                </Anchors>
                <Scripts>
                    <OnEnter>Questie:OptionsForm_SettingOnEnter("showProfessionQuests")</OnEnter>
                    <OnLeave>Questie:OptionsForm_SettingOnLeave()</OnLeave>
                </Scripts>
                <NormalTexture file="Interface\Buttons\UI-CheckBox-Up" />
                <PushedTexture file="Interface\Buttons\UI-CheckBox-Down" />
                <DisabledTexture />
                <HighlightTexture file="Interface\Buttons\UI-CheckBox-Highlight" alphaMode="ADD" />
                <PushedTextOffset x="0" y="0" />
                <CheckedTexture file="Interface\Buttons\UI-CheckBox-Check" />
                <DisabledCheckedTexture file="Interface\Buttons\UI-CheckBox-Check-Disabled" />
            </CheckButton>
            <CheckButton name="$parentShowTrackerHeaderCheck">
                <!--<FrameSkin skinid="f15d4970-d66d-444e-bb2d-1ad102c87fed" frameid="f15d4974-d66d-444e-bb2d-1ad102c87fed" />-->
                <Size>
                    <AbsDimension x="32" y="32" />
                </Size>
                <Anchors>
                    <Anchor point="TOPLEFT">
                        <Offset>
                            <AbsDimension x="342" y="-225" />
                        </Offset>
                    </Anchor>
                </Anchors>
                <Scripts>
                    <OnEnter>Questie:OptionsForm_SettingOnEnter("showTrackerHeader")</OnEnter>
                    <OnLeave>Questie:OptionsForm_SettingOnLeave()</OnLeave>
                </Scripts>
                <NormalTexture file="Interface\Buttons\UI-CheckBox-Up" />
                <PushedTexture file="Interface\Buttons\UI-CheckBox-Down" />
                <DisabledTexture />
                <HighlightTexture file="Interface\Buttons\UI-CheckBox-Highlight" alphaMode="ADD" />
                <PushedTextOffset x="0" y="0" />
                <CheckedTexture file="Interface\Buttons\UI-CheckBox-Check" />
                <DisabledCheckedTexture file="Interface\Buttons\UI-CheckBox-Check-Disabled" />
            </CheckButton>
            <CheckButton name="$parentShowToolTipsCheck">
                <!--<FrameSkin skinid="f15d4970-d66d-444e-bb2d-1ad102c87fed" frameid="f15d4974-d66d-444e-bb2d-1ad102c87fed" />-->
                <Size>
                    <AbsDimension x="32" y="32" />
                </Size>
                <Anchors>
                    <Anchor point="TOPLEFT">
                        <Offset>
                            <AbsDimension x="342" y="-187" />
                        </Offset>
                    </Anchor>
                </Anchors>
                <Scripts>
                    <OnEnter>Questie:OptionsForm_SettingOnEnter("showToolTips")</OnEnter>
                    <OnLeave>Questie:OptionsForm_SettingOnLeave()</OnLeave>
                </Scripts>
                <NormalTexture file="Interface\Buttons\UI-CheckBox-Up" />
                <PushedTexture file="Interface\Buttons\UI-CheckBox-Down" />
                <DisabledTexture />
                <HighlightTexture file="Interface\Buttons\UI-CheckBox-Highlight" alphaMode="ADD" />
                <PushedTextOffset x="0" y="0" />
                <CheckedTexture file="Interface\Buttons\UI-CheckBox-Check" />
                <DisabledCheckedTexture file="Interface\Buttons\UI-CheckBox-Check-Disabled" />
            </CheckButton>
            <CheckButton name="$parentTrackerEnabledCheck">
                <!--<FrameSkin skinid="f15d4970-d66d-444e-bb2d-1ad102c87fed" frameid="f15d4974-d66d-444e-bb2d-1ad102c87fed" />-->
                <Size>
                    <AbsDimension x="32" y="32" />
                </Size>
                <Anchors>
                    <Anchor point="TOPLEFT">
                        <Offset>
                            <AbsDimension x="342" y="-301" />
                        </Offset>
                    </Anchor>
                </Anchors>
                <Scripts>
                    <OnEnter>Questie:OptionsForm_SettingOnEnter("trackerEnabled")</OnEnter>
                    <OnLeave>Questie:OptionsForm_SettingOnLeave()</OnLeave>
                </Scripts>
                <NormalTexture file="Interface\Buttons\UI-CheckBox-Up" />
                <PushedTexture file="Interface\Buttons\UI-CheckBox-Down" />
                <DisabledTexture />
                <HighlightTexture file="Interface\Buttons\UI-CheckBox-Highlight" alphaMode="ADD" />
                <PushedTextOffset x="0" y="0" />
                <CheckedTexture file="Interface\Buttons\UI-CheckBox-Check" />
                <DisabledCheckedTexture file="Interface\Buttons\UI-CheckBox-Check-Disabled" />
            </CheckButton>
            <CheckButton name="$parentTrackerListCheck">
                <!--<FrameSkin skinid="f15d4970-d66d-444e-bb2d-1ad102c87fed" frameid="f15d4974-d66d-444e-bb2d-1ad102c87fed" />-->
                <Size>
                    <AbsDimension x="32" y="32" />
                </Size>
                <Anchors>
                    <Anchor point="TOPLEFT">
                        <Offset>
                            <AbsDimension x="342" y="-339" />
                        </Offset>
                    </Anchor>
                </Anchors>
                <Scripts>
                    <OnEnter>Questie:OptionsForm_SettingOnEnter("trackerList")</OnEnter>
                    <OnLeave>Questie:OptionsForm_SettingOnLeave()</OnLeave>
                </Scripts>
                <NormalTexture file="Interface\Buttons\UI-CheckBox-Up" />
                <PushedTexture file="Interface\Buttons\UI-CheckBox-Down" />
                <DisabledTexture />
                <HighlightTexture file="Interface\Buttons\UI-CheckBox-Highlight" alphaMode="ADD" />
                <PushedTextOffset x="0" y="0" />
                <CheckedTexture file="Interface\Buttons\UI-CheckBox-Check" />
                <DisabledCheckedTexture file="Interface\Buttons\UI-CheckBox-Check-Disabled" />
            </CheckButton>
            <CheckButton name="$parentTrackerBackgroundCheck">
                <!--<FrameSkin skinid="f15d4970-d66d-444e-bb2d-1ad102c87fed" frameid="f15d4974-d66d-444e-bb2d-1ad102c87fed" />-->
                <Size>
                    <AbsDimension x="32" y="32" />
                </Size>
                <Anchors>
                    <Anchor point="TOPLEFT">
                        <Offset>
                            <AbsDimension x="342" y="-263" />
                        </Offset>
                    </Anchor>
                </Anchors>
                <Scripts>
                    <OnEnter>Questie:OptionsForm_SettingOnEnter("trackerBackground")</OnEnter>
                    <OnLeave>Questie:OptionsForm_SettingOnLeave()</OnLeave>
                </Scripts>
                <NormalTexture file="Interface\Buttons\UI-CheckBox-Up" />
                <PushedTexture file="Interface\Buttons\UI-CheckBox-Down" />
                <DisabledTexture />
                <HighlightTexture file="Interface\Buttons\UI-CheckBox-Highlight" alphaMode="ADD" />
                <PushedTextOffset x="0" y="0" />
                <CheckedTexture file="Interface\Buttons\UI-CheckBox-Check" />
                <DisabledCheckedTexture file="Interface\Buttons\UI-CheckBox-Check-Disabled" />
            </CheckButton>
            <CheckButton name="$parentResizeWorldmapCheck">
                <!--<FrameSkin skinid="f15d4970-d66d-444e-bb2d-1ad102c87fed" frameid="f15d4974-d66d-444e-bb2d-1ad102c87fed" />-->
                <Size>
                    <AbsDimension x="32" y="32" />
                </Size>
                <Anchors>
                    <Anchor point="TOPLEFT">
                        <Offset>
                            <AbsDimension x="342" y="-35" />
                        </Offset>
                    </Anchor>
                </Anchors>
                <Scripts>
                    <OnEnter>Questie:OptionsForm_SettingOnEnter("resizeWorldmap")</OnEnter>
                    <OnLeave>Questie:OptionsForm_SettingOnLeave()</OnLeave>
                </Scripts>
                <NormalTexture file="Interface\Buttons\UI-CheckBox-Up" />
                <PushedTexture file="Interface\Buttons\UI-CheckBox-Down" />
                <DisabledTexture />
                <HighlightTexture file="Interface\Buttons\UI-CheckBox-Highlight" alphaMode="ADD" />
                <PushedTextOffset x="0" y="0" />
                <CheckedTexture file="Interface\Buttons\UI-CheckBox-Check" />
                <DisabledCheckedTexture file="Interface\Buttons\UI-CheckBox-Check-Disabled" />
            </CheckButton>
            <CheckButton name="$parentHideMinimapIconsCheck">
                <!--<FrameSkin skinid="f15d4970-d66d-444e-bb2d-1ad102c87fed" frameid="f15d4974-d66d-444e-bb2d-1ad102c87fed" />-->
                <Size>
                    <AbsDimension x="32" y="32" />
                </Size>
                <Anchors>
                    <Anchor point="TOPLEFT">
                        <Offset>
                            <AbsDimension x="152" y="-225" />
                        </Offset>
                    </Anchor>
                </Anchors>
                <Scripts>
                    <OnEnter>Questie:OptionsForm_SettingOnEnter("hideMinimapIcons")</OnEnter>
                    <OnLeave>Questie:OptionsForm_SettingOnLeave()</OnLeave>
                </Scripts>
                <NormalTexture file="Interface\Buttons\UI-CheckBox-Up" />
                <PushedTexture file="Interface\Buttons\UI-CheckBox-Down" />
                <DisabledTexture />
                <HighlightTexture file="Interface\Buttons\UI-CheckBox-Highlight" alphaMode="ADD" />
                <PushedTextOffset x="0" y="0" />
                <CheckedTexture file="Interface\Buttons\UI-CheckBox-Check" />
                <DisabledCheckedTexture file="Interface\Buttons\UI-CheckBox-Check-Disabled" />
            </CheckButton>
            <CheckButton name="$parentMinimapButtonCheck">
                <!--<FrameSkin skinid="f15d4970-d66d-444e-bb2d-1ad102c87fed" frameid="f15d4974-d66d-444e-bb2d-1ad102c87fed" />-->
                <Size>
                    <AbsDimension x="32" y="32" />
                </Size>
                <Anchors>
                    <Anchor point="TOPLEFT">
                        <Offset>
                            <AbsDimension x="152" y="-263" />
                        </Offset>
                    </Anchor>
                </Anchors>
                <Scripts>
                    <OnEnter>Questie:OptionsForm_SettingOnEnter("minimapButton")</OnEnter>
                    <OnLeave>Questie:OptionsForm_SettingOnLeave()</OnLeave>
                </Scripts>
                <NormalTexture file="Interface\Buttons\UI-CheckBox-Up" />
                <PushedTexture file="Interface\Buttons\UI-CheckBox-Down" />
                <DisabledTexture />
                <HighlightTexture file="Interface\Buttons\UI-CheckBox-Highlight" alphaMode="ADD" />
                <PushedTextOffset x="0" y="0" />
                <CheckedTexture file="Interface\Buttons\UI-CheckBox-Check" />
                <DisabledCheckedTexture file="Interface\Buttons\UI-CheckBox-Check-Disabled" />
            </CheckButton>
            <Frame name="$parentCorpseArrowLabel">
                <!--<FrameSkin skinid="f15d4970-d66d-444e-bb2d-1ad102c87fed" frameid="f15d4978-d66d-444e-bb2d-1ad102c87fed" />-->
                <Size>
                    <AbsDimension x="128" y="32" />
                </Size>
                <Anchors>
                    <Anchor point="TOPLEFT">
                        <Offset>
                            <AbsDimension x="18" y="-187" />
                        </Offset>
                    </Anchor>
                </Anchors>
                <Layers>
                    <Layer>
                        <FontString name="$parentLabel" setAllPoints="true" inherits="GameFontNormalSmall" text="Show Corpse Arrow">
                            <FontHeight>
                                <AbsValue val="12" />
                            </FontHeight>
                            <Color r="1" g="0.8196079" b="0" />
                            <Shadow>
                                <Color r="0" g="0" b="0" />
                                <Offset>
                                    <AbsDimension x="1" y="-1" />
                                </Offset>
                            </Shadow>
                        </FontString>
                    </Layer>
                </Layers>
                <Scripts>
                    <OnEnter>Questie:OptionsForm_SettingOnEnter("corpseArrow")</OnEnter>
                    <OnLeave>Questie:OptionsForm_SettingOnLeave()</OnLeave>
                </Scripts>
            </Frame>
            <CheckButton name="$parentCorpseArrowCheck">
                <!--<FrameSkin skinid="f15d4970-d66d-444e-bb2d-1ad102c87fed" frameid="f15d4974-d66d-444e-bb2d-1ad102c87fed" />-->
                <Size>
                    <AbsDimension x="32" y="32" />
                </Size>
                <Anchors>
                    <Anchor point="TOPLEFT">
                        <Offset>
                            <AbsDimension x="152" y="-187" />
                        </Offset>
                    </Anchor>
                </Anchors>
                <Scripts>
                    <OnEnter>Questie:OptionsForm_SettingOnEnter("corpseArrow")</OnEnter>
                    <OnLeave>Questie:OptionsForm_SettingOnLeave()</OnLeave>
                </Scripts>
                <NormalTexture file="Interface\Buttons\UI-CheckBox-Up" />
                <PushedTexture file="Interface\Buttons\UI-CheckBox-Down" />
                <DisabledTexture />
                <HighlightTexture file="Interface\Buttons\UI-CheckBox-Highlight" alphaMode="ADD" />
                <PushedTextOffset x="0" y="0" />
                <CheckedTexture file="Interface\Buttons\UI-CheckBox-Check" />
                <DisabledCheckedTexture file="Interface\Buttons\UI-CheckBox-Check-Disabled" />
            </CheckButton>
            <Frame name="$parentClusterQuestsLabel">
                <!--<FrameSkin skinid="f15d4970-d66d-444e-bb2d-1ad102c87fed" frameid="f15d4978-d66d-444e-bb2d-1ad102c87fed" />-->
                <Size>
                    <AbsDimension x="128" y="32" />
                </Size>
                <Anchors>
                    <Anchor point="TOPLEFT">
                        <Offset>
                            <AbsDimension x="18" y="-149" />
                        </Offset>
                    </Anchor>
                </Anchors>
                <Layers>
                    <Layer>
                        <FontString name="$parentLabel" setAllPoints="true" inherits="GameFontNormalSmall" text="Cluster Worldmap Notes">
                            <FontHeight>
                                <AbsValue val="12" />
                            </FontHeight>
                            <Color r="1" g="0.8196079" b="0" />
                            <Shadow>
                                <Color r="0" g="0" b="0" />
                                <Offset>
                                    <AbsDimension x="1" y="-1" />
                                </Offset>
                            </Shadow>
                        </FontString>
                    </Layer>
                </Layers>
                <Scripts>
                    <OnEnter>Questie:OptionsForm_SettingOnEnter("clusterQuests")</OnEnter>
                    <OnLeave>Questie:OptionsForm_SettingOnLeave()</OnLeave>
                </Scripts>
            </Frame>
            <CheckButton name="$parentClusterQuestsCheck">
                <!--<FrameSkin skinid="f15d4970-d66d-444e-bb2d-1ad102c87fed" frameid="f15d4974-d66d-444e-bb2d-1ad102c87fed" />-->
                <Size>
                    <AbsDimension x="32" y="32" />
                </Size>
                <Anchors>
                    <Anchor point="TOPLEFT">
                        <Offset>
                            <AbsDimension x="152" y="-149" />
                        </Offset>
                    </Anchor>
                </Anchors>
                <Scripts>
                    <OnEnter>Questie:OptionsForm_SettingOnEnter("clusterQuests")</OnEnter>
                    <OnLeave>Questie:OptionsForm_SettingOnLeave()</OnLeave>
                </Scripts>
                <NormalTexture file="Interface\Buttons\UI-CheckBox-Up" />
                <PushedTexture file="Interface\Buttons\UI-CheckBox-Down" />
                <DisabledTexture />
                <HighlightTexture file="Interface\Buttons\UI-CheckBox-Highlight" alphaMode="ADD" />
                <PushedTextOffset x="0" y="0" />
                <CheckedTexture file="Interface\Buttons\UI-CheckBox-Check" />
                <DisabledCheckedTexture file="Interface\Buttons\UI-CheckBox-Check-Disabled" />
            </CheckButton>
            <CheckButton name="$parentUseQuestLinksCheck">
                <Size>
                    <AbsDimension x="32" y="32" />
                </Size>
                <Anchors>
                    <Anchor point="TOPLEFT">
                        <Offset>
                            <AbsDimension x="152" y="-301" />
                        </Offset>
                    </Anchor>
                </Anchors>
                <Scripts>
                    <OnEnter>Questie:OptionsForm_SettingOnEnter("useQuestLinks")</OnEnter>
                    <OnLeave>Questie:OptionsForm_SettingOnLeave()</OnLeave>
                </Scripts>
                <NormalTexture file="Interface\Buttons\UI-CheckBox-Up" />
                <PushedTexture file="Interface\Buttons\UI-CheckBox-Down" />
                <DisabledTexture />
                <HighlightTexture file="Interface\Buttons\UI-CheckBox-Highlight" alphaMode="ADD" />
                <PushedTextOffset x="0" y="0" />
                <CheckedTexture file="Interface\Buttons\UI-CheckBox-Check" />
                <DisabledCheckedTexture file="Interface\Buttons\UI-CheckBox-Check-Disabled" />
            </CheckButton>
            <Frame name="$parentUseQuestLinksLabel">
                <Size>
                    <AbsDimension x="128" y="32" />
                </Size>
                <Anchors>
                    <Anchor point="TOPLEFT">
                        <Offset>
                            <AbsDimension x="18" y="-301" />
                        </Offset>
                    </Anchor>
                </Anchors>
                <Layers>
                    <Layer>
                        <FontString name="$parentLabel" setAllPoints="true" inherits="GameFontNormalSmall" text="Use Quest Links">
                            <FontHeight>
                                <AbsValue val="12" />
                            </FontHeight>
                            <Color r="1" g="0.8196079" b="0" />
                            <Shadow>
                                <Color r="0" g="0" b="0" />
                                <Offset>
                                    <AbsDimension x="1" y="-1" />
                                </Offset>
                            </Shadow>
                        </FontString>
                    </Layer>
                </Layers>
                <Scripts>
                    <OnEnter>Questie:OptionsForm_SettingOnEnter("useQuestLinks")</OnEnter>
                    <OnLeave>Questie:OptionsForm_SettingOnLeave()</OnLeave>
                </Scripts>
            </Frame>
        </Frames>
        <Scripts>
            <OnLoad>this:RegisterForDrag("LeftButton")</OnLoad>
            <OnDragStart>this:StartMoving()</OnDragStart>
            <OnDragStop>this:StopMovingOrSizing()</OnDragStop>
            <OnShow>PlaySound("igQuestLogOpen")</OnShow>
            <OnHide>PlaySound("igQuestLogClose")</OnHide>
        </Scripts>
    </Frame>
    <GameTooltip name="QuestieOptionsToolTip" inherits="GameTooltipTemplate" parent="UIParent" hidden="true"/>
</Ui>
