<Ui xmlns=
      "http://www.blizzard.com/wow/ui/"
    xmlns:xsi=
      "http://www.w3.org/2001/XMLSchema-instance"
    xsi:schemaLocation=
      "http://www.blizzard.com/wow/ui/ C:\Projects\WoW\Bin\Interface\FrameXML\UI.xsd">

<Script file="TrackerAssist.lua" />

<Frame name="TrackerAssist" enableMouse="false" parent="UIParent">

   <Size>
      <AbsDimension x="500" y="32"/>
   </Size>

   <Anchors>
      <Anchor point="TOPRIGHT" relativeTo="MinimapCluster" relativePoint="BOTTOMRIGHT">
         <Offset>
            <AbsDimension x="-15" y="15"/>
         </Offset>
      </Anchor>
   </Anchors>

   <Layers>
      <Layer level="BACKGROUND" enableMouse="false">
         <FontString name="TrackerAssistText"
                     inherits="GameFontNormal"
                     enableMouse="false">
            <Anchors>
               <Anchor point="TOPRIGHT" relativeTo="TrackerAssist" relativePoint="TOPRIGHT">
                  <Offset>
                     <AbsDimension x="0" y="0"/>
                  </Offset>
               </Anchor>
            </Anchors>
         </FontString>
      </Layer>
   </Layers>

   <Scripts>
      
      <OnLoad>
         TrackerAssist_OnLoad();
      </OnLoad>
      
      <OnEvent>
         TrackerAssist_OnEvent();
      </OnEvent>
      
      <OnUpdate>
         TrackerAssist_OnUpdate();
      </OnUpdate>

   </Scripts>
   
</Frame>

</Ui>
