<Ui xmlns="http://www.blizzard.com/wow/ui/" xmlns:xsi="http://www.w3.org/2001/XMLSchema-instance" xsi:schemaLocation="http://www.blizzard.com/wow/ui/
C:\Projects\WoW\Bin\Interface\FrameXML\UI.xsd">
	<!--
	///////////////////////////////////////////////
	//
	//		Gypsy_BuffFrame
	//		GypsyVersion++2004.10.25++
	//
	//		Replaces the default buff display with
	//		a vertical display below the minimap.
	//		Displays the buff icons in a vertical row
	//		aligned to the bottom left corner
	//		of the minimap with the buff name and
	//		duration if applicable displayed to
	//		the right of the icon.
	//
	///////////////////////////////////////////////
	-->
	<Script file="localization.lua"/>
	<Script file="Gypsy_BuffFrame.lua"/>
	<!-- Buff display template to determine how the buff icon, name text and duration text, as well as the border are displayed. -->
	<Button name="Gypsy_BuffButtonTemplate" virtual="true">
		<Size>
			<AbsDimension x="155" y="34"/>
		</Size>
		<!-- Background to color according to helpful/harmful -->
		<Backdrop name="$parentBackdrop" bgFile="Interface\Tooltips\UI-Tooltip-Background" edgeFile="Interface\Tooltips\UI-Tooltip-Border" tile="true">
			<EdgeSize>
				<AbsValue val="16"/>
			</EdgeSize>
			<TileSize>
				<AbsValue val="16"/>
			</TileSize>
			<BackgroundInsets>
				<AbsInset left="5" right="5" top="5" bottom="5"/>
			</BackgroundInsets>
		</Backdrop>
		<Layers>
			<Layer level="ARTWORK">
				<!-- Icon to the left of the buff button -->
				<Texture name="$parentIcon">
					<Size>
						<AbsDimension x="30" y="30"/>
					</Size>
					<Anchors>
						<Anchor point="LEFT">
							<Offset>
								<AbsDimension x="-30" y="0"/>
							</Offset>
						</Anchor>
					</Anchors>
				</Texture>
			</Layer>
			<Layer level="OVERLAY">
				<!-- Red debuff border -->
				<Texture name="$parentDebuff" file="Interface\Buttons\UI-Debuff-Border" hidden="true">
					<Size>
						<AbsDimension x="32" y="32"/>
					</Size>
					<Anchors>
						<Anchor point="LEFT">
							<Offset>
								<AbsDimension x="-31" y="0"/>
							</Offset>
						</Anchor>
					</Anchors>
				</Texture>
				<!-- Blue buff border -->
				<Texture name="$parentBuff" file="Interface\AddOns\Gypsy_BuffBar\Gypsy_Buff-Border" hidden="true">
					<Size>
						<AbsDimension x="32" y="32"/>
					</Size>
					<Anchors>
						<Anchor point="LEFT">
							<Offset>
								<AbsDimension x="-31" y="0"/>
							</Offset>
						</Anchor>
					</Anchors>
				</Texture>
				<!-- Effect name text -->
				<FontString name="$parentDescribeText" inherits="GameFontNormal">
					<Anchors>
						<Anchor point="LEFT" relativeTo="$parent" relativePoint="LEFT">
							<Offset>
								<AbsDimension x="6" y="7"/>
							</Offset>
						</Anchor>
					</Anchors>
				</FontString>
				<!-- Effect duration text -->
				<FontString name="$parentDurationText" inherits="GameFontNormal">
					<Anchors>
						<Anchor point="LEFT" relativeTo="$parent" relativePoint="LEFT">
							<Offset>
								<AbsDimension x="6" y="-5"/>
							</Offset>
						</Anchor>
					</Anchors>
				</FontString>
			</Layer>
		</Layers>
		<!-- Script events for each buff -->
		<Scripts>
			<OnLoad>
				this.buffFilter = "HELPFUL|HARMFUL";
				Gypsy_BuffButtonOnLoad();
			</OnLoad>
			<OnEvent>
				Gypsy_BuffButtonOnEvent(event);
			</OnEvent>
			<OnUpdate>
				Gypsy_BuffButtonOnUpdate();
			</OnUpdate>
			<OnClick>
				Gypsy_BuffButtonOnClick();
			</OnClick>
			<OnEnter>
				GameTooltip:SetOwner(this, "ANCHOR_BOTTOMLEFT");
				GameTooltip:SetPlayerBuff(this.buffIndex);
			</OnEnter>
			<OnLeave>
				GameTooltip:Hide();
			</OnLeave>
		</Scripts>
	</Button>
	<!-- Buff frame capsule for movement -->
	<Button name="Gypsy_BuffFrameCapsule" frameStrata="LOW" enableMouse="true" movable="true" parent="UIParent">
		<TitleRegion setAllPoints="true"/>
		<Size>
			<AbsDimension x="200" y="63"/>
		</Size>
		<Anchors>
			<Anchor point="TOPRIGHT" relativeTo="MinimapCluster" relativePoint="BOTTOMRIGHT">
				<Offset>
					<AbsDimension x="0" y="0"/>
				</Offset>
			</Anchor>
		</Anchors>
		<Scripts>
			<OnLoad>
				Gypsy_BuffFrameCapsuleOnLoad();
			</OnLoad>
			<OnEvent>
				Gypsy_BuffFrameCapsuleOnEvent(event);
			</OnEvent>
			<OnUpdate>
				Gypsy_BuffFrameCapsuleOnUpdate();
			</OnUpdate>>
		</Scripts>
		<Frames>
			<!-- This button pops up onMouseOver -->
			<Button name="Gypsy_BuffFrameCapsuleArt" hidden="true">
				<Size>
					<AbsDimension x="200" y="45"/>
				</Size>
				<Anchors>
					<Anchor point="TOPLEFT" relativeTo="Gypsy_BuffFrameCapsule" relativePoint="TOPLEFT">
						<Offset>
							<AbsDimension x="0" y="-17"/>
						</Offset>
					</Anchor>
				</Anchors>
				<Backdrop name="Gypsy_BuffFrameCapsuleBackdrop" bgFile="Interface\Tooltips\UI-Tooltip-Background" edgeFile="Interface\Tooltips\UI-Tooltip-Border" tile="true">
					<EdgeSize>
						<AbsValue val="16"/>
					</EdgeSize>
					<TileSize>
						<AbsValue val="16"/>
					</TileSize>
					<BackgroundInsets>
						<AbsInset left="5" right="5" top="5" bottom="5"/>
					</BackgroundInsets>
				</Backdrop>
				<Layers>
					<Layer level="ARTWORK">
						<!-- Movement & configuration tab, near the top right corner -->
						<Texture name="Gypsy_BuffFrameCapsuleTab" file="Interface\ChatFrame\ChatFrameTab">
							<Size>
								<AbsDimension x="64" y="32"/>
							</Size>
							<Anchors>
								<Anchor point="BOTTOMRIGHT" relativeTo="Gypsy_BuffFrameCapsuleArt" relativePoint="TOPRIGHT">
									<Offset>
										<AbsDimension x="-4" y="-2"/>
									</Offset>
								</Anchor>
							</Anchors>
						</Texture>
					</Layer>
					<Layer level="OVERLAY">
						<!-- Text to place over tab -->
						<FontString name="Gypsy_BuffFrameCapsuleTabLabel" inherits="GameFontNormalSmall" text="GYPSY_TEXT_BUFFBAR_CAPSULELABEL">
							<Size>
								<AbsDimension x="64" y="16"/>
							</Size>
							<Anchors>
								<Anchor point="CENTER" relativeTo="Gypsy_BuffFrameCapsuleTab" relativePoint="CENTER">
									<Offset>
										<AbsDimension x="0" y="-4"/>
									</Offset>
								</Anchor>
							</Anchors>
						</FontString>
					</Layer>
				</Layers>
			</Button>
			<!-- Frame to place buffs in, up to a max of 24, anchored to the bottom left of the Minimap	-->
			<Frame name="Gypsy_BuffFrame" parent="UIParent" frameStrata="LOW" toplevel="true" movable="true">
				<Size>
					<AbsDimension x="50" y="50"/>
				</Size>
				<Anchors>
					<Anchor point="TOPLEFT" relativeTo="Gypsy_BuffFrameCapsule" relativePoint="TOPLEFT">
						<Offset>
							<AbsDimension x="18" y="-25"/>
						</Offset>
					</Anchor>
				</Anchors>
				<!-- Actual buttons to display each buff, anchored off eachother -->
				<Frames>
					<Button name="Gypsy_BuffButton0" inherits="Gypsy_BuffButtonTemplate" id="0">
						<Anchors>
							<Anchor point="TOPLEFT">
								<Offset>
									<AbsDimension x="22" y="2"/>
								</Offset>
							</Anchor>
						</Anchors>
					</Button>
					<Button name="Gypsy_BuffButton1" inherits="Gypsy_BuffButtonTemplate" id="1">
						<Anchors>
							<Anchor point="TOPLEFT" relativeTo="Gypsy_BuffButton0" relativePoint="BOTTOMLEFT">
								<Offset>
									<AbsDimension x="0" y="-5"/>
								</Offset>
							</Anchor>
						</Anchors>
					</Button>
					<Button name="Gypsy_BuffButton2" inherits="Gypsy_BuffButtonTemplate" id="2">
						<Anchors>
							<Anchor point="TOPLEFT" relativeTo="Gypsy_BuffButton1" relativePoint="BOTTOMLEFT">
								<Offset>
									<AbsDimension x="0" y="-5"/>
								</Offset>
							</Anchor>
						</Anchors>
					</Button>
					<Button name="Gypsy_BuffButton3" inherits="Gypsy_BuffButtonTemplate" id="3">
						<Anchors>
							<Anchor point="TOPLEFT" relativeTo="Gypsy_BuffButton2" relativePoint="BOTTOMLEFT">
								<Offset>
									<AbsDimension x="0" y="-5"/>
								</Offset>
							</Anchor>
						</Anchors>
					</Button>
					<Button name="Gypsy_BuffButton4" inherits="Gypsy_BuffButtonTemplate" id="4">
						<Anchors>
							<Anchor point="TOPLEFT" relativeTo="Gypsy_BuffButton3" relativePoint="BOTTOMLEFT">
								<Offset>
									<AbsDimension x="0" y="-5"/>
								</Offset>
							</Anchor>
						</Anchors>
					</Button>
					<Button name="Gypsy_BuffButton5" inherits="Gypsy_BuffButtonTemplate" id="5">
						<Anchors>
							<Anchor point="TOPLEFT" relativeTo="Gypsy_BuffButton4" relativePoint="BOTTOMLEFT">
								<Offset>
									<AbsDimension x="0" y="-5"/>
								</Offset>
							</Anchor>
						</Anchors>
					</Button>
					<Button name="Gypsy_BuffButton6" inherits="Gypsy_BuffButtonTemplate" id="6">
						<Anchors>
							<Anchor point="TOPLEFT" relativeTo="Gypsy_BuffButton5" relativePoint="BOTTOMLEFT">
								<Offset>
									<AbsDimension x="0" y="-5"/>
								</Offset>
							</Anchor>
						</Anchors>
					</Button>
					<Button name="Gypsy_BuffButton7" inherits="Gypsy_BuffButtonTemplate" id="7">
						<Anchors>
							<Anchor point="TOPLEFT" relativeTo="Gypsy_BuffButton6" relativePoint="BOTTOMLEFT">
								<Offset>
									<AbsDimension x="0" y="-5"/>
								</Offset>
							</Anchor>
						</Anchors>
					</Button>
					<Button name="Gypsy_BuffButton8" inherits="Gypsy_BuffButtonTemplate" id="8">
						<Anchors>
							<Anchor point="TOPLEFT" relativeTo="Gypsy_BuffButton7" relativePoint="BOTTOMLEFT">
								<Offset>
									<AbsDimension x="0" y="-5"/>
								</Offset>
							</Anchor>
						</Anchors>
					</Button>
					<Button name="Gypsy_BuffButton9" inherits="Gypsy_BuffButtonTemplate" id="9">
						<Anchors>
							<Anchor point="TOPLEFT" relativeTo="Gypsy_BuffButton8" relativePoint="BOTTOMLEFT">
								<Offset>
									<AbsDimension x="0" y="-5"/>
								</Offset>
							</Anchor>
						</Anchors>
					</Button>
					<Button name="Gypsy_BuffButton10" inherits="Gypsy_BuffButtonTemplate" id="10">
						<Anchors>
							<Anchor point="TOPLEFT" relativeTo="Gypsy_BuffButton9" relativePoint="BOTTOMLEFT">
								<Offset>
									<AbsDimension x="0" y="-5"/>
								</Offset>
							</Anchor>
						</Anchors>
					</Button>
					<Button name="Gypsy_BuffButton11" inherits="Gypsy_BuffButtonTemplate" id="11">
						<Anchors>
							<Anchor point="TOPLEFT" relativeTo="Gypsy_BuffButton10" relativePoint="BOTTOMLEFT">
								<Offset>
									<AbsDimension x="0" y="-5"/>
								</Offset>
							</Anchor>
						</Anchors>
					</Button>
					<Button name="Gypsy_BuffButton12" inherits="Gypsy_BuffButtonTemplate" id="12">
						<Anchors>
							<Anchor point="TOPLEFT" relativeTo="Gypsy_BuffButton11" relativePoint="BOTTOMLEFT">
								<Offset>
									<AbsDimension x="0" y="-5"/>
								</Offset>
							</Anchor>
						</Anchors>
					</Button>
					<Button name="Gypsy_BuffButton13" inherits="Gypsy_BuffButtonTemplate" id="13">
						<Anchors>
							<Anchor point="TOPLEFT" relativeTo="Gypsy_BuffButton12" relativePoint="BOTTOMLEFT">
								<Offset>
									<AbsDimension x="0" y="-5"/>
								</Offset>
							</Anchor>
						</Anchors>
					</Button>
					<Button name="Gypsy_BuffButton14" inherits="Gypsy_BuffButtonTemplate" id="14">
						<Anchors>
							<Anchor point="TOPLEFT" relativeTo="Gypsy_BuffButton13" relativePoint="BOTTOMLEFT">
								<Offset>
									<AbsDimension x="0" y="-5"/>
								</Offset>
							</Anchor>
						</Anchors>
					</Button>
					<Button name="Gypsy_BuffButton15" inherits="Gypsy_BuffButtonTemplate" id="15">
						<Anchors>
							<Anchor point="TOPLEFT" relativeTo="Gypsy_BuffButton14" relativePoint="BOTTOMLEFT">
								<Offset>
									<AbsDimension x="0" y="-5"/>
								</Offset>
							</Anchor>
						</Anchors>
					</Button>
					<Button name="Gypsy_BuffButton16" inherits="Gypsy_BuffButtonTemplate" id="16">
						<Anchors>
							<Anchor point="TOPLEFT" relativeTo="Gypsy_BuffButton15" relativePoint="BOTTOMLEFT">
								<Offset>
									<AbsDimension x="0" y="-5"/>
								</Offset>
							</Anchor>
						</Anchors>
					</Button>
					<Button name="Gypsy_BuffButton17" inherits="Gypsy_BuffButtonTemplate" id="17">
						<Anchors>
							<Anchor point="TOPLEFT" relativeTo="Gypsy_BuffButton16" relativePoint="BOTTOMLEFT">
								<Offset>
									<AbsDimension x="0" y="-5"/>
								</Offset>
							</Anchor>
						</Anchors>
					</Button>
					<Button name="Gypsy_BuffButton18" inherits="Gypsy_BuffButtonTemplate" id="18">
						<Anchors>
							<Anchor point="TOPLEFT" relativeTo="Gypsy_BuffButton17" relativePoint="BOTTOMLEFT">
								<Offset>
									<AbsDimension x="0" y="-5"/>
								</Offset>
							</Anchor>
						</Anchors>
					</Button>
					<Button name="Gypsy_BuffButton19" inherits="Gypsy_BuffButtonTemplate" id="19">
						<Anchors>
							<Anchor point="TOPLEFT" relativeTo="Gypsy_BuffButton18" relativePoint="BOTTOMLEFT">
								<Offset>
									<AbsDimension x="0" y="-5"/>
								</Offset>
							</Anchor>
						</Anchors>
					</Button>
					<Button name="Gypsy_BuffButton20" inherits="Gypsy_BuffButtonTemplate" id="20">
						<Anchors>
							<Anchor point="TOPLEFT" relativeTo="Gypsy_BuffButton19" relativePoint="BOTTOMLEFT">
								<Offset>
									<AbsDimension x="0" y="-5"/>
								</Offset>
							</Anchor>
						</Anchors>
					</Button>
					<Button name="Gypsy_BuffButton21" inherits="Gypsy_BuffButtonTemplate" id="21">
						<Anchors>
							<Anchor point="TOPLEFT" relativeTo="Gypsy_BuffButton20" relativePoint="BOTTOMLEFT">
								<Offset>
									<AbsDimension x="0" y="-5"/>
								</Offset>
							</Anchor>
						</Anchors>
					</Button>
					<Button name="Gypsy_BuffButton22" inherits="Gypsy_BuffButtonTemplate" id="22">
						<Anchors>
							<Anchor point="TOPLEFT" relativeTo="Gypsy_BuffButton21" relativePoint="BOTTOMLEFT">
								<Offset>
									<AbsDimension x="0" y="-5"/>
								</Offset>
							</Anchor>
						</Anchors>
					</Button>
					<Button name="Gypsy_BuffButton23" inherits="Gypsy_BuffButtonTemplate" id="23">
						<Anchors>
							<Anchor point="TOPLEFT" relativeTo="Gypsy_BuffButton22" relativePoint="BOTTOMLEFT">
								<Offset>
									<AbsDimension x="0" y="-5"/>
								</Offset>
							</Anchor>
						</Anchors>
					</Button>
				</Frames>
				<!-- Scripts to run for the entire buff bar -->
				<Scripts>
					<OnUpdate>
						Gypsy_BuffFrameOnUpdate(arg1);
					</OnUpdate>
				</Scripts>
			</Frame>
		</Frames>
	</Button>
	<!-- Dedicated tooltip for buffs, gets used in the GameTooltipTemplate frame scripts -->
	<GameTooltip name="Gypsy_BuffTooltip" hidden="true" parent="Gypsy_BuffFrame" inherits="GameTooltipTemplate">
		<Scripts>
			<OnLoad>
				this:SetBackdropBorderColor(TOOLTIP_DEFAULT_COLOR.r, TOOLTIP_DEFAULT_COLOR.g, TOOLTIP_DEFAULT_COLOR.b);
				this:SetBackdropColor(TOOLTIP_DEFAULT_BACKGROUND_COLOR.r, TOOLTIP_DEFAULT_BACKGROUND_COLOR.g, TOOLTIP_DEFAULT_BACKGROUND_COLOR.b);
			</OnLoad>
		</Scripts>
	</GameTooltip>
</Ui>
