<Ui xmlns="http://www.blizzard.com/wow/ui/" xmlns:xsi="http://www.w3.org/2001/XMLSchema-instance" xsi:schemaLocation="http://www.blizzard.com/wow/ui/ C:\Projects\WoW\Bin\Interface\FrameXML\UI.xsd">
	<Script file="ParchmentConfirm.lua"/>
	<Frame name="ParchmentConfirmFrame" toplevel="true" frameStrata="DIALOG" movable="true" enableMouse="true" hidden="true" parent="ParchmentFrame">
		<Size>
			<AbsDimension x="400" y="100"/>
		</Size>
		<Anchors>
			<Anchor point="CENTER" relativeTo="ParchmentFrame">
				<Offset>
					<AbsDimension x="-8" y="0"/>
				</Offset>
			</Anchor>
		</Anchors>
		<Backdrop bgFile="Interface\DialogFrame\UI-DialogBox-Background" edgeFile="Interface\DialogFrame\UI-DialogBox-Border" tile="true">
			<BackgroundInsets>
				<AbsInset left="11" right="12" top="12" bottom="11"/>
			</BackgroundInsets>
			<TileSize>
				<AbsValue val="32"/>
			</TileSize>
			<EdgeSize>
				<AbsValue val="32"/>
			</EdgeSize>
		</Backdrop>
		<Layers>
			<Layer level="ARTWORK">
				<Texture name="$parentHeaderTexture" file="Interface\DialogFrame\UI-DialogBox-Header">
					<Size>
						<AbsDimension x="256" y="64"/>
					</Size>
					<Anchors>
						<Anchor point="TOP">
							<Offset>
								<AbsDimension x="0" y="12"/>
							</Offset>
						</Anchor>
					</Anchors>
				</Texture>
				<FontString name="$parentTitle" inherits="GameFontNormal" text="">
					<Anchors>
						<Anchor point="TOP" relativeTo="$parentHeaderTexture">
							<Offset>
								<AbsDimension x="0" y="-14"/>
							</Offset>
						</Anchor>
					</Anchors>
				</FontString>
				<FontString name="$parentInfo" justifyV="top" inherits="GameFontNormal" text="">
					<Size>
						<AbsDimension x="350" y="32"/>
					</Size>
					<Anchors>
						<Anchor point="TOP">
							<Offset>
								<AbsDimension x="0" y="-35"/>
							</Offset>
						</Anchor>
					</Anchors>
				</FontString>
			</Layer>
		</Layers>
		<Frames>
			<Button name="$parentSendButton" hidden="false" inherits="GameMenuButtonTemplate" text="Confirm">
				<Size>
					<AbsDimension x="60" y="21"/>
				</Size>
				<Anchors>
					<Anchor point="BOTTOM" relativePoint="BOTTOM">
						<Offset>
							<AbsDimension x="-32" y="15"/>
						</Offset>
					</Anchor>
				</Anchors>
				<Scripts>
					<OnClick>
						ParchmentConfirmedAction();
						ParchmentConfirmFrame:Hide();
					</OnClick>
				</Scripts>
			</Button>
			<Button name="$parentCancelButton" hidden="false" inherits="GameMenuButtonTemplate" text="Cancel">
				<Size>
					<AbsDimension x="60" y="21"/>
				</Size>
				<Anchors>
					<Anchor point="BOTTOM" relativePoint="BOTTOM">
						<Offset>
							<AbsDimension x="32" y="15"/>
						</Offset>
					</Anchor>
				</Anchors>
				<Scripts>
					<OnClick>
						ParchmentConfirmFrame:Hide();
					</OnClick>
				</Scripts>
			</Button>
		</Frames>
		<Scripts>
			<OnShow>
				PlaySound("UChatScrollButton");
			</OnShow>
			<OnHide>
				PlaySound("UChatScrollButton");
			</OnHide>
		</Scripts>
	</Frame>
</Ui>