<Bindings>
  <Binding name="CatAttack" header="FERALFIGHTER">
    FeralFighter_CatAttack(false);
  </Binding>
  <Binding name="AttackBehind" header="FERALFIGHTER">
    FeralFighter_CatAttack(true);
  </Binding>
  <Binding name="Shred + Ferocious" header="FERALFIGHTER">
    FeralFighter_morsu();
  </Binding>
  <Binding name="Shred + Rip" header="FERALFIGHTER">
    FeralFighter_dechi();
  </Binding>
  <Binding name="Autobuff" header="FERALFIGHTER">
    FeralFighter_Autobuff();
  </Binding>
  <Binding name="Multikey" header="FERALFIGHTER">
    FeralFighter_Multikey();
  </Binding>
  <Binding name="Caster Form" header="FERALFIGHTER">
    FeralFighter_SetForm();
  </Binding>
  <Binding name="Bear Form" header="FERALFIGHTER">
    FeralFighter_SetForm(BEARFORM);
  </Binding>
  <Binding name="Cat Form" header="FERALFIGHTER">
    FeralFighter_SetForm(CATFORM);
  </Binding>
  <Binding name="Travel Form" header="FERALFIGHTER">
    FeralFighter_SetForm(TRAVELFORM);
  </Binding>
  <Binding name="Aquatic Form" header="FERALFIGHTER">
    FeralFighter_SetForm(AQUATICFORM);
  </Binding>
</Bindings>
