<Ui xmlns="http://www.blizzard.com/wow/ui/" xmlns:xsi="http://www.w3.org/2001/XMLSchema-instance" xsi:schemaLocation="http://www.blizzard.com/wow/ui/
C:\Projects\WoW\Bin\Interface\FrameXML\UI.xsd">

<Script file="FF.lua"/>
<Script file="loc.lua"/>
<Frame name="FeralFighter" toplevel="true" parent="UIParent" frameStrata="DIALOG" hidden="true" enableMouse="true">
	<Size><AbsDimension x="480" y="420"/></Size>
	<Anchors><Anchor point="CENTER"/></Anchors>
	
	<Backdrop bgFile="Interface\DialogFrame\UI-DialogBox-Background" 
		edgeFile="Interface\DialogFrame\UI-DialogBox-Border" tile="true">
		<BackgroundInsets>
			<AbsInset left="11" right="12" top="12" bottom="11"/>
		</BackgroundInsets>
		<TileSize><AbsValue val="32"/></TileSize>
		<EdgeSize><AbsValue val="32"/></EdgeSize>
	</Backdrop>
	<Layers>
  	    <Layer level="ARTWORK">
			<Texture file="Interface\DialogFrame\UI-DialogBox-Header">
				<Size><AbsDimension x="256" y="64"/></Size>
				<Anchors>
					<Anchor point="TOP">
					<Offset><AbsDimension x="0" y="12"/></Offset>
					</Anchor>
				</Anchors>
			</Texture>
		</Layer>
		<Layer level="OVERLAY">
			<FontString inherits="GameFontNormal" text="FeralFighter Config">
				<Anchors>
					<Anchor point="TOP" relativeTo="$parent"></Anchor>
				</Anchors>
			</FontString>
		</Layer>
	</Layers>
	<Frames>
	
	<Frame name="FF_OptionsFrame" inherits="OptionFrameBoxTemplate">
		<Size>
			<AbsDimension x="440" y="350"/>
		</Size>
		<Anchors>
			<Anchor point="TOPLEFT">
				<Offset>
					<AbsDimension x="20" y="-25"/>
				</Offset>
			</Anchor>
		</Anchors>
		<Scripts>
			<OnLoad>
				this:SetBackdropBorderColor(0.4, 0.4, 0.4);
				this:SetBackdropColor(0.15, 0.15, 0.15);
			</OnLoad>
		</Scripts>
		<Frames>
		
			<Frame name="FFOptions_BasicFrameTitle">
				<Size>
					<AbsDimension x="140" y="20"/>
				</Size>
				<Anchors>
					<Anchor point="TOP">
						<Offset>
							<AbsDimension x="0" y="-10"/>
						</Offset>
					</Anchor>
				</Anchors>			
				<Backdrop bgFile="Interface\Tooltips\UI-Tooltip-Background" edgeFile="Interface\Tooltips\UI-Tooltip-Border" tile="true">
					<EdgeSize>
						<AbsValue val="8"/>
					</EdgeSize>
					<TileSize>
						<AbsValue val="8"/>
					</TileSize>
					<BackgroundInsets>
						<AbsInset left="2" right="2" top="2" bottom="2"/>
					</BackgroundInsets>
				</Backdrop>
				<Layers>
					<Layer>
        		        <FontString inherits="GameFontHighlight" text="Basic Options">
                		    <Anchors>
                        		<Anchor point="CENTER">
                            		<Offset>
                                		<AbsDimension x="0" y="0"/>
                            		</Offset>
                        		</Anchor>
                    		</Anchors>
                		</FontString>
					</Layer>
				</Layers>
				<Scripts>
					<OnLoad>
						this:SetBackdropBorderColor(0.4, 0.4, 0.4);
						this:SetBackdropColor(0.15, 0.15, 0.15);
					</OnLoad>
				</Scripts>
			</Frame>

			<Frame><Layers><Layer>
			<FontString name="$parent_Opener_Label" inherits="GameFontNormal" text="Prowl opener">
				<Anchors>
					<Anchor point="TOPLEFT" relativeTo="$parent">
						<Offset><AbsDimension x="15" y="-40"/></Offset>
					</Anchor>
				</Anchors>
			</FontString>
			</Layer></Layers></Frame>

			<CheckButton name="FF_Opener_Auto_CheckBox" inherits="OptionsCheckButtonTemplate">
				<Anchors>
					<Anchor point="TOPLEFT" relativeTo="$parent">
						<Offset><AbsDimension x="120" y="-35"/></Offset>
					</Anchor>
				</Anchors>
				<Scripts>
					<OnLoad> getglobal(this:GetName().."Text"):SetText("Auto"); </OnLoad>
					<OnClick>
						FeralFighter_Data["opener"] = "auto"
						this:SetChecked(true)
						FF_Opener_Ravage_CheckBox:SetChecked(false)
						FF_Opener_Pounce_CheckBox:SetChecked(false)
                                        </OnClick>
					<OnShow>  this:SetChecked( FeralFighter_Data["opener"] == "auto") </OnShow>
				</Scripts>
			</CheckButton>

			<CheckButton name="FF_Opener_Ravage_CheckBox" inherits="OptionsCheckButtonTemplate">
				<Anchors>
					<Anchor point="TOPLEFT" relativeTo="$parent">
						<Offset><AbsDimension x="240" y="-35"/></Offset>
					</Anchor>
				</Anchors>
				<Scripts>
					<OnLoad> getglobal(this:GetName().."Text"):SetText("Ravage"); </OnLoad>
					<OnClick>
						FeralFighter_Data["opener"] = "ravage"
						this:SetChecked(true)
						FF_Opener_Auto_CheckBox:SetChecked(false)
						FF_Opener_Pounce_CheckBox:SetChecked(false)
                                        </OnClick>
					<OnShow>  this:SetChecked( FeralFighter_Data["opener"] == "ravage") </OnShow>
				</Scripts>
			</CheckButton>

			<CheckButton name="FF_Opener_Pounce_CheckBox" inherits="OptionsCheckButtonTemplate">
				<Anchors>
					<Anchor point="TOPLEFT" relativeTo="$parent">
						<Offset><AbsDimension x="360" y="-35"/></Offset>
					</Anchor>
				</Anchors>
				<Scripts>
					<OnLoad> getglobal(this:GetName().."Text"):SetText("Pounce"); </OnLoad>
					<OnClick>
						FeralFighter_Data["opener"] = "pounce"
						this:SetChecked(true)
						FF_Opener_Auto_CheckBox:SetChecked(false)
						FF_Opener_Ravage_CheckBox:SetChecked(false)
                                        </OnClick>
					<OnShow>  this:SetChecked( FeralFighter_Data["opener"] == "pounce") </OnShow>
				</Scripts>
			</CheckButton>

			<CheckButton name="$parent_TigersFuryOpener_CheckBox" inherits="OptionsCheckButtonTemplate">
				<Anchors>
					<Anchor point="TOPLEFT" relativeTo="$parent">
						<Offset><AbsDimension x="10" y="-55"/></Offset>
					</Anchor>
				</Anchors>
				<Scripts>
					<OnLoad> getglobal(this:GetName().."Text"):SetText("Tigers Fury (before opener)"); </OnLoad>
					<OnClick> FeralFighter_Data["tf_opener"] = (this:GetChecked() == 1) </OnClick>
					<OnShow>  this:SetChecked( FeralFighter_Data["tf_opener"] ) </OnShow>
				</Scripts>
			</CheckButton>
			<CheckButton name="$parent_AlwaysCower_CheckBox" inherits="OptionsCheckButtonTemplate">
				<Anchors>
					<Anchor point="TOPLEFT" relativeTo="$parent">
						<Offset><AbsDimension x="10" y="-80"/></Offset>
					</Anchor>
				</Anchors>
				<Scripts>
					<OnLoad> getglobal(this:GetName().."Text"):SetText("Always cower"); </OnLoad>
					<OnClick> FeralFighter_Data["always_cower"] = (this:GetChecked() == 1) </OnClick>
					<OnShow>  this:SetChecked( FeralFighter_Data["always_cower"] ) </OnShow>
				</Scripts>
			</CheckButton>
			<CheckButton name="$parent_AgroCower_CheckBox" inherits="OptionsCheckButtonTemplate">
				<Anchors>
					<Anchor point="TOPLEFT" relativeTo="$parent">
						<Offset><AbsDimension x="10" y="-105"/></Offset>
					</Anchor>
				</Anchors>
				<Scripts>
					<OnLoad> getglobal(this:GetName().."Text"):SetText("Cower on agro"); </OnLoad>
					<OnClick> FeralFighter_Data["agro_cower"] = (this:GetChecked() == 1) </OnClick>
					<OnShow>  this:SetChecked( FeralFighter_Data["agro_cower"] ) </OnShow>
				</Scripts>
			</CheckButton>

			<Frame><Layers><Layer>
			<FontString name="$parent_BuffTime_Label" inherits="GameFontNormal" text="Minimum buff time (seconds)">
				<Anchors>
					<Anchor point="TOPLEFT" relativeTo="$parent">
						<Offset><AbsDimension x="15" y="-140"/></Offset>
					</Anchor>
				</Anchors>
			</FontString>
			</Layer></Layers></Frame>
			<EditBox name="$parent_BuffTime_EditBox" inherits="InputBoxTemplate" autofocus="false">
				<Size><AbsDimension x="60" y="20"/></Size>
				<Anchors>
					<Anchor point="TOPLEFT" relativePoint="TOPRIGHT" relativeTo="$parent_BuffTime_Label">
						<Offset><AbsDimension x="10" y="5" /></Offset>
					</Anchor>
				</Anchors>
				<Scripts>
					<OnTextChanged> FeralFighter_Data["bufftime"] = tonumber(this:GetText())
							if (not FeralFighter_Data["bufftime"]) then
								FeralFighter_Data["bufftime"] = 0
							end
					</OnTextChanged>
					<OnShow>  this:SetText( FeralFighter_Data["bufftime"] ) </OnShow>
					<OnEditFocusGained> FF_TipText:SetText("Minimum time remaining on a buff before recasting") </OnEditFocusGained>
					<OnEditFocusLost> FF_TipText:SetText("") </OnEditFocusLost>
				</Scripts>
			</EditBox>

			<CheckButton name="$parent_Omen_CheckBox" inherits="OptionsCheckButtonTemplate">
				<Anchors>
					<Anchor point="TOPLEFT" relativeTo="$parent">
						<Offset><AbsDimension x="10" y="-155"/></Offset>
					</Anchor>
				</Anchors>
				<Scripts>
					<OnLoad> getglobal(this:GetName().."Text"):SetText("Buff Omen of Clarity"); </OnLoad>
					<OnClick> FeralFighter_Data["omen"] = (this:GetChecked() == 1) </OnClick>
					<OnShow>  this:SetChecked( FeralFighter_Data["omen"] ) </OnShow>
				</Scripts>
			</CheckButton>

			<CheckButton name="$parent_MotW_CheckBox" inherits="OptionsCheckButtonTemplate">
				<Anchors>
					<Anchor point="TOPLEFT" relativeTo="$parent">
						<Offset><AbsDimension x="10" y="-180"/></Offset>
					</Anchor>
				</Anchors>
				<Scripts>
					<OnLoad> getglobal(this:GetName().."Text"):SetText("Buff Mark of the Wild"); </OnLoad>
					<OnClick> FeralFighter_Data["motw"] = (this:GetChecked() == 1) </OnClick>
					<OnShow>  this:SetChecked( FeralFighter_Data["motw"] ) </OnShow>
				</Scripts>
			</CheckButton>

			<CheckButton name="$parent_Thorns_CheckBox" inherits="OptionsCheckButtonTemplate">
				<Anchors>
					<Anchor point="TOPLEFT" relativeTo="$parent">
						<Offset><AbsDimension x="10" y="-205"/></Offset>
					</Anchor>
				</Anchors>
				<Scripts>
					<OnLoad> getglobal(this:GetName().."Text"):SetText("Buff Thorns"); </OnLoad>
					<OnClick> FeralFighter_Data["thorns"] = (this:GetChecked() == 1) </OnClick>
					<OnShow>  this:SetChecked( FeralFighter_Data["thorns"] ) </OnShow>
				</Scripts>
			</CheckButton>

			<CheckButton name="$parent_Thorns_Me_CheckBox" inherits="OptionsCheckButtonTemplate">
				<Anchors>
					<Anchor point="TOPLEFT" relativeTo="$parent">
						<Offset><AbsDimension x="40" y="-230"/></Offset>
					</Anchor>
				</Anchors>
				<Scripts>
					<OnLoad> getglobal(this:GetName().."Text"):SetText("Me"); </OnLoad>
					<OnClick> FeralFighter_Data["thorns_me"] = (this:GetChecked() == 1) </OnClick>
					<OnShow>  this:SetChecked( FeralFighter_Data["thorns_me"] ) </OnShow>
				</Scripts>
			</CheckButton>

			<CheckButton name="$parent_Thorns_Warrior_CheckBox" inherits="OptionsCheckButtonTemplate">
				<Anchors>
					<Anchor point="TOPLEFT" relativeTo="$parent">
						<Offset><AbsDimension x="160" y="-230"/></Offset>
					</Anchor>
				</Anchors>
				<Scripts>
					<OnLoad> getglobal(this:GetName().."Text"):SetText("Warrior"); </OnLoad>
					<OnClick> FeralFighter_Data["thorns_warrior"] = (this:GetChecked() == 1) </OnClick>
					<OnShow>  this:SetChecked( FeralFighter_Data["thorns_warrior"] ) </OnShow>
				</Scripts>
			</CheckButton>

			<CheckButton name="$parent_Thorns_Paladin_CheckBox" inherits="OptionsCheckButtonTemplate">
				<Anchors>
					<Anchor point="TOPLEFT" relativeTo="$parent">
						<Offset><AbsDimension x="280" y="-230"/></Offset>
					</Anchor>
				</Anchors>
				<Scripts>
					<OnLoad> getglobal(this:GetName().."Text"):SetText("Paladin"); </OnLoad>
					<OnClick> FeralFighter_Data["thorns_paladin"] = (this:GetChecked() == 1) </OnClick>
					<OnShow>  this:SetChecked( FeralFighter_Data["thorns_paladin"] ) </OnShow>
				</Scripts>
			</CheckButton>

			<CheckButton name="$parent_Verbose_CheckBox" inherits="OptionsCheckButtonTemplate">
				<Anchors>
					<Anchor point="TOPLEFT" relativeTo="$parent">
						<Offset><AbsDimension x="10" y="-260"/></Offset>
					</Anchor>
				</Anchors>
				<Scripts>
					<OnLoad> getglobal(this:GetName().."Text"):SetText("Verbose"); </OnLoad>
					<OnClick> FeralFighter_Data["verbose"] = (this:GetChecked() == 1) </OnClick>
					<OnShow>  this:SetChecked( FeralFighter_Data["verbose"] ) </OnShow>
				</Scripts>
			</CheckButton>

			<Frame>
				<Size>
					<AbsDimension x="400" y="25"/>
				</Size>
				<Anchors>
					<Anchor point="BOTTOM">
						<Offset><AbsDimension x="0" y="10"/></Offset>
					</Anchor>
				</Anchors>			
				<Backdrop bgFile="Interface\Tooltips\UI-Tooltip-Background" edgeFile="Interface\Tooltips\UI-Tooltip-Border" tile="true">
					<EdgeSize>
						<AbsValue val="8"/>
					</EdgeSize>
					<TileSize>
						<AbsValue val="8"/>
					</TileSize>
					<BackgroundInsets>
						<AbsInset left="2" right="2" top="2" bottom="2"/>
					</BackgroundInsets>
				</Backdrop>

				<Layers><Layer>
        		        <FontString name="FF_TipText" inherits="GameFontHighlight" text="">
	                		<Anchors>
        	                		<Anchor point="CENTER">
	        	                    		<Offset><AbsDimension x="0" y="0"/></Offset>
                        			</Anchor>
       	            			</Anchors>
                		</FontString>
				</Layer></Layers>

				<Scripts>
					<OnLoad>
						this:SetBackdropBorderColor(0.4, 0.4, 0.4);
						this:SetBackdropColor(0.15, 0.15, 0.15);
					</OnLoad>
				</Scripts>
			</Frame>
		</Frames>
	</Frame>

	<Button name="$parentButtonClose" inherits="OptionsButtonTemplate" text="Close">
		<Anchors>
			<Anchor point="BOTTOMRIGHT">
				<Offset><AbsDimension x="-12" y="16"/></Offset>
			</Anchor>
		</Anchors>
		<Scripts>
			<OnClick> FeralFighter:Hide(); </OnClick>
		</Scripts>
	</Button>
	<Button name="$parentButtonToDefault" inherits="OptionsButtonTemplate" text="Defaults">
		<Anchors>
			<Anchor point="BOTTOMLEFT">
				<Offset><AbsDimension x="13" y="16"/></Offset>
			</Anchor>
		</Anchors>
		<Scripts>
			<OnClick> 
				FeralFighter_DefaultSettings(); 
				FeralFighter:Hide();
				FeralFighter:Show();
			</OnClick>
		</Scripts>
	</Button>
	</Frames>
    <!-- event handling --> 
	<Scripts>
		<OnLoad> FeralFighter_OnLoad() </OnLoad>
		<OnEvent> FeralFighter_OnEvent(event) </OnEvent>
	</Scripts>    
</Frame>

</Ui>
