 <Ui xsi:schemaLocation="http://www.blizzard.com/wow/ui/">
	
	<FontString name="agUFShadowFont" font="Fonts\FRIZQT__.TTF" inherits="GameFontNormalSmall" virtual="true">
		<FontHeight>
			<AbsValue val="8"/>
		</FontHeight>
		<Color r="1.0" g="1.0" b="1.0"/>
		<!-- EE ADD -->
		<!-- Make the text shadow offset smaller -->
      	<Shadow>
         		<Color r="0" g="0" b="0" />
         		<Offset>
            		<AbsDimension x="0.8" y="-0.8" />
         		</Offset>
      	</Shadow>		
	</FontString>

	<FontString name="agUFCombatFont" font="Fonts\FRIZQT__.TTF" outline="NORMAL" virtual="true">
		<FontHeight>
			<AbsValue val="16"/>
		</FontHeight>
		<Color r="1.0" g="1.0" b="1.0"/>
	</FontString>
	
	<FontString name="agUFAuraFont" font="Fonts\FRIZQT__.TTF" outline="NORMAL" virtual="true">
		<FontHeight>
			<AbsValue val="7"/>
		</FontHeight>
		<Color r="1.0" g="1.0" b="1.0"/>
	</FontString>
	
	<Button name="AGAuraTemplate" virtual="true" hidden="false">
		<Size>
			<AbsDimension x="15" y="15"/>
		</Size>
		<Layers>
			<Layer level="ARTWORK">
				<Texture name="$parentIcon" setAllPoints="true"/>
			</Layer>
			<Layer level="OVERLAY">
				<Texture name="$parentOverlay" file="Interface\AddOns\ag_UnitFrames\Images\UI-Debuff-Overlays">
					<Size>
						<AbsDimension x="16" y="16"/>
					</Size>
					<Anchors>
						<Anchor point="CENTER">
							<Offset>
								<AbsDimension x="0" y="0"/>
							</Offset>
						</Anchor>
					</Anchors>
				</Texture>
				<FontString name="$parentCount" inherits="agUFAuraFont" justifyH="RIGHT">
					<Size>
						<AbsDimension x="18" y="10"/>
					</Size>
					<Anchors>
						<Anchor point="BOTTOMRIGHT">
							<Offset>
								<AbsDimension x="1" y="0"/>
							</Offset>
						</Anchor>
					</Anchors>
				</FontString>
			</Layer>
		</Layers>
	</Button>
	
	<Button name="AGUnitTemplate" frameStrata="MEDIUM" movable="true" parent="UIParent" hidden="true" virtual="true">
		<Frames>
			<Frame setAllPoints="true">
				<Layers>
					<Layer level="BACKGROUND">
						<Texture name="$parent_HealthBar_BG"/>
						<Texture name="$parent_ManaBar_BG"/>				
						<Texture name="$parent_XPBar_BG" hidden="true"/>
					</Layer>
					<Layer level="ARTWORK">
						<FontString name="$parent_HealthText" inherits="agUFShadowFont" justifyH="RIGHT" nonspacewrap="false"/>
						<FontString name="$parent_ManaText" inherits="agUFShadowFont" justifyH="RIGHT" nonspacewrap="false"/>		
						<!-- <FontString name="$parent_BarHealthText" inherits="agUFShadowFont" justifyH="CENTER" nonspacewrap="false"/> -->
						<!-- <FontString name="$parent_BarManaText" inherits="agUFShadowFont" justifyH="CENTER" nonspacewrap="false"/> -->
						<FontString name="$parent_StatusText" inherits="GameFontNormalSmall"/>
					</Layer>
					<Layer level="OVERLAY">						
						<FontString name="$parent_ClassText" inherits="agUFShadowFont" justifyH="RIGHT">
							<Size>
								<AbsDimension x="60" y="1"/>
							</Size>
						</FontString>
						<FontString name="$parent_NameLabel" inherits="agUFShadowFont" justifyH="LEFT">
							<Size>
								<AbsDimension x="60" y="1"/>
							</Size>	
						</FontString>	
						<FontString name="$parent_HitIndicator" inherits="agUFCombatFont" hidden="true"/>
						
						<Texture name="$parent_PVPIcon" hidden="true">
							<Size>
								<AbsDimension x="27" y="27"/>
							</Size>						
						</Texture>
						<Texture name="$parent_LeaderIcon" file="Interface\GroupFrame\UI-Group-LeaderIcon" hidden="true">
							<Size>
								<AbsDimension x="12" y="12"/>
							</Size>
						</Texture>
						<Texture name="$parent_MasterIcon" file="Interface\GroupFrame\UI-Group-MasterLooter" hidden="true">
							<Size>
								<AbsDimension x="10" y="10"/>
							</Size>						
						</Texture>
						<Texture name="$parent_InCombatIcon" file="Interface\CharacterFrame\UI-StateIcon" hidden="true">
							<Size>
								<AbsDimension x="18" y="18"/>
							</Size>
                                                        <TexCoords left="0.5" right="1.0" top="0" bottom="0.5"/>
						</Texture>
						<Texture name="$parent_RestingIcon" file="Interface\CharacterFrame\UI-StateIcon" hidden="true">
							<Size>
								<AbsDimension x="18" y="18"/>
							</Size>
                                                        <TexCoords left="0" right="0.5" top="0" bottom="0.421875"/>
						</Texture>
						<Texture name="$parent_RaidTargetIcon" file="Interface\TargetingFrame\UI-RaidTargetingIcons" hidden="true">
							<Size>
								<AbsDimension x="18" y="18"/>
							</Size>
						</Texture>
						
						<Texture name="$parent_HealthEndcapLeft" file="Interface\AddOns\ag_UnitFrames\Images\Endcap" hidden="true" drawLayer="OVERLAY"/>
						<Texture name="$parent_HealthEndcapRight" file="Interface\AddOns\ag_UnitFrames\Images\Endcap" hidden="true" drawLayer="OVERLAY"/>
						<Texture name="$parent_ManaEndcapLeft" file="Interface\AddOns\ag_UnitFrames\Images\Endcap" hidden="true" drawLayer="OVERLAY"/>
						<Texture name="$parent_ManaEndcapRight" file="Interface\AddOns\ag_UnitFrames\Images\Endcap" hidden="true" drawLayer="OVERLAY"/>
						<Texture name="$parent_XPEndcapLeft" file="Interface\AddOns\ag_UnitFrames\Images\Endcap" hidden="true" drawLayer="OVERLAY"/>
						<Texture name="$parent_XPEndcapRight" file="Interface\AddOns\ag_UnitFrames\Images\Endcap" hidden="true" drawLayer="OVERLAY"/>
					</Layer>
				</Layers>
			</Frame>			
			<StatusBar name="$parent_HealthBar" drawLayer="ARTWORK" />	
			<StatusBar name="$parent_ManaBar" drawLayer="ARTWORK" />
			<StatusBar name="$parent_XPBar" drawLayer="OVERLAY" />
			<Frame setAllPoints="true" frameStrata="MEDIUM">
				<Layers>
					<Layer level="OVERLAY">
						<Texture name="$parentHighlight" file="Interface\QuestFrame\UI-QuestTitleHighlight" alphaMode="ADD" hidden="true">
							<Anchors>
								<Anchor point="CENTER"/>
							</Anchors>						
						</Texture>
						<Texture name="$parentDebuff" file="Interface\AddOns\ag_UnitFrames\Images\debuff2.tga" alphaMode="ADD" hidden="true">
							<Anchors>
								<Anchor point="CENTER"/>
							</Anchors>							
						</Texture>
					</Layer>
				</Layers>
			</Frame>
			<Button name="$parent_Aura1" inherits="AGAuraTemplate">
				<Anchors>
					<Anchor point="TOPLEFT" relativeTo="$parent" relativePoint="BOTTOMLEFT">
						<Offset>
							<AbsDimension x="5" y="0"/>
						</Offset>
					</Anchor>
				</Anchors>
			</Button>
			<Button name="$parent_Aura2" inherits="AGAuraTemplate">
				<Anchors>
					<Anchor point="LEFT" relativeTo="$parent_Aura1" relativePoint="RIGHT">
						<Offset>
							<AbsDimension x="1" y="0"/>
						</Offset>
					</Anchor>
				</Anchors>
			</Button>
			<Button name="$parent_Aura3" inherits="AGAuraTemplate">
				<Anchors>
					<Anchor point="LEFT" relativeTo="$parent_Aura2" relativePoint="RIGHT">
						<Offset>
							<AbsDimension x="1" y="0"/>
						</Offset>
					</Anchor>
				</Anchors>
			</Button>
			<Button name="$parent_Aura4" inherits="AGAuraTemplate">
				<Anchors>
					<Anchor point="LEFT" relativeTo="$parent_Aura3" relativePoint="RIGHT">
						<Offset>
							<AbsDimension x="1" y="0"/>
						</Offset>
					</Anchor>
				</Anchors>
			</Button>
			<Button name="$parent_Aura5" inherits="AGAuraTemplate">
				<Anchors>
					<Anchor point="LEFT" relativeTo="$parent_Aura4" relativePoint="RIGHT">
						<Offset>
							<AbsDimension x="1" y="0"/>
						</Offset>
					</Anchor>
				</Anchors>
			</Button>
			<Button name="$parent_Aura6" inherits="AGAuraTemplate">
				<Anchors>
					<Anchor point="LEFT" relativeTo="$parent_Aura5" relativePoint="RIGHT">
						<Offset>
							<AbsDimension x="1" y="0"/>
						</Offset>
					</Anchor>
				</Anchors>
			</Button>
			<Button name="$parent_Aura7" inherits="AGAuraTemplate">
				<Anchors>
					<Anchor point="LEFT" relativeTo="$parent_Aura6" relativePoint="RIGHT">
						<Offset>
							<AbsDimension x="1" y="0"/>
						</Offset>
					</Anchor>
				</Anchors>
			</Button>
			<Button name="$parent_Aura8" inherits="AGAuraTemplate">
				<Anchors>
					<Anchor point="LEFT" relativeTo="$parent_Aura7" relativePoint="RIGHT">
						<Offset>
							<AbsDimension x="1" y="0"/>
						</Offset>
					</Anchor>
				</Anchors>
			</Button>
			<Button name="$parent_Aura9" inherits="AGAuraTemplate">
				<Anchors>
					<Anchor point="LEFT" relativeTo="$parent_Aura8" relativePoint="RIGHT">
						<Offset>
							<AbsDimension x="1" y="0"/>
						</Offset>
					</Anchor>
				</Anchors>
			</Button>
			<Button name="$parent_Aura10" inherits="AGAuraTemplate">
				<Anchors>
					<Anchor point="LEFT" relativeTo="$parent_Aura9" relativePoint="RIGHT">
						<Offset>
							<AbsDimension x="1" y="0"/>
						</Offset>
					</Anchor>
				</Anchors>
			</Button>
			<Button name="$parent_Aura11" inherits="AGAuraTemplate">
				<Anchors>
					<Anchor point="TOPLEFT" relativeTo="$parent_Aura1" relativePoint="BOTTOMLEFT">
						<Offset>
							<AbsDimension x="0" y="-2"/>
						</Offset>
					</Anchor>
				</Anchors>
			</Button>
			<Button name="$parent_Aura12" inherits="AGAuraTemplate">
				<Anchors>
					<Anchor point="LEFT" relativeTo="$parent_Aura11" relativePoint="RIGHT">
						<Offset>
							<AbsDimension x="1" y="0"/>
						</Offset>
					</Anchor>
				</Anchors>
			</Button>
			<Button name="$parent_Aura13" inherits="AGAuraTemplate">
				<Anchors>
					<Anchor point="LEFT" relativeTo="$parent_Aura12" relativePoint="RIGHT">
						<Offset>
							<AbsDimension x="1" y="0"/>
						</Offset>
					</Anchor>
				</Anchors>
			</Button>
			<Button name="$parent_Aura14" inherits="AGAuraTemplate">
				<Anchors>
					<Anchor point="LEFT" relativeTo="$parent_Aura13" relativePoint="RIGHT">
						<Offset>
							<AbsDimension x="1" y="0"/>
						</Offset>
					</Anchor>
				</Anchors>
			</Button>
			<Button name="$parent_Aura15" inherits="AGAuraTemplate">
				<Anchors>
					<Anchor point="LEFT" relativeTo="$parent_Aura14" relativePoint="RIGHT">
						<Offset>
							<AbsDimension x="1" y="0"/>
						</Offset>
					</Anchor>
				</Anchors>
			</Button>
			<Button name="$parent_Aura16" inherits="AGAuraTemplate">
				<Anchors>
					<Anchor point="LEFT" relativeTo="$parent_Aura15" relativePoint="RIGHT">
						<Offset>
							<AbsDimension x="1" y="0"/>
						</Offset>
					</Anchor>
				</Anchors>
			</Button>
			<Button name="$parent_Aura17" inherits="AGAuraTemplate">
				<Anchors>
					<Anchor point="LEFT" relativeTo="$parent_Aura16" relativePoint="RIGHT">
						<Offset>
							<AbsDimension x="1" y="0"/>
						</Offset>
					</Anchor>
				</Anchors>
			</Button>
			<Button name="$parent_Aura18" inherits="AGAuraTemplate">
				<Anchors>
					<Anchor point="LEFT" relativeTo="$parent_Aura17" relativePoint="RIGHT">
						<Offset>
							<AbsDimension x="1" y="0"/>
						</Offset>
					</Anchor>
				</Anchors>
			</Button>
			<Button name="$parent_Aura19" inherits="AGAuraTemplate">
				<Anchors>
					<Anchor point="LEFT" relativeTo="$parent_Aura18" relativePoint="RIGHT">
						<Offset>
							<AbsDimension x="1" y="0"/>
						</Offset>
					</Anchor>
				</Anchors>
			</Button>
			<Button name="$parent_Aura20" inherits="AGAuraTemplate">
				<Anchors>
					<Anchor point="LEFT" relativeTo="$parent_Aura19" relativePoint="RIGHT">
						<Offset>
							<AbsDimension x="1" y="0"/>
						</Offset>
					</Anchor>
				</Anchors>
			</Button>			
		</Frames>
	</Button>
	
	<!-- <Button name="AGGroupFrameTemplate" frameStrata="LOW" movable="true" parent="UIParent" virtual="true">
		<Size>
			<AbsDimension x="170" y="1"/>
		</Size>
		<Backdrop bgFile="Interface\AddOns\MiniGroup2\Images\UI-Tooltip-Background-Solid" edgeFile="Interface\Tooltips\UI-Tooltip-Border" tile="true">
			<EdgeSize>
				<AbsValue val="16"/>
			</EdgeSize>
			<TileSize>
				<AbsValue val="16"/>
			</TileSize>
			<BackgroundInsets>
				<AbsInset left="5" right="5" top="5" bottom="5"/>
			</BackgroundInsets>
		</Backdrop>
	</Button> -->

	<Button name="AGraidAnchorTemplate" frameStrata="MEDIUM" movable="true" parent="UIParent" virtual="true">
		<Size>
			<AbsDimension x="120" y="22"/>
		</Size>
		<Layers>
			<Layer level="OVERLAY">
				<FontString name="$parentTitle" inherits="agUFAuraFont" justifyH="CENTER">
					<Size>
						<AbsDimension x="120" y="22"/>
					</Size>
					<Anchors>
						<Anchor point="CENTER" />
					</Anchors>
				</FontString>
			</Layer>
		</Layers>
	</Button>
</Ui>
