<Ui xmlns="http://www.blizzard.com/wow/ui/" xmlns:xsi="http://www.w3.org/2001/XMLSchema-instance" xsi:schemaLocation="http://www.blizzard.com/wow/ui/..\FrameXML\UI.xsd">
	<Button name="ReorderTemplate" virtual="true">
    <Size>
      <AbsDimension x="29" y="29"/>
    </Size>
    <Layers>
      <Layer level="BACKGROUND">
        <Texture name="$parentIcon" file="Interface\Icons\INV_Misc_QuestionMark"/>
      </Layer>
    </Layers>
    <HighlightTexture file="Interface\Buttons\CheckButtonHilight" alphaMode="ADD"/>
    <Scripts>
      <OnClick>
        Reorder.OnClick(-1)
      </OnClick>
    </Scripts>
  </Button>
  			<Slider name="SpellButtonSliderTemplate" inherits="OptionsSliderTemplate" minValue="1" maxValue="17" valueStep="1" virtual="true">
				<Size>
					<AbsDimension x="120" y="16"/>
				</Size>
				<Scripts>
					<OnEnter>
						GameTooltip:SetOwner(this, "ANCHOR_RIGHT");
						if (this:GetValue() == 1) then
							GameTooltip:SetText(SERENITY_SPELL_TABLE[38].Name);
						elseif (this:GetValue() == 2) then
							GameTooltip:SetText(SERENITY_SPELL_TABLE[8].Name);
						elseif (this:GetValue() == 3) then
							GameTooltip:SetText(SERENITY_SPELL_TABLE[51].Name);
						elseif (this:GetValue() == 4) then
							GameTooltip:SetText(SERENITY_SPELL_TABLE[20].Name);
						elseif (this:GetValue() == 5) then
							GameTooltip:SetText(SERENITY_SPELL_TABLE[23].Name);
						elseif (this:GetValue() == 6) then
							GameTooltip:SetText(SERENITY_SPELL_TABLE[SerenityRacialID].Name);
						elseif (this:GetValue() == 7) then
							GameTooltip:SetText(SERENITY_SPELL_TABLE[19].Name);
						elseif (this:GetValue() == 8) then						
							GameTooltip:SetText(SERENITY_SPELL_TABLE[37].Name);
						elseif (this:GetValue() == 9) then
							GameTooltip:SetText(SERENITY_SPELL_TABLE[53].Name);
						elseif (this:GetValue() == 10) then
							GameTooltip:SetText(SERENITY_SPELL_TABLE[10].Name);
						elseif (this:GetValue() == 11) then
							GameTooltip:SetText(SERENITY_SPELL_TABLE[24].Name);
						elseif (this:GetValue() == 12) then
							GameTooltip:SetText(SERENITY_SPELL_TABLE[48].Name);
						elseif (this:GetValue() == 13) then
							GameTooltip:SetText(SERENITY_SPELL_TABLE[45].Name);
						elseif (this:GetValue() == 14) then
							GameTooltip:SetText(SERENITY_SPELL_TABLE[33].Name);
						elseif (this:GetValue() == 15) then
							GameTooltip:SetText(SERENITY_SPELL_TABLE[35].Name);
						elseif (this:GetValue() == 16) then
							GameTooltip:SetText(SERENITY_SPELL_TABLE[36].Name);
						elseif (this:GetValue() == 17) then
							GameTooltip:SetText(SERENITY_SPELL_TABLE[49].Name);	
						end
					</OnEnter>
					<OnValueChanged>
						if (this:GetValue() == 1) then
							GameTooltip:SetText(SERENITY_SPELL_TABLE[38].Name);
						elseif (this:GetValue() == 2) then
							GameTooltip:SetText(SERENITY_SPELL_TABLE[8].Name);
						elseif (this:GetValue() == 3) then
							GameTooltip:SetText(SERENITY_SPELL_TABLE[51].Name);
						elseif (this:GetValue() == 4) then
							GameTooltip:SetText(SERENITY_SPELL_TABLE[20].Name);
						elseif (this:GetValue() == 5) then
							GameTooltip:SetText(SERENITY_SPELL_TABLE[23].Name);
						elseif (this:GetValue() == 6) then
							GameTooltip:SetText(SERENITY_SPELL_TABLE[SerenityRacialID].Name);
						elseif (this:GetValue() == 7) then
							GameTooltip:SetText(SERENITY_SPELL_TABLE[19].Name);
						elseif (this:GetValue() == 8) then						
							GameTooltip:SetText(SERENITY_SPELL_TABLE[37].Name);
						elseif (this:GetValue() == 9) then
							GameTooltip:SetText(SERENITY_SPELL_TABLE[53].Name);
						elseif (this:GetValue() == 10) then
							GameTooltip:SetText(SERENITY_SPELL_TABLE[10].Name);
						elseif (this:GetValue() == 11) then
							GameTooltip:SetText(SERENITY_SPELL_TABLE[24].Name);
						elseif (this:GetValue() == 12) then
							GameTooltip:SetText(SERENITY_SPELL_TABLE[48].Name);
						elseif (this:GetValue() == 13) then
							GameTooltip:SetText(SERENITY_SPELL_TABLE[45].Name);
						elseif (this:GetValue() == 14) then
							GameTooltip:SetText(SERENITY_SPELL_TABLE[33].Name);
						elseif (this:GetValue() == 15) then
							GameTooltip:SetText(SERENITY_SPELL_TABLE[35].Name);
						elseif (this:GetValue() == 16) then
							GameTooltip:SetText(SERENITY_SPELL_TABLE[36].Name);
						elseif (this:GetValue() == 17) then
							GameTooltip:SetText(SERENITY_SPELL_TABLE[49].Name);	
						end
						Serenity_UpdateIcons();
					</OnValueChanged>
					<OnLeave>
						GameTooltip:Hide();
					</OnLeave>
				</Scripts>
			</Slider>
  
	<Frame name="SerenityButtonMenu" frameStrata="DIALOG" movable="false" enableMouse="true" parent="SerenityGeneralFrame">
		<Size>
			<AbsDimension x="350" y="452"/>
		</Size>
		<Anchors>
			<Anchor point="BOTTOMLEFT" relativeTo="SerenityGeneralFrame"/>
		</Anchors>
		<HitRectInsets>
			<AbsInset left="0" right="35" top="0" bottom="75"/>
		</HitRectInsets>	
		<Layers>
			<Layer level="ARTWORK">
				<FontString name="SerenityShowButton_String" inherits="GameFontNormalSmall">
					<Color r="0.2" g="0.9" b="0.95" a="1"/>
					<Anchors>
						<Anchor point="TOPLEFT" relativeTo="SerenityButtonMenu" relativeFrom="TOPLEFT">
							<Offset>
								<AbsDimension x="30" y="-25"/>
							</Offset>
						</Anchor>
					</Anchors>
				</FontString>
				<FontString name="SerenityOnButton_String" inherits="GameFontNormalSmall">
					<Color r="0.2" g="0.9" b="0.95" a="1"/>
					<Anchors>
						<Anchor point="TOPLEFT" relativeTo="SerenityButtonMenu" relativeFrom="TOPLEFT">
							<Offset>
								<AbsDimension x="180" y="-25"/>
							</Offset>
						</Anchor>
					</Anchors>
				</FontString>
				<FontString name="SerenityShowDrink_Option" inherits="GameFontNormalSmall">
					<Color r="1.0" g="1.0" b="1.0" a="1"/>
					<Anchors>
						<Anchor point="TOPLEFT" relativeTo="SerenityButtonMenu" relativeFrom="TOPLEFT">
							<Offset>
								<AbsDimension x="60" y="-40"/>
							</Offset>
						</Anchor>
					</Anchors>
				</FontString>
				<FontString name="SerenityShowPotion_Option" inherits="GameFontNormalSmall">
					<Color r="1.0" g="1.0" b="1.0" a="1"/>
					<Anchors>
						<Anchor point="TOPLEFT" relativeTo="SerenityButtonMenu" relativeFrom="TOPLEFT">
							<Offset>
								<AbsDimension x="60" y="-60"/>
							</Offset>
						</Anchor>
					</Anchors>
				</FontString>
				<FontString name="SerenityShowDispel_Option" inherits="GameFontNormalSmall">
					<Color r="1.0" g="1.0" b="1.0" a="1"/>
					<Anchors>
						<Anchor point="TOPLEFT" relativeTo="SerenityButtonMenu" relativeFrom="TOPLEFT">
							<Offset>
								<AbsDimension x="60" y="-80"/>
							</Offset>
						</Anchor>
					</Anchors>
				</FontString>

				<FontString name="SerenityShowLeftSpell_Option" inherits="GameFontNormalSmall">
					<Color r="1.0" g="1.0" b="1.0" a="1"/>
					<Anchors>
						<Anchor point="TOPLEFT" relativeTo="SerenityButtonMenu" relativeFrom="TOPLEFT">
							<Offset>
								<AbsDimension x="60" y="-100"/>
							</Offset>
						</Anchor>
					</Anchors>
				</FontString>

				<FontString name="SerenityShowMiddleSpell_Option" inherits="GameFontNormalSmall">
					<Color r="1.0" g="1.0" b="1.0" a="1"/>
					<Anchors>
						<Anchor point="TOPLEFT" relativeTo="SerenityButtonMenu" relativeFrom="TOPLEFT">
							<Offset>
								<AbsDimension x="60" y="-120"/>
							</Offset>
						</Anchor>
					</Anchors>
				</FontString>


				<FontString name="SerenityShowRightSpell_Option" inherits="GameFontNormalSmall">
					<Color r="1.0" g="1.0" b="1.0" a="1"/>
					<Anchors>
						<Anchor point="TOPLEFT" relativeTo="SerenityButtonMenu" relativeFrom="TOPLEFT">
							<Offset>
								<AbsDimension x="60" y="-140"/>
							</Offset>
						</Anchor>
					</Anchors>
				</FontString>
				<FontString name="SerenityShowBuffMenu_Option" inherits="GameFontNormalSmall">
					<Color r="1.0" g="1.0" b="1.0" a="1"/>
					<Anchors>
						<Anchor point="TOPLEFT" relativeTo="SerenityButtonMenu" relativeFrom="TOPLEFT">
							<Offset>
								<AbsDimension x="60" y="-160"/>
							</Offset>
						</Anchor>
					</Anchors>
				</FontString>
				<FontString name="SerenityShowMount_Option" inherits="GameFontNormalSmall">
					<Color r="1.0" g="1.0" b="1.0" a="1"/>
					<Anchors>
						<Anchor point="TOPLEFT" relativeTo="SerenityButtonMenu" relativeFrom="TOPLEFT">
							<Offset>
								<AbsDimension x="60" y="-180"/>
							</Offset>
						</Anchor>
					</Anchors>
				</FontString>
				<FontString name="SerenityShowSpellMenu_Option" inherits="GameFontNormalSmall">
					<Color r="1.0" g="1.0" b="1.0" a="1"/>
					<Anchors>
						<Anchor point="TOPLEFT" relativeTo="SerenityButtonMenu" relativeFrom="TOPLEFT">
							<Offset>
								<AbsDimension x="60" y="-200"/>
							</Offset>
						</Anchor>
					</Anchors>
				</FontString>	
				<FontString name="SerenityDrinkText_Option" inherits="GameFontNormalSmall">
					<Color r="1.0" g="1.0" b="1.0" a="1"/>
					<Anchors>
						<Anchor point="TOPLEFT" relativeTo="SerenityButtonMenu" relativeFrom="TOPLEFT">
							<Offset>
								<AbsDimension x="200" y="-40"/>
							</Offset>
						</Anchor>
					</Anchors>
				</FontString>
				<FontString name="SerenityPotionText_Option" inherits="GameFontNormalSmall">
					<Color r="1.0" g="1.0" b="1.0" a="1"/>
					<Anchors>
						<Anchor point="TOPLEFT" relativeTo="SerenityButtonMenu" relativeFrom="TOPLEFT">
							<Offset>
								<AbsDimension x="200" y="-60"/>
							</Offset>
						</Anchor>
					</Anchors>
				</FontString>
				<FontString name="SerenityDispelText_Option" inherits="GameFontNormalSmall">
					<Color r="1.0" g="1.0" b="1.0" a="1"/>
					<Anchors>
						<Anchor point="TOPLEFT" relativeTo="SerenityButtonMenu" relativeFrom="TOPLEFT">
							<Offset>
								<AbsDimension x="200" y="-80"/>
							</Offset>
						</Anchor>
					</Anchors>
				</FontString>
				<FontString name="SerenitySpellButtonText_Option" inherits="GameFontNormalSmall">
					<Color r="1.0" g="1.0" b="1.0" a="1"/>
					<Anchors>
						<Anchor point="TOPLEFT" relativeTo="SerenityButtonMenu" relativeFrom="TOPLEFT">
							<Offset>
								<AbsDimension x="200" y="-120"/>
							</Offset>
						</Anchor>
					</Anchors>
				</FontString>
				<FontString name="SerenityFeatherText_Option" inherits="GameFontNormalSmall">
					<Color r="1.0" g="1.0" b="1.0" a="1"/>
					<Anchors>
						<Anchor point="TOPLEFT" relativeTo="SerenityButtonMenu" relativeFrom="TOPLEFT">
							<Offset>
								<AbsDimension x="200" y="-160"/>
							</Offset>
						</Anchor>
					</Anchors>
				</FontString>
				<FontString name="SerenityHolyCandleText_Option" inherits="GameFontNormalSmall">
					<Color r="1.0" g="1.0" b="1.0" a="1"/>
					<Anchors>
						<Anchor point="TOPLEFT" relativeTo="SerenityButtonMenu" relativeFrom="TOPLEFT">
							<Offset>
								<AbsDimension x="200" y="-180"/>
							</Offset>
						</Anchor>
					</Anchors>
				</FontString>

				<FontString name="SerenitySacredCandleText_Option" inherits="GameFontNormalSmall">
					<Color r="1.0" g="1.0" b="1.0" a="1"/>
					<Anchors>
						<Anchor point="TOPLEFT" relativeTo="SerenityButtonMenu" relativeFrom="TOPLEFT">
							<Offset>
								<AbsDimension x="200" y="-200"/>
							</Offset>
						</Anchor>
					</Anchors>
				</FontString>	
				<FontString name="SerenityQuickBuff_Option" inherits="GameFontNormalSmall">
					<Color r="1.0" g="1.0" b="1.0" a="1"/>
					<Anchors>
						<Anchor point="TOPLEFT" relativeTo="SerenityButtonMenu" relativeFrom="TOPLEFT">
							<Offset>
								<AbsDimension x="60" y="-225"/>
							</Offset>
						</Anchor>
					</Anchors>
				</FontString>
			</Layer>
		</Layers>
		<Frames>			
			<CheckButton name="SerenityShowPotion_Button" enableMouse="true" inherits="UICheckButtonTemplate" checked="false">
				<Size>
					<AbsDimension x="24" y="24"/>
				</Size>
				<Anchors>
					<Anchor point="TOPLEFT" relativeTo="SerenityButtonMenu" relativeFrom="TOPLEFT">
						<Offset>
							<AbsDimension x="30" y="-35"/>
						</Offset>
					</Anchor>
				</Anchors>
				<Scripts>
					<OnClick>
						if (this:GetChecked()) then
							SerenityConfig.StonePosition[1] = true;
							ShowUIPanel(SerenityPotionButton);
						else
							SerenityConfig.StonePosition[1] = false;
						end
						Serenity_UpdateButtonsScale();
					</OnClick>
				</Scripts>
			</CheckButton>
			<CheckButton name="SerenityShowDrink_Button" enableMouse="true" inherits="UICheckButtonTemplate" checked="false">
				<Size>
					<AbsDimension x="24" y="24"/>
				</Size>
				<Anchors>
					<Anchor point="TOPLEFT" relativeTo="SerenityButtonMenu" relativeFrom="TOPLEFT">
						<Offset>
							<AbsDimension x="30" y="-55"/>
						</Offset>
					</Anchor>
				</Anchors>
				<Scripts>
					<OnClick>
						if (this:GetChecked()) then
							SerenityConfig.StonePosition[2] = true;
							ShowUIPanel(SerenityDrinkButton);
						else
							SerenityConfig.StonePosition[2] = false;
						end
						Serenity_UpdateButtonsScale();
					</OnClick>
				</Scripts>
			</CheckButton>
			<CheckButton name="SerenityShowDispel_Button" enableMouse="true" inherits="UICheckButtonTemplate" checked="false">
				<Size>
					<AbsDimension x="24" y="24"/>
				</Size>
				<Anchors>
					<Anchor point="TOPLEFT" relativeTo="SerenityButtonMenu" relativeFrom="TOPLEFT">
						<Offset>
							<AbsDimension x="30" y="-75"/>
						</Offset>
					</Anchor>
				</Anchors>
				<Scripts>
					<OnClick>
						if (this:GetChecked()) then
							SerenityConfig.StonePosition[3] = true;
							ShowUIPanel(SerenityPotionButton);
						else
							SerenityConfig.StonePosition[3] = false;
						end
						Serenity_UpdateButtonsScale();
					</OnClick>
				</Scripts>
			</CheckButton>
			<CheckButton name="SerenityShowLeftSpell_Button" enableMouse="true" inherits="UICheckButtonTemplate" checked="false">
				<Size>
					<AbsDimension x="24" y="24"/>
				</Size>
				<Anchors>
					<Anchor point="TOPLEFT" relativeTo="SerenityButtonMenu" relativeFrom="TOPLEFT">
						<Offset>
							<AbsDimension x="30" y="-95"/>
						</Offset>
					</Anchor>
				</Anchors>
				<Scripts>
					<OnClick>
						if (this:GetChecked()) then
							SerenityConfig.StonePosition[4] = true;
							ShowUIPanel(SerenityLeftSpellButton);
						else
							SerenityConfig.StonePosition[4] = false;
						end

						Serenity_UpdateButtonsScale();
					</OnClick>
				</Scripts>
			</CheckButton>


			<CheckButton name="SerenityShowMiddleSpell_Button" enableMouse="true" inherits="UICheckButtonTemplate" checked="false">
				<Size>
					<AbsDimension x="24" y="24"/>
				</Size>
				<Anchors>
					<Anchor point="TOPLEFT" relativeTo="SerenityButtonMenu" relativeFrom="TOPLEFT">
						<Offset>
							<AbsDimension x="30" y="-115"/>
						</Offset>
					</Anchor>
				</Anchors>
				<Scripts>
					<OnClick>
						if (this:GetChecked()) then
							SerenityConfig.StonePosition[5] = true;
							ShowUIPanel(SerenityEvocationButton);
						else
							SerenityConfig.StonePosition[5] = false;
						end
						Serenity_UpdateButtonsScale();
					</OnClick>
				</Scripts>
			</CheckButton>


			<CheckButton name="SerenityShowRightSpell_Button" enableMouse="true" inherits="UICheckButtonTemplate" checked="false">
				<Size>
					<AbsDimension x="24" y="24"/>
				</Size>
				<Anchors>
					<Anchor point="TOPLEFT" relativeTo="SerenityButtonMenu" relativeFrom="TOPLEFT">
						<Offset>
							<AbsDimension x="30" y="-135"/>
						</Offset>
					</Anchor>
				</Anchors>
				<Scripts>
					<OnClick>
						if (this:GetChecked()) then
							SerenityConfig.StonePosition[6] = true;
							ShowUIPanel(SerenityRightSpellButton);
						else
							SerenityConfig.StonePosition[6] = false;
						end
						Serenity_UpdateButtonsScale();
					</OnClick>
				</Scripts>
			</CheckButton>


			<CheckButton name="SerenityShowBuffMenu_Button" enableMouse="true" inherits="UICheckButtonTemplate" checked="false">
				<Size>
					<AbsDimension x="24" y="24"/>
				</Size>
				<Anchors>
					<Anchor point="TOPLEFT" relativeTo="SerenityButtonMenu" relativeFrom="TOPLEFT">
						<Offset>
							<AbsDimension x="30" y="-155"/>
						</Offset>
					</Anchor>
				</Anchors>
				<Scripts>
					<OnClick>
						if (this:GetChecked()) then
							SerenityConfig.StonePosition[7] = true;
							ShowUIPanel(SerenityBuffMenuButton);
						else
							SerenityConfig.StonePosition[7] = false;
							HideUIPanel(SerenityBuffMenuButton);
						end
						Serenity_UpdateButtonsScale();
					</OnClick>
				</Scripts>
			</CheckButton>
			<CheckButton name="SerenityShowMount_Button" enableMouse="true" inherits="UICheckButtonTemplate" checked="false">
				<Size>
					<AbsDimension x="24" y="24"/>
				</Size>
				<Anchors>
					<Anchor point="TOPLEFT" relativeTo="SerenityButtonMenu" relativeFrom="TOPLEFT">
						<Offset>
							<AbsDimension x="30" y="-175"/>
						</Offset>
					</Anchor>
				</Anchors>
				<Scripts>
					<OnClick>
						if (this:GetChecked()) then
							SerenityConfig.StonePosition[8] = true;
							ShowUIPanel(SerenityMountButton);
							Serenity_BagExplore();
						else
							SerenityConfig.StonePosition[8] = false;
							HideUIPanel(SerenityMountButton);
						end
						Serenity_UpdateButtonsScale();
					</OnClick>
				</Scripts>
			</CheckButton>
			<CheckButton name="SerenityShowSpellMenu_Button" enableMouse="true" inherits="UICheckButtonTemplate" checked="false">
				<Size>
					<AbsDimension x="24" y="24"/>
				</Size>
				<Anchors>
					<Anchor point="TOPLEFT" relativeTo="SerenityButtonMenu" relativeFrom="TOPLEFT">
						<Offset>
							<AbsDimension x="30" y="-195"/>
						</Offset>
					</Anchor>
				</Anchors>
				<Scripts>
					<OnClick>
						if (this:GetChecked()) then
							SerenityConfig.StonePosition[9] = true;
							ShowUIPanel(SerenitySpellMenuButton);
						else
							SerenityConfig.StonePosition[9] = false;
							HideUIPanel(SerenitySpellMenuButton);
						end
						Serenity_UpdateButtonsScale();
					</OnClick>
				</Scripts>
			</CheckButton>
			<CheckButton name="SerenityQuickBuff_Button" enableMouse="true" inherits="UICheckButtonTemplate" checked="false">
				<Size>
					<AbsDimension x="24" y="24"/>
				</Size>
				<Anchors>
					<Anchor point="TOPLEFT" relativeTo="SerenityButtonMenu" relativeFrom="TOPLEFT">
						<Offset>
							<AbsDimension x="30" y="-220"/>
						</Offset>
					</Anchor>
				</Anchors>
				<Scripts>
					<OnClick>
						if (this:GetChecked()) then
							SerenityConfig.QuickBuff = true;
						else
							SerenityConfig.QuickBuff = false;
						end
					</OnClick>
				</Scripts>
			</CheckButton>
			<CheckButton name="SerenityPotionText_Button" enableMouse="true" inherits="UICheckButtonTemplate" checked="false">
				<Size>
					<AbsDimension x="24" y="24"/>
				</Size>
				<Anchors>
					<Anchor point="TOPLEFT" relativeTo="SerenityButtonMenu" relativeFrom="TOPLEFT">
						<Offset>
							<AbsDimension x="175" y="-35"/>
						</Offset>
					</Anchor>
				</Anchors>
				<Scripts>
					<OnClick>
						if (this:GetChecked()) then
							SerenityConfig.PotionCountText = true;
						else
							SerenityConfig.PotionCountText = false;
						end
					</OnClick>
				</Scripts>
			</CheckButton>
			<CheckButton name="SerenityDrinkText_Button" enableMouse="true" inherits="UICheckButtonTemplate" checked="false">
				<Size>
					<AbsDimension x="24" y="24"/>
				</Size>
				<Anchors>
					<Anchor point="TOPLEFT" relativeTo="SerenityButtonMenu" relativeFrom="TOPLEFT">
						<Offset>
							<AbsDimension x="175" y="-55"/>
						</Offset>
					</Anchor>
				</Anchors>
				<Scripts>
					<OnClick>
						if (this:GetChecked()) then
							SerenityConfig.DrinkCountText = true;
						else
							SerenityConfig.DrinkCountText = false;
						end
					</OnClick>
				</Scripts>
			</CheckButton>
			<CheckButton name="SerenityPotionText_Button" enableMouse="true" inherits="UICheckButtonTemplate" checked="false">
				<Size>
					<AbsDimension x="24" y="24"/>
				</Size>
				<Anchors>
					<Anchor point="TOPLEFT" relativeTo="SerenityButtonMenu" relativeFrom="TOPLEFT">
						<Offset>
							<AbsDimension x="175" y="-75"/>
						</Offset>
					</Anchor>
				</Anchors>
				<Scripts>
					<OnClick>
						if (this:GetChecked()) then
							SerenityConfig.PotionCooldownText = true;
						else
							SerenityConfig.PotionCooldownText = false;
						end
					</OnClick>
				</Scripts>
			</CheckButton>

			<Slider name="SerenityLeftSpell_Slider" inherits="SpellButtonSliderTemplate" virtual="true">
				<Anchors>
					<Anchor point="CENTER" relativeTo="SerenityButtonMenu" relativeFrom="TOP">
						<Offset>
							<AbsDimension x="70" y="120"/>
						</Offset>
					</Anchor>
				</Anchors>
				<Scripts>	
					<OnValueChanged>
						if (this:GetValue() == 1) then
							GameTooltip:SetText(SERENITY_SPELL_TABLE[38].Name);
						elseif (this:GetValue() == 2) then
							GameTooltip:SetText(SERENITY_SPELL_TABLE[8].Name);
						elseif (this:GetValue() == 3) then
							GameTooltip:SetText(SERENITY_SPELL_TABLE[51].Name);
						elseif (this:GetValue() == 4) then
							GameTooltip:SetText(SERENITY_SPELL_TABLE[20].Name);
						elseif (this:GetValue() == 5) then
							GameTooltip:SetText(SERENITY_SPELL_TABLE[23].Name);
						elseif (this:GetValue() == 6) then
							GameTooltip:SetText(SERENITY_SPELL_TABLE[SerenityRacialID].Name);
						elseif (this:GetValue() == 7) then
							GameTooltip:SetText(SERENITY_SPELL_TABLE[19].Name);
						elseif (this:GetValue() == 8) then						
							GameTooltip:SetText(SERENITY_SPELL_TABLE[37].Name);
						elseif (this:GetValue() == 9) then
							GameTooltip:SetText(SERENITY_SPELL_TABLE[53].Name);
						elseif (this:GetValue() == 10) then
							GameTooltip:SetText(SERENITY_SPELL_TABLE[10].Name);
						elseif (this:GetValue() == 11) then
							GameTooltip:SetText(SERENITY_SPELL_TABLE[24].Name);
						elseif (this:GetValue() == 12) then
							GameTooltip:SetText(SERENITY_SPELL_TABLE[48].Name);
						elseif (this:GetValue() == 13) then
							GameTooltip:SetText(SERENITY_SPELL_TABLE[45].Name);
						elseif (this:GetValue() == 14) then
							GameTooltip:SetText(SERENITY_SPELL_TABLE[33].Name);
						elseif (this:GetValue() == 15) then
							GameTooltip:SetText(SERENITY_SPELL_TABLE[35].Name);
						elseif (this:GetValue() == 16) then
							GameTooltip:SetText(SERENITY_SPELL_TABLE[36].Name);
						elseif (this:GetValue() == 17) then
							GameTooltip:SetText(SERENITY_SPELL_TABLE[49].Name);	
						end
						SerenityConfig.LeftSpell = this:GetValue();
						SerenityButtonTexture.Stones.Base[4] = 0;
					</OnValueChanged>
				</Scripts>
			</Slider>
			<Slider name="SerenityMiddleSpell_Slider" inherits="SpellButtonSliderTemplate" virtual="true">
				<Anchors>
					<Anchor point="CENTER" relativeTo="SerenityButtonMenu" relativeFrom="TOP">
						<Offset>
							<AbsDimension x="70" y="100"/>
						</Offset>
					</Anchor>
				</Anchors>
				<Scripts>	
					<OnValueChanged>
						if (this:GetValue() == 1) then
							GameTooltip:SetText(SERENITY_SPELL_TABLE[38].Name);
						elseif (this:GetValue() == 2) then
							GameTooltip:SetText(SERENITY_SPELL_TABLE[8].Name);
						elseif (this:GetValue() == 3) then
							GameTooltip:SetText(SERENITY_SPELL_TABLE[51].Name);
						elseif (this:GetValue() == 4) then
							GameTooltip:SetText(SERENITY_SPELL_TABLE[20].Name);
						elseif (this:GetValue() == 5) then
							GameTooltip:SetText(SERENITY_SPELL_TABLE[23].Name);
						elseif (this:GetValue() == 6) then
							GameTooltip:SetText(SERENITY_SPELL_TABLE[SerenityRacialID].Name);
						elseif (this:GetValue() == 7) then
							GameTooltip:SetText(SERENITY_SPELL_TABLE[19].Name);
						elseif (this:GetValue() == 8) then						
							GameTooltip:SetText(SERENITY_SPELL_TABLE[37].Name);
						elseif (this:GetValue() == 9) then
							GameTooltip:SetText(SERENITY_SPELL_TABLE[53].Name);
						elseif (this:GetValue() == 10) then
							GameTooltip:SetText(SERENITY_SPELL_TABLE[10].Name);
						elseif (this:GetValue() == 11) then
							GameTooltip:SetText(SERENITY_SPELL_TABLE[24].Name);
						elseif (this:GetValue() == 12) then
							GameTooltip:SetText(SERENITY_SPELL_TABLE[48].Name);
						elseif (this:GetValue() == 13) then
							GameTooltip:SetText(SERENITY_SPELL_TABLE[45].Name);
						elseif (this:GetValue() == 14) then
							GameTooltip:SetText(SERENITY_SPELL_TABLE[33].Name);
						elseif (this:GetValue() == 15) then
							GameTooltip:SetText(SERENITY_SPELL_TABLE[35].Name);
						elseif (this:GetValue() == 16) then
							GameTooltip:SetText(SERENITY_SPELL_TABLE[36].Name);
						elseif (this:GetValue() == 17) then
							GameTooltip:SetText(SERENITY_SPELL_TABLE[49].Name);	
						end
						SerenityConfig.MiddleSpell = this:GetValue();
						SerenityButtonTexture.Stones.Base[5] = 0;
					</OnValueChanged>
				</Scripts>
			</Slider>
			<Slider name="SerenityRightSpell_Slider" inherits="SpellButtonSliderTemplate" virtual="true">
				<Size>
					<AbsDimension x="120" y="16"/>
				</Size>
				<Anchors>
					<Anchor point="CENTER" relativeTo="SerenityButtonMenu" relativeFrom="TOP">
						<Offset>
							<AbsDimension x="70" y="80"/>
						</Offset>
					</Anchor>
				</Anchors>
				<Scripts>	
					<OnValueChanged>
						if (this:GetValue() == 1) then
							GameTooltip:SetText(SERENITY_SPELL_TABLE[38].Name);
						elseif (this:GetValue() == 2) then
							GameTooltip:SetText(SERENITY_SPELL_TABLE[8].Name);
						elseif (this:GetValue() == 3) then
							GameTooltip:SetText(SERENITY_SPELL_TABLE[51].Name);
						elseif (this:GetValue() == 4) then
							GameTooltip:SetText(SERENITY_SPELL_TABLE[20].Name);
						elseif (this:GetValue() == 5) then
							GameTooltip:SetText(SERENITY_SPELL_TABLE[23].Name);
						elseif (this:GetValue() == 6) then
							GameTooltip:SetText(SERENITY_SPELL_TABLE[SerenityRacialID].Name);
						elseif (this:GetValue() == 7) then
							GameTooltip:SetText(SERENITY_SPELL_TABLE[19].Name);
						elseif (this:GetValue() == 8) then						
							GameTooltip:SetText(SERENITY_SPELL_TABLE[37].Name);
						elseif (this:GetValue() == 9) then
							GameTooltip:SetText(SERENITY_SPELL_TABLE[53].Name);
						elseif (this:GetValue() == 10) then
							GameTooltip:SetText(SERENITY_SPELL_TABLE[10].Name);
						elseif (this:GetValue() == 11) then
							GameTooltip:SetText(SERENITY_SPELL_TABLE[24].Name);
						elseif (this:GetValue() == 12) then
							GameTooltip:SetText(SERENITY_SPELL_TABLE[48].Name);
						elseif (this:GetValue() == 13) then
							GameTooltip:SetText(SERENITY_SPELL_TABLE[45].Name);
						elseif (this:GetValue() == 14) then
							GameTooltip:SetText(SERENITY_SPELL_TABLE[33].Name);
						elseif (this:GetValue() == 15) then
							GameTooltip:SetText(SERENITY_SPELL_TABLE[35].Name);
						elseif (this:GetValue() == 16) then
							GameTooltip:SetText(SERENITY_SPELL_TABLE[36].Name);
						elseif (this:GetValue() == 17) then
							GameTooltip:SetText(SERENITY_SPELL_TABLE[49].Name);	
						end
						SerenityConfig.RightSpell = this:GetValue();
						SerenityButtonTexture.Stones.Base[6] = 0;
					</OnValueChanged>
				</Scripts>
			</Slider>
			<CheckButton name="SerenityFeatherText_Button" enableMouse="true" inherits="UICheckButtonTemplate" checked="false">
				<Size>
					<AbsDimension x="24" y="24"/>
				</Size>
				<Anchors>
					<Anchor point="TOPLEFT" relativeTo="SerenityButtonMenu" relativeFrom="TOPLEFT">
						<Offset>
							<AbsDimension x="175" y="-155"/>
						</Offset>
					</Anchor>
				</Anchors>
				<Scripts>
					<OnClick>
						if (this:GetChecked()) then
							SerenityConfig.FeatherCountText = true;
						else
							SerenityConfig.FeatherCountText = false;
						end
					</OnClick>
				</Scripts>
			</CheckButton>
			<CheckButton name="SerenityHolyCandleText_Button" enableMouse="true" inherits="UICheckButtonTemplate" checked="false">
				<Size>
					<AbsDimension x="24" y="24"/>
				</Size>
				<Anchors>
					<Anchor point="TOPLEFT" relativeTo="SerenityButtonMenu" relativeFrom="TOPLEFT">
						<Offset>
							<AbsDimension x="175" y="-175"/>
						</Offset>
					</Anchor>
				</Anchors>
				<Scripts>
					<OnClick>
						if (this:GetChecked()) then
							SerenityConfig.HolyCandleCountText = true;
						else
							SerenityConfig.HolyCandleCountText = false;
						end
					</OnClick>
				</Scripts>
			</CheckButton>
			<CheckButton name="SerenitySacredCandleText_Button" enableMouse="true" inherits="UICheckButtonTemplate" checked="false">
				<Size>
					<AbsDimension x="24" y="24"/>
				</Size>
				<Anchors>
					<Anchor point="TOPLEFT" relativeTo="SerenityButtonMenu" relativeFrom="TOPLEFT">
						<Offset>
							<AbsDimension x="175" y="-195"/>
						</Offset>
					</Anchor>
				</Anchors>
				<Scripts>
					<OnClick>
						if (this:GetChecked()) then
							SerenityConfig.SacredCandleCountText = true;
						else
							SerenityConfig.SacredCandleCountText = false;
						end
					</OnClick>
				</Scripts>
			</CheckButton>
 
       <Button name="ReorderLeft">
        <Size>
          <AbsDimension x="29" y="29"/>
        </Size>
				<Anchors>
					<Anchor point="TOPLEFT" relativeTo="SerenityButtonMenu" relativeFrom="TOPLEFT">
						<Offset>
							<AbsDimension x="22" y="-300"/>
						</Offset>
					</Anchor>
				</Anchors>
        <NormalTexture file="Interface\Buttons\UI-SpellbookIcon-PrevPage-Up"/>
        <PushedTexture file="Interface\Buttons\UI-SpellbookIcon-PrevPage-Down"/>
        <DisabledTexture file="Interface\Buttons\UI-SpellbookIcon-PrevPage-Disabled"/>
        <HighlightTexture file="Interface\Buttons\UI-Common-MouseHilight" alphaMode="ADD"/>
        <Scripts>
          <OnClick>
            Reorder.Move_OnClick(-1)
          </OnClick>
        </Scripts>
      </Button>
      <Button name="Reorder1" inherits="ReorderTemplate" id="1">
        <Anchors>
          <Anchor point="LEFT" relativeTo="ReorderLeft" relativePoint="RIGHT"/>
        </Anchors>
      </Button>
      <Button name="Reorder2" inherits="ReorderTemplate" id="2">
        <Anchors>
          <Anchor point="LEFT" relativeTo="Reorder1" relativePoint="RIGHT"/>
        </Anchors>
      </Button>
      <Button name="Reorder3" inherits="ReorderTemplate" id="3">
        <Anchors>
          <Anchor point="LEFT" relativeTo="Reorder2" relativePoint="RIGHT"/>
        </Anchors>
      </Button>
      <Button name="Reorder4" inherits="ReorderTemplate" id="4">
        <Anchors>
          <Anchor point="LEFT" relativeTo="Reorder3" relativePoint="RIGHT"/>
        </Anchors>
      </Button>
      <Button name="Reorder5" inherits="ReorderTemplate" id="5">
        <Anchors>
          <Anchor point="LEFT" relativeTo="Reorder4" relativePoint="RIGHT"/>
        </Anchors>
      </Button>
	  <Button name="Reorder6" inherits="ReorderTemplate" id="6">
        <Anchors>
          <Anchor point="LEFT" relativeTo="Reorder5" relativePoint="RIGHT"/>
        </Anchors>
      </Button>
	  <Button name="Reorder7" inherits="ReorderTemplate" id="7">
        <Anchors>
          <Anchor point="LEFT" relativeTo="Reorder6" relativePoint="RIGHT"/>
        </Anchors>
      </Button>
	  <Button name="Reorder8" inherits="ReorderTemplate" id="8">
        <Anchors>
          <Anchor point="LEFT" relativeTo="Reorder7" relativePoint="RIGHT"/>
        </Anchors>
      </Button>
	  <Button name="Reorder9" inherits="ReorderTemplate" id="9">
        <Anchors>
          <Anchor point="LEFT" relativeTo="Reorder8" relativePoint="RIGHT"/>
        </Anchors>
      </Button>
      <Button name="ReorderRight">
        <Size>
          <AbsDimension x="29" y="29"/>
        </Size>
        <Anchors>
          <Anchor point="LEFT" relativeTo="Reorder9" relativePoint="RIGHT"/>
        </Anchors>
        <NormalTexture file="Interface\Buttons\UI-SpellbookIcon-NextPage-Up"/>
        <PushedTexture file="Interface\Buttons\UI-SpellbookIcon-NextPage-Down"/>
        <DisabledTexture file="Interface\Buttons\UI-SpellbookIcon-NextPage-Disabled"/>
        <HighlightTexture file="Interface\Buttons\UI-Common-MouseHilight" alphaMode="ADD"/>
        <Scripts>
          <OnClick>
            Reorder.Move_OnClick(1)
          </OnClick>
        </Scripts>
      </Button>




			
			
			
			
		</Frames>
     		<Scripts>
        		<OnLoad>
					Reorder.OnLoad();
				HideUIPanel(SerenityButtonMenu);
			</OnLoad>
		</Scripts>
	</Frame>
</Ui>
