<Ui xmlns="http://www.blizzard.com/wow/ui/" xmlns:xsi="http://www.w3.org/2001/XMLSchema-instance" xsi:schemaLocation="http://www.blizzard.com/wow/ui/..\FrameXML\UI.xsd">

	<Frame name="SerenityTimerMenu" frameStrata="DIALOG" movable="false" enableMouse="true" parent="SerenityGeneralFrame">
		<Size>
			<AbsDimension x="350" y="452"/>
		</Size>
		<Anchors>
			<Anchor point="BOTTOMLEFT" relativeTo="SerenityGeneralFrame"/>
		</Anchors>
		<HitRectInsets>
			<AbsInset left="0" right="35" top="0" bottom="75"/>
		</HitRectInsets>
		<Layers>
			<Layer level="ARTWORK">
				<FontString name="SerenityShowSpellTimers_Option" inherits="GameFontNormalSmall">
					<Color r="1.0" g="1.0" b="1.0" a="1"/>
					<Anchors>
						<Anchor point="TOPLEFT" relativeTo="SerenityTimerMenu" relativeFrom="TOPLEFT">
							<Offset>
								<AbsDimension x="60" y="-40"/>
							</Offset>
						</Anchor>
					</Anchors>
				</FontString>
				<FontString name="SerenityTimerButton_Option" inherits="GameFontNormalSmall">
					<Color r="1.0" g="1.0" b="1.0" a="1"/>
					<Anchors>
						<Anchor point="TOPLEFT" relativeTo="SerenityTimerMenu" relativeFrom="TOPLEFT">
							<Offset>
								<AbsDimension x="60" y="-60"/>
							</Offset>
						</Anchor>
					</Anchors>
				</FontString>
				<FontString name="SerenitySTimer_Option" inherits="GameFontNormalSmall">
					<Color r="1.0" g="1.0" b="1.0" a="1"/>
					<Anchors>
						<Anchor point="TOPLEFT" relativeTo="SerenityTimerMenu" relativeFrom="TOPLEFT">
							<Offset>
								<AbsDimension x="60" y="-80"/>
							</Offset>
						</Anchor>
					</Anchors>
				</FontString>
				<FontString name="SerenityGraphicalTimer_Section" inherits="GameFontNormalSmall">
					<Color r="1.0" g="0.5" b="1.0" a="1"/>
					<Anchors>
						<Anchor point="TOPLEFT" relativeTo="SerenityTimerMenu" relativeFrom="TOPLEFT">
							<Offset>
								<AbsDimension x="30" y="-115"/>
							</Offset>
						</Anchor>
					</Anchors>
				</FontString>
				<FontString name="SerenityGraphicalTimer_Option" inherits="GameFontNormalSmall">
					<Color r="1.0" g="1.0" b="1.0" a="1"/>
					<Anchors>
						<Anchor point="TOPLEFT" relativeTo="SerenityTimerMenu" relativeFrom="TOPLEFT">
							<Offset>
								<AbsDimension x="60" y="-135"/>
							</Offset>
						</Anchor>
					</Anchors>
				</FontString>
				<FontString name="SerenityTimerColor_Option" inherits="GameFontNormalSmall">
					<Color r="1.0" g="1.0" b="1.0" a="1"/>
					<Anchors>
						<Anchor point="TOPLEFT" relativeTo="SerenityTimerMenu" relativeFrom="TOPLEFT">
							<Offset>
								<AbsDimension x="60" y="-155"/>
							</Offset>
						</Anchor>
					</Anchors>
				</FontString>
				<FontString name="SerenityTimerDirection_Option" inherits="GameFontNormalSmall">
					<Color r="1.0" g="1.0" b="1.0" a="1"/>
					<Anchors>
						<Anchor point="TOPLEFT" relativeTo="SerenityTimerMenu" relativeFrom="TOPLEFT">
							<Offset>
								<AbsDimension x="60" y="-175"/>
							</Offset>
						</Anchor>
					</Anchors>
				</FontString>
			</Layer>
		</Layers>
		<Frames>
			<CheckButton name="SerenityShowSpellTimers_Button" enableMouse="true" inherits="UICheckButtonTemplate" checked="false">
				<Size>
					<AbsDimension x="24" y="24"/>
				</Size>
				<Anchors>
					<Anchor point="TOPLEFT" relativeTo="SerenityTimerMenu" relativeFrom="TOPLEFT">
						<Offset>
							<AbsDimension x="30" y="-35"/>
						</Offset>
					</Anchor>
				</Anchors>
				<Scripts>
					<OnClick>
						if (this:GetChecked()) then
							SerenityConfig.ShowSpellTimers = true;
						else
							SerenityConfig.ShowSpellTimers = false;
						end
					</OnClick>
				</Scripts>
			</CheckButton>
			<CheckButton name="SerenityTimerButton_Button" enableMouse="true" inherits="UICheckButtonTemplate" checked="false">
				<Size>
					<AbsDimension x="24" y="24"/>
				</Size>
				<Anchors>
					<Anchor point="TOPLEFT" relativeTo="SerenityTimerMenu" relativeFrom="TOPLEFT">
						<Offset>
							<AbsDimension x="30" y="-55"/>
						</Offset>
					</Anchor>
				</Anchors>
				<Scripts>
					<OnClick>
						if (this:GetChecked()) then
							SerenityConfig.ShowSpellTimerButton = true;
						else
							SerenityConfig.ShowSpellTimerButton = false;
						end
					</OnClick>
				</Scripts>
			</CheckButton>
			<CheckButton name="SerenitySTimer_Button" enableMouse="true" inherits="UICheckButtonTemplate" checked="false">
				<Size>
					<AbsDimension x="24" y="24"/>
				</Size>
				<Anchors>
					<Anchor point="TOPLEFT" relativeTo="SerenityTimerMenu" relativeFrom="TOPLEFT">
						<Offset>
							<AbsDimension x="30" y="-75"/>
						</Offset>
					</Anchor>
				</Anchors>
				<Scripts>
					<OnClick>
						if (this:GetChecked()) then
							SerenityConfig.SpellTimerPos = -1;
							SerenityConfig.SpellTimerJust = "RIGHT";
							AnchorSpellTimerTooltip = "ANCHOR_LEFT"
						else
							SerenityConfig.SpellTimerPos = 1;
							SerenityConfig.SpellTimerJust = "LEFT";
							AnchorSpellTimerTooltip = "ANCHOR_RIGHT";
						end
						SerenityListSpells:ClearAllPoints();
						SerenityListSpells:SetJustifyH(SerenityConfig.SpellTimerJust);
						SerenityListSpells:SetPoint("TOP"..SerenityConfig.SpellTimerJust, "SerenitySpellTimerButton", "CENTER", SerenityConfig.SpellTimerPos * 23, 10);
					</OnClick>
				</Scripts>
			</CheckButton>
			<CheckButton name="SerenityGraphicalTimer_Button" enableMouse="true" inherits="UICheckButtonTemplate" checked="false">
				<Size>
					<AbsDimension x="24" y="24"/>
				</Size>
				<Anchors>
					<Anchor point="TOPLEFT" relativeTo="SerenityTimerMenu" relativeFrom="TOPLEFT">
						<Offset>
							<AbsDimension x="30" y="-130"/>
						</Offset>
					</Anchor>
				</Anchors>
				<Scripts>
					<OnClick>
						SerenityConfig.Graphical = this:GetChecked();
						Serenity_HideGraphTimer();
					</OnClick>
				</Scripts>
			</CheckButton>
			<CheckButton name="SerenityTimerColor_Button" enableMouse="true" inherits="UICheckButtonTemplate" checked="false">
				<Size>
					<AbsDimension x="24" y="24"/>
				</Size>
				<Anchors>
					<Anchor point="TOPLEFT" relativeTo="SerenityTimerMenu" relativeFrom="TOPLEFT">
						<Offset>
							<AbsDimension x="30" y="-150"/>
						</Offset>
					</Anchor>
				</Anchors>
				<Scripts>
					<OnClick>
						SerenityConfig.Yellow = not this:GetChecked();
					</OnClick>
				</Scripts>
			</CheckButton>
			<CheckButton name="SerenityTimerDirection_Button" enableMouse="true" inherits="UICheckButtonTemplate" checked="false">
				<Size>
					<AbsDimension x="24" y="24"/>
				</Size>
				<Anchors>
					<Anchor point="TOPLEFT" relativeTo="SerenityTimerMenu" relativeFrom="TOPLEFT">
						<Offset>
							<AbsDimension x="30" y="-170"/>
						</Offset>
					</Anchor>
				</Anchors>
				<Scripts>
					<OnClick>
						if (this:GetChecked()) then
							SerenityConfig.SensListe = -1;
						else
							SerenityConfig.SensListe = 1;
						end
					</OnClick>
				</Scripts>
			</CheckButton>
		</Frames>
     		<Scripts>
        		<OnLoad>
				HideUIPanel(SerenityTimerMenu);
			</OnLoad>
		</Scripts>
	</Frame>
</Ui>
