<Ui xmlns="http://www.blizzard.com/wow/ui/" xmlns:xsi="http://www.w3.org/2001/XMLSchema-instance" xsi:schemaLocation="http://www.blizzard.com/wow/ui/..\FrameXML\UI.xsd">

	<Frame name="SerenityMessageMenu" frameStrata="DIALOG" movable="false" enableMouse="true" parent="SerenityGeneralFrame">
		<Size>
			<AbsDimension x="350" y="452"/>
		</Size>
		<Anchors>
			<Anchor point="BOTTOMLEFT" relativeTo="SerenityGeneralFrame"/>
		</Anchors>
		<HitRectInsets>
			<AbsInset left="0" right="35" top="0" bottom="75"/>
		</HitRectInsets>
		<Layers>
			<Layer level="ARTWORK">
				<FontString name="SerenityMessagePlayer_Section" inherits="GameFontNormalSmall">
					<Color r="1.0" g="0.5" b="1.0" a="1"/>
					<Anchors>
						<Anchor point="TOPLEFT" relativeTo="SerenityMessageMenu" relativeFrom="TOPLEFT">
							<Offset>
								<AbsDimension x="30" y="-65"/>
							</Offset>
						</Anchor>
					</Anchors>
				</FontString>
				<FontString name="SerenityShowTooltips_Option" inherits="GameFontNormalSmall">
					<Color r="1.0" g="1.0" b="1.0" a="1"/>
					<Anchors>
						<Anchor point="TOPLEFT" relativeTo="SerenityMessageMenu" relativeFrom="TOPLEFT">
							<Offset>
								<AbsDimension x="60" y="-90"/>
							</Offset>
						</Anchor>
					</Anchors>
				</FontString>
				<FontString name="SerenitySound_Option" inherits="GameFontNormalSmall">
					<Color r="1.0" g="1.0" b="1.0" a="1"/>
					<Anchors>
						<Anchor point="TOPLEFT" relativeTo="SerenityMessageMenu" relativeFrom="TOPLEFT">
							<Offset>
								<AbsDimension x="60" y="-110"/>
							</Offset>
						</Anchor>
					</Anchors>
				</FontString>
				<FontString name="SerenityShackleBreak_Option" inherits="GameFontNormalSmall">
					<Color r="1.0" g="1.0" b="1.0" a="1"/>
					<Anchors>
						<Anchor point="TOPLEFT" relativeTo="SerenityMessageMenu" relativeFrom="TOPLEFT">
							<Offset>
								<AbsDimension x="70" y="-130"/>
							</Offset>
						</Anchor>
					</Anchors>
				</FontString>
				<FontString name="SerenityShackleWarn_Option" inherits="GameFontNormalSmall">
					<Color r="1.0" g="1.0" b="1.0" a="1"/>
					<Anchors>
						<Anchor point="TOPLEFT" relativeTo="SerenityMessageMenu" relativeFrom="TOPLEFT">
							<Offset>
								<AbsDimension x="70" y="-150"/>
							</Offset>
						</Anchor>
					</Anchors>
				</FontString>

				<FontString name="SerenityChatType_Option" inherits="GameFontNormalSmall">
					<Color r="1.0" g="1.0" b="1.0" a="1"/>
					<Anchors>
						<Anchor point="TOPLEFT" relativeTo="SerenityMessageMenu" relativeFrom="TOPLEFT">
							<Offset>
								<AbsDimension x="60" y="-190"/>
							</Offset>
						</Anchor>
					</Anchors>
				</FontString>


				<FontString name="SerenityShowMessage_Option" inherits="GameFontNormalSmall">
					<Color r="1.0" g="1.0" b="1.0" a="1"/>
					<Anchors>
						<Anchor point="TOPLEFT" relativeTo="SerenityMessageMenu" relativeFrom="TOPLEFT">
							<Offset>
								<AbsDimension x="60" y="-240"/>
							</Offset>
						</Anchor>
					</Anchors>
				</FontString>
				<FontString name="SerenityShowShackleMessage_Option" inherits="GameFontNormalSmall">
					<Color r="1.0" g="1.0" b="1.0" a="1"/>
					<Anchors>
						<Anchor point="TOPLEFT" relativeTo="SerenityMessageMenu" relativeFrom="TOPLEFT">
							<Offset>
								<AbsDimension x="70" y="-260"/>
							</Offset>
						</Anchor>
					</Anchors>
				</FontString>
				<FontString name="SerenityShowResMessage_Option" inherits="GameFontNormalSmall">
					<Color r="1.0" g="1.0" b="1.0" a="1"/>
					<Anchors>
						<Anchor point="TOPLEFT" relativeTo="SerenityMessageMenu" relativeFrom="TOPLEFT">
							<Offset>
								<AbsDimension x="70" y="-280"/>
							</Offset>
						</Anchor>
					</Anchors>
				</FontString>
				<FontString name="SerenityShowSteedMessage_Option" inherits="GameFontNormalSmall">
					<Color r="1.0" g="1.0" b="1.0" a="1"/>
					<Anchors>
						<Anchor point="TOPLEFT" relativeTo="SerenityMessageMenu" relativeFrom="TOPLEFT">
							<Offset>
								<AbsDimension x="70" y="-300"/>
							</Offset>
						</Anchor>
					</Anchors>
				</FontString>

			</Layer>
		</Layers>
		<Frames>
			<Slider name="SerenityLanguage_Slider" inherits="OptionsSliderTemplate" minValue="1" maxValue="5" valueStep="1" virtual="true">
				<Size>
					<AbsDimension x="150" y="16"/>
				</Size>
				<Anchors>
					<Anchor point="CENTER" relativeTo="SerenityMessageMenu" relativeFrom="TOP">
						<Offset>
							<AbsDimension x="0" y="180"/>
						</Offset>
					</Anchor>
				</Anchors>
				<Scripts>
					<OnEnter>
						GameTooltip:SetOwner(this, "ANCHOR_RIGHT");
						if (this:GetValue() == 1) then
							GameTooltip:SetText("Francais");
						elseif (this:GetValue() == 2) then
							GameTooltip:SetText("English");
						elseif (this:GetValue() == 3) then
							GameTooltip:SetText("Deutsch");
						elseif (this:GetValue() == 4) then
							GameTooltip:SetText("繁體中文(Traditional Chinese)");
						else
							GameTooltip:SetText("简体中文(Simplified Chinese)");
						end
					</OnEnter>
					<OnValueChanged>
						GameTooltip:SetText(this:GetValue());
						if (this:GetValue() == 1) then
							GameTooltip:SetText("Francais");
							SerenityConfig.SerenityLanguage = "frFR";
							Serenity_Localization_Dialog_Fr();
						elseif (this:GetValue() == 2) then
							GameTooltip:SetText("English");
							SerenityConfig.SerenityLanguage = "enUS";
							Serenity_Localization_Dialog_En();
						elseif (this:GetValue() == 3) then
							GameTooltip:SetText("Deutsch");
							SerenityConfig.SerenityLanguage = "deDE";
							Serenity_Localization_Dialog_De();
						elseif (this:GetValue() == 4) then
							GameTooltip:SetText("繁體中文(Traditional Chinese)");
							SerenityConfig.SerenityLanguage = "zhTW";
							Serenity_Localization_Dialog_Tw();
						else
							GameTooltip:SetText("简体中文(Simplified Chinese)");
							SerenityConfig.SerenityLanguage = "zhCN";
							Serenity_Localization_Dialog_Cn();
						end
						Serenity_LanguageInitialize();
					</OnValueChanged>
					<OnLeave>
						GameTooltip:Hide();
					</OnLeave>
				</Scripts>
			</Slider>
			<CheckButton name="SerenityShowTooltips_Button" enableMouse="true" inherits="UICheckButtonTemplate" checked="false">
				<Size>
					<AbsDimension x="24" y="24"/>
				</Size>
				<Color r="1.0" g="0.5" b="1.0" a="1"/>
				<Anchors>
					<Anchor point="TOPLEFT" relativeTo="SerenityMessageMenu" relativeFrom="TOPLEFT">
						<Offset>
							<AbsDimension x="30" y="-85"/>
						</Offset>
					</Anchor>
				</Anchors>
				<Scripts>
					<OnClick>
						if (this:GetChecked()) then
							SerenityConfig.SerenityToolTip = true;
							Serenity_Msg(SERENITY_MESSAGE.Interface.TooltipOn, "USER");
						else
							SerenityConfig.SerenityToolTip = false;
							Serenity_Msg(SERENITY_MESSAGE.Interface.TooltipOff, "USER");
						end
						Serenity_UpdateButtonsScale();
					</OnClick>
				</Scripts>
			</CheckButton>
			<CheckButton name="SerenitySound_Button" enableMouse="true" inherits="UICheckButtonTemplate" checked="false">
				<Size>
					<AbsDimension x="24" y="24"/>
				</Size>
				<Anchors>
					<Anchor point="TOPLEFT" relativeTo="SerenityMessageMenu" relativeFrom="TOPLEFT">
						<Offset>
							<AbsDimension x="30" y="-105"/>
						</Offset>
					</Anchor>
				</Anchors>
				<Scripts>
					<OnClick>
						if (this:GetChecked()) then
							SerenityConfig.Sound = true;
						else
							SerenityConfig.Sound = false;
						end
					</OnClick>
				</Scripts>
			</CheckButton>

			<CheckButton name="SerenityShackleBreak_Button" enableMouse="true" inherits="UICheckButtonTemplate" checked="false">
				<Size>
					<AbsDimension x="24" y="24"/>
				</Size>
				<Anchors>
					<Anchor point="TOPLEFT" relativeTo="SerenityMessageMenu" relativeFrom="TOPLEFT">
						<Offset>
							<AbsDimension x="45" y="-125"/>
						</Offset>
					</Anchor>
				</Anchors>
				<Scripts>
					<OnClick>
						if (this:GetChecked()) then
							SerenityConfig.ShackleBreak = true;
						else
							SerenityConfig.ShackleBreak = false;
						end
					</OnClick>
				</Scripts>
			</CheckButton>
			<CheckButton name="SerenityShackleWarn_Button" enableMouse="true" inherits="UICheckButtonTemplate" checked="false">
				<Size>
					<AbsDimension x="24" y="24"/>
				</Size>
				<Anchors>
					<Anchor point="TOPLEFT" relativeTo="SerenityMessageMenu" relativeFrom="TOPLEFT">
						<Offset>
							<AbsDimension x="45" y="-145"/>
						</Offset>
					</Anchor>
				</Anchors>
				<Scripts>
					<OnClick>
						if (this:GetChecked()) then
							SerenityConfig.ShackleWarn = true;
						else
							SerenityConfig.ShackleWarn = false;
						end
					</OnClick>
				</Scripts>
			</CheckButton>
			<Slider name="SerenityShackleWarn_Slider" inherits="OptionsSliderTemplate" minValue="2" maxValue="15" valueStep="1" virtual="true">
				<Size>
					<AbsDimension x="150" y="16"/>
				</Size>
				<Anchors>
					<Anchor point="CENTER" relativeTo="SerenityMessageMenu" relativeFrom="TOP">
						<Offset>
							<AbsDimension x="0" y="50"/>
						</Offset>
					</Anchor>
				</Anchors>
				<Scripts>
					<OnEnter>
						GameTooltip:SetOwner(this, "ANCHOR_RIGHT");
						GameTooltip:SetText(this:GetValue().." secs");
					</OnEnter>
					<OnValueChanged>
						GameTooltip:SetText(this:GetValue().." secs");
						SerenityConfig.ShackleWarnTime = this:GetValue();
					</OnValueChanged>
					<OnLeave>
						GameTooltip:Hide();
					</OnLeave>
				</Scripts>
			</Slider>
			<CheckButton name="SerenityChatType_Button" enableMouse="true" inherits="UICheckButtonTemplate" checked="false">
				<Size>
					<AbsDimension x="24" y="24"/>
				</Size>
				<Anchors>
					<Anchor point="TOPLEFT" relativeTo="SerenityMessageMenu" relativeFrom="TOPLEFT">
						<Offset>
							<AbsDimension x="30" y="-185"/>
						</Offset>
					</Anchor>
				</Anchors>
				<Scripts>
					<OnClick>
						if (this:GetChecked()) then
							SerenityConfig.ChatType = false;
						else
							SerenityConfig.ChatType = true;
						end
						Serenity_Msg(SERENITY_MESSAGE.Interface.MessagePosition, "USER");
					</OnClick>
				</Scripts>
			</CheckButton>

			<CheckButton name="SerenityShowMessage_Button" enableMouse="true" inherits="UICheckButtonTemplate" checked="false">
				<Size>
					<AbsDimension x="24" y="24"/>
				</Size>
				<Anchors>
					<Anchor point="TOPLEFT" relativeTo="SerenityMessageMenu" relativeFrom="TOPLEFT">
						<Offset>
							<AbsDimension x="30" y="-235"/>
						</Offset>
					</Anchor>
				</Anchors>
				<Scripts>
					<OnClick>
						if (this:GetChecked()) then
							SerenityConfig.ChatMsg = true;
						else
							SerenityConfig.ChatMsg = false;
						end
					</OnClick>
				</Scripts>
			</CheckButton>
			<CheckButton name="SerenityShowShackleMessage_Button" enableMouse="true" inherits="UICheckButtonTemplate" checked="false">
				<Size>
					<AbsDimension x="24" y="24"/>
				</Size>
				<Anchors>
					<Anchor point="TOPLEFT" relativeTo="SerenityMessageMenu" relativeFrom="TOPLEFT">
						<Offset>
							<AbsDimension x="45" y="-255"/>
						</Offset>
					</Anchor>
				</Anchors>
				<Scripts>
					<OnClick>
						if (this:GetChecked()) then
							SerenityConfig.ShackleMessage = true;
						else
							SerenityConfig.ShackleMessage = false;
						end
					</OnClick>
				</Scripts>
			</CheckButton>
			<CheckButton name="SerenityShowResMessage_Button" enableMouse="true" inherits="UICheckButtonTemplate" checked="false">
				<Size>
					<AbsDimension x="24" y="24"/>
				</Size>
				<Anchors>
					<Anchor point="TOPLEFT" relativeTo="SerenityMessageMenu" relativeFrom="TOPLEFT">
						<Offset>
							<AbsDimension x="45" y="-275"/>
						</Offset>
					</Anchor>
				</Anchors>
				<Scripts>
					<OnClick>
						if (this:GetChecked()) then
							SerenityConfig.ResMessage = true;
						else
							SerenityConfig.ResMessage = false;
						end
					</OnClick>
				</Scripts>
			</CheckButton>
			<CheckButton name="SerenityShowSteedMessage_Button" enableMouse="true" inherits="UICheckButtonTemplate" checked="false">
				<Size>
					<AbsDimension x="24" y="24"/>
				</Size>
				<Anchors>
					<Anchor point="TOPLEFT" relativeTo="SerenityMessageMenu" relativeFrom="TOPLEFT">
						<Offset>
							<AbsDimension x="45" y="-295"/>
						</Offset>
					</Anchor>
				</Anchors>
				<Scripts>
					<OnClick>
						if (this:GetChecked()) then
							SerenityConfig.SteedMessage = true;
						else
							SerenityConfig.SteedMessage = false;
						end
					</OnClick>
				</Scripts>
			</CheckButton>
		</Frames>
     		<Scripts>
        		<OnLoad>
				HideUIPanel(SerenityMessageMenu);
			</OnLoad>
		</Scripts>
	</Frame>
</Ui>
