<Ui xmlns="http://www.blizzard.com/wow/ui/" xmlns:xsi="http://www.w3.org/2001/XMLSchema-instance" xsi:schemaLocation="http://www.blizzard.com/wow/ui/..\FrameXML\UI.xsd">

	<Frame name="SerenityInventoryMenu" frameStrata="DIALOG" movable="false" enableMouse="true" parent="SerenityGeneralFrame">
		<Size>
			<AbsDimension x="350" y="452"/>
		</Size>
		<Anchors>
			<Anchor point="BOTTOMLEFT" relativeTo="SerenityGeneralFrame"/>
		</Anchors>
		<HitRectInsets>
			<AbsInset left="0" right="35" top="0" bottom="75"/>
		</HitRectInsets>
		<Layers>
			<Layer level="ARTWORK">
				<FontString name="SerenityRestock_Option" inherits="GameFontNormalSmall">
					<Color r="1.0" g="1.0" b="1.0" a="1"/>
					<Anchors>
						<Anchor point="TOPLEFT" relativeTo="SerenityInventoryMenu" relativeFrom="TOPLEFT">
							<Offset>
								<AbsDimension x="55" y="-25"/>
							</Offset>
						</Anchor>
					</Anchors>
				</FontString>
				<FontString name="SerenityRestockConfirm_Option" inherits="GameFontNormalSmall">
					<Color r="1.0" g="1.0" b="1.0" a="1"/>
					<Anchors>
						<Anchor point="TOPLEFT" relativeTo="SerenityInventoryMenu" relativeFrom="TOPLEFT">
							<Offset>
								<AbsDimension x="70" y="-45"/>
							</Offset>
						</Anchor>
					</Anchors>
				</FontString>
			</Layer>
		</Layers>
		<Frames>		
			<CheckButton name="SerenityRestock_Button" enableMouse="true" inherits="UICheckButtonTemplate" checked="false">
				<Size>
					<AbsDimension x="24" y="24"/>
				</Size>
				<Anchors>
					<Anchor point="TOPLEFT" relativeTo="SerenityInventoryMenu" relativeFrom="TOPLEFT">
						<Offset>
							<AbsDimension x="30" y="-20"/>
						</Offset>
					</Anchor>
				</Anchors>
				<Scripts>
					<OnClick>
						if (this:GetChecked()) then
							SerenityConfig.Restock = true;
						else
							SerenityConfig.Restock = false;
						end
					</OnClick>
				</Scripts>
			</CheckButton>
			<CheckButton name="SerenityRestockConfirm_Button" enableMouse="true" inherits="UICheckButtonTemplate" checked="false">
				<Size>
					<AbsDimension x="24" y="24"/>
				</Size>
				<Anchors>
					<Anchor point="TOPLEFT" relativeTo="SerenityInventoryMenu" relativeFrom="TOPLEFT">
						<Offset>
							<AbsDimension x="45" y="-40"/>
						</Offset>
					</Anchor>
				</Anchors>
				<Scripts>
					<OnClick>
						if (this:GetChecked()) then
							SerenityConfig.RestockConfirm = true;
						else
							SerenityConfig.RestockConfirm = false;
						end
					</OnClick>
				</Scripts>
			</CheckButton>
			<Slider name="SerenityHolyCandle_Slider" inherits="OptionsSliderTemplate" minValue="0" maxValue="200" valueStep="20" virtual="true">
				<Size>
					<AbsDimension x="120" y="16"/>
				</Size>
				<Anchors>
					<Anchor point="CENTER" relativeTo="SerenityInventoryMenu" relativeFrom="TOP">
						<Offset>
							<AbsDimension x="-55" y="145"/>
						</Offset>
					</Anchor>
				</Anchors>
				<Scripts>
					<OnEnter>
						GameTooltip:SetOwner(this, "ANCHOR_RIGHT");
						GameTooltip:SetText(this:GetValue());
					</OnEnter>
					<OnValueChanged>
						GameTooltip:SetText(this:GetValue());
					</OnValueChanged>
					<OnLeave>
						GameTooltip:Hide();
					</OnLeave>
					<OnMouseUp>
						GameTooltip:SetText(this:GetValue());
						SerenityConfig.RestockHolyCandle = this:GetValue();
					</OnMouseUp>
				</Scripts>
			</Slider>
			<Slider name="SerenitySacredCandle_Slider" inherits="OptionsSliderTemplate" minValue="0" maxValue="200" valueStep="20" virtual="true">
				<Size>
					<AbsDimension x="125" y="16"/>
				</Size>
				<Anchors>
					<Anchor point="CENTER" relativeTo="SerenityInventoryMenu" relativeFrom="TOP">
						<Offset>
							<AbsDimension x="75" y="145"/>
						</Offset>
					</Anchor>
				</Anchors>
				<Scripts>
					<OnEnter>
						GameTooltip:SetOwner(this, "ANCHOR_RIGHT");
						GameTooltip:SetText(this:GetValue());
					</OnEnter>
					<OnValueChanged>
						GameTooltip:SetText(this:GetValue());
					</OnValueChanged>
					<OnLeave>
						GameTooltip:Hide();
					</OnLeave>
					<OnMouseUp>
						GameTooltip:SetText(this:GetValue());
						SerenityConfig.RestockSacredCandle = this:GetValue();
					</OnMouseUp>
				</Scripts>
			</Slider>

			<Slider name="SerenityButton_Slider" inherits="OptionsSliderTemplate" minValue="0" maxValue="8" valueStep="1" virtual="true">
				<Size>
					<AbsDimension x="140" y="16"/>
				</Size>
				<Anchors>
					<Anchor point="CENTER" relativeTo="SerenityInventoryMenu" relativeFrom="TOP">
						<Offset>
							<AbsDimension x="0" y="-5"/>
						</Offset>
					</Anchor>
				</Anchors>
				<Scripts>
					<OnEnter>
						GameTooltip:SetOwner(this, "ANCHOR_RIGHT");
						if this:GetValue() == 0 then
							GameTooltip:SetText(SERENITY_CONFIGURATION.Button.None);
						elseif this:GetValue() == 1 then
							GameTooltip:SetText(SERENITY_CONFIGURATION.Button.Drink);
						elseif this:GetValue() == 2 then
							GameTooltip:SetText(SERENITY_CONFIGURATION.Button.ManaPotion);
						elseif this:GetValue() == 3 then
							GameTooltip:SetText(SERENITY_CONFIGURATION.Button.HealingPotion);
						elseif this:GetValue() == 4 then
							GameTooltip:SetText(SERENITY_SPELL_TABLE[10].Name);
						elseif this:GetValue() == 5 then
							GameTooltip:SetText(SERENITY_SPELL_TABLE[45].Name);
						elseif this:GetValue() == 6 then
							GameTooltip:SetText(SERENITY_SPELL_TABLE[53].Name);
						elseif this:GetValue() == 7 then
							GameTooltip:SetText(SERENITY_SPELL_TABLE[49].Name);
						elseif this:GetValue() == 8 then
							GameTooltip:SetText(SERENITY_SPELL_TABLE[39].Name);
						end
					</OnEnter>
					<OnValueChanged>
						if this:GetValue() == 0 then
							GameTooltip:SetText(SERENITY_CONFIGURATION.Button.None);
						elseif this:GetValue() == 1 then
							GameTooltip:SetText(SERENITY_CONFIGURATION.Button.Drink);
						elseif this:GetValue() == 2 then
							GameTooltip:SetText(SERENITY_CONFIGURATION.Button.ManaPotion);
						elseif this:GetValue() == 3 then
							GameTooltip:SetText(SERENITY_CONFIGURATION.Button.HealingPotion);
						elseif this:GetValue() == 4 then
							GameTooltip:SetText(SERENITY_SPELL_TABLE[10].Name);
						elseif this:GetValue() == 5 then
							GameTooltip:SetText(SERENITY_SPELL_TABLE[45].Name);
						elseif this:GetValue() == 5 then
							GameTooltip:SetText(SERENITY_SPELL_TABLE[53].Name);
						elseif this:GetValue() == 7 then
							GameTooltip:SetText(SERENITY_SPELL_TABLE[49].Name);
						elseif this:GetValue() == 8 then
							GameTooltip:SetText(SERENITY_SPELL_TABLE[39].Name);
						end
						SerenityConfig.Button = this:GetValue();
						</OnValueChanged>
					<OnLeave>
						GameTooltip:Hide();
					</OnLeave>
				</Scripts>
			</Slider>
			<Slider name="SerenityCountType_Slider" inherits="OptionsSliderTemplate" minValue="0" maxValue="7" valueStep="1" virtual="true">
				<Size>
					<AbsDimension x="140" y="16"/>
				</Size>
				<Anchors>
					<Anchor point="CENTER" relativeTo="SerenityInventoryMenu" relativeFrom="TOP">
						<Offset>
							<AbsDimension x="0" y="-55"/>
						</Offset>
					</Anchor>
				</Anchors>
				<Scripts>
					<OnEnter>
						GameTooltip:SetOwner(this, "ANCHOR_RIGHT");
						if this:GetValue() == 0 then
							GameTooltip:SetText(SERENITY_CONFIGURATION.Count.None);
						elseif this:GetValue() == 1 then
							GameTooltip:SetText(SERENITY_CONFIGURATION.Count.Drink);
						elseif this:GetValue() == 2 then
							GameTooltip:SetText(SERENITY_CONFIGURATION.Count.PotionCount);
						elseif this:GetValue() == 3 then
							GameTooltip:SetText(SERENITY_CONFIGURATION.Count.Health);
						elseif this:GetValue() == 4 then
							GameTooltip:SetText(SERENITY_CONFIGURATION.Count.HealthPercent);
						elseif this:GetValue() == 5 then
							GameTooltip:SetText(SERENITY_CONFIGURATION.Count.Mana);
						elseif this:GetValue() == 6 then
							GameTooltip:SetText(SERENITY_CONFIGURATION.Count.ManaPercent);
						elseif this:GetValue() == 7 then
							GameTooltip:SetText(SERENITY_CONFIGURATION.Count.PotionCooldown);
						end
					</OnEnter>
					<OnValueChanged>
						if this:GetValue() == 0 then
							GameTooltip:SetText(SERENITY_CONFIGURATION.Count.None);
						elseif this:GetValue() == 1 then
							GameTooltip:SetText(SERENITY_CONFIGURATION.Count.Drink);
						elseif this:GetValue() == 2 then
							GameTooltip:SetText(SERENITY_CONFIGURATION.Count.PotionCount);
						elseif this:GetValue() == 3 then
							GameTooltip:SetText(SERENITY_CONFIGURATION.Count.Health);
						elseif this:GetValue() == 4 then
							GameTooltip:SetText(SERENITY_CONFIGURATION.Count.HealthPercent);
						elseif this:GetValue() == 5 then
							GameTooltip:SetText(SERENITY_CONFIGURATION.Count.Mana);
						elseif this:GetValue() == 6 then
							GameTooltip:SetText(SERENITY_CONFIGURATION.Count.ManaPercent);
						elseif this:GetValue() == 7 then
							GameTooltip:SetText(SERENITY_CONFIGURATION.Count.PotionCooldown);
						end
						SerenityConfig.CountType = this:GetValue();
						</OnValueChanged>
					<OnLeave>
						GameTooltip:Hide();
					</OnLeave>
				</Scripts>
			</Slider>
			<Slider name="SerenityCircle_Slider" inherits="OptionsSliderTemplate" minValue="0" maxValue="3" valueStep="1" virtual="true">
				<Size>
					<AbsDimension x="140" y="16"/>
				</Size>
				<Anchors>
					<Anchor point="CENTER" relativeTo="SerenityInventoryMenu" relativeFrom="TOP">
						<Offset>
							<AbsDimension x="0" y="-85"/>
						</Offset>
					</Anchor>
				</Anchors>
				<Scripts>
					<OnEnter>
						GameTooltip:SetOwner(this, "ANCHOR_RIGHT");
						if this:GetValue() == 0 then
							GameTooltip:SetText(SERENITY_CONFIGURATION.Circle.None);
						elseif this:GetValue() == 1 then
							GameTooltip:SetText(SERENITY_CONFIGURATION.Circle.HP);
						elseif this:GetValue() == 2 then
							GameTooltip:SetText(SERENITY_CONFIGURATION.Circle.Mana);
						elseif this:GetValue() == 3 then
							GameTooltip:SetText(SERENITY_CONFIGURATION.Circle.Potion);
						end
					</OnEnter>
					<OnValueChanged>
						if this:GetValue() == 0 then
							GameTooltip:SetText(SERENITY_CONFIGURATION.Circle.None);
						elseif this:GetValue() == 1 then
							GameTooltip:SetText(SERENITY_CONFIGURATION.Circle.HP);
						elseif this:GetValue() == 2 then
							GameTooltip:SetText(SERENITY_CONFIGURATION.Circle.Mana);
						elseif this:GetValue() == 3 then
							GameTooltip:SetText(SERENITY_CONFIGURATION.Circle.Potion);
						end
						SerenityConfig.Circle = this:GetValue();
					</OnValueChanged>
					<OnLeave>
						GameTooltip:Hide();
					</OnLeave>
				</Scripts>
			</Slider>
		</Frames>
     		<Scripts>
        		<OnLoad>
				HideUIPanel(SerenityInventoryMenu);
			</OnLoad>
		</Scripts>
	</Frame>
</Ui>
