﻿<Ui xmlns="http://www.blizzard.com/wow/ui/" xmlns:xsi="http://www.w3.org/2001/XMLSchema-instance" xsi:schemaLocation="http://www.blizzard.com/wow/ui/">
	<Include file="SpellAlertOptionsTemplates.xml"/>

	<Frame name="SAO_MainFrame" toplevel="true" parent="UIParent" movable="true" enableMouse="true" hidden="true">
		<Size>
			<AbsDimension x="384" y="512"/>
		</Size>
		<Anchors>
			<Anchor point="CENTER">
				<Offset>
					<AbsDimension x="-30" y="70"/>
				</Offset>
			</Anchor>
		</Anchors>
		<HitRectInsets>
			<AbsInset left="0" right="30" top="0" bottom="45"/>
		</HitRectInsets>

		<Layers>
			<Layer level="BACKGROUND">
				<Texture file="Interface\MacroFrame\MacroFrame-Icon">
					<Size>
						<AbsDimension x="60" y="60"/>
					</Size>
					<Anchors>
						<Anchor point="TOPLEFT">
							<Offset>
								<AbsDimension x="7" y="-6"/>
							</Offset>
						</Anchor>
					</Anchors>
				</Texture>
			</Layer>
			<Layer level="ARTWORK">
				<Texture file="Interface\PaperDollInfoFrame\UI-Character-General-TopLeft">
					<Size>
						<AbsDimension x="256" y="256"/>
					</Size>
					<Anchors>
						<Anchor point="TOPLEFT">
							<Offset>
								<AbsDimension x="0" y="0"/>
							</Offset>
						</Anchor>
					</Anchors>
				</Texture>
				<Texture file="Interface\PaperDollInfoFrame\UI-Character-General-TopRight">
					<Size>
						<AbsDimension x="128" y="256"/>
					</Size>
					<Anchors>
						<Anchor point="TOPRIGHT">
							<Offset>
								<AbsDimension x="0" y="0"/>
							</Offset>
						</Anchor>
					</Anchors>
				</Texture>
				<Texture file="Interface\PaperDollInfoFrame\UI-Character-General-BottomLeft">
					<Size>
						<AbsDimension x="256" y="256"/>
					</Size>
					<Anchors>
						<Anchor point="BOTTOMLEFT">
							<Offset>
								<AbsDimension x="0" y="0"/>
							</Offset>
						</Anchor>
					</Anchors>
				</Texture>
				<Texture file="Interface\PaperDollInfoFrame\UI-Character-General-BottomRight">
					<Size>
						<AbsDimension x="128" y="256"/>
					</Size>
					<Anchors>
						<Anchor point="BOTTOMRIGHT">
							<Offset>
								<AbsDimension x="0" y="0"/>
							</Offset>
						</Anchor>
					</Anchors>
				</Texture>
			</Layer>
			<Layer level="OVERLAY">
				<FontString inherits="GameFontNormal" text="SpellAlert (modified again)">
					<Anchors>
						<Anchor point="TOP">
							<Offset>
								<AbsDimension x="0" y="-18"/>
							</Offset>
						</Anchor>
					</Anchors>
				</FontString>
				<FontString name="SAO_TooltipArea" inherits="GameFontHighlightSmall">
					<Size>
						<AbsDimension x="270" y="42"/>
					</Size>
					<Anchors>
						<Anchor point="LEFT" relativePoint="LEFT">
							<Offset>
								<AbsDimension x="74" y="200"/>
							</Offset>
						</Anchor>
					</Anchors>
				</FontString>
			</Layer>
		</Layers>
		<Frames>

			<Frame name="SAO_OptionFrame1" inherits="SAO_OptionFrameTemplate" id="1" hidden="true">
				<Frames>

					<CheckButton name="SAO_CheckButtonOn" inherits="UICheckButtonTemplate">
						<HitRectInsets>
							<AbsInset left="0" right="-20" top="0" bottom="0"/>
						</HitRectInsets>
						<Anchors>
							<Anchor point="TOPLEFT">
								<Offset>
									<AbsDimension x="20" y="-50"/>
								</Offset>
							</Anchor>
						</Anchors>
						<Scripts>
							<OnLoad>
								SAO_CheckButton_OnLoad(SAO_STR_ON);
							</OnLoad>
							<OnClick>
								SAO_CheckButton_OnClick();
							</OnClick>
							<OnEnter>
								SAO_TooltipArea:SetText(SAO_STR_ON_TT);
							</OnEnter>
							<OnLeave>
								SAO_TooltipArea:SetText("");
							</OnLeave>
						</Scripts>
					</CheckButton>

					<CheckButton name="SAO_CheckButtonOffOnRest" inherits="UICheckButtonTemplate">
						<HitRectInsets>
							<AbsInset left="0" right="-20" top="0" bottom="0"/>
						</HitRectInsets>
						<Anchors>
							<Anchor point="RIGHT" relativeTo="SAO_CheckButtonOnText">
								<Offset>
									<AbsDimension x="64" y="0"/>
								</Offset>
							</Anchor>
						</Anchors>
						<Scripts>
							<OnLoad>
								SAO_CheckButton_OnLoad(SAO_STR_OFFONREST);
							</OnLoad>
							<OnClick>
								SAO_CheckButton_OnClick();
							</OnClick>
							<OnEnter>
								SAO_TooltipArea:SetText(SAO_STR_OFFONREST_TT);
							</OnEnter>
							<OnLeave>
								SAO_TooltipArea:SetText("");
							</OnLeave>
						</Scripts>
					</CheckButton>

					<CheckButton name="SAO_CheckButton0" inherits="SAO_CheckButtonTemplate">
						<Anchors>
							<Anchor point="BOTTOM" relativeTo="SAO_CheckButtonOn">
								<Offset>
									<AbsDimension x="0" y="-44"/>
								</Offset>
							</Anchor>
						</Anchors>
						<Scripts>
							<OnLoad>
								SAO_CheckButton_OnLoad(SAO_STR_DAMAGE);
							</OnLoad>
						</Scripts>
					</CheckButton>

					<CheckButton name="SAO_CheckButton1" inherits="SAO_CheckButtonTemplate">
						<Anchors>
							<Anchor point="BOTTOM" relativeTo="SAO_CheckButtonOn">
								<Offset>
									<AbsDimension x="0" y="-74"/>
								</Offset>
							</Anchor>
						</Anchors>
						<Scripts>
							<OnLoad>
								SAO_CheckButton_OnLoad(SAO_STR_HEAL);
							</OnLoad>
						</Scripts>
					</CheckButton>

					<CheckButton name="SAO_CheckButton2" inherits="SAO_CheckButtonTemplate">
						<Anchors>
							<Anchor point="BOTTOM" relativeTo="SAO_CheckButtonOn">
								<Offset>
									<AbsDimension x="0" y="-104"/>
								</Offset>
							</Anchor>
						</Anchors>
						<Scripts>
							<OnLoad>
								SAO_CheckButton_OnLoad(SAO_STR_BUFFGAIN);
							</OnLoad>
						</Scripts>
					</CheckButton>

					<CheckButton name="SAO_CheckButton3" inherits="SAO_CheckButtonTemplate">
						<Anchors>
							<Anchor point="BOTTOM" relativeTo="SAO_CheckButtonOn">
								<Offset>
									<AbsDimension x="0" y="-134"/>
								</Offset>
							</Anchor>
						</Anchors>
						<Scripts>
							<OnLoad>
								SAO_CheckButton_OnLoad(SAO_STR_BUFFGONE);
							</OnLoad>
						</Scripts>
					</CheckButton>

					<CheckButton name="SAO_CheckButton4" inherits="SAO_CheckButtonTemplate">
						<Anchors>
							<Anchor point="BOTTOM" relativeTo="SAO_CheckButtonOn">
								<Offset>
									<AbsDimension x="0" y="-164"/>
								</Offset>
							</Anchor>
						</Anchors>
						<Scripts>
							<OnLoad>
								SAO_CheckButton_OnLoad(SAO_STR_TOTEM);
							</OnLoad>
						</Scripts>
					</CheckButton>

					<CheckButton name="SAO_CheckButton5" inherits="SAO_CheckButtonTemplate">
						<Anchors>
							<Anchor point="BOTTOM" relativeTo="SAO_CheckButtonOn">
								<Offset>
									<AbsDimension x="0" y="-194"/>
								</Offset>
							</Anchor>
						</Anchors>
						<Scripts>
							<OnLoad>
								SAO_CheckButton_OnLoad(SAO_STR_EMOTE);
							</OnLoad>
						</Scripts>
					</CheckButton>

					<CheckButton name="SAO_CheckButton6" inherits="SAO_CheckButtonTemplate">
						<Anchors>
							<Anchor point="BOTTOM" relativeTo="SAO_CheckButtonOn">
								<Offset>
									<AbsDimension x="0" y="-224"/>
								</Offset>
							</Anchor>
						</Anchors>
						<Scripts>
							<OnLoad>
								SAO_CheckButton_OnLoad(SAO_STR_PERIODIC);
							</OnLoad>
						</Scripts>
					</CheckButton>

					<CheckButton name="SAO_CheckButton7" inherits="SAO_CheckButtonTemplate">
						<Anchors>
							<Anchor point="BOTTOM" relativeTo="SAO_CheckButtonOn">
								<Offset>
									<AbsDimension x="0" y="-254"/>
								</Offset>
							</Anchor>
						</Anchors>
						<Scripts>
							<OnLoad>
								SAO_CheckButton_OnLoad(SAO_STR_INSTANT);
							</OnLoad>
						</Scripts>
					</CheckButton>

					<CheckButton name="SAO_CheckButton8" inherits="SAO_CheckButtonTemplate">
						<Anchors>
							<Anchor point="BOTTOM" relativeTo="SAO_CheckButtonOn">
								<Offset>
									<AbsDimension x="0" y="-284"/>
								</Offset>
							</Anchor>
						</Anchors>
						<Scripts>
							<OnLoad>
								SAO_CheckButton_OnLoad(SAO_STR_CC);
							</OnLoad>
						</Scripts>
					</CheckButton>

					<CheckButton name="SAO_CheckButton9" inherits="SAO_CheckButtonTemplate">
						<Anchors>
							<Anchor point="BOTTOM" relativeTo="SAO_CheckButtonOn">
								<Offset>
									<AbsDimension x="0" y="-314"/>
								</Offset>
							</Anchor>
						</Anchors>
						<Scripts>
							<OnLoad>
								SAO_CheckButton_OnLoad(SAO_STR_MISC);
							</OnLoad>
						</Scripts>
					</CheckButton>

				</Frames>
			</Frame>

			<Frame name="SAO_OptionFrame2" inherits="SAO_OptionAlertFrameTemplate" id="2" hidden="true"/>
			<Frame name="SAO_OptionFrame3" inherits="SAO_OptionAlertFrameTemplate" id="3" hidden="true"/>
			<Frame name="SAO_OptionFrame4" inherits="SAO_OptionAlertFrameTemplate" id="4" hidden="true"/>

			<Button name="$parentCloseButton" inherits="UIPanelCloseButton">
				<Anchors>
					<Anchor point="TOPRIGHT">
						<Offset>
							<AbsDimension x="-30" y="-8"/>
						</Offset>
					</Anchor>
				</Anchors>
			</Button>
			<Button name="$parentTab1" inherits="SAO_MainFrameTabTemplate" id="1" text="SAO_STR_GENERAL">
				<Anchors>
					<Anchor point="BOTTOMLEFT">
						<Offset>
							<AbsDimension x="11" y="45"/>
						</Offset>
					</Anchor>
				</Anchors>
			</Button>
			<Button name="$parentTab2" inherits="SAO_MainFrameTabTemplate" id="2" text="SAO_STR_ALERT1">
				<Anchors>
					<Anchor point="LEFT" relativeTo="$parentTab1" relativePoint="RIGHT">
						<Offset>
							<AbsDimension x="-14" y="0"/>
						</Offset>
					</Anchor>
				</Anchors>
			</Button>
			<Button name="$parentTab3" inherits="SAO_MainFrameTabTemplate" id="3" text="SAO_STR_ALERT2">
				<Anchors>
					<Anchor point="LEFT" relativeTo="$parentTab2" relativePoint="RIGHT">
						<Offset>
							<AbsDimension x="-14" y="0"/>
						</Offset>
					</Anchor>
				</Anchors>
			</Button>
			<Button name="$parentTab4" inherits="SAO_MainFrameTabTemplate" id="4" text="SAO_STR_ALERT3">
				<Anchors>
					<Anchor point="LEFT" relativeTo="$parentTab3" relativePoint="RIGHT">
						<Offset>
							<AbsDimension x="-14" y="0"/>
						</Offset>
					</Anchor>
				</Anchors>
			</Button>

		</Frames>
		<Scripts>
			<OnLoad>
				SAO_MainFrame_OnLoad();
			</OnLoad>
			<OnShow>
				SAO_MainFrame_OnShow();
			</OnShow>
			<OnHide>
				SAO_MainFrame_OnHide();
			</OnHide>
			<OnMouseUp>
				if ( this.isMoving ) then
					this:StopMovingOrSizing();
					this.isMoving = false;
				end
			</OnMouseUp>
			<OnMouseDown>
				if (arg1 == "LeftButton") then
					this:StartMoving();
					this.isMoving = true;
				end
			</OnMouseDown>
			<OnHide>
				if ( this.isMoving ) then
					this:StopMovingOrSizing();
					this.isMoving = false;
				end
			</OnHide>
		</Scripts>
	</Frame>

</Ui>