<Ui xmlns="http://www.blizzard.com/wow/ui/" xmlns:xsi="http://www.w3.org/2001/XMLSchema-instance" xsi:schemaLocation="http://www.blizzard.com/wow/ui/
C:\Projects\WoW\Bin\Interface\FrameXML\UI.xsd">
	<!--
	//////////////////////////////////////////////
	//
	//		Gypsy_TargetFrame.xml
	//		GypsyVersion++2004.11.14++
	//
	//////////////////////////////////////////////
	-->
	<Script file="Gypsy_TargetFrame.lua"/>
	<!-- Target frame effecting things -->
	<Frame name="Gypsy_TargetFrame" parent="UIParent">
		<Scripts>
			<OnLoad>
				Gypsy_TargetFrameOnLoad();
			</OnLoad>
			<OnEvent>
				Gypsy_TargetFrameOnEvent(event);
			</OnEvent>
		</Scripts>
	</Frame>
	<!-- Click catch overlays to place over the target frame so we can decide where the unit popup menu goes -->
	<Button name="Gypsy_TargetFrameClickCatcher1">
		<Size>
			<AbsDimension x="90" y="35"/>
		</Size>
		<Anchors>
			<Anchor point="TOPLEFT" relativeTo="TargetFrame" relativePoint="TOPLEFT">
				<Offset>
					<AbsDimension x="60" y="0"/>
				</Offset>
			</Anchor>
		</Anchors>
		<Scripts>
			<OnLoad>
				<!-- Register for clicks -->
				Gypsy_TargetFrameClickCatchOnLoad();
			</OnLoad>
			<OnClick>
				<!-- Handle clicks in the same way as the default window -->
				Gypsy_TargetFrameClickCatch(arg1);
			</OnClick>
		</Scripts>
	</Button>
	<Button name="Gypsy_TargetFrameClickCatcher2">
		<Size>
			<AbsDimension x="70" y="25"/>
		</Size>
		<Anchors>
			<Anchor point="TOPRIGHT" relativeTo="Gypsy_TargetFrameClickCatcher1" relativePoint="BOTTOMRIGHT">
				<Offset>
					<AbsDimension x="0" y="0"/>
				</Offset>
			</Anchor>
		</Anchors>
		<Scripts>
			<OnLoad>
				<!-- Register for clicks -->
				Gypsy_TargetFrameClickCatchOnLoad();
			</OnLoad>
			<OnClick>
				<!-- Handle clicks in the same way as the default window -->
				Gypsy_TargetFrameClickCatch(arg1);
			</OnClick>
		</Scripts>
	</Button>
</Ui>