<Ui xmlns="http://www.blizzard.com/wow/ui/" xmlns:xsi="http://www.w3.org/2001/XMLSchema-instance" xsi:schemaLocation="http://www.blizzard.com/wow/ui/
C:\Projects\WoW\Bin\Interface\FrameXML\UI.xsd">
	<!--
	//////////////////////////////////////////////
	//
	//		Gypsy_UnitBars.xml
	//		GypsyVersion++2004.11.14++
	//
	//		This file sets up capsules for the
	//		player, target, and party frames,
	//		allowing them to be dragged.
	//
	//////////////////////////////////////////////
	-->
	<Script file="localization.lua"/>
	<Script file="Gypsy_UnitBars.lua"/>
	<!-- Frame to toggle player frame capsule -->
	<Button name="Gypsy_UnitBar" hidden="false" movable="true" parent="UIParent">
		<Size>
			<AbsDimension x="1" y="1"/>
		</Size>
		<Anchors>
			<Anchor point="CENTER"/>
		</Anchors>
		<Scripts>
			<OnUpdate>
				Gypsy_UnitBarOnUpdate();
			</OnUpdate>
		</Scripts>
	</Button>
	<!-- Player frame capsule -->
	<Button name="Gypsy_PlayerFrameCapsule" frameStrata="BACKGROUND" enableMouse="true" movable="true" parent="UIParent">
		<TitleRegion setAllPoints="true"/>
		<Size>
			<AbsDimension x="295" y="105"/>
		</Size>
		<Anchors>
			<Anchor point="BOTTOMLEFT"/>
		</Anchors>
		<Scripts>
			<OnLoad>
				Gypsy_PlayerFrameCapsuleOnLoad();
			</OnLoad>
			<OnEvent>
				Gypsy_PlayerFrameCapsuleOnEvent(event);
			</OnEvent>
		</Scripts>
		<Frames>
			<!-- Player frame capsule art which is hidden and shown onMouseOver -->
			<Button name="Gypsy_PlayerFrameCapsuleArt" hidden="true">
				<Size>
					<AbsDimension x="295" y="87"/>
				</Size>
				<Anchors>
					<Anchor point="BOTTOMLEFT" relativeTo="Gypsy_PlayerFrameCapsule" relativePoint="BOTTOMLEFT"/>
				</Anchors>
				<Scripts>
					<OnShow>
						Gypsy_PlayerFrameCapsuleArtOnShow();
					</OnShow>
				</Scripts>
				<Backdrop name="Gypsy_PlayerFrameCapsuleBackdrop" bgFile="Interface\Tooltips\UI-Tooltip-Background" edgeFile="Interface\Tooltips\UI-Tooltip-Border" tile="true">
					<EdgeSize>
						<AbsValue val="16"/>
					</EdgeSize>
					<TileSize>
						<AbsValue val="16"/>
					</TileSize>
					<BackgroundInsets>
						<AbsInset left="5" right="5" top="5" bottom="5"/>
					</BackgroundInsets>
				</Backdrop>
				<Layers>
					<Layer level="ARTWORK">
						<!-- Movement & configuration tab, near the top right corner -->
						<Texture name="Gypsy_PlayerFrameCapsuleTab" file="Interface\ChatFrame\ChatFrameTab">
							<Size>
								<AbsDimension x="64" y="32"/>
							</Size>
							<Anchors>
								<Anchor point="BOTTOMRIGHT" relativeTo="Gypsy_PlayerFrameCapsuleArt" relativePoint="TOPRIGHT">
									<Offset>
										<AbsDimension x="-4" y="-2"/>
									</Offset>
								</Anchor>
							</Anchors>
						</Texture>
					</Layer>
					<Layer level="OVERLAY">
						<!-- Text to place over tab -->
						<FontString name="Gypsy_PlayerFrameCapsuleTabLabel" inherits="GameFontNormalSmall" text="GYPSY_TEXT_UNITBARS_PLAYERCAPSULE">
							<Size>
								<AbsDimension x="64" y="16"/>
							</Size>
							<Anchors>
								<Anchor point="CENTER" relativeTo="Gypsy_PlayerFrameCapsuleTab" relativePoint="CENTER">
									<Offset>
										<AbsDimension x="0" y="-4"/>
									</Offset>
								</Anchor>
							</Anchors>
						</FontString>
					</Layer>
				</Layers>
			</Button>
		</Frames>
	</Button>
	<!-- Target frame capsule -->
	<Button name="Gypsy_TargetFrameCapsule" frameStrata="LOW" enableMouse="true" movable="true" parent="UIParent">
		<TitleRegion setAllPoints="true"/>
		<Size>
			<AbsDimension x="200" y="100"/>
		</Size>
		<Anchors>
			<Anchor point="BOTTOM" relativeTo="PlayerFrame" relativePoint="TOP">
				<Offset>
					<AbsDimension x="75" y="30"/>
				</Offset>
			</Anchor>
		</Anchors>
		<Scripts>
			<OnUpdate>

			</OnUpdate>
		</Scripts>
		<Frames>
			<!-- Target frame capsule art which is hidden and shown onMouseOver -->
			<Button name="Gypsy_TargetFrameCapsuleArt" hidden="true">
				<Size>
					<AbsDimension x="200" y="70"/>
				</Size>
				<Anchors>
					<Anchor point="BOTTOMLEFT" relativeTo="Gypsy_TargetFrameCapsule" relativePoint="BOTTOMLEFT">
						<Offset>
							<AbsDimension x="0" y="0"/>
						</Offset>
					</Anchor>
				</Anchors>
				<Backdrop name="Gypsy_TargetFrameCapsuleBackdrop" bgFile="Interface\Tooltips\UI-Tooltip-Background" edgeFile="Interface\Tooltips\UI-Tooltip-Border" tile="true">
					<EdgeSize>
						<AbsValue val="16"/>
					</EdgeSize>
					<TileSize>
						<AbsValue val="16"/>
					</TileSize>
					<BackgroundInsets>
						<AbsInset left="5" right="5" top="5" bottom="5"/>
					</BackgroundInsets>
				</Backdrop>
				<Layers>
					<Layer level="ARTWORK">
						<!-- Movement & configuration tab, near the top right corner -->
						<Texture name="Gypsy_TargetFrameCapsuleTab" file="Interface\ChatFrame\ChatFrameTab">
							<Size>
								<AbsDimension x="64" y="32"/>
							</Size>
							<Anchors>
								<Anchor point="BOTTOMLEFT" relativeTo="Gypsy_TargetFrameCapsuleArt" relativePoint="TOPLEFT">
									<Offset>
										<AbsDimension x="4" y="-2"/>
									</Offset>
								</Anchor>
							</Anchors>
						</Texture>
					</Layer>
					<Layer level="OVERLAY">
						<!-- Text to place over tab -->
						<FontString name="Gypsy_TargetFrameCapsuleTabLabel" inherits="GameFontNormalSmall" text="GYPSY_TEXT_UNITBARS_TARGETCAPSULE">
							<Size>
								<AbsDimension x="64" y="16"/>
							</Size>
							<Anchors>
								<Anchor point="CENTER" relativeTo="Gypsy_TargetFrameCapsuleTab" relativePoint="CENTER">
									<Offset>
										<AbsDimension x="0" y="-4"/>
									</Offset>
								</Anchor>
							</Anchors>
						</FontString>
					</Layer>
				</Layers>
			</Button>
		</Frames>
	</Button>
	<!-- Party Frame Capsule -->
	<Button name="Gypsy_PartyFrameCapsule" frameStrata="LOW" enableMouse="true" movable="true" parent="UIParent">
		<TitleRegion setAllPoints="true"/>
		<Size>
			<AbsDimension x="215" y="320"/>
		</Size>
		<Anchors>
			<Anchor point="BOTTOM" relativeTo="TargetFrame" relativePoint="TOP">
				<Offset>
					<AbsDimension x="-90" y="0"/>
				</Offset>
			</Anchor>
		</Anchors>
		<Scripts>
			<OnUpdate>

			</OnUpdate>
		</Scripts>
		<Frames>
			<!-- Party frame capsule art which is shown and hidden onMouseOver -->
			<Button name="Gypsy_PartyFrameCapsuleArt" hidden="true">
				<Size>
					<AbsDimension x="215" y="300"/>
				</Size>
				<Anchors>
					<Anchor point="BOTTOMLEFT" relativeTo="Gypsy_PartyFrameCapsule" relativePoint="BOTTOMLEFT">
						<Offset>
							<AbsDimension x="0" y="0"/>
						</Offset>
					</Anchor>
				</Anchors>
				<Backdrop name="Gypsy_PartyFrameCapsuleBackdrop" bgFile="Interface\Tooltips\UI-Tooltip-Background" edgeFile="Interface\Tooltips\UI-Tooltip-Border" tile="true">
					<EdgeSize>
						<AbsValue val="16"/>
					</EdgeSize>
					<TileSize>
						<AbsValue val="16"/>
					</TileSize>
					<BackgroundInsets>
						<AbsInset left="5" right="5" top="5" bottom="5"/>
					</BackgroundInsets>
				</Backdrop>
				<Layers>
					<Layer level="ARTWORK">
						<!-- Movement & configuration tab, near the top right corner -->
						<Texture name="Gypsy_PartyFrameCapsuleTab" file="Interface\ChatFrame\ChatFrameTab">
							<Size>
								<AbsDimension x="64" y="32"/>
							</Size>
							<Anchors>
								<Anchor point="BOTTOMLEFT" relativeTo="Gypsy_PartyFrameCapsuleArt" relativePoint="TOPLEFT">
									<Offset>
										<AbsDimension x="4" y="-2"/>
									</Offset>
								</Anchor>
							</Anchors>
						</Texture>
					</Layer>
					<Layer level="OVERLAY">
						<!-- Text to place over tab -->
						<FontString name="Gypsy_PartyFrameCapsuleTabLabel" inherits="GameFontNormalSmall" text="GYPSY_TEXT_UNITBARS_PARTYCAPSULE">
							<Size>
								<AbsDimension x="64" y="16"/>
							</Size>
							<Anchors>
								<Anchor point="CENTER" relativeTo="Gypsy_PartyFrameCapsuleTab" relativePoint="CENTER">
									<Offset>
										<AbsDimension x="0" y="-4"/>
									</Offset>
								</Anchor>
							</Anchors>
						</FontString>
					</Layer>
				</Layers>
			</Button>
		</Frames>
	</Button>
	<Frame name="Gypsy_UnitFrameWatcher">
		<Scripts>
			<OnUpdate>
				Gypsy_TargetFrameCapsuleOnUpdate();
				Gypsy_PartyFrameCapsuleOnUpdate();
			</OnUpdate>
		</Scripts>
	</Frame>
	<!-- Player, Target, and Party frame specific files -->
	<Include file="Gypsy_PlayerFrame.xml"/>
	<Include file="Gypsy_TargetFrame.xml"/>
	<Include file="Gypsy_PartyFrame.xml"/>
</Ui>