<Ui xmlns="http://www.blizzard.com/wow/ui/"
    xmlns:xsi="http://www.w3.org/2001/XMLSchema-instance"
    xsi:schemaLocation="http://www.blizzard.com/wow/ui/ ..\FrameXML\UI.xsd">
    
  <Script file="HealBot_Errors.lua" />
 

  <Frame name="HealBot_Error" toplevel="true" parent="UIParent"
      movable="true" enableMouse="true" enableKeyboard="false" hidden="true">
    <Size>
      <AbsDimension x="750" y="580"/>
    </Size>
    <Anchors>
      <Anchor point="TOPLEFT">
        <Offset>
          <AbsDimension x="250" y="-80"/>
        </Offset>
      </Anchor>
    </Anchors>
						<Layers>
							<Layer level="OVERLAY">
								<FontString name="HealBot_Error_Header" inherits="GameFontNormalLarge" text="HealBot ERROR">
									<Anchors>
										<Anchor point="TOP" relativePoint="TOP">
											<Offset>
												<AbsDimension x="0" y="-15"/>
											</Offset>
										</Anchor>
									</Anchors>
								</FontString>
								<FontString name="HealBot_Error_Header2" inherits="GameFontNormal" 
                                            text="Please take a screenshot of these errors and post comments on Cursed">
									<Anchors>
										<Anchor point="TOP" relativePoint="TOP">
											<Offset>
												<AbsDimension x="0" y="-40"/>
											</Offset>
										</Anchor>
									</Anchors>
								</FontString>
								<FontString name="HealBot_Error1" inherits="ChatFontNormal" text=" ">
									<Anchors>
										<Anchor point="TOPLEFT" relativePoint="TOPLEFT">
											<Offset>
												<AbsDimension x="22" y="-60"/>
											</Offset>
										</Anchor>
									</Anchors>
								</FontString>
								<FontString name="HealBot_Error2" inherits="ChatFontNormal" text=" ">
									<Anchors>
										<Anchor point="TOPLEFT" relativePoint="TOPLEFT">
											<Offset>
												<AbsDimension x="22" y="-75"/>
											</Offset>
										</Anchor>
									</Anchors>
								</FontString>
								<FontString name="HealBot_Error3" inherits="ChatFontNormal" text=" ">
									<Anchors>
										<Anchor point="TOPLEFT" relativePoint="TOPLEFT">
											<Offset>
												<AbsDimension x="22" y="-90"/>
											</Offset>
										</Anchor>
									</Anchors>
								</FontString>
								<FontString name="HealBot_Error4" inherits="ChatFontNormal" text=" ">
									<Anchors>
										<Anchor point="TOPLEFT" relativePoint="TOPLEFT">
											<Offset>
												<AbsDimension x="22" y="-105"/>
											</Offset>
										</Anchor>
									</Anchors>
								</FontString>
								<FontString name="HealBot_Error5" inherits="ChatFontNormal" text=" ">
									<Anchors>
										<Anchor point="TOPLEFT" relativePoint="TOPLEFT">
											<Offset>
												<AbsDimension x="22" y="-120"/>
											</Offset>
										</Anchor>
									</Anchors>
								</FontString>
								<FontString name="HealBot_Error6" inherits="ChatFontNormal" text=" ">
									<Anchors>
										<Anchor point="TOPLEFT" relativePoint="TOPLEFT">
											<Offset>
												<AbsDimension x="22" y="-135"/>
											</Offset>
										</Anchor>
									</Anchors>
								</FontString>
								<FontString name="HealBot_Error7" inherits="ChatFontNormal" text=" ">
									<Anchors>
										<Anchor point="TOPLEFT" relativePoint="TOPLEFT">
											<Offset>
												<AbsDimension x="22" y="-150"/>
											</Offset>
										</Anchor>
									</Anchors>
								</FontString>
								<FontString name="HealBot_Error8" inherits="ChatFontNormal" text=" ">
									<Anchors>
										<Anchor point="TOPLEFT" relativePoint="TOPLEFT">
											<Offset>
												<AbsDimension x="22" y="-165"/>
											</Offset>
										</Anchor>
									</Anchors>
								</FontString>
								<FontString name="HealBot_Error9" inherits="ChatFontNormal" text=" ">
									<Anchors>
										<Anchor point="TOPLEFT" relativePoint="TOPLEFT">
											<Offset>
												<AbsDimension x="22" y="-180"/>
											</Offset>
										</Anchor>
									</Anchors>
								</FontString>
								<FontString name="HealBot_Error10" inherits="ChatFontNormal" text=" ">
									<Anchors>
										<Anchor point="TOPLEFT" relativePoint="TOPLEFT">
											<Offset>
												<AbsDimension x="22" y="-195"/>
											</Offset>
										</Anchor>
									</Anchors>
								</FontString>
								<FontString name="HealBot_Error11" inherits="ChatFontNormal" text=" ">
									<Anchors>
										<Anchor point="TOPLEFT" relativePoint="TOPLEFT">
											<Offset>
												<AbsDimension x="22" y="-210"/>
											</Offset>
										</Anchor>
									</Anchors>
								</FontString>
								<FontString name="HealBot_Error12" inherits="ChatFontNormal" text=" ">
									<Anchors>
										<Anchor point="TOPLEFT" relativePoint="TOPLEFT">
											<Offset>
												<AbsDimension x="22" y="-225"/>
											</Offset>
										</Anchor>
									</Anchors>
								</FontString>
								<FontString name="HealBot_Error13" inherits="ChatFontNormal" text=" ">
									<Anchors>
										<Anchor point="TOPLEFT" relativePoint="TOPLEFT">
											<Offset>
												<AbsDimension x="22" y="-240"/>
											</Offset>
										</Anchor>
									</Anchors>
								</FontString>
								<FontString name="HealBot_Error14" inherits="ChatFontNormal" text=" ">
									<Anchors>
										<Anchor point="TOPLEFT" relativePoint="TOPLEFT">
											<Offset>
												<AbsDimension x="22" y="-255"/>
											</Offset>
										</Anchor>
									</Anchors>
								</FontString>
								<FontString name="HealBot_Error15" inherits="ChatFontNormal" text=" ">
									<Anchors>
										<Anchor point="TOPLEFT" relativePoint="TOPLEFT">
											<Offset>
												<AbsDimension x="22" y="-270"/>
											</Offset>
										</Anchor>
									</Anchors>
								</FontString>
								<FontString name="HealBot_Error16" inherits="ChatFontNormal" text=" ">
									<Anchors>
										<Anchor point="TOPLEFT" relativePoint="TOPLEFT">
											<Offset>
												<AbsDimension x="22" y="-285"/>
											</Offset>
										</Anchor>
									</Anchors>
								</FontString>
								<FontString name="HealBot_Error17" inherits="ChatFontNormal" text=" ">
									<Anchors>
										<Anchor point="TOPLEFT" relativePoint="TOPLEFT">
											<Offset>
												<AbsDimension x="22" y="-300"/>
											</Offset>
										</Anchor>
									</Anchors>
								</FontString>
								<FontString name="HealBot_Error18" inherits="ChatFontNormal" text=" ">
									<Anchors>
										<Anchor point="TOPLEFT" relativePoint="TOPLEFT">
											<Offset>
												<AbsDimension x="22" y="-315"/>
											</Offset>
										</Anchor>
									</Anchors>
								</FontString>    
								<FontString name="HealBot_Error19" inherits="ChatFontNormal" text=" ">
									<Anchors>
										<Anchor point="TOPLEFT" relativePoint="TOPLEFT">
											<Offset>
												<AbsDimension x="22" y="-330"/>
											</Offset>
										</Anchor>
									</Anchors>
								</FontString>    
								<FontString name="HealBot_Error20" inherits="ChatFontNormal" text=" ">
									<Anchors>
										<Anchor point="TOPLEFT" relativePoint="TOPLEFT">
											<Offset>
												<AbsDimension x="22" y="-345"/>
											</Offset>
										</Anchor>
									</Anchors>
								</FontString>  
                                <FontString name="HealBot_Error21" inherits="ChatFontNormal" text=" ">
									<Anchors>
										<Anchor point="TOPLEFT" relativePoint="TOPLEFT">
											<Offset>
												<AbsDimension x="22" y="-360"/>
											</Offset>
										</Anchor>
									</Anchors>
								</FontString>  								
                                <FontString name="HealBot_Error22" inherits="ChatFontNormal" text=" ">
									<Anchors>
										<Anchor point="TOPLEFT" relativePoint="TOPLEFT">
											<Offset>
												<AbsDimension x="22" y="-375"/>
											</Offset>
										</Anchor>
									</Anchors>
								</FontString>  								
                                <FontString name="HealBot_Error23" inherits="ChatFontNormal" text=" ">
									<Anchors>
										<Anchor point="TOPLEFT" relativePoint="TOPLEFT">
											<Offset>
												<AbsDimension x="22" y="-390"/>
											</Offset>
										</Anchor>
									</Anchors>
								</FontString>  								
                                <FontString name="HealBot_Error24" inherits="ChatFontNormal" text=" ">
									<Anchors>
										<Anchor point="TOPLEFT" relativePoint="TOPLEFT">
											<Offset>
												<AbsDimension x="22" y="-405"/>
											</Offset>
										</Anchor>
									</Anchors>
								</FontString>  
								<FontString name="HealBot_Error25" inherits="ChatFontNormal" text=" ">
									<Anchors>
										<Anchor point="TOPLEFT" relativePoint="TOPLEFT">
											<Offset>
												<AbsDimension x="22" y="-420"/>
											</Offset>
										</Anchor>
									</Anchors>
								</FontString>  			
								<FontString name="HealBot_Error26" inherits="ChatFontNormal" text=" ">
									<Anchors>
										<Anchor point="TOPLEFT" relativePoint="TOPLEFT">
											<Offset>
												<AbsDimension x="22" y="-435"/>
											</Offset>
										</Anchor>
									</Anchors>
								</FontString>  										
                                <FontString name="HealBot_Error27" inherits="ChatFontNormal" text=" ">
									<Anchors>
										<Anchor point="TOPLEFT" relativePoint="TOPLEFT">
											<Offset>
												<AbsDimension x="22" y="-450"/>
											</Offset>
										</Anchor>
									</Anchors>
								</FontString>  										
                                <FontString name="HealBot_Error28" inherits="ChatFontNormal" text=" ">
									<Anchors>
										<Anchor point="TOPLEFT" relativePoint="TOPLEFT">
											<Offset>
												<AbsDimension x="22" y="-465"/>
											</Offset>
										</Anchor>
									</Anchors>
								</FontString>  		                                
                                <FontString name="HealBot_Error_Clientx" inherits="GameFontNormalSmall" text="Alert Message Color">
									<Anchors>
										<Anchor point="BOTTOMRIGHT" relativePoint="BOTTOMRIGHT">
											<Offset>
												<AbsDimension x="-20" y="65"/>
											</Offset>
										</Anchor>
									</Anchors>
								</FontString>                
								<FontString name="HealBot_Error_Versionx" inherits="GameFontNormalSmall" text="Alert Message Color">
									<Anchors>
										<Anchor point="BOTTOMRIGHT" relativePoint="BOTTOMRIGHT">
											<Offset>
												<AbsDimension x="-20" y="50"/>
											</Offset>
										</Anchor>
									</Anchors>
								</FontString>                
								<FontString name="HealBot_Error_Classx" inherits="GameFontNormalSmall" text="Alert Message Color">
									<Anchors>
										<Anchor point="BOTTOMRIGHT" relativePoint="BOTTOMRIGHT">
											<Offset>
												<AbsDimension x="-20" y="35"/>
											</Offset>
										</Anchor>
									</Anchors>
								</FontString>                
							</Layer>
						</Layers>
    <Backdrop tile="true"
      bgFile="Interface\Tooltips\UI-Tooltip-Background"
      edgeFile="Interface\Tooltips\UI-Tooltip-Border">
      <EdgeSize>
        <AbsValue val="16"/>
      </EdgeSize>
      <TileSize>
        <AbsValue val="16"/>
      </TileSize>
      <BackgroundInsets>
        <AbsInset left="5" right="5" top="5" bottom="5"/>
      </BackgroundInsets>
    </Backdrop>
    <Frames>


			<Button name="HealBot_Error_CloseButton" inherits="UIPanelButtonTemplate" text="CLOSE">
				<Size>
					<AbsDimension x="80" y="20"/>
				</Size>
				<Anchors>
					<Anchor point="BOTTOM" relativePoint="BOTTOM">
						<Offset>
							<AbsDimension x="0" y="15"/>
						</Offset>
					</Anchor>
				</Anchors>
				<Scripts>
					<OnClick>
						HideUIPanel(this:GetParent());
					</OnClick>
				</Scripts>
			</Button>


    </Frames>
    <Scripts>
      <OnShow>
        HealBot_Errors_OnShow(this);
      </OnShow>
      <OnHide>
        HealBot_Errors_OnHide(this);
      </OnHide>
      <OnDragStart>
        HealBot_Errors_OnDragStart(this,arg1);
      </OnDragStart>
      <OnDragStop>
        HealBot_Errors_OnDragStop(this);
      </OnDragStop>
   </Scripts>
  </Frame>
</Ui>
