<Ui xmlns="http://www.blizzard.com/wow/ui" xmlns:xsi="http://www.w3.org/2001/XMLSchema-instance">
  <!--Autogenerated by wowuides, Version=1.0.200.0, Culture=neutral, PublicKeyToken=null-->
  <Frame name="TradesBarConfig" movable="true" enableMouse="true" enableKeyboard="true">
    <!--<FrameSkin skinid="dcb143e1-a4ab-4e7c-b934-1efa40101d21" frameid="2d508883-59c2-4f83-ae10-27aaad48391b" />-->
    <Size>
      <AbsDimension x="533" y="419" />
    </Size>
    <Anchors>
      <Anchor point="CENTER" relativeTo="UIParent">
        <Offset>
          <AbsDimension x="0" y="0" />
        </Offset>
      </Anchor>
    </Anchors>
    <Backdrop bgFile="Interface\DialogFrame\UI-DialogBox-Background" edgeFile="Interface\DialogFrame\UI-DialogBox-Border" tile="true">
      <BackgroundInsets>
        <AbsInset left="11" right="12" top="12" bottom="11" />
      </BackgroundInsets>
      <TileSize>
        <AbsValue val="32" />
      </TileSize>
      <EdgeSize>
        <AbsValue val="32" />
      </EdgeSize>
    </Backdrop>
    <Layers>
      <Layer>
        <Texture name="$parentTitleBorder" file="Interface\DialogFrame\UI-DialogBox-Header">
          <Size>
            <AbsDimension x="160" y="32" />
          </Size>
          <Anchors>
            <Anchor point="TOP">
              <Offset>
                <AbsDimension x="0" y="5" />
              </Offset>
            </Anchor>
          </Anchors>
          <TexCoords left="0.2" right="0.8" top="0" bottom="0.6" />
        </Texture>
        <FontString name="$parentTitleString" font="Fonts\FRIZQT__.TTF" text="TradesBar Config">
          <Size>
            <AbsDimension x="140" y="0" />
          </Size>
          <Anchors>
            <Anchor point="TOP">
              <Offset>
                <AbsDimension x="0" y="-4" />
              </Offset>
            </Anchor>
          </Anchors>
          <FontHeight>
            <AbsValue val="12" />
          </FontHeight>
          <Color r="1" g="0.8196079" b="0" />
          <Shadow>
            <Color r="0" g="0" b="0" />
            <Offset>
              <AbsDimension x="1" y="-1" />
            </Offset>
          </Shadow>
        </FontString>
      </Layer>
    </Layers>
    <Frames>
      <Button name="$parentButtonClose" text="X">
        <!--<FrameSkin skinid="dcb143e1-a4ab-4e7c-b934-1efa40101d21" frameid="2d508884-59c2-4f83-ae10-27aaad48391b" />-->
        <Size>
          <AbsDimension x="26" y="22" />
        </Size>
        <Anchors>
          <Anchor point="TOPLEFT">
            <Offset>
              <AbsDimension x="488" y="-17" />
            </Offset>
          </Anchor>
        </Anchors>
        <Scripts>
          <OnClick>TradesBarConfig:Hide();</OnClick>
        </Scripts>
        <NormalTexture file="Interface\Buttons\UI-Panel-Button-Up">
          <TexCoords left="0" right="0.625" top="0" bottom="0.6875" />
        </NormalTexture>
        <PushedTexture file="Interface\Buttons\UI-Panel-Button-Down">
          <TexCoords left="0" right="0.625" top="0" bottom="0.6875" />
        </PushedTexture>
        <DisabledTexture file="Interface\Buttons\UI-Panel-Button-Disabled">
          <TexCoords left="0" right="0.625" top="0" bottom="0.6875" />
        </DisabledTexture>
        <HighlightTexture file="Interface\Buttons\UI-Panel-Button-Highlight" alphaMode="ADD">
          <TexCoords left="0" right="0.625" top="0" bottom="0.6875" />
        </HighlightTexture>
        <NormalText name="$parentText" font="Fonts\FRIZQT__.TTF">
          <FontHeight>
            <AbsValue val="12" />
          </FontHeight>
          <Color r="1" g="0.8196079" b="0" />
          <Shadow>
            <Color r="0" g="0" b="0" />
            <Offset>
              <AbsDimension x="1" y="-1" />
            </Offset>
          </Shadow>
        </NormalText>
        <HighlightText font="Fonts\FRIZQT__.TTF">
          <FontHeight>
            <AbsValue val="12" />
          </FontHeight>
          <Color r="1" g="1" b="1" />
          <Shadow>
            <Color r="0" g="0" b="0" />
            <Offset>
              <AbsDimension x="1" y="-1" />
            </Offset>
          </Shadow>
        </HighlightText>
        <DisabledText font="Fonts\FRIZQT__.TTF">
          <FontHeight>
            <AbsValue val="12" />
          </FontHeight>
          <Color r="0.4980392" g="0.4980392" b="0.4980392" />
          <Shadow>
            <Color r="0" g="0" b="0" />
            <Offset>
              <AbsDimension x="1" y="-1" />
            </Offset>
          </Shadow>
        </DisabledText>
      </Button>
      <Frame name="$parentTexture1">
        <!--<FrameSkin skinid="f15d4970-d66d-444e-bb2d-1ad102c87fed" frameid="f15d4979-d66d-444e-bb2d-1ad102c87fed" />-->
        <Size>
          <AbsDimension x="88" y="88" />
        </Size>
        <Anchors>
          <Anchor point="TOPLEFT">
            <Offset>
              <AbsDimension x="372" y="-45" />
            </Offset>
          </Anchor>
        </Anchors>
        <Layers>
          <Layer>
            <Texture name="$parentTexture" setAllPoints="true" file="interface\battlefieldframe\ui-battlefield-icon">
              <TexCoords left="0" right="1" top="0" bottom="1" />
            </Texture>
          </Layer>
        </Layers>
      </Frame>
      <Frame name="$parentPanel5">
        <!--<FrameSkin skinid="dcb143e1-a4ab-4e7c-b934-1efa40101d21" frameid="2d508888-59c2-4f83-ae10-27aaad48391b" />-->
        <Size>
          <AbsDimension x="251" y="203" />
        </Size>
        <Anchors>
          <Anchor point="TOPLEFT">
            <Offset>
              <AbsDimension x="263" y="-195" />
            </Offset>
          </Anchor>
        </Anchors>
        <Backdrop bgFile="Interface\Tooltips\UI-Tooltip-Background" edgeFile="Interface\Tooltips\UI-Tooltip-Border" tile="true">
          <BackgroundInsets>
            <AbsInset left="5" right="5" top="5" bottom="5" />
          </BackgroundInsets>
          <TileSize>
            <AbsValue val="16" />
          </TileSize>
          <EdgeSize>
            <AbsValue val="16" />
          </EdgeSize>
        </Backdrop>
        <Frames>
          <CheckButton name="$parentCheckButton22">
            <!--<FrameSkin skinid="dcb143e1-a4ab-4e7c-b934-1efa40101d21" frameid="2d508886-59c2-4f83-ae10-27aaad48391b"><Property name="Size">&lt;?xml version="1.0"?&gt;
&lt;Size xmlns:xsi="http://www.w3.org/2001/XMLSchema-instance" xmlns:xsd="http://www.w3.org/2001/XMLSchema"&gt;
  &lt;Width&gt;100&lt;/Width&gt;
  &lt;Height&gt;32&lt;/Height&gt;
&lt;/Size&gt;</Property></FrameSkin>-->
            <Size>
              <AbsDimension x="32" y="32" />
            </Size>
            <Anchors>
              <Anchor point="TOPLEFT">
                <Offset>
                  <AbsDimension x="137" y="-81" />
                </Offset>
              </Anchor>
            </Anchors>
            <Layers>
              <Layer>
                <FontString name="$parentText" font="Fonts\FRIZQT__.TTF" text="Pick Pocket">
                  <Anchors>
                    <Anchor point="LEFT" relativePoint="RIGHT">
                      <Offset>
                        <AbsDimension x="-2" y="0" />
                      </Offset>
                    </Anchor>
                  </Anchors>
                  <FontHeight>
                    <AbsValue val="10" />
                  </FontHeight>
                  <Color r="1" g="0.8196079" b="0" />
                  <Shadow>
                    <Color r="0" g="0" b="0" />
                    <Offset>
                      <AbsDimension x="1" y="-1" />
                    </Offset>
                  </Shadow>
                </FontString>
              </Layer>
            </Layers>
            <Scripts>
              <OnClick>TradesBarConfigCheckBox_PickPocket_OnClick();</OnClick>
            </Scripts>
            <NormalTexture file="Interface\Buttons\UI-CheckBox-Up" />
            <PushedTexture file="Interface\Buttons\UI-CheckBox-Down" />
            <HighlightTexture file="Interface\Buttons\UI-CheckBox-Highlight" alphaMode="ADD" />
            <CheckedTexture file="Interface\Buttons\UI-CheckBox-Check" />
            <DisabledCheckedTexture file="Interface\Buttons\UI-CheckBox-Check-Disabled" />
          </CheckButton>
          <CheckButton name="$parentCheckButton21">
            <!--<FrameSkin skinid="dcb143e1-a4ab-4e7c-b934-1efa40101d21" frameid="2d508886-59c2-4f83-ae10-27aaad48391b"><Property name="Size">&lt;?xml version="1.0"?&gt;
&lt;Size xmlns:xsi="http://www.w3.org/2001/XMLSchema-instance" xmlns:xsd="http://www.w3.org/2001/XMLSchema"&gt;
  &lt;Width&gt;100&lt;/Width&gt;
  &lt;Height&gt;32&lt;/Height&gt;
&lt;/Size&gt;</Property></FrameSkin>-->
            <Size>
              <AbsDimension x="32" y="32" />
            </Size>
            <Anchors>
              <Anchor point="TOPLEFT">
                <Offset>
                  <AbsDimension x="137" y="-53" />
                </Offset>
              </Anchor>
            </Anchors>
            <Layers>
              <Layer>
                <FontString name="$parentText" font="Fonts\FRIZQT__.TTF" text="Pick Lock">
                  <Anchors>
                    <Anchor point="LEFT" relativePoint="RIGHT">
                      <Offset>
                        <AbsDimension x="-2" y="0" />
                      </Offset>
                    </Anchor>
                  </Anchors>
                  <FontHeight>
                    <AbsValue val="10" />
                  </FontHeight>
                  <Color r="1" g="0.8196079" b="0" />
                  <Shadow>
                    <Color r="0" g="0" b="0" />
                    <Offset>
                      <AbsDimension x="1" y="-1" />
                    </Offset>
                  </Shadow>
                </FontString>
              </Layer>
            </Layers>
            <Scripts>
              <OnClick>TradesBarConfigCheckBox_PickLock_OnClick();</OnClick>
            </Scripts>
            <NormalTexture file="Interface\Buttons\UI-CheckBox-Up" />
            <PushedTexture file="Interface\Buttons\UI-CheckBox-Down" />
            <HighlightTexture file="Interface\Buttons\UI-CheckBox-Highlight" alphaMode="ADD" />
            <CheckedTexture file="Interface\Buttons\UI-CheckBox-Check" />
            <DisabledCheckedTexture file="Interface\Buttons\UI-CheckBox-Check-Disabled" />
          </CheckButton>
          <CheckButton name="$parentCheckButton20">
            <!--<FrameSkin skinid="dcb143e1-a4ab-4e7c-b934-1efa40101d21" frameid="2d508886-59c2-4f83-ae10-27aaad48391b"><Property name="Size">&lt;?xml version="1.0"?&gt;
&lt;Size xmlns:xsi="http://www.w3.org/2001/XMLSchema-instance" xmlns:xsd="http://www.w3.org/2001/XMLSchema"&gt;
  &lt;Width&gt;100&lt;/Width&gt;
  &lt;Height&gt;32&lt;/Height&gt;
&lt;/Size&gt;</Property></FrameSkin>-->
            <Size>
              <AbsDimension x="32" y="32" />
            </Size>
            <Anchors>
              <Anchor point="TOPLEFT">
                <Offset>
                  <AbsDimension x="10" y="-53" />
                </Offset>
              </Anchor>
            </Anchors>
            <Layers>
              <Layer>
                <FontString name="$parentText" font="Fonts\FRIZQT__.TTF" text="Disenchant">
                  <Anchors>
                    <Anchor point="LEFT" relativePoint="RIGHT">
                      <Offset>
                        <AbsDimension x="-2" y="0" />
                      </Offset>
                    </Anchor>
                  </Anchors>
                  <FontHeight>
                    <AbsValue val="10" />
                  </FontHeight>
                  <Color r="1" g="0.8196079" b="0" />
                  <Shadow>
                    <Color r="0" g="0" b="0" />
                    <Offset>
                      <AbsDimension x="1" y="-1" />
                    </Offset>
                  </Shadow>
                </FontString>
              </Layer>
            </Layers>
            <Scripts>
              <OnClick>TradesBarConfigCheckBox_Disenchant_OnClick();</OnClick>
            </Scripts>
            <NormalTexture file="Interface\Buttons\UI-CheckBox-Up" />
            <PushedTexture file="Interface\Buttons\UI-CheckBox-Down" />
            <HighlightTexture file="Interface\Buttons\UI-CheckBox-Highlight" alphaMode="ADD" />
            <CheckedTexture file="Interface\Buttons\UI-CheckBox-Check" />
            <DisabledCheckedTexture file="Interface\Buttons\UI-CheckBox-Check-Disabled" />
          </CheckButton>
          <CheckButton name="$parentCheckButton19">
            <!--<FrameSkin skinid="dcb143e1-a4ab-4e7c-b934-1efa40101d21" frameid="2d508886-59c2-4f83-ae10-27aaad48391b"><Property name="Size">&lt;?xml version="1.0"?&gt;
&lt;Size xmlns:xsi="http://www.w3.org/2001/XMLSchema-instance" xmlns:xsd="http://www.w3.org/2001/XMLSchema"&gt;
  &lt;Width&gt;100&lt;/Width&gt;
  &lt;Height&gt;32&lt;/Height&gt;
&lt;/Size&gt;</Property></FrameSkin>-->
            <Size>
              <AbsDimension x="32" y="32" />
            </Size>
            <Anchors>
              <Anchor point="TOPLEFT">
                <Offset>
                  <AbsDimension x="10" y="-81" />
                </Offset>
              </Anchor>
            </Anchors>
            <Layers>
              <Layer>
                <FontString name="$parentText" font="Fonts\FRIZQT__.TTF" text="Find Herbs">
                  <Anchors>
                    <Anchor point="LEFT" relativePoint="RIGHT">
                      <Offset>
                        <AbsDimension x="-2" y="0" />
                      </Offset>
                    </Anchor>
                  </Anchors>
                  <FontHeight>
                    <AbsValue val="10" />
                  </FontHeight>
                  <Color r="1" g="0.8196079" b="0" />
                  <Shadow>
                    <Color r="0" g="0" b="0" />
                    <Offset>
                      <AbsDimension x="1" y="-1" />
                    </Offset>
                  </Shadow>
                </FontString>
              </Layer>
            </Layers>
            <Scripts>
              <OnClick>TradesBarConfigCheckBox_FindHerbs_OnClick();</OnClick>
            </Scripts>
            <NormalTexture file="Interface\Buttons\UI-CheckBox-Up" />
            <PushedTexture file="Interface\Buttons\UI-CheckBox-Down" />
            <HighlightTexture file="Interface\Buttons\UI-CheckBox-Highlight" alphaMode="ADD" />
            <CheckedTexture file="Interface\Buttons\UI-CheckBox-Check" />
            <DisabledCheckedTexture file="Interface\Buttons\UI-CheckBox-Check-Disabled" />
          </CheckButton>
          <CheckButton name="$parentCheckButton18">
            <!--<FrameSkin skinid="dcb143e1-a4ab-4e7c-b934-1efa40101d21" frameid="2d508886-59c2-4f83-ae10-27aaad48391b"><Property name="Size">&lt;?xml version="1.0"?&gt;
&lt;Size xmlns:xsi="http://www.w3.org/2001/XMLSchema-instance" xmlns:xsd="http://www.w3.org/2001/XMLSchema"&gt;
  &lt;Width&gt;100&lt;/Width&gt;
  &lt;Height&gt;32&lt;/Height&gt;
&lt;/Size&gt;</Property></FrameSkin>-->
            <Size>
              <AbsDimension x="32" y="32" />
            </Size>
            <Anchors>
              <Anchor point="TOPLEFT">
                <Offset>
                  <AbsDimension x="10" y="-109" />
                </Offset>
              </Anchor>
            </Anchors>
            <Layers>
              <Layer>
                <FontString name="$parentText" font="Fonts\FRIZQT__.TTF" text="Find Minerals">
                  <Anchors>
                    <Anchor point="LEFT" relativePoint="RIGHT">
                      <Offset>
                        <AbsDimension x="-2" y="0" />
                      </Offset>
                    </Anchor>
                  </Anchors>
                  <FontHeight>
                    <AbsValue val="10" />
                  </FontHeight>
                  <Color r="1" g="0.8196079" b="0" />
                  <Shadow>
                    <Color r="0" g="0" b="0" />
                    <Offset>
                      <AbsDimension x="1" y="-1" />
                    </Offset>
                  </Shadow>
                </FontString>
              </Layer>
            </Layers>
            <Scripts>
              <OnClick>TradesBarConfigCheckBox_FindMinerals_OnClick();</OnClick>
            </Scripts>
            <NormalTexture file="Interface\Buttons\UI-CheckBox-Up" />
            <PushedTexture file="Interface\Buttons\UI-CheckBox-Down" />
            <HighlightTexture file="Interface\Buttons\UI-CheckBox-Highlight" alphaMode="ADD" />
            <CheckedTexture file="Interface\Buttons\UI-CheckBox-Check" />
            <DisabledCheckedTexture file="Interface\Buttons\UI-CheckBox-Check-Disabled" />
          </CheckButton>
                    <CheckButton name="$parentCheckButton23">
            <!--<FrameSkin skinid="dcb143e1-a4ab-4e7c-b934-1efa40101d21" frameid="2d508886-59c2-4f83-ae10-27aaad48391b"><Property name="Size">&lt;?xml version="1.0"?&gt;
&lt;Size xmlns:xsi="http://www.w3.org/2001/XMLSchema-instance" xmlns:xsd="http://www.w3.org/2001/XMLSchema"&gt;
  &lt;Width&gt;100&lt;/Width&gt;
  &lt;Height&gt;32&lt;/Height&gt;
&lt;/Size&gt;</Property></FrameSkin>-->
            <Size>
              <AbsDimension x="32" y="32" />
            </Size>
            <Anchors>
              <Anchor point="TOPLEFT">
                <Offset>
                  <AbsDimension x="10" y="-137" />
                </Offset>
              </Anchor>
            </Anchors>
            <Layers>
              <Layer>
                <FontString name="$parentText" font="Fonts\FRIZQT__.TTF" text="Find Treasure">
                  <Anchors>
                    <Anchor point="LEFT" relativePoint="RIGHT">
                      <Offset>
                        <AbsDimension x="-2" y="0" />
                      </Offset>
                    </Anchor>
                  </Anchors>
                  <FontHeight>
                    <AbsValue val="10" />
                  </FontHeight>
                  <Color r="1" g="0.8196079" b="0" />
                  <Shadow>
                    <Color r="0" g="0" b="0" />
                    <Offset>
                      <AbsDimension x="1" y="-1" />
                    </Offset>
                  </Shadow>
                </FontString>
              </Layer>
            </Layers>
            <Scripts>
              <OnClick>TradesBarConfigCheckBox_FindTreasure_OnClick();</OnClick>
            </Scripts>
            <NormalTexture file="Interface\Buttons\UI-CheckBox-Up" />
            <PushedTexture file="Interface\Buttons\UI-CheckBox-Down" />
            <HighlightTexture file="Interface\Buttons\UI-CheckBox-Highlight" alphaMode="ADD" />
            <CheckedTexture file="Interface\Buttons\UI-CheckBox-Check" />
            <DisabledCheckedTexture file="Interface\Buttons\UI-CheckBox-Check-Disabled" />
          </CheckButton>
          <CheckButton name="$parentCheckButton17">
            <!--<FrameSkin skinid="dcb143e1-a4ab-4e7c-b934-1efa40101d21" frameid="2d508886-59c2-4f83-ae10-27aaad48391b"><Property name="Size">&lt;?xml version="1.0"?&gt;
&lt;Size xmlns:xsi="http://www.w3.org/2001/XMLSchema-instance" xmlns:xsd="http://www.w3.org/2001/XMLSchema"&gt;
  &lt;Width&gt;100&lt;/Width&gt;
  &lt;Height&gt;32&lt;/Height&gt;
&lt;/Size&gt;</Property></FrameSkin>-->
            <Size>
              <AbsDimension x="32" y="32" />
            </Size>
            <Anchors>
              <Anchor point="TOPLEFT">
                <Offset>
                  <AbsDimension x="137" y="-27" />
                </Offset>
              </Anchor>
            </Anchors>
            <Layers>
              <Layer>
                <FontString name="$parentText" font="Fonts\FRIZQT__.TTF" text="Poisons">
                  <Anchors>
                    <Anchor point="LEFT" relativePoint="RIGHT">
                      <Offset>
                        <AbsDimension x="-2" y="0" />
                      </Offset>
                    </Anchor>
                  </Anchors>
                  <FontHeight>
                    <AbsValue val="10" />
                  </FontHeight>
                  <Color r="1" g="0.8196079" b="0" />
                  <Shadow>
                    <Color r="0" g="0" b="0" />
                    <Offset>
                      <AbsDimension x="1" y="-1" />
                    </Offset>
                  </Shadow>
                </FontString>
              </Layer>
            </Layers>
            <Scripts>
              <OnClick>TradesBarConfigCheckBox_Poisons_OnClick();</OnClick>
            </Scripts>
            <NormalTexture file="Interface\Buttons\UI-CheckBox-Up" />
            <PushedTexture file="Interface\Buttons\UI-CheckBox-Down" />
            <HighlightTexture file="Interface\Buttons\UI-CheckBox-Highlight" alphaMode="ADD" />
            <CheckedTexture file="Interface\Buttons\UI-CheckBox-Check" />
            <DisabledCheckedTexture file="Interface\Buttons\UI-CheckBox-Check-Disabled" />
          </CheckButton>
          <Frame name="$parentComponent2">
            <!--<FrameSkin skinid="dcb143e1-a4ab-4e7c-b934-1efa40101d21" frameid="2d508885-59c2-4f83-ae10-27aaad48391b" />-->
            <Size>
              <AbsDimension x="227" y="18" />
            </Size>
            <Anchors>
              <Anchor point="TOPLEFT">
                <Offset>
                  <AbsDimension x="10" y="-10" />
                </Offset>
              </Anchor>
            </Anchors>
            <Layers>
              <Layer>
                <FontString name="$parentLabel" font="Fonts\FRIZQT__.TTF" text="Extras">
                  <Anchors>
                    <Anchor point="TOPLEFT" />
                    <Anchor point="BOTTOMRIGHT" />
                  </Anchors>
                  <FontHeight>
                    <AbsValue val="9" />
                  </FontHeight>
                  <Color r="1" g="0.8196079" b="0" />
                  <Shadow>
                    <Color r="0" g="0" b="0" />
                    <Offset>
                      <AbsDimension x="1" y="-1" />
                    </Offset>
                  </Shadow>
                </FontString>
              </Layer>
            </Layers>
          </Frame>
          <CheckButton name="$parentCheckButton10">
            <!--<FrameSkin skinid="dcb143e1-a4ab-4e7c-b934-1efa40101d21" frameid="2d508886-59c2-4f83-ae10-27aaad48391b"><Property name="Size">&lt;?xml version="1.0"?&gt;
&lt;Size xmlns:xsi="http://www.w3.org/2001/XMLSchema-instance" xmlns:xsd="http://www.w3.org/2001/XMLSchema"&gt;
  &lt;Width&gt;100&lt;/Width&gt;
  &lt;Height&gt;32&lt;/Height&gt;
&lt;/Size&gt;</Property></FrameSkin>-->
            <Size>
              <AbsDimension x="32" y="32" />
            </Size>
            <Anchors>
              <Anchor point="TOPLEFT">
                <Offset>
                  <AbsDimension x="10" y="-27" />
                </Offset>
              </Anchor>
            </Anchors>
            <Layers>
              <Layer>
                <FontString name="$parentText" font="Fonts\FRIZQT__.TTF" text="Basic Campfire">
                  <Anchors>
                    <Anchor point="LEFT" relativePoint="RIGHT">
                      <Offset>
                        <AbsDimension x="-2" y="0" />
                      </Offset>
                    </Anchor>
                  </Anchors>
                  <FontHeight>
                    <AbsValue val="10" />
                  </FontHeight>
                  <Color r="1" g="0.8196079" b="0" />
                  <Shadow>
                    <Color r="0" g="0" b="0" />
                    <Offset>
                      <AbsDimension x="1" y="-1" />
                    </Offset>
                  </Shadow>
                </FontString>
              </Layer>
            </Layers>
            <Scripts>
              <OnClick>TradesBarConfigCheckBox_BasicCampfire_OnClick();</OnClick>
            </Scripts>
            <NormalTexture file="Interface\Buttons\UI-CheckBox-Up" />
            <PushedTexture file="Interface\Buttons\UI-CheckBox-Down" />
            <HighlightTexture file="Interface\Buttons\UI-CheckBox-Highlight" alphaMode="ADD" />
            <CheckedTexture file="Interface\Buttons\UI-CheckBox-Check" />
            <DisabledCheckedTexture file="Interface\Buttons\UI-CheckBox-Check-Disabled" />
          </CheckButton>
        </Frames>
      </Frame>
      <Frame name="$parentPanel4">
        <!--<FrameSkin skinid="dcb143e1-a4ab-4e7c-b934-1efa40101d21" frameid="2d508888-59c2-4f83-ae10-27aaad48391b" />-->
        <Size>
          <AbsDimension x="236" y="203" />
        </Size>
        <Anchors>
          <Anchor point="TOPLEFT">
            <Offset>
              <AbsDimension x="21" y="-195" />
            </Offset>
          </Anchor>
        </Anchors>
        <Backdrop bgFile="Interface\Tooltips\UI-Tooltip-Background" edgeFile="Interface\Tooltips\UI-Tooltip-Border" tile="true">
          <BackgroundInsets>
            <AbsInset left="5" right="5" top="5" bottom="5" />
          </BackgroundInsets>
          <TileSize>
            <AbsValue val="16" />
          </TileSize>
          <EdgeSize>
            <AbsValue val="16" />
          </EdgeSize>
        </Backdrop>
        <Frames>
          <CheckButton name="$parentCheckButton12">
            <!--<FrameSkin skinid="dcb143e1-a4ab-4e7c-b934-1efa40101d21" frameid="2d508886-59c2-4f83-ae10-27aaad48391b"><Property name="Size">&lt;?xml version="1.0"?&gt;
&lt;Size xmlns:xsi="http://www.w3.org/2001/XMLSchema-instance" xmlns:xsd="http://www.w3.org/2001/XMLSchema"&gt;
  &lt;Width&gt;100&lt;/Width&gt;
  &lt;Height&gt;32&lt;/Height&gt;
&lt;/Size&gt;</Property></FrameSkin>-->
            <Size>
              <AbsDimension x="32" y="32" />
            </Size>
            <Anchors>
              <Anchor point="TOPLEFT">
                <Offset>
                  <AbsDimension x="116" y="-26" />
                </Offset>
              </Anchor>
            </Anchors>
            <Layers>
              <Layer>
                <FontString name="$parentText" font="Fonts\FRIZQT__.TTF" text="Fishing">
                  <Anchors>
                    <Anchor point="LEFT" relativePoint="RIGHT">
                      <Offset>
                        <AbsDimension x="-2" y="0" />
                      </Offset>
                    </Anchor>
                  </Anchors>
                  <FontHeight>
                    <AbsValue val="10" />
                  </FontHeight>
                  <Color r="1" g="0.8196079" b="0" />
                  <Shadow>
                    <Color r="0" g="0" b="0" />
                    <Offset>
                      <AbsDimension x="1" y="-1" />
                    </Offset>
                  </Shadow>
                </FontString>
              </Layer>
            </Layers>
            <Scripts>
              <OnClick>TradesBarConfigCheckBox_Fishing_OnClick();</OnClick>
            </Scripts>
            <NormalTexture file="Interface\Buttons\UI-CheckBox-Up" />
            <PushedTexture file="Interface\Buttons\UI-CheckBox-Down" />
            <HighlightTexture file="Interface\Buttons\UI-CheckBox-Highlight" alphaMode="ADD" />
            <CheckedTexture file="Interface\Buttons\UI-CheckBox-Check" />
            <DisabledCheckedTexture file="Interface\Buttons\UI-CheckBox-Check-Disabled" />
          </CheckButton>
          <CheckButton name="$parentCheckButton11">
            <!--<FrameSkin skinid="dcb143e1-a4ab-4e7c-b934-1efa40101d21" frameid="2d508886-59c2-4f83-ae10-27aaad48391b"><Property name="Size">&lt;?xml version="1.0"?&gt;
&lt;Size xmlns:xsi="http://www.w3.org/2001/XMLSchema-instance" xmlns:xsd="http://www.w3.org/2001/XMLSchema"&gt;
  &lt;Width&gt;100&lt;/Width&gt;
  &lt;Height&gt;32&lt;/Height&gt;
&lt;/Size&gt;</Property></FrameSkin>-->
            <Size>
              <AbsDimension x="32" y="32" />
            </Size>
            <Anchors>
              <Anchor point="TOPLEFT">
                <Offset>
                  <AbsDimension x="10" y="-162" />
                </Offset>
              </Anchor>
            </Anchors>
            <Layers>
              <Layer>
                <FontString name="$parentText" font="Fonts\FRIZQT__.TTF" text="First Aid">
                  <Anchors>
                    <Anchor point="LEFT" relativePoint="RIGHT">
                      <Offset>
                        <AbsDimension x="-2" y="0" />
                      </Offset>
                    </Anchor>
                  </Anchors>
                  <FontHeight>
                    <AbsValue val="10" />
                  </FontHeight>
                  <Color r="1" g="0.8196079" b="0" />
                  <Shadow>
                    <Color r="0" g="0" b="0" />
                    <Offset>
                      <AbsDimension x="1" y="-1" />
                    </Offset>
                  </Shadow>
                </FontString>
              </Layer>
            </Layers>
            <Scripts>
              <OnClick>TradesBarConfigCheckBox_FirstAid_OnClick();</OnClick>
            </Scripts>
            <NormalTexture file="Interface\Buttons\UI-CheckBox-Up" />
            <PushedTexture file="Interface\Buttons\UI-CheckBox-Down" />
            <HighlightTexture file="Interface\Buttons\UI-CheckBox-Highlight" alphaMode="ADD" />
            <CheckedTexture file="Interface\Buttons\UI-CheckBox-Check" />
            <DisabledCheckedTexture file="Interface\Buttons\UI-CheckBox-Check-Disabled" />
          </CheckButton>
          <CheckButton name="$parentCheckButton4">
            <!--<FrameSkin skinid="dcb143e1-a4ab-4e7c-b934-1efa40101d21" frameid="2d508886-59c2-4f83-ae10-27aaad48391b"><Property name="Size">&lt;?xml version="1.0"?&gt;
&lt;Size xmlns:xsi="http://www.w3.org/2001/XMLSchema-instance" xmlns:xsd="http://www.w3.org/2001/XMLSchema"&gt;
  &lt;Width&gt;100&lt;/Width&gt;
  &lt;Height&gt;32&lt;/Height&gt;
&lt;/Size&gt;</Property></FrameSkin>-->
            <Size>
              <AbsDimension x="32" y="32" />
            </Size>
            <Anchors>
              <Anchor point="TOPLEFT">
                <Offset>
                  <AbsDimension x="10" y="-26" />
                </Offset>
              </Anchor>
            </Anchors>
            <Layers>
              <Layer>
                <FontString name="$parentText" font="Fonts\FRIZQT__.TTF" text="Alchemy">
                  <Anchors>
                    <Anchor point="LEFT" relativePoint="RIGHT">
                      <Offset>
                        <AbsDimension x="-2" y="0" />
                      </Offset>
                    </Anchor>
                  </Anchors>
                  <FontHeight>
                    <AbsValue val="10" />
                  </FontHeight>
                  <Color r="1" g="0.8196079" b="0" />
                  <Shadow>
                    <Color r="0" g="0" b="0" />
                    <Offset>
                      <AbsDimension x="1" y="-1" />
                    </Offset>
                  </Shadow>
                </FontString>
              </Layer>
            </Layers>
            <Scripts>
              <OnClick>TradesBarConfigCheckBox_Alchemy_OnClick();</OnClick>
            </Scripts>
            <NormalTexture file="Interface\Buttons\UI-CheckBox-Up" />
            <PushedTexture file="Interface\Buttons\UI-CheckBox-Down" />
            <HighlightTexture file="Interface\Buttons\UI-CheckBox-Highlight" alphaMode="ADD" />
            <CheckedTexture file="Interface\Buttons\UI-CheckBox-Check" />
            <DisabledCheckedTexture file="Interface\Buttons\UI-CheckBox-Check-Disabled" />
          </CheckButton>
          <CheckButton name="$parentCheckButton6">
            <!--<FrameSkin skinid="dcb143e1-a4ab-4e7c-b934-1efa40101d21" frameid="2d508886-59c2-4f83-ae10-27aaad48391b"><Property name="Size">&lt;?xml version="1.0"?&gt;
&lt;Size xmlns:xsi="http://www.w3.org/2001/XMLSchema-instance" xmlns:xsd="http://www.w3.org/2001/XMLSchema"&gt;
  &lt;Width&gt;100&lt;/Width&gt;
  &lt;Height&gt;32&lt;/Height&gt;
&lt;/Size&gt;</Property></FrameSkin>-->
            <Size>
              <AbsDimension x="32" y="32" />
            </Size>
            <Anchors>
              <Anchor point="TOPLEFT">
                <Offset>
                  <AbsDimension x="10" y="-81" />
                </Offset>
              </Anchor>
            </Anchors>
            <Layers>
              <Layer>
                <FontString name="$parentText" font="Fonts\FRIZQT__.TTF" text="Cooking">
                  <Anchors>
                    <Anchor point="LEFT" relativePoint="RIGHT">
                      <Offset>
                        <AbsDimension x="-2" y="0" />
                      </Offset>
                    </Anchor>
                  </Anchors>
                  <FontHeight>
                    <AbsValue val="10" />
                  </FontHeight>
                  <Color r="1" g="0.8196079" b="0" />
                  <Shadow>
                    <Color r="0" g="0" b="0" />
                    <Offset>
                      <AbsDimension x="1" y="-1" />
                    </Offset>
                  </Shadow>
                </FontString>
              </Layer>
            </Layers>
            <Scripts>
              <OnClick>TradesBarConfigCheckBox_Cooking_OnClick();</OnClick>
            </Scripts>
            <NormalTexture file="Interface\Buttons\UI-CheckBox-Up" />
            <PushedTexture file="Interface\Buttons\UI-CheckBox-Down" />
            <HighlightTexture file="Interface\Buttons\UI-CheckBox-Highlight" alphaMode="ADD" />
            <CheckedTexture file="Interface\Buttons\UI-CheckBox-Check" />
            <DisabledCheckedTexture file="Interface\Buttons\UI-CheckBox-Check-Disabled" />
          </CheckButton>
          <CheckButton name="$parentCheckButton5">
            <!--<FrameSkin skinid="dcb143e1-a4ab-4e7c-b934-1efa40101d21" frameid="2d508886-59c2-4f83-ae10-27aaad48391b"><Property name="Size">&lt;?xml version="1.0"?&gt;
&lt;Size xmlns:xsi="http://www.w3.org/2001/XMLSchema-instance" xmlns:xsd="http://www.w3.org/2001/XMLSchema"&gt;
  &lt;Width&gt;100&lt;/Width&gt;
  &lt;Height&gt;32&lt;/Height&gt;
&lt;/Size&gt;</Property></FrameSkin>-->
            <Size>
              <AbsDimension x="32" y="32" />
            </Size>
            <Anchors>
              <Anchor point="TOPLEFT">
                <Offset>
                  <AbsDimension x="10" y="-53" />
                </Offset>
              </Anchor>
            </Anchors>
            <Layers>
              <Layer>
                <FontString name="$parentText" font="Fonts\FRIZQT__.TTF" text="Blacksmithing">
                  <Anchors>
                    <Anchor point="LEFT" relativePoint="RIGHT">
                      <Offset>
                        <AbsDimension x="-2" y="0" />
                      </Offset>
                    </Anchor>
                  </Anchors>
                  <FontHeight>
                    <AbsValue val="10" />
                  </FontHeight>
                  <Color r="1" g="0.8196079" b="0" />
                  <Shadow>
                    <Color r="0" g="0" b="0" />
                    <Offset>
                      <AbsDimension x="1" y="-1" />
                    </Offset>
                  </Shadow>
                </FontString>
              </Layer>
            </Layers>
            <Scripts>
              <OnClick>TradesBarConfigCheckBox_Blacksmithing_OnClick();</OnClick>
            </Scripts>
            <NormalTexture file="Interface\Buttons\UI-CheckBox-Up" />
            <PushedTexture file="Interface\Buttons\UI-CheckBox-Down" />
            <HighlightTexture file="Interface\Buttons\UI-CheckBox-Highlight" alphaMode="ADD" />
            <CheckedTexture file="Interface\Buttons\UI-CheckBox-Check" />
            <DisabledCheckedTexture file="Interface\Buttons\UI-CheckBox-Check-Disabled" />
          </CheckButton>
          <CheckButton name="$parentCheckButton16">
            <!--<FrameSkin skinid="dcb143e1-a4ab-4e7c-b934-1efa40101d21" frameid="2d508886-59c2-4f83-ae10-27aaad48391b"><Property name="Size">&lt;?xml version="1.0"?&gt;
&lt;Size xmlns:xsi="http://www.w3.org/2001/XMLSchema-instance" xmlns:xsd="http://www.w3.org/2001/XMLSchema"&gt;
  &lt;Width&gt;100&lt;/Width&gt;
  &lt;Height&gt;32&lt;/Height&gt;
&lt;/Size&gt;</Property></FrameSkin>-->
            <Size>
              <AbsDimension x="32" y="32" />
            </Size>
            <Anchors>
              <Anchor point="TOPLEFT">
                <Offset>
                  <AbsDimension x="116" y="-107" />
                </Offset>
              </Anchor>
            </Anchors>
            <Layers>
              <Layer>
                <FontString name="$parentText" font="Fonts\FRIZQT__.TTF" text="Smelting">
                  <Anchors>
                    <Anchor point="LEFT" relativePoint="RIGHT">
                      <Offset>
                        <AbsDimension x="-2" y="0" />
                      </Offset>
                    </Anchor>
                  </Anchors>
                  <FontHeight>
                    <AbsValue val="10" />
                  </FontHeight>
                  <Color r="1" g="0.8196079" b="0" />
                  <Shadow>
                    <Color r="0" g="0" b="0" />
                    <Offset>
                      <AbsDimension x="1" y="-1" />
                    </Offset>
                  </Shadow>
                </FontString>
              </Layer>
            </Layers>
            <Scripts>
              <OnClick>TradesBarConfigCheckBox_Smelting_OnClick();</OnClick>
            </Scripts>
            <NormalTexture file="Interface\Buttons\UI-CheckBox-Up" />
            <PushedTexture file="Interface\Buttons\UI-CheckBox-Down" />
            <HighlightTexture file="Interface\Buttons\UI-CheckBox-Highlight" alphaMode="ADD" />
            <CheckedTexture file="Interface\Buttons\UI-CheckBox-Check" />
            <DisabledCheckedTexture file="Interface\Buttons\UI-CheckBox-Check-Disabled" />
          </CheckButton>
          <CheckButton name="$parentCheckButton7">
            <!--<FrameSkin skinid="dcb143e1-a4ab-4e7c-b934-1efa40101d21" frameid="2d508886-59c2-4f83-ae10-27aaad48391b"><Property name="Size">&lt;?xml version="1.0"?&gt;
&lt;Size xmlns:xsi="http://www.w3.org/2001/XMLSchema-instance" xmlns:xsd="http://www.w3.org/2001/XMLSchema"&gt;
  &lt;Width&gt;100&lt;/Width&gt;
  &lt;Height&gt;32&lt;/Height&gt;
&lt;/Size&gt;</Property></FrameSkin>-->
            <Size>
              <AbsDimension x="32" y="32" />
            </Size>
            <Anchors>
              <Anchor point="TOPLEFT">
                <Offset>
                  <AbsDimension x="10" y="-109" />
                </Offset>
              </Anchor>
            </Anchors>
            <Layers>
              <Layer>
                <FontString name="$parentText" font="Fonts\FRIZQT__.TTF" text="Enchanting">
                  <Anchors>
                    <Anchor point="LEFT" relativePoint="RIGHT">
                      <Offset>
                        <AbsDimension x="-2" y="0" />
                      </Offset>
                    </Anchor>
                  </Anchors>
                  <FontHeight>
                    <AbsValue val="10" />
                  </FontHeight>
                  <Color r="1" g="0.8196079" b="0" />
                  <Shadow>
                    <Color r="0" g="0" b="0" />
                    <Offset>
                      <AbsDimension x="1" y="-1" />
                    </Offset>
                  </Shadow>
                </FontString>
              </Layer>
            </Layers>
            <Scripts>
              <OnClick>TradesBarConfigCheckBox_Enchanting_OnClick();</OnClick>
            </Scripts>
            <NormalTexture file="Interface\Buttons\UI-CheckBox-Up" />
            <PushedTexture file="Interface\Buttons\UI-CheckBox-Down" />
            <HighlightTexture file="Interface\Buttons\UI-CheckBox-Highlight" alphaMode="ADD" />
            <CheckedTexture file="Interface\Buttons\UI-CheckBox-Check" />
            <DisabledCheckedTexture file="Interface\Buttons\UI-CheckBox-Check-Disabled" />
          </CheckButton>
          <CheckButton name="$parentCheckButton15">
            <!--<FrameSkin skinid="dcb143e1-a4ab-4e7c-b934-1efa40101d21" frameid="2d508886-59c2-4f83-ae10-27aaad48391b"><Property name="Size">&lt;?xml version="1.0"?&gt;
&lt;Size xmlns:xsi="http://www.w3.org/2001/XMLSchema-instance" xmlns:xsd="http://www.w3.org/2001/XMLSchema"&gt;
  &lt;Width&gt;100&lt;/Width&gt;
  &lt;Height&gt;32&lt;/Height&gt;
&lt;/Size&gt;</Property></FrameSkin>-->
            <Size>
              <AbsDimension x="32" y="32" />
            </Size>
            <Anchors>
              <Anchor point="TOPLEFT">
                <Offset>
                  <AbsDimension x="116" y="-135" />
                </Offset>
              </Anchor>
            </Anchors>
            <Layers>
              <Layer>
                <FontString name="$parentText" font="Fonts\FRIZQT__.TTF" text="Skinning">
                  <Anchors>
                    <Anchor point="LEFT" relativePoint="RIGHT">
                      <Offset>
                        <AbsDimension x="-2" y="0" />
                      </Offset>
                    </Anchor>
                  </Anchors>
                  <FontHeight>
                    <AbsValue val="10" />
                  </FontHeight>
                  <Color r="1" g="0.8196079" b="0" />
                  <Shadow>
                    <Color r="0" g="0" b="0" />
                    <Offset>
                      <AbsDimension x="1" y="-1" />
                    </Offset>
                  </Shadow>
                </FontString>
              </Layer>
            </Layers>
            <Scripts>
              <OnClick>TradesBarConfigCheckBox_Skinning_OnClick();</OnClick>
            </Scripts>
            <NormalTexture file="Interface\Buttons\UI-CheckBox-Up" />
            <PushedTexture file="Interface\Buttons\UI-CheckBox-Down" />
            <HighlightTexture file="Interface\Buttons\UI-CheckBox-Highlight" alphaMode="ADD" />
            <CheckedTexture file="Interface\Buttons\UI-CheckBox-Check" />
            <DisabledCheckedTexture file="Interface\Buttons\UI-CheckBox-Check-Disabled" />
          </CheckButton>
          <CheckButton name="$parentCheckButton8">
            <!--<FrameSkin skinid="dcb143e1-a4ab-4e7c-b934-1efa40101d21" frameid="2d508886-59c2-4f83-ae10-27aaad48391b"><Property name="Size">&lt;?xml version="1.0"?&gt;
&lt;Size xmlns:xsi="http://www.w3.org/2001/XMLSchema-instance" xmlns:xsd="http://www.w3.org/2001/XMLSchema"&gt;
  &lt;Width&gt;100&lt;/Width&gt;
  &lt;Height&gt;32&lt;/Height&gt;
&lt;/Size&gt;</Property></FrameSkin>-->
            <Size>
              <AbsDimension x="32" y="32" />
            </Size>
            <Anchors>
              <Anchor point="TOPLEFT">
                <Offset>
                  <AbsDimension x="10" y="-136" />
                </Offset>
              </Anchor>
            </Anchors>
            <Layers>
              <Layer>
                <FontString name="$parentText" font="Fonts\FRIZQT__.TTF" text="Engineering">
                  <Anchors>
                    <Anchor point="LEFT" relativePoint="RIGHT">
                      <Offset>
                        <AbsDimension x="-2" y="0" />
                      </Offset>
                    </Anchor>
                  </Anchors>
                  <FontHeight>
                    <AbsValue val="10" />
                  </FontHeight>
                  <Color r="1" g="0.8196079" b="0" />
                  <Shadow>
                    <Color r="0" g="0" b="0" />
                    <Offset>
                      <AbsDimension x="1" y="-1" />
                    </Offset>
                  </Shadow>
                </FontString>
              </Layer>
            </Layers>
            <Scripts>
              <OnClick>TradesBarConfigCheckBox_Engineering_OnClick();</OnClick>
            </Scripts>
            <NormalTexture file="Interface\Buttons\UI-CheckBox-Up" />
            <PushedTexture file="Interface\Buttons\UI-CheckBox-Down" />
            <HighlightTexture file="Interface\Buttons\UI-CheckBox-Highlight" alphaMode="ADD" />
            <CheckedTexture file="Interface\Buttons\UI-CheckBox-Check" />
            <DisabledCheckedTexture file="Interface\Buttons\UI-CheckBox-Check-Disabled" />
          </CheckButton>
          <CheckButton name="$parentCheckButton14">
            <!--<FrameSkin skinid="dcb143e1-a4ab-4e7c-b934-1efa40101d21" frameid="2d508886-59c2-4f83-ae10-27aaad48391b"><Property name="Size">&lt;?xml version="1.0"?&gt;
&lt;Size xmlns:xsi="http://www.w3.org/2001/XMLSchema-instance" xmlns:xsd="http://www.w3.org/2001/XMLSchema"&gt;
  &lt;Width&gt;100&lt;/Width&gt;
  &lt;Height&gt;32&lt;/Height&gt;
&lt;/Size&gt;</Property></FrameSkin>-->
            <Size>
              <AbsDimension x="32" y="32" />
            </Size>
            <Anchors>
              <Anchor point="TOPLEFT">
                <Offset>
                  <AbsDimension x="116" y="-81" />
                </Offset>
              </Anchor>
            </Anchors>
            <Layers>
              <Layer>
                <FontString name="$parentText" font="Fonts\FRIZQT__.TTF" text="Leatherworking">
                  <Anchors>
                    <Anchor point="LEFT" relativePoint="RIGHT">
                      <Offset>
                        <AbsDimension x="-2" y="0" />
                      </Offset>
                    </Anchor>
                  </Anchors>
                  <FontHeight>
                    <AbsValue val="10" />
                  </FontHeight>
                  <Color r="1" g="0.8196079" b="0" />
                  <Shadow>
                    <Color r="0" g="0" b="0" />
                    <Offset>
                      <AbsDimension x="1" y="-1" />
                    </Offset>
                  </Shadow>
                </FontString>
              </Layer>
            </Layers>
            <Scripts>
              <OnClick>TradesBarConfigCheckBox_leatherworking_OnClick();</OnClick>
            </Scripts>
            <NormalTexture file="Interface\Buttons\UI-CheckBox-Up" />
            <PushedTexture file="Interface\Buttons\UI-CheckBox-Down" />
            <HighlightTexture file="Interface\Buttons\UI-CheckBox-Highlight" alphaMode="ADD" />
            <CheckedTexture file="Interface\Buttons\UI-CheckBox-Check" />
            <DisabledCheckedTexture file="Interface\Buttons\UI-CheckBox-Check-Disabled" />
          </CheckButton>
          <CheckButton name="$parentCheckButton9">
            <!--<FrameSkin skinid="dcb143e1-a4ab-4e7c-b934-1efa40101d21" frameid="2d508886-59c2-4f83-ae10-27aaad48391b"><Property name="Size">&lt;?xml version="1.0"?&gt;
&lt;Size xmlns:xsi="http://www.w3.org/2001/XMLSchema-instance" xmlns:xsd="http://www.w3.org/2001/XMLSchema"&gt;
  &lt;Width&gt;100&lt;/Width&gt;
  &lt;Height&gt;32&lt;/Height&gt;
&lt;/Size&gt;</Property></FrameSkin>-->
            <Size>
              <AbsDimension x="32" y="32" />
            </Size>
            <Anchors>
              <Anchor point="TOPLEFT">
                <Offset>
                  <AbsDimension x="116" y="-53" />
                </Offset>
              </Anchor>
            </Anchors>
            <Layers>
              <Layer>
                <FontString name="$parentText" font="Fonts\FRIZQT__.TTF" text="Herbalism">
                  <Anchors>
                    <Anchor point="LEFT" relativePoint="RIGHT">
                      <Offset>
                        <AbsDimension x="-2" y="0" />
                      </Offset>
                    </Anchor>
                  </Anchors>
                  <FontHeight>
                    <AbsValue val="10" />
                  </FontHeight>
                  <Color r="1" g="0.8196079" b="0" />
                  <Shadow>
                    <Color r="0" g="0" b="0" />
                    <Offset>
                      <AbsDimension x="1" y="-1" />
                    </Offset>
                  </Shadow>
                </FontString>
              </Layer>
            </Layers>
            <Scripts>
              <OnClick>TradesBarConfigCheckBox_Herbalism_OnClick();</OnClick>
            </Scripts>
            <NormalTexture file="Interface\Buttons\UI-CheckBox-Up" />
            <PushedTexture file="Interface\Buttons\UI-CheckBox-Down" />
            <HighlightTexture file="Interface\Buttons\UI-CheckBox-Highlight" alphaMode="ADD" />
            <CheckedTexture file="Interface\Buttons\UI-CheckBox-Check" />
            <DisabledCheckedTexture file="Interface\Buttons\UI-CheckBox-Check-Disabled" />
          </CheckButton>
          <CheckButton name="$parentCheckButton13">
            <!--<FrameSkin skinid="dcb143e1-a4ab-4e7c-b934-1efa40101d21" frameid="2d508886-59c2-4f83-ae10-27aaad48391b"><Property name="Size">&lt;?xml version="1.0"?&gt;
&lt;Size xmlns:xsi="http://www.w3.org/2001/XMLSchema-instance" xmlns:xsd="http://www.w3.org/2001/XMLSchema"&gt;
  &lt;Width&gt;100&lt;/Width&gt;
  &lt;Height&gt;32&lt;/Height&gt;
&lt;/Size&gt;</Property></FrameSkin>-->
            <Size>
              <AbsDimension x="32" y="32" />
            </Size>
            <Anchors>
              <Anchor point="TOPLEFT">
                <Offset>
                  <AbsDimension x="116" y="-163" />
                </Offset>
              </Anchor>
            </Anchors>
            <Layers>
              <Layer>
                <FontString name="$parentText" font="Fonts\FRIZQT__.TTF" text="Tailoring">
                  <Anchors>
                    <Anchor point="LEFT" relativePoint="RIGHT">
                      <Offset>
                        <AbsDimension x="-2" y="0" />
                      </Offset>
                    </Anchor>
                  </Anchors>
                  <FontHeight>
                    <AbsValue val="10" />
                  </FontHeight>
                  <Color r="1" g="0.8196079" b="0" />
                  <Shadow>
                    <Color r="0" g="0" b="0" />
                    <Offset>
                      <AbsDimension x="1" y="-1" />
                    </Offset>
                  </Shadow>
                </FontString>
              </Layer>
            </Layers>
            <Scripts>
              <OnClick>TradesBarConfigCheckBox_Tailoring_OnClick();</OnClick>
            </Scripts>
            <NormalTexture file="Interface\Buttons\UI-CheckBox-Up" />
            <PushedTexture file="Interface\Buttons\UI-CheckBox-Down" />
            <HighlightTexture file="Interface\Buttons\UI-CheckBox-Highlight" alphaMode="ADD" />
            <CheckedTexture file="Interface\Buttons\UI-CheckBox-Check" />
            <DisabledCheckedTexture file="Interface\Buttons\UI-CheckBox-Check-Disabled" />
          </CheckButton>
          <Frame name="$parentLabel2">
            <!--<FrameSkin skinid="dcb143e1-a4ab-4e7c-b934-1efa40101d21" frameid="2d508885-59c2-4f83-ae10-27aaad48391b" />-->
            <Size>
              <AbsDimension x="206" y="18" />
            </Size>
            <Anchors>
              <Anchor point="TOPLEFT">
                <Offset>
                  <AbsDimension x="14" y="-10" />
                </Offset>
              </Anchor>
            </Anchors>
            <Layers>
              <Layer>
                <FontString name="$parentLabel" font="Fonts\FRIZQT__.TTF" text="Primary/Secondary">
                  <Anchors>
                    <Anchor point="TOPLEFT" />
                    <Anchor point="BOTTOMRIGHT" />
                  </Anchors>
                  <FontHeight>
                    <AbsValue val="9" />
                  </FontHeight>
                  <Color r="1" g="0.8196079" b="0" />
                  <Shadow>
                    <Color r="0" g="0" b="0" />
                    <Offset>
                      <AbsDimension x="1" y="-1" />
                    </Offset>
                  </Shadow>
                </FontString>
              </Layer>
            </Layers>
          </Frame>
        </Frames>
      </Frame>
      <Frame name="$parentPanel2">
        <!--<FrameSkin skinid="dcb143e1-a4ab-4e7c-b934-1efa40101d21" frameid="2d508888-59c2-4f83-ae10-27aaad48391b" />-->
        <Size>
          <AbsDimension x="493" y="38" />
        </Size>
        <Anchors>
          <Anchor point="TOPLEFT">
            <Offset>
              <AbsDimension x="21" y="-151" />
            </Offset>
          </Anchor>
        </Anchors>
        <Backdrop bgFile="Interface\Tooltips\UI-Tooltip-Background" edgeFile="Interface\Tooltips\UI-Tooltip-Border" tile="true">
          <BackgroundInsets>
            <AbsInset left="5" right="5" top="5" bottom="5" />
          </BackgroundInsets>
          <TileSize>
            <AbsValue val="16" />
          </TileSize>
          <EdgeSize>
            <AbsValue val="16" />
          </EdgeSize>
        </Backdrop>
        <Frames>
          <Frame name="$parentLabel1">
            <!--<FrameSkin skinid="dcb143e1-a4ab-4e7c-b934-1efa40101d21" frameid="2d508885-59c2-4f83-ae10-27aaad48391b" />-->
            <Size>
              <AbsDimension x="442" y="19" />
            </Size>
            <Anchors>
              <Anchor point="TOPLEFT">
                <Offset>
                  <AbsDimension x="18" y="-12" />
                </Offset>
              </Anchor>
            </Anchors>
            <Layers>
              <Layer>
                <FontString name="$parentLabel" font="Fonts\FRIZQT__.TTF" text="Enable/Disable Trades">
                  <Anchors>
                    <Anchor point="TOPLEFT" />
                    <Anchor point="BOTTOMRIGHT" />
                  </Anchors>
                  <FontHeight>
                    <AbsValue val="12" />
                  </FontHeight>
                  <Color r="1" g="0.8196079" b="0" />
                  <Shadow>
                    <Color r="0" g="0" b="0" />
                    <Offset>
                      <AbsDimension x="1" y="-1" />
                    </Offset>
                  </Shadow>
                </FontString>
              </Layer>
            </Layers>
          </Frame>
        </Frames>
      </Frame>
      <Frame name="$parentPanel1">
        <!--<FrameSkin skinid="dcb143e1-a4ab-4e7c-b934-1efa40101d21" frameid="2d508888-59c2-4f83-ae10-27aaad48391b" />-->
        <Size>
          <AbsDimension x="302" y="112" />
        </Size>
        <Anchors>
          <Anchor point="TOPLEFT">
            <Offset>
              <AbsDimension x="19" y="-33" />
            </Offset>
          </Anchor>
        </Anchors>
        <Backdrop bgFile="Interface\Tooltips\UI-Tooltip-Background" edgeFile="Interface\Tooltips\UI-Tooltip-Border" tile="true">
          <BackgroundInsets>
            <AbsInset left="5" right="5" top="5" bottom="5" />
          </BackgroundInsets>
          <TileSize>
            <AbsValue val="16" />
          </TileSize>
          <EdgeSize>
            <AbsValue val="16" />
          </EdgeSize>
        </Backdrop>
        <Frames>
          <Slider name="$parentSliderScale" orientation="HORIZONTAL" inherits="OptionsSliderTemplate">
            <!--<FrameSkin skinid="f15d4970-d66d-444e-bb2d-1ad102c87fed" frameid="f15d4976-d66d-444e-bb2d-1ad102c87fed" />-->
            <Size>
              <AbsDimension x="279" y="17" />
            </Size>
            <Anchors>
              <Anchor point="TOPLEFT">
                <Offset>
                  <AbsDimension x="12" y="-72" />
                </Offset>
              </Anchor>
            </Anchors>
            <Backdrop bgFile="Interface\Buttons\UI-SliderBar-Background" edgeFile="Interface\Buttons\UI-SliderBar-Border" tile="true">
              <BackgroundInsets>
                <AbsInset left="3" right="3" top="6" bottom="6" />
              </BackgroundInsets>
              <TileSize>
                <AbsValue val="8" />
              </TileSize>
              <EdgeSize>
                <AbsValue val="8" />
              </EdgeSize>
            </Backdrop>
            <HitRectInsets>
              <AbsInset left="0" right="0" top="-10" bottom="-10" />
            </HitRectInsets>
            <Scripts>
              <OnLoad>getglobal(this:GetName().."Text"):SetText("TradesBar Scale");
getglobal(this:GetName().."High"):SetText("4");
getglobal(this:GetName().."Low"):SetText("0.5");
this:SetMinMaxValues(0.5,4);
this:SetValueStep(0.1);
</OnLoad>
              <OnValueChanged>TradesBarConfigScale_OnClick();
</OnValueChanged>
            </Scripts>
            <ThumbTexture name="$parentThumb" file="Interface\Buttons\UI-SliderBar-Button-Horizontal">
              <Size>
                <AbsDimension x="32" y="32" />
              </Size>
            </ThumbTexture>
          </Slider>
          <Frame name="$parentLabel3">
            <!--<FrameSkin skinid="dcb143e1-a4ab-4e7c-b934-1efa40101d21" frameid="2d508885-59c2-4f83-ae10-27aaad48391b" />-->
            <Size>
              <AbsDimension x="264" y="18" />
            </Size>
            <Anchors>
              <Anchor point="TOPLEFT">
                <Offset>
                  <AbsDimension x="12" y="-9" />
                </Offset>
              </Anchor>
            </Anchors>
            <Layers>
              <Layer>
                <FontString name="$parentLabel" font="Fonts\FRIZQT__.TTF" text="Main Bar Setup">
                  <Anchors>
                    <Anchor point="TOPLEFT" />
                    <Anchor point="BOTTOMRIGHT" />
                  </Anchors>
                  <FontHeight>
                    <AbsValue val="12" />
                  </FontHeight>
                  <Color r="1" g="0.8196079" b="0" />
                  <Shadow>
                    <Color r="0" g="0" b="0" />
                    <Offset>
                      <AbsDimension x="1" y="-1" />
                    </Offset>
                  </Shadow>
                </FontString>
              </Layer>
            </Layers>
          </Frame>
          <CheckButton name="$parentCheckButton3">
            <!--<FrameSkin skinid="dcb143e1-a4ab-4e7c-b934-1efa40101d21" frameid="2d508886-59c2-4f83-ae10-27aaad48391b"><Property name="Size">&lt;?xml version="1.0"?&gt;
&lt;Size xmlns:xsi="http://www.w3.org/2001/XMLSchema-instance" xmlns:xsd="http://www.w3.org/2001/XMLSchema"&gt;
  &lt;Width&gt;98&lt;/Width&gt;
  &lt;Height&gt;32&lt;/Height&gt;
&lt;/Size&gt;</Property></FrameSkin>-->
            <Size>
              <AbsDimension x="32" y="32" />
            </Size>
            <Anchors>
              <Anchor point="TOPLEFT">
                <Offset>
                  <AbsDimension x="193" y="-24" />
                </Offset>
              </Anchor>
            </Anchors>
            <Layers>
              <Layer>
                <FontString name="$parentText" font="Fonts\FRIZQT__.TTF" text="Switch Order">
                  <Anchors>
                    <Anchor point="LEFT" relativePoint="RIGHT">
                      <Offset>
                        <AbsDimension x="-2" y="0" />
                      </Offset>
                    </Anchor>
                  </Anchors>
                  <FontHeight>
                    <AbsValue val="10" />
                  </FontHeight>
                  <Color r="1" g="0.8196079" b="0" />
                  <Shadow>
                    <Color r="0" g="0" b="0" />
                    <Offset>
                      <AbsDimension x="1" y="-1" />
                    </Offset>
                  </Shadow>
                </FontString>
              </Layer>
            </Layers>
            <Scripts>
              <OnLoad>getglobal(this:GetName().."Text"):SetText("Switch Order");
</OnLoad>
              <OnClick>TradesBarConfigCheckBoxOrder_OnClick();
</OnClick>
            </Scripts>
            <NormalTexture file="Interface\Buttons\UI-CheckBox-Up" />
            <PushedTexture file="Interface\Buttons\UI-CheckBox-Down" />
            <HighlightTexture file="Interface\Buttons\UI-CheckBox-Highlight" alphaMode="ADD" />
            <CheckedTexture file="Interface\Buttons\UI-CheckBox-Check" />
            <DisabledCheckedTexture file="Interface\Buttons\UI-CheckBox-Check-Disabled" />
          </CheckButton>
          <CheckButton name="$parentCheckButton2">
            <!--<FrameSkin skinid="dcb143e1-a4ab-4e7c-b934-1efa40101d21" frameid="2d508886-59c2-4f83-ae10-27aaad48391b"><Property name="Size">&lt;?xml version="1.0"?&gt;
&lt;Size xmlns:xsi="http://www.w3.org/2001/XMLSchema-instance" xmlns:xsd="http://www.w3.org/2001/XMLSchema"&gt;
  &lt;Width&gt;83&lt;/Width&gt;
  &lt;Height&gt;32&lt;/Height&gt;
&lt;/Size&gt;</Property></FrameSkin>-->
            <Size>
              <AbsDimension x="32" y="32" />
            </Size>
            <Anchors>
              <Anchor point="TOPLEFT">
                <Offset>
                  <AbsDimension x="101" y="-24" />
                </Offset>
              </Anchor>
            </Anchors>
            <Layers>
              <Layer>
                <FontString name="$parentText" font="Fonts\FRIZQT__.TTF" text="Direction">
                  <Anchors>
                    <Anchor point="LEFT" relativePoint="RIGHT">
                      <Offset>
                        <AbsDimension x="-2" y="0" />
                      </Offset>
                    </Anchor>
                  </Anchors>
                  <FontHeight>
                    <AbsValue val="10" />
                  </FontHeight>
                  <Color r="1" g="0.8196079" b="0" />
                  <Shadow>
                    <Color r="0" g="0" b="0" />
                    <Offset>
                      <AbsDimension x="1" y="-1" />
                    </Offset>
                  </Shadow>
                </FontString>
              </Layer>
            </Layers>
            <Scripts>
              <OnLoad>getglobal(this:GetName().."Text"):SetText("Direction");
</OnLoad>
              <OnClick>TradesBarConfigCheckBox_OnClick();
</OnClick>
            </Scripts>
            <NormalTexture file="Interface\Buttons\UI-CheckBox-Up" />
            <PushedTexture file="Interface\Buttons\UI-CheckBox-Down" />
            <HighlightTexture file="Interface\Buttons\UI-CheckBox-Highlight" alphaMode="ADD" />
            <CheckedTexture file="Interface\Buttons\UI-CheckBox-Check" />
            <DisabledCheckedTexture file="Interface\Buttons\UI-CheckBox-Check-Disabled" />
          </CheckButton>
          <CheckButton name="$parentCheckButton1">
            <!--<FrameSkin skinid="dcb143e1-a4ab-4e7c-b934-1efa40101d21" frameid="2d508886-59c2-4f83-ae10-27aaad48391b"><Property name="Size">&lt;?xml version="1.0"?&gt;
&lt;Size xmlns:xsi="http://www.w3.org/2001/XMLSchema-instance" xmlns:xsd="http://www.w3.org/2001/XMLSchema"&gt;
  &lt;Width&gt;83&lt;/Width&gt;
  &lt;Height&gt;32&lt;/Height&gt;
&lt;/Size&gt;</Property></FrameSkin>-->
            <Size>
              <AbsDimension x="32" y="32" />
            </Size>
            <Anchors>
              <Anchor point="TOPLEFT">
                <Offset>
                  <AbsDimension x="12" y="-24" />
                </Offset>
              </Anchor>
            </Anchors>
            <Layers>
              <Layer>
                <FontString name="$parentText" font="Fonts\FRIZQT__.TTF" text="Hide Bar">
                  <Anchors>
                    <Anchor point="LEFT" relativePoint="RIGHT">
                      <Offset>
                        <AbsDimension x="-2" y="0" />
                      </Offset>
                    </Anchor>
                  </Anchors>
                  <FontHeight>
                    <AbsValue val="10" />
                  </FontHeight>
                  <Color r="1" g="0.8196079" b="0" />
                  <Shadow>
                    <Color r="0" g="0" b="0" />
                    <Offset>
                      <AbsDimension x="1" y="-1" />
                    </Offset>
                  </Shadow>
                </FontString>
              </Layer>
            </Layers>
            <Scripts>
              <OnLoad>getglobal(this:GetName().."Text"):SetText("Hide Bar");
</OnLoad>
              <OnClick>TradesBarConfigCheckBoxHide_OnClick();
</OnClick>
            </Scripts>
            <NormalTexture file="Interface\Buttons\UI-CheckBox-Up" />
            <PushedTexture file="Interface\Buttons\UI-CheckBox-Down" />
            <HighlightTexture file="Interface\Buttons\UI-CheckBox-Highlight" alphaMode="ADD" />
            <CheckedTexture file="Interface\Buttons\UI-CheckBox-Check" />
            <DisabledCheckedTexture file="Interface\Buttons\UI-CheckBox-Check-Disabled" />
          </CheckButton>
        </Frames>
      </Frame>
    </Frames>
    <Scripts>
      <OnShow>TradesBarConfig_OnShow();
</OnShow>
      <OnHide>if ( this.isMoving ) then
this:StopMovingOrSizing();
this.isMoving = false;
end
</OnHide>
      <OnMouseDown>if (arg1 == "LeftButton") then
this:StartMoving();
this.isMoving = true;
end
</OnMouseDown>
      <OnMouseUp>if ( this.isMoving ) then
this:StopMovingOrSizing();
this.isMoving = false;
end
</OnMouseUp>
    </Scripts>
  </Frame>
</Ui>
