<Ui xmlns="http://www.blizzard.com/wow/ui/" xmlns:xsi="http://www.w3.org/2001/XMLSchema-instance" xsi:schemaLocation="http://www.blizzard.com/wow/ui/
..\FrameXML\UI.xsd">
  <Script file="TradesBar.lua"/>
	<CheckButton name="TradesBarButtonTemplate" virtual="true">
		<Size>
			<AbsDimension x="28" y="28"/>
		</Size>
		<Layers>
			<Layer level="BACKGROUND">
				<Texture name="$parentIcon"/>
			</Layer>
		</Layers>
		<Frames>
			<Model name="$parentCooldown" inherits="CooldownFrameTemplate" scale="0.6"/>
		</Frames>
		<NormalTexture name="$parentNormalTexture" file="Interface\Buttons\UI-Quickslot2">
			<Size>
				<AbsDimension x="48" y="48"/>
			</Size>
			<Anchors>
				<Anchor point="CENTER">
					<Offset>
						<AbsDimension x="0" y="-1"/>
					</Offset>
				</Anchor>
			</Anchors>
		</NormalTexture>
		<PushedTexture file="Interface\Buttons\UI-Quickslot-Depress"/>
		<HighlightTexture alphaMode="ADD" file="Interface\Buttons\ButtonHilight-Square"/>
		<CheckedTexture alphaMode="ADD" file="Interface\Buttons\CheckButtonHilight"/>
		<Scripts>
			<OnLoad>
				this:RegisterForClicks("LeftButtonUp", "RightButtonUp");
			</OnLoad>
			<OnClick>
				this:SetChecked("0");
				TradesBar_OnClick(this);
			</OnClick>
			<OnEnter>
				TradesBar_SetTooltip(this);
			</OnEnter>
			<OnLeave>
				GameTooltip:Hide();
			</OnLeave>
				<OnMouseDown>
					if (arg1 == "RightButton") then
						if (IsControlKeyDown()) then
							TradesBar:StartMoving();
						end
					end
				</OnMouseDown>
				<OnMouseUp>
					if (arg1 == "RightButton") then
						TradesBar:StopMovingOrSizing();
						TradesBarGetPoint();
					end
				</OnMouseUp>
		</Scripts>
	</CheckButton>
	<Frame name="TradesBar" hidden="true" toplevel="true" parent="UIParent" movable="true">
		<Size>
			<AbsDimension x="50" y="50"/>
		</Size>
		<Anchors>
			<Anchor point="CENTER"/>
		</Anchors>
		<Frames>
			<CheckButton name="TradesBarButton1" inherits="TradesBarButtonTemplate" id="1">
				<Anchors>
					<Anchor point="LEFT">
						<Offset>
							<AbsDimension x="10" y="0"/>
						</Offset>
					</Anchor>
				</Anchors>
			<Scripts>
			</Scripts>
			</CheckButton>
			<CheckButton name="TradesBarButton2" inherits="TradesBarButtonTemplate" id="2">
				<Anchors>
					<Anchor point="LEFT" relativeTo="TradesBarButton1" relativePoint="RIGHT">
						<Offset>
							<AbsDimension x="1" y="0"/>
						</Offset>
					</Anchor>
				</Anchors>
			<Scripts>
			</Scripts>
			</CheckButton>
			<CheckButton name="TradesBarButton3" inherits="TradesBarButtonTemplate" id="3">
				<Anchors>
					<Anchor point="LEFT" relativeTo="TradesBarButton2" relativePoint="RIGHT">
						<Offset>
							<AbsDimension x="1" y="0"/>
						</Offset>
					</Anchor>
				</Anchors>
			<Scripts>
			</Scripts>
			</CheckButton>
			<CheckButton name="TradesBarButton4" inherits="TradesBarButtonTemplate" id="4">
				<Anchors>
					<Anchor point="LEFT" relativeTo="TradesBarButton3" relativePoint="RIGHT">
						<Offset>
							<AbsDimension x="1" y="0"/>
						</Offset>
					</Anchor>
				</Anchors>
			<Scripts>
			</Scripts>
			</CheckButton> 
			<CheckButton name="TradesBarButton5" inherits="TradesBarButtonTemplate" id="5">
				<Anchors>
					<Anchor point="LEFT" relativeTo="TradesBarButton4" relativePoint="RIGHT">
						<Offset>
							<AbsDimension x="1" y="0"/>
						</Offset>
					</Anchor>
				</Anchors>
			<Scripts>
			</Scripts>
			</CheckButton> 
			<CheckButton name="TradesBarButton6" inherits="TradesBarButtonTemplate" id="6">
				<Anchors>
					<Anchor point="LEFT" relativeTo="TradesBarButton5" relativePoint="RIGHT">
						<Offset>
							<AbsDimension x="1" y="0"/>
						</Offset>
					</Anchor>
				</Anchors>
			<Scripts>
			</Scripts>
			</CheckButton> 
			<CheckButton name="TradesBarButton7" inherits="TradesBarButtonTemplate" id="7">
				<Anchors>
					<Anchor point="LEFT" relativeTo="TradesBarButton6" relativePoint="RIGHT">
						<Offset>
							<AbsDimension x="1" y="0"/>
						</Offset>
					</Anchor>
				</Anchors>
			<Scripts>
			</Scripts>
			</CheckButton> 
			<CheckButton name="TradesBarButton8" inherits="TradesBarButtonTemplate" id="8">
				<Anchors>
					<Anchor point="LEFT" relativeTo="TradesBarButton7" relativePoint="RIGHT">
						<Offset>
							<AbsDimension x="1" y="0"/>
						</Offset>
					</Anchor>
				</Anchors>
			<Scripts>
			</Scripts>
			</CheckButton> 
			<CheckButton name="TradesBarButton9" inherits="TradesBarButtonTemplate" id="9">
				<Anchors>
					<Anchor point="LEFT" relativeTo="TradesBarButton8" relativePoint="RIGHT">
						<Offset>
							<AbsDimension x="1" y="0"/>
						</Offset>
					</Anchor>
				</Anchors>
			<Scripts>
			</Scripts>
			</CheckButton> 
			<CheckButton name="TradesBarButton10" inherits="TradesBarButtonTemplate" id="10">
				<Anchors>
					<Anchor point="LEFT" relativeTo="TradesBarButton9" relativePoint="RIGHT">
						<Offset>
							<AbsDimension x="1" y="0"/>
						</Offset>
					</Anchor>
				</Anchors>
			<Scripts>
			</Scripts>
			</CheckButton> 
			<CheckButton name="TradesBarButton11" inherits="TradesBarButtonTemplate" id="11">
				<Anchors>
					<Anchor point="LEFT" relativeTo="TradesBarButton10" relativePoint="RIGHT">
						<Offset>
							<AbsDimension x="1" y="0"/>
						</Offset>
					</Anchor>
				</Anchors>
			<Scripts>
			</Scripts>
			</CheckButton> 
			<CheckButton name="TradesBarButton12" inherits="TradesBarButtonTemplate" id="12">
				<Anchors>
					<Anchor point="LEFT" relativeTo="TradesBarButton11" relativePoint="RIGHT">
						<Offset>
							<AbsDimension x="1" y="0"/>
						</Offset>
					</Anchor>
				</Anchors>
			<Scripts>
			</Scripts>
			</CheckButton>  
			<CheckButton name="TradesBarButton13" inherits="TradesBarButtonTemplate" id="13">
				<Anchors>
					<Anchor point="LEFT" relativeTo="TradesBarButton12" relativePoint="RIGHT">
						<Offset>
							<AbsDimension x="1" y="0"/>
						</Offset>
					</Anchor>
				</Anchors>
			<Scripts>
			</Scripts>
			</CheckButton>  
			<CheckButton name="TradesBarButton14" inherits="TradesBarButtonTemplate" id="14">
				<Anchors>
					<Anchor point="LEFT" relativeTo="TradesBarButton13" relativePoint="RIGHT">
						<Offset>
							<AbsDimension x="1" y="0"/>
						</Offset>
					</Anchor>
				</Anchors>
			<Scripts>
			</Scripts>
			</CheckButton>  
			<CheckButton name="TradesBarButton15" inherits="TradesBarButtonTemplate" id="15">
				<Anchors>
					<Anchor point="LEFT" relativeTo="TradesBarButton14" relativePoint="RIGHT">
						<Offset>
							<AbsDimension x="1" y="0"/>
						</Offset>
					</Anchor>
				</Anchors>
			<Scripts>
			</Scripts>
			</CheckButton>    
			<CheckButton name="TradesBarButton16" inherits="TradesBarButtonTemplate" id="16">
				<Anchors>
					<Anchor point="LEFT" relativeTo="TradesBarButton15" relativePoint="RIGHT">
						<Offset>
							<AbsDimension x="1" y="0"/>
						</Offset>
					</Anchor>
				</Anchors>
			<Scripts>
			</Scripts>
			</CheckButton>    
			<CheckButton name="TradesBarButton17" inherits="TradesBarButtonTemplate" id="17">
				<Anchors>
					<Anchor point="LEFT" relativeTo="TradesBarButton16" relativePoint="RIGHT">
						<Offset>
							<AbsDimension x="1" y="0"/>
						</Offset>
					</Anchor>
				</Anchors>
			<Scripts>
			</Scripts>
			</CheckButton>    
			<CheckButton name="TradesBarButton18" inherits="TradesBarButtonTemplate" id="18">
				<Anchors>
					<Anchor point="LEFT" relativeTo="TradesBarButton17" relativePoint="RIGHT">
						<Offset>
							<AbsDimension x="1" y="0"/>
						</Offset>
					</Anchor>
				</Anchors>
			<Scripts>
			</Scripts>
			</CheckButton>    
			<CheckButton name="TradesBarButton19" inherits="TradesBarButtonTemplate" id="19">
				<Anchors>
					<Anchor point="LEFT" relativeTo="TradesBarButton18" relativePoint="RIGHT">
						<Offset>
							<AbsDimension x="1" y="0"/>
						</Offset>
					</Anchor>
				</Anchors>
			<Scripts>
			</Scripts>
			</CheckButton>    
			<CheckButton name="TradesBarButton20" inherits="TradesBarButtonTemplate" id="20">
				<Anchors>
					<Anchor point="LEFT" relativeTo="TradesBarButton19" relativePoint="RIGHT">
						<Offset>
							<AbsDimension x="1" y="0"/>
						</Offset>
					</Anchor>
				</Anchors>
			<Scripts>
			</Scripts>
			</CheckButton>    
			<CheckButton name="TradesBarButton21" inherits="TradesBarButtonTemplate" id="21">
				<Anchors>
					<Anchor point="LEFT" relativeTo="TradesBarButton20" relativePoint="RIGHT">
						<Offset>
							<AbsDimension x="1" y="0"/>
						</Offset>
					</Anchor>
				</Anchors>
			<Scripts>
			</Scripts>
			</CheckButton>    
			<CheckButton name="TradesBarButton22" inherits="TradesBarButtonTemplate" id="22">
				<Anchors>
					<Anchor point="LEFT" relativeTo="TradesBarButton21" relativePoint="RIGHT">
						<Offset>
							<AbsDimension x="1" y="0"/>
						</Offset>
					</Anchor>
				</Anchors>
			<Scripts>
			</Scripts>
			</CheckButton>    
			<CheckButton name="TradesBarButton23" inherits="TradesBarButtonTemplate" id="23">
				<Anchors>
					<Anchor point="LEFT" relativeTo="TradesBarButton22" relativePoint="RIGHT">
						<Offset>
							<AbsDimension x="1" y="0"/>
						</Offset>
					</Anchor>
				</Anchors>
			<Scripts>
			</Scripts>
			</CheckButton>     
			<CheckButton name="TradesBarButton24" inherits="TradesBarButtonTemplate" id="24">
				<Anchors>
					<Anchor point="LEFT" relativeTo="TradesBarButton23" relativePoint="RIGHT">
						<Offset>
							<AbsDimension x="1" y="0"/>
						</Offset>
					</Anchor>
				</Anchors>
			<Scripts>
			</Scripts>
			</CheckButton>     
			<CheckButton name="TradesBarButton25" inherits="TradesBarButtonTemplate" id="25">
				<Anchors>
					<Anchor point="LEFT" relativeTo="TradesBarButton24" relativePoint="RIGHT">
						<Offset>
							<AbsDimension x="1" y="0"/>
						</Offset>
					</Anchor>
				</Anchors>
			<Scripts>
			</Scripts>
			</CheckButton>     
			<CheckButton name="TradesBarButton26" inherits="TradesBarButtonTemplate" id="26">
				<Anchors>
					<Anchor point="LEFT" relativeTo="TradesBarButton25" relativePoint="RIGHT">
						<Offset>
							<AbsDimension x="1" y="0"/>
						</Offset>
					</Anchor>
				</Anchors>
			<Scripts>
			</Scripts>
			</CheckButton>  
		</Frames>
		<Scripts>
			<OnLoad>
				TradesBar_OnLoad();
			</OnLoad>
			<OnEvent>
				TradesBar_OnEvent();
			</OnEvent>
			<OnMouseDown>
				if (arg1 == "RightButton") then
					if (IsControlKeyDown()) then
						this:StartMoving();
					end
				end
			</OnMouseDown>
			<OnMouseUp>
				if (arg1 == "RightButton") then
					this:StopMovingOrSizing();
				end
			</OnMouseUp>
		</Scripts>
	</Frame>
</Ui>
