<Ui xmlns="http://www.blizzard.com/wow/ui/" xmlns:xsi="http://www.w3.org/2001/XMLSchema-instance" xsi:schemaLocation="http://www.blizzard.com/wow/ui/
C:\Projects\WoW\Bin\Interface\FrameXML\UI.xsd">
	<!--
	//////////////////////////////////////////////
	//
	//		Gypsy_Buttons.xml
	//		GypsyVersion++2004.11.06++
	//
	//		GypsyMod logo button to access the
	//		options frame. Positioned along the
	//		bottom left of the minimap cluster.
	//		Also GypsyMod lock button, to lock
	//		all GypsyMod capsules.
	//
	//////////////////////////////////////////////
	-->
	<Script file="Gypsy_Buttons.lua"/>
	<!-- GypsyMod button, opens our shell option menu -->
	<Button name="Gypsy_Button" parent="MinimapBackdrop">
		<Size>
			<AbsDimension x="34" y="34"/>
		</Size>
		<Anchors>
			<Anchor point="BOTTOMRIGHT" relativeTo="MinimapBackdrop">
				<Offset>
					<AbsDimension x="-67" y="24"/>
				</Offset>
			</Anchor>
		</Anchors>
		<Scripts>
			<OnClick>
				Gypsy_OptionsFrameToggle();
			</OnClick>
			<OnEnter>
				Gypsy_ButtonOnEnter();
			</OnEnter>
			<OnLeave>
				GameTooltip:Hide();
			</OnLeave>
		</Scripts>
		<NormalTexture file="Interface\AddOns\Gypsy_Shell\Gypsy_ButtonRoundNormal"/>
		<PushedTexture file="Interface\AddOns\Gypsy_Shell\Gypsy_ButtonRoundPushed"/>
		<HighlightTexture alphaMode="ADD" file="Interface\Minimap\UI-Minimap-ZoomButton-Highlight"/>
	</Button>
	<!-- Lock button to lock all capsule frames -->
	<CheckButton name="Gypsy_LockButton" parent="MinimapBackdrop" frameStrata="LOW">
		<Size>
			<AbsDimension x="24" y="24"/>
		</Size>
		<Anchors>
			<Anchor point="BOTTOMLEFT" relativeTo="MinimapBackdrop" relativePoint="BOTTOMLEFT">
				<Offset>
					<AbsDimension x="51" y="39"/>
				</Offset>
			</Anchor>
		</Anchors>
		<Layers>
			<Layer level="BACKGROUND">
				<Texture name="Gypsy_LockButtonBorder" file="Interface\Minimap\MiniMap-TrackingBorder">
					<Size>
						<AbsDimension x="56" y="56"/>
					</Size>
					<Anchors>
						<Anchor point="CENTER">
							<Offset>
								<AbsDimension x="11" y="-11"/>
							</Offset>
						</Anchor>
					</Anchors>
				</Texture>
			</Layer>
		</Layers>
		<Scripts>
			<OnLoad>
				Gypsy_LockButtonOnLoad();
			</OnLoad>
			<OnEvent>
				Gypsy_LockButtonOnEvent(event);
			</OnEvent>
			<OnClick>
				Gypsy_LockButtonOnClick();
			</OnClick>
			<OnEnter>
				Gypsy_LockButtonOnEnter();
			</OnEnter>
			<OnLeave>
				GameTooltip:Hide();
			</OnLeave>
		</Scripts>
		<NormalTexture file="Interface\AddOns\Gypsy_Shell\Gypsy_UnlockedIcon"/>
		<CheckedTexture file="Interface\AddOns\Gypsy_Shell\Gypsy_LockedIcon"/>
		<HighlightTexture file="Interface\AddOns\Gypsy_Shell\Gypsy_LockHighlight" alphaMode="ADD"/>
	</CheckButton>
</Ui>