<Ui xmlns="http://www.blizzard.com/wow/ui/" xmlns:xsi="http://www.w3.org/2001/XMLSchema-instance" xsi:schemaLocation="http://www.blizzard.com/wow/ui/
C:\Projects\WoW\Bin\Interface\FrameXML\UI.xsd">
	<!--
	///////////////////////////////////////////////
	//
	//		Gypsy_OptionsFrameTemplates.xml
	//		GypsyVersion++2004.11.3++
	//
	//		Templates used in the options
	//		frame.
	//
	///////////////////////////////////////////////
	-->
	<!-- Options Frame Panel -->
	<Frame name="Gypsy_OptionsPanelTemplate" virtual="true">
		<Size>
			<AbsDimension x="347" y="450"/>
		</Size>
		<Anchors>
			<Anchor point="TOPLEFT">
				<Offset>
					<AbsDimension x="5" y="-5"/>
				</Offset>
			</Anchor>
		</Anchors>
		<Backdrop name="$parentBackdrop" bgFile="Interface\Tooltips\UI-Tooltip-Background" edgeFile="Interface\Tooltips\UI-Tooltip-Border" tile="true">
			<EdgeSize>
				<AbsValue val="16"/>
			</EdgeSize>
			<TileSize>
				<AbsValue val="16"/>
			</TileSize>
			<BackgroundInsets>
				<AbsInset left="5" right="5" top="5" bottom="5"/>
			</BackgroundInsets>
		</Backdrop>
		<Scripts>
			<OnLoad>
				this:SetBackdropBorderColor(1, 1, 1);
				this:SetBackdropColor(0.1, 0.1, 0.1);
			</OnLoad>
		</Scripts>
	</Frame>
	<!-- Options Tab Button -->
	<CheckButton name="Gypsy_OptionsTabButtonTemplate" virtual="true">
		<Size>
			<AbsDimension x="64" y="32"/>
		</Size>
		<!-- Change panel display when this is clicked, and change the state of all other tabs -->
		<Scripts>
			<OnClick>
				Gypsy_OptionsTabOnClick();
			</OnClick>
			<OnEnter>
				Gypsy_OptionsTabOnEnter();
			</OnEnter>
			<OnLeave>
				GameTooltip:Hide();
			</OnLeave>
		</Scripts>
		<NormalTexture file="Interface\AddOns\Gypsy_Shell\Gypsy_OptionsTabNormal" />
		<HighlightTexture file="Interface\AddOns\Gypsy_Shell\Gypsy_OptionsTabExtended" />
		<CheckedTexture file="Interface\AddOns\Gypsy_Shell\Gypsy_OptionsTabExtended" />
	</CheckButton>
	<!-- Options Tab Text -->
	<Frame name="Gypsy_OptionsTabTextTemplate" virtual="true">
		<Size>
			<AbsDimension x="64" y="32"/>
		</Size>
		<!-- Check to see if this tab is shown by default OnShow, and update the font string that this frame uses -->
		<Scripts>
			<OnShow>
				Gypsy_OptionsTabOnShow();
			</OnShow>
		</Scripts>
		<Layers>
			<Layer level="ARTWORK">
				<FontString name="$parentText" inherits="GameFontNormalSmall" text="Test">
					<Anchors>
						<Anchor point="LEFT" relativePoint="LEFT">
							<Offset>
								<AbsDimension x="4" y="4"/>
							</Offset>
						</Anchor>
					</Anchors>
				</FontString>
			</Layer>
		</Layers>
	</Frame>
	<!-- Template for our check buttons -->
	<CheckButton name="Gypsy_OptionsCheckButtonTemplate" hidden="false" virtual="true">
		<Size>
			<AbsDimension x="32" y="32"/>
		</Size>
		<Scripts>
			<!-- Check if this is defaulted on or off OnShow, and assign description text -->
			<OnShow>
				Gypsy_OptionsCheckButtonOnShow();
			</OnShow>
			<!-- Change value and run update funciton OnClick -->
			<OnClick>
				Gypsy_OptionsCheckButtonOnClick();
			</OnClick>
			<OnEnter>
				Gypsy_OptionsCheckButtonOnEnter();
			</OnEnter>
			<OnLeave>
				GameTooltip:Hide();
			</OnLeave>
		</Scripts>
		<Layers>
			<Layer level="ARTWORK">
				<FontString name="$parentText" inherits="GameFontNormalSmall" text="">
					<Anchors>
						<Anchor point="LEFT" relativePoint="RIGHT">
							<Offset>
								<AbsDimension x="0" y="0"/>
							</Offset>
						</Anchor>
					</Anchors>
				</FontString>
			</Layer>
		</Layers>
		<NormalTexture file="Interface\Buttons\UI-CheckBox-Up"/>
		<PushedTexture file="Interface\Buttons\UI-CheckBox-Down"/>
		<HighlightTexture file="Interface\Buttons\UI-CheckBox-Highlight" alphaMode="ADD"/>
		<CheckedTexture file="Interface\Buttons\UI-CheckBox-Check"/>
		<DisabledCheckedTexture file="Interface\Buttons\UI-CheckBox-Check-Disabled"/>
	</CheckButton>
	<!-- Template for push buttons -->
	<Button name="Gypsy_OptionsButtonTemplate" inherits="GameMenuButtonTemplate" text="" virtual="true">
		<Scripts>
			<OnShow>
				Gypsy_OptionsButtonOnShow();
			</OnShow>
			<OnClick>
				Gypsy_OptionsButtonOnClick();
			</OnClick>
			<OnEnter>
				Gypsy_OptionsButtonOnEnter();
			</OnEnter>
			<OnLeave>
				GameTooltip:Hide();
			</OnLeave>
		</Scripts>
	</Button>
	<!-- Template for sliders -->
	<Slider name="Gypsy_OptionsSliderTemplate" inherits="OptionsSliderTemplate" virtual="true">
		<Scripts>
			<OnShow>
				Gypsy_OptionsSliderOnShow();
			</OnShow>
			<OnValueChanged>
				Gypsy_OptionsSliderOnValueChanged();
			</OnValueChanged>
			<OnEnter>
				Gypsy_OptionsSliderOnEnter();
			</OnEnter>
			<OnLeave>
				GameTooltip:Hide();
			</OnLeave>
		</Scripts>
	</Slider>
	<!-- Template for sectional headers -->
	<Frame name="Gypsy_OptionsHeaderTemplate" hidden="false" virtual="true">
		<Size>
			<AbsDimension x="280" y="32" />
		</Size>
		<Layers>
			<Layer level="ARTWORK">
				<FontString name="$parentText" inherits="GameFontNormalSmall" text="">
					<Anchors>
						<Anchor point="LEFT">
							<Offset>
								<AbsDimension x="15" y="0" />
							</Offset>
						</Anchor>
					</Anchors>
					<Color r="1.0" g="1.0" b="1.0" a="1.0" />
				</FontString>
			</Layer>
			<Layer level="BACKGROUND">
				<Texture name="$parentHeaderBackground" file="Interface\Tooltips\UI-StatusBar-Border"/>
			</Layer>
		</Layers>
		<Scripts>
			<OnShow>
				Gypsy_OptionsHeaderOnShow();
			</OnShow>
			<OnEnter>
				Gypsy_OptionsHeaderOnEnter();
			</OnEnter>
			<OnLeave>
				GameTooltip:Hide();
			</OnLeave>
		</Scripts>
	</Frame>
</Ui>