<Ui xmlns="http://www.blizzard.com/wow/ui/" xmlns:xsi="http://www.w3.org/2001/XMLSchema-instance" xsi:schemaLocation="http://www.blizzard.com/wow/ui/
C:\Projects\WoW\Bin\Interface\FrameXML\UI.xsd">
	<!--
	//////////////////////////////////////////////
	//
	//		Gypsy_HelpFrame.xml
	//		GypsyVersion++2004.11.07++
	//
	//////////////////////////////////////////////
	-->
	<Script file="Gypsy_HelpFrame.lua"/>
	<!-- Frame to popup upon a user's first loading of GypsyMod -->
	<Frame name="Gypsy_FirstLoadFrame" frameStrata="DIALOG" parent="UIParent" toplevel="true" movable="true" enableMouse="true">
		<Size>
			<AbsDimension x="300" y="150"/>
		</Size>
		<Anchors>
			<Anchor point="CENTER">
				<Offset>
					<AbsDimension x="0" y="200"/>
				</Offset>
			</Anchor>
		</Anchors>
		<Scripts>
			<OnLoad>
				Gypsy_FirstLoadFrameOnLoad();
			</OnLoad>
			<OnEvent>
				Gypsy_FirstLoadFrameOnEvent(event);
			</OnEvent>
		</Scripts>
		<Backdrop name="Gypsy_FirstLoadFrameBackdrop" bgFile="Interface\Tooltips\UI-Tooltip-Background" edgeFile="Interface\Tooltips\UI-Tooltip-Border" tile="true">
			<EdgeSize>
				<AbsValue val="16"/>
			</EdgeSize>
			<TileSize>
				<AbsValue val="16"/>
			</TileSize>
			<BackgroundInsets>
				<AbsInset left="5" right="5" top="5" bottom="5"/>
			</BackgroundInsets>
		</Backdrop>
		<Frames>
			<!-- Secondary frame to hold text -->
			<Frame name="Gypsy_FirstLoadFrameTextFrame">
				<Size>
					<AbsDimension x="292" y="120"/>
				</Size>
				<Anchors>
					<Anchor point="TOP">
						<Offset>
							<AbsDimension x="0" y="-4"/>
						</Offset>
					</Anchor>
				</Anchors>
				<Scripts>
					<OnLoad>
						Gypsy_FirstLoadFrameTextFrameOnLoad();
					</OnLoad>
				</Scripts>
				<Backdrop name="Gypsy_FirstLoadFrameTextFrameBackdrop" bgFile="Interface\Tooltips\UI-Tooltip-Background" edgeFile="Interface\Tooltips\UI-Tooltip-Border" tile="true">
					<EdgeSize>
						<AbsValue val="16"/>
					</EdgeSize>
					<TileSize>
						<AbsValue val="16"/>
					</TileSize>
					<BackgroundInsets>
						<AbsInset left="5" right="5" top="5" bottom="5"/>
					</BackgroundInsets>
				</Backdrop>
				<Layers>
					<Layer level="OVERLAY">
						<FontString name="Gypsy_FirstLoadFrameTextLine1" inherits="GameFontNormal" text="GYPSY_TEXT_SHELL_WELCOME1">
							<Size>
								<AbsDimension x="288" y="20"/>
							</Size>
							<Anchors>
								<Anchor point="TOP"/>
							</Anchors>
						</FontString>
						<FontString name="Gypsy_FirstLoadFrameTextLine2" inherits="GameFontNormalSmall" text="GYPSY_TEXT_SHELL_WELCOME2">
							<Size>
								<AbsDimension x="288" y="10"/>
							</Size>
							<Anchors>
								<Anchor point="TOPLEFT" relativeTo="Gypsy_FirstLoadFrameTextLine1" relativePoint="BOTTOMLEFT">
									<Offset>
										<AbsDimension x="0" y="0"/>
									</Offset>
								</Anchor>
							</Anchors>
							<Color r="1" g="1" b="1"/>
						</FontString>
						<FontString name="Gypsy_FirstLoadFrameTextLine3" inherits="GameFontNormalSmall" text="GYPSY_TEXT_SHELL_WELCOME3">
							<Size>
								<AbsDimension x="288" y="10"/>
							</Size>
							<Anchors>
								<Anchor point="TOPLEFT" relativeTo="Gypsy_FirstLoadFrameTextLine2" relativePoint="BOTTOMLEFT">
									<Offset>
										<AbsDimension x="0" y="0"/>
									</Offset>
								</Anchor>
							</Anchors>
							<Color r="1" g="1" b="1"/>
						</FontString>
						<FontString name="Gypsy_FirstLoadFrameTextLine4" inherits="GameFontNormalSmall" text="GYPSY_TEXT_SHELL_WELCOME4">
							<Size>
								<AbsDimension x="105" y="10"/>
							</Size>
							<Anchors>
								<Anchor point="TOPLEFT" relativeTo="Gypsy_FirstLoadFrameTextLine3" relativePoint="BOTTOMLEFT">
									<Offset>
										<AbsDimension x="0" y="0"/>
									</Offset>
								</Anchor>
							</Anchors>
							<Color r="1" g="1" b="1"/>
						</FontString>
						<FontString name="Gypsy_FirstLoadFrameTextLine5" inherits="GameFontNormalSmall" text="GYPSY_TEXT_SHELL_WELCOME5">
							<Size>
								<AbsDimension x="288" y="10"/>
							</Size>
							<Anchors>
								<Anchor point="TOPLEFT" relativeTo="Gypsy_FirstLoadFrameTextLine4" relativePoint="BOTTOMLEFT">
									<Offset>
										<AbsDimension x="0" y="-5"/>
									</Offset>
								</Anchor>
							</Anchors>
							<Color r="1" g="1" b="1"/>
						</FontString>
						<FontString name="Gypsy_FirstLoadFrameTextLine6" inherits="GameFontNormalSmall" text="GYPSY_TEXT_SHELL_WELCOME6">
							<Size>
								<AbsDimension x="270" y="10"/>
							</Size>
							<Anchors>
								<Anchor point="TOPLEFT" relativeTo="Gypsy_FirstLoadFrameTextLine5" relativePoint="BOTTOMLEFT">
									<Offset>
										<AbsDimension x="0" y="0"/>
									</Offset>
								</Anchor>
							</Anchors>
							<Color r="1" g="1" b="1"/>
						</FontString>
						<FontString name="Gypsy_FirstLoadFrameTextLine7" inherits="GameFontNormalSmall" text="GYPSY_TEXT_SHELL_WELCOME7">
							<Size>
								<AbsDimension x="150" y="10"/>
							</Size>
							<Anchors>
								<Anchor point="TOPLEFT" relativeTo="Gypsy_FirstLoadFrameTextLine6" relativePoint="BOTTOMLEFT">
									<Offset>
										<AbsDimension x="0" y="0"/>
									</Offset>
								</Anchor>
							</Anchors>
							<Color r="1" g="1" b="1"/>
						</FontString>
						<FontString name="Gypsy_FirstLoadFrameTextLine8" inherits="GameFontNormalSmall" text="GYPSY_TEXT_SHELL_WELCOME8">
							<Size>
								<AbsDimension x="288" y="10"/>
							</Size>
							<Anchors>
								<Anchor point="TOPLEFT" relativeTo="Gypsy_FirstLoadFrameTextLine7" relativePoint="BOTTOMLEFT">
									<Offset>
										<AbsDimension x="0" y="-10"/>
									</Offset>
								</Anchor>
							</Anchors>
							<Color r="1" g="1" b="1"/>
						</FontString>
					</Layer>
				</Layers>
			</Frame>
			<!-- Close button -->
			<Button name="Gypsy_FirstLoadFrameClose" inherits="GameMenuButtonTemplate" text="Close">
				<Size>
					<AbsDimension x="80" y="20"/>
				</Size>
				<Anchors>
					<Anchor point="BOTTOM">
						<Offset>
							<AbsDimension x="0" y="5"/>
						</Offset>
					</Anchor>
				</Anchors>
				<Scripts>
					<OnClick>
						HideUIPanel(Gypsy_FirstLoadFrame);
					</OnClick>
				</Scripts>
			</Button>
		</Frames>
	</Frame>
</Ui>