<Ui xmlns="http://www.blizzard.com/wow/ui/" xmlns:xsi="http://www.w3.org/2001/XMLSchema-instance" xsi:schemaLocation="http://www.blizzard.com/wow/ui/
C:\Projects\WoW\Bin\Interface\FrameXML\UI.xsd">
	<!--
	///////////////////////////////////////////////
	//
	//		Gypsy_OptionsFrame.xml
	//		GypsyVersion++2004.11.14++
	//
	//		Options menu for GypsyMod. See below
	//		for options documentation.
	//
	///////////////////////////////////////////////
	-->
	<Script file="localization.lua"/>
	<Script file="Gypsy_GlobalFunctions.lua"/>
	<Script file="Gypsy_OptionsFrame.lua"/>
	<Include file="Gypsy_OptionsFrameTemplates.xml"/>
	<!-- Options frame itself, anchored to the center of the screen -->
	<Frame name="Gypsy_OptionsFrame" frameStrata="DIALOG" parent="UIParent" hidden="true" movable="true" enableMouse="true">
		<Size>
			<AbsDimension x="416" y="480" />
		</Size>
		<Anchors>
			<Anchor point="CENTER" />
		</Anchors>
		<Scripts>
			<OnLoad>
				Gypsy_OptionsFrameHeaderText:SetText('GypsyMod '..GYPSY_VERSION);
				Gypsy_OptionsFrame:SetBackdropBorderColor(0, 0, 0);
				Gypsy_OptionsFrame:SetBackdropColor(0, 0, 0);
			</OnLoad>
			<!-- If we're hiding the frame, then tabs are initialized -->
			<OnHide>
				Gypsy_TabInit = 1;
			</OnHide>
		</Scripts>
		<Backdrop name="Gypsy_OptionsFrameBackdrop" bgFile="Interface\Tooltips\UI-Tooltip-Background" edgeFile="Interface\Tooltips\UI-Tooltip-Border" tile="true">
			<EdgeSize>
				<AbsValue val="16"/>
			</EdgeSize>
			<TileSize>
				<AbsValue val="16"/>
			</TileSize>
			<BackgroundInsets>
				<AbsInset left="5" right="5" top="5" bottom="5"/>
			</BackgroundInsets>
		</Backdrop>
		<Layers>
			<Layer level="ARTWORK">
				<!-- Header graphic -->
				<Texture name="Gypsy_OptionsFrameHeader" file="Interface\ChatFrame\ChatFrameTab">
					<Size>
						<AbsDimension x="130" y="30" />
					</Size>
					<Anchors>
						<Anchor point="TOP">
							<Offset>
								<AbsDimension x="0" y="28" />
							</Offset>
						</Anchor>
					</Anchors>
				</Texture>
				<!-- GypsyMod title text -->
				<FontString name="Gypsy_OptionsFrameHeaderText" inherits="GameFontNormal">
					<Anchors>
						<Anchor point="CENTER" relativeTo="Gypsy_OptionsFrameHeader" relativePoint="CENTER">
							<Offset>
								<AbsDimension x="0" y="-5" />
							</Offset>
						</Anchor>
					</Anchors>
				</FontString>
			</Layer>
		</Layers>
		<Frames>

			<!--
			//////////////////////////////////////////////////
			//
			//		Each category of option - should be one category
			//		for each AddOn typically - needs 3 frames
			//		to begin.
			//		1) CheckButton named Gypsy_TabIDButton
			//		2) Frame named Gypsy_TabIDText
			//		3) Frame named Gypsy_OptionsPanelID
			//
			//		Use the General options code for examples
			//		and documentation - it immediately follows
			//		this. Pastable examples of each usable
			//		frame available at the bottom of this file.
			//
			//		ID's are assigned in ranges, 50 per category.
			//		The tab/panel ID is always the first in the
			//		range. A maximum of 13 reservations are
			//		available.
			//
			//		When registering tooltips, add a line break
			//		(\n) every 30 characters or so!
			//
			//		Add reservations here!
			//
			//		* ID RESERVATIONS *
			//		1-49		GypsyMod Reserved
			//		50-99		General
			//		100-149		HotBar
			//		150-199		BuffBar
			//		200-249		UnitBars
			//		250-299
			//		300-349
			//		350-399
			//		400-449
			//		450-499
			//		500-549
			//		550-599
			//		600-649
			//		650-699
			//
			//////////////////////////////////////////////////


				** ADD FRAMES BELOW FOR OPTIONS DISPLAY **

			-->

			<!-- * GENERAL OPTIONS 50-99 * -->

			<!-- Tab graphic and scripting to control its behavior when clicked -->
			<CheckButton name="Gypsy_Tab50Button" hidden="true" inherits="Gypsy_OptionsTabButtonTemplate" id="50">
				<!-- Anchor first tab to the top right with a slight padding, we'll anchor the rest off of this -->
				<Anchors>
					<Anchor point="TOPRIGHT" relativePoint="TOPRIGHT">
						<Offset>
							<AbsDimension x="-4" y="-10"/>
						</Offset>
					</Anchor>
				</Anchors>
			</CheckButton>
			<!-- Tab text to overlay the graphic, contains scripting to control OnShow events -->
			<Frame name="Gypsy_Tab50Text" hidden="true" inherits="Gypsy_OptionsTabTextTemplate" id="50">
				<!-- Anchored to the button -->
				<Anchors>
					<Anchor point="LEFT" relativeTo="Gypsy_Tab50Button" relativePoint="LEFT"/>
				</Anchors>
			</Frame>
			<!-- General options panel, defaulted to show -->
			<Frame name="Gypsy_OptionsPanel50" hidden="true" inherits="Gypsy_OptionsPanelTemplate">
				<Frames>
					<Frame setAllPoints="true">
						<Frames>
							<!-- * Actual options display * -->

							<!-- Casting bar options header -->
							<Frame name="Gypsy_Header54" inherits="Gypsy_OptionsHeaderTemplate" id="54">
								<Anchors>
									<Anchor point="CENTER" relativePoint="TOP">
										<Offset>
											<AbsDimension x="0" y="-30"/>
										</Offset>
									</Anchor>
								</Anchors>
							</Frame>
							<!-- Cast bar capsule option -->
							<CheckButton name="Gypsy_Option52" inherits="Gypsy_OptionsCheckButtonTemplate" id="52">
								<Anchors>
									<Anchor point="TOPLEFT" relativePoint="TOPLEFT">
										<Offset>
											<AbsDimension x="10" y="-45"/>
										</Offset>
									</Anchor>
								</Anchors>
							</CheckButton>
							<!-- Casting bar capsule reset button -->
							<Button name="Gypsy_Option53" inherits="Gypsy_OptionsButtonTemplate" id="53">
								<Size>
									<AbsDimension x="80" y="20" />
								</Size>
								<Anchors>
									<Anchor point="LEFT" relativeTo="Gypsy_Option52" relativePoint="RIGHT">
										<Offset>
											<AbsDimension x="180" y="0"/>
										</Offset>
									</Anchor>
								</Anchors>
							</Button>
							<!-- Lag meter options header -->
							<Frame name="Gypsy_Header55" inherits="Gypsy_OptionsHeaderTemplate" id="55">
								<Anchors>
									<Anchor point="CENTER" relativePoint="TOP">
										<Offset>
											<AbsDimension x="0" y="-90"/>
										</Offset>
									</Anchor>
								</Anchors>
							</Frame>
							<!-- Lag meter toggle -->
							<CheckButton name="Gypsy_Option51" inherits="Gypsy_OptionsCheckButtonTemplate" id="51">
								<Anchors>
									<Anchor point="TOPLEFT" relativePoint="TOPLEFT">
										<Offset>
											<AbsDimension x="10" y="-105"/>
										</Offset>
									</Anchor>
								</Anchors>
							</CheckButton>
							<!-- Casting bar options header -->
							<Frame name="Gypsy_Header57" inherits="Gypsy_OptionsHeaderTemplate" id="57">
								<Anchors>
									<Anchor point="CENTER" relativePoint="TOP">
										<Offset>
											<AbsDimension x="0" y="-150"/>
										</Offset>
									</Anchor>
								</Anchors>
							</Frame>
							<!-- Quest text fade option -->
							<!--<CheckButton name="Gypsy_Option56" inherits="Gypsy_OptionsCheckButtonTemplate" id="56">
								<Anchors>
									<Anchor point="TOPLEFT" relativePoint="TOPLEFT">
										<Offset>
											<AbsDimension x="10" y="-165"/>
										</Offset>
									</Anchor>
								</Anchors>
							</CheckButton>-->
							<!-- Show quest level option -->
							<CheckButton name="Gypsy_Option61" inherits="Gypsy_OptionsCheckButtonTemplate" id="61">
								<Anchors>
									<Anchor point="TOPLEFT" relativePoint="TOPLEFT">
										<Offset>
											<AbsDimension x="10" y="-165"/>
										</Offset>
									</Anchor>
								</Anchors>
							</CheckButton>
							<!-- Tooltip options header -->
							<Frame name="Gypsy_Header58" inherits="Gypsy_OptionsHeaderTemplate" id="58">
								<Anchors>
									<Anchor point="CENTER" relativePoint="TOP">
										<Offset>
											<AbsDimension x="0" y="-235"/>
										</Offset>
									</Anchor>
								</Anchors>
							</Frame>
							<!-- Anchor tooltip to top middle option -->
							<CheckButton name="Gypsy_Option59" inherits="Gypsy_OptionsCheckButtonTemplate" id="59">
								<Anchors>
									<Anchor point="TOPLEFT" relativePoint="TOPLEFT">
										<Offset>
											<AbsDimension x="10" y="-250"/>
										</Offset>
									</Anchor>
								</Anchors>
							</CheckButton>
							<!-- Anchor tooltip to cursor option -->
							<CheckButton name="Gypsy_Option60" inherits="Gypsy_OptionsCheckButtonTemplate" id="60">
								<Anchors>
									<Anchor point="CENTER" relativeTo="Gypsy_Option59" relativePoint="BOTTOM">
										<Offset>
											<AbsDimension x="0" y="-10"/>
										</Offset>
									</Anchor>
								</Anchors>
							</CheckButton>
						</Frames>
					</Frame>
					<!-- * End options -->
				</Frames>
			</Frame>

			<!-- * HOTBAR OPTIONS 100-149 * -->

			<CheckButton name="Gypsy_Tab100Button" hidden="true" inherits="Gypsy_OptionsTabButtonTemplate" id="100">
				<Anchors>
					<!-- Anchor this to the previous tab button -->
					<Anchor point="TOP" relativeTo="Gypsy_Tab50Button" relativePoint="BOTTOM">
						<Offset>
							<AbsDimension x="0" y="0"/>
						</Offset>
					</Anchor>
				</Anchors>
			</CheckButton>
			<Frame name="Gypsy_Tab100Text" hidden="true" inherits="Gypsy_OptionsTabTextTemplate" id="100">
				<Anchors>
					<Anchor point="LEFT" relativeTo="Gypsy_Tab100Button" relativePoint="LEFT"/>
				</Anchors>
			</Frame>
			<Frame name="Gypsy_OptionsPanel100" hidden="true" inherits="Gypsy_OptionsPanelTemplate">
				<Frames>
					<Frame setAllPoints="true">
						<Frames>
							<!-- Enable hotbar -->
							<CheckButton name="Gypsy_Option101" inherits="Gypsy_OptionsCheckButtonTemplate" id="101">
								<Anchors>
									<Anchor point="TOPLEFT" relativePoint="TOPLEFT">
										<Offset>
											<AbsDimension x="10" y="-10"/>
										</Offset>
									</Anchor>
								</Anchors>
							</CheckButton>
							<!-- Show micro buttons -->
							<CheckButton name="Gypsy_Option120" inherits="Gypsy_OptionsCheckButtonTemplate" id="120">
								<Anchors>
									<Anchor point="CENTER" relativeTo="Gypsy_Option101" relativePoint="BOTTOM">
										<Offset>
											<AbsDimension x="15" y="-10"/>
										</Offset>
									</Anchor>
								</Anchors>
							</CheckButton>
							<!-- Action button placeholder option -->
							<CheckButton name="Gypsy_Option102" inherits="Gypsy_OptionsCheckButtonTemplate" id="102">
								<Anchors>
									<Anchor point="CENTER" relativeTo="Gypsy_Option120" relativePoint="BOTTOM">
										<Offset>
											<AbsDimension x="0" y="-10"/>
										</Offset>
									</Anchor>
								</Anchors>
							</CheckButton>
							<!-- Action key binding label option -->
							<CheckButton name="Gypsy_Option103" inherits="Gypsy_OptionsCheckButtonTemplate" id="103">
								<Anchors>
									<Anchor point="CENTER" relativeTo="Gypsy_Option102" relativePoint="BOTTOM">
										<Offset>
											<AbsDimension x="0" y="-10"/>
										</Offset>
									</Anchor>
								</Anchors>
							</CheckButton>
							<!-- Action button spacing option -->
							<Slider name="Gypsy_Option104" inherits="Gypsy_OptionsSliderTemplate" id="104">
								<Anchors>
									<Anchor point="TOPRIGHT">
										<Offset>
											<AbsDimension x="-18" y="-45"/>
										</Offset>
									</Anchor>
								</Anchors>
							</Slider>
							<!-- Defaults button -->
							<Button name="Gypsy_Option105" inherits="Gypsy_OptionsButtonTemplate" id="105">
								<Size>
									<AbsDimension x="80" y="20" />
								</Size>
								<Anchors>
									<Anchor point="TOPRIGHT">
										<Offset>
											<AbsDimension x="-10" y="-10"/>
										</Offset>
									</Anchor>
								</Anchors>
							</Button>
							<!-- Group action bar pages option -->
							<CheckButton name="Gypsy_Option106" inherits="Gypsy_OptionsCheckButtonTemplate" id="106">
								<Anchors>
									<Anchor point="CENTER" relativeTo="Gypsy_Option103" relativePoint="BOTTOM">
										<Offset>
											<AbsDimension x="0" y="-10"/>
										</Offset>
									</Anchor>
								</Anchors>
							</CheckButton>
							<!-- Allow page turning option -->
							<CheckButton name="Gypsy_Option107" inherits="Gypsy_OptionsCheckButtonTemplate" id="107">
								<Anchors>
									<Anchor point="CENTER" relativeTo="Gypsy_Option106" relativePoint="BOTTOM">
										<Offset>
											<AbsDimension x="0" y="-10"/>
										</Offset>
									</Anchor>
								</Anchors>
							</CheckButton>
							<!-- Show next page on key press -->
							<CheckButton name="Gypsy_Option108" inherits="Gypsy_OptionsCheckButtonTemplate" id="108">
								<Anchors>
									<Anchor point="CENTER" relativeTo="Gypsy_Option107" relativePoint="BOTTOM">
										<Offset>
											<AbsDimension x="0" y="-10"/>
										</Offset>
									</Anchor>
								</Anchors>
							</CheckButton>
							<!-- Shorten mod key option -->
							<CheckButton name="Gypsy_Option109" inherits="Gypsy_OptionsCheckButtonTemplate" id="109">
								<Anchors>
									<Anchor point="CENTER" relativeTo="Gypsy_Option108" relativePoint="BOTTOM">
										<Offset>
											<AbsDimension x="0" y="-10"/>
										</Offset>
									</Anchor>
								</Anchors>
							</CheckButton>
							<!-- Strip mod key option -->
							<CheckButton name="Gypsy_Option110" inherits="Gypsy_OptionsCheckButtonTemplate" id="110">
								<Anchors>
									<Anchor point="CENTER" relativeTo="Gypsy_Option109" relativePoint="BOTTOM">
										<Offset>
											<AbsDimension x="0" y="-10"/>
										</Offset>
									</Anchor>
								</Anchors>
							</CheckButton>
						</Frames>
					</Frame>
				</Frames>
			</Frame>

			<!-- * BUFFBAR OPTIONS 150-199 * -->

			<CheckButton name="Gypsy_Tab150Button" hidden="true" inherits="Gypsy_OptionsTabButtonTemplate" id="150">
				<Anchors>
					<!-- Anchor this to the previous tab button -->
					<Anchor point="TOP" relativeTo="Gypsy_Tab100Button" relativePoint="BOTTOM">
						<Offset>
							<AbsDimension x="0" y="0"/>
						</Offset>
					</Anchor>
				</Anchors>
			</CheckButton>
			<Frame name="Gypsy_Tab150Text" hidden="true" inherits="Gypsy_OptionsTabTextTemplate" id="150">
				<Anchors>
					<Anchor point="LEFT" relativeTo="Gypsy_Tab150Button" relativePoint="LEFT"/>
				</Anchors>
			</Frame>
			<Frame name="Gypsy_OptionsPanel150" hidden="true" inherits="Gypsy_OptionsPanelTemplate">
				<Frames>
					<Frame setAllPoints="true">
						<Frames>
							<!-- Buff frame toggle option -->
							<CheckButton name="Gypsy_Option151" inherits="Gypsy_OptionsCheckButtonTemplate" id="151">
								<Anchors>
									<Anchor point="TOPLEFT" relativePoint="TOPLEFT">
										<Offset>
											<AbsDimension x="10" y="-10"/>
										</Offset>
									</Anchor>
								</Anchors>
							</CheckButton>
							<!-- Show duration text option -->
							<CheckButton name="Gypsy_Option152" inherits="Gypsy_OptionsCheckButtonTemplate" id="152">
								<Anchors>
									<Anchor point="CENTER" relativeTo="Gypsy_Option151" relativePoint="BOTTOM">
										<Offset>
											<AbsDimension x="15" y="-10"/>
										</Offset>
									</Anchor>
								</Anchors>
							</CheckButton>
							<!-- Reset button -->
							<Button name="Gypsy_Option153" inherits="Gypsy_OptionsButtonTemplate" id="153">
								<Size>
									<AbsDimension x="80" y="20" />
								</Size>
								<Anchors>
									<Anchor point="TOPRIGHT">
										<Offset>
											<AbsDimension x="-10" y="-10"/>
										</Offset>
									</Anchor>
								</Anchors>
							</Button>
						</Frames>
					</Frame>
				</Frames>
			</Frame>

			<!-- * UNIT FRAME OPTIONS 200-249 * -->

			<CheckButton name="Gypsy_Tab200Button" hidden="true" inherits="Gypsy_OptionsTabButtonTemplate" id="200">
				<Anchors>
					<Anchor point="TOP" relativeTo="Gypsy_Tab150Button" relativePoint="BOTTOM">
						<Offset>
							<AbsDimension x="0" y="0"/>
						</Offset>
					</Anchor>
				</Anchors>
			</CheckButton>
			<Frame name="Gypsy_Tab200Text" hidden="true" inherits="Gypsy_OptionsTabTextTemplate" id="200">
				<Anchors>
					<Anchor point="LEFT" relativeTo="Gypsy_Tab200Button" relativePoint="LEFT"/>
				</Anchors>
			</Frame>
			<Frame name="Gypsy_OptionsPanel200" hidden="true" inherits="Gypsy_OptionsPanelTemplate">
				<Frames>
					<Frame setAllPoints="true">
						<Frames>
							<!-- Enable Unitbars -->
							<!--<CheckButton name="Gypsy_Option204" inherits="Gypsy_OptionsCheckButtonTemplate" id="204">
								<Anchors>
									<Anchor point="TOPLEFT" relativePoint="TOPLEFT">
										<Offset>
											<AbsDimension x="10" y="-10"/>
										</Offset>
									</Anchor>
								</Anchors>
							</CheckButton>-->
							<!-- Unit frame grouping option -->
							<CheckButton name="Gypsy_Option201" inherits="Gypsy_OptionsCheckButtonTemplate" id="201">
								<Anchors>
									<Anchor point="TOPLEFT" relativePoint="TOPLEFT">
										<Offset>
											<AbsDimension x="10" y="-10" />
										</Offset>
									</Anchor>
								</Anchors>
							</CheckButton>
							<!-- Unit frame inverting option -->
							<CheckButton name="Gypsy_Option202" inherits="Gypsy_OptionsCheckButtonTemplate" id="202">
								<Anchors>
									<Anchor point="CENTER" relativeTo="Gypsy_Option201" relativePoint="BOTTOM">
										<Offset>
											<AbsDimension x="15" y="-10" />
										</Offset>
									</Anchor>
								</Anchors>
							</CheckButton>
							<!-- Unit frame reset option -->
							<Button name="Gypsy_Option203" inherits="Gypsy_OptionsButtonTemplate" id="203">
								<Size>
									<AbsDimension x="80" y="20" />
								</Size>
								<Anchors>
									<Anchor point="TOPRIGHT" relativePoint="TOPRIGHT">
										<Offset>
											<AbsDimension x="-10" y="-10"/>
										</Offset>
									</Anchor>
								</Anchors>
							</Button>
							<!-- Player frame options header -->
							<Frame name="Gypsy_Header210" inherits="Gypsy_OptionsHeaderTemplate" id="210">
								<Anchors>
									<Anchor point="CENTER" relativePoint="TOP">
										<Offset>
											<AbsDimension x="0" y="-80"/>
										</Offset>
									</Anchor>
								</Anchors>
							</Frame>
							<!-- Player frame health text color option -->
							<CheckButton name="Gypsy_Option211" inherits="Gypsy_OptionsCheckButtonTemplate" id="211">
								<Anchors>
									<Anchor point="CENTER" relativeTo="Gypsy_Option201" relativePoint="BOTTOM">
										<Offset>
											<AbsDimension x="0" y="-70"/>
										</Offset>
									</Anchor>
								</Anchors>
							</CheckButton>
							<!-- Player frame health bar color option -->
							<CheckButton name="Gypsy_Option214" inherits="Gypsy_OptionsCheckButtonTemplate" id="214">
								<Anchors>
									<Anchor point="CENTER" relativeTo="Gypsy_Option211" relativePoint="BOTTOM">
										<Offset>
											<AbsDimension x="0" y="-10"/>
										</Offset>
									</Anchor>
								</Anchors>
							</CheckButton>
							<!-- Player frame mana text color option -->
							<CheckButton name="Gypsy_Option212" inherits="Gypsy_OptionsCheckButtonTemplate" id="212">
								<Anchors>
									<Anchor point="CENTER" relativeTo="Gypsy_Option214" relativePoint="BOTTOM">
										<Offset>
											<AbsDimension x="0" y="-10" />
										</Offset>
									</Anchor>
								</Anchors>
							</CheckButton>
							<!-- Player frame mana text color option -->
							<CheckButton name="Gypsy_Option213" inherits="Gypsy_OptionsCheckButtonTemplate" id="213">
								<Anchors>
									<Anchor point="CENTER" relativeTo="Gypsy_Option212" relativePoint="BOTTOM">
										<Offset>
											<AbsDimension x="0" y="-10" />
										</Offset>
									</Anchor>
								</Anchors>
							</CheckButton>
							<!-- Party frame options header -->
							<Frame name="Gypsy_Header220" inherits="Gypsy_OptionsHeaderTemplate" id="220">
								<Anchors>
									<Anchor point="CENTER" relativePoint="TOP">
										<Offset>
											<AbsDimension x="0" y="-215"/>
										</Offset>
									</Anchor>
								</Anchors>
							</Frame>
							<!-- Party frame health text color option -->
							<CheckButton name="Gypsy_Option221" inherits="Gypsy_OptionsCheckButtonTemplate" id="221">
								<Anchors>
									<Anchor point="CENTER" relativeTo="Gypsy_Option213" relativePoint="BOTTOM">
										<Offset>
											<AbsDimension x="0" y="-40"/>
										</Offset>
									</Anchor>
								</Anchors>
							</CheckButton>
							<!-- Party frame health bar color option -->
							<CheckButton name="Gypsy_Option224" inherits="Gypsy_OptionsCheckButtonTemplate" id="224">
								<Anchors>
									<Anchor point="CENTER" relativeTo="Gypsy_Option221" relativePoint="BOTTOM">
										<Offset>
											<AbsDimension x="0" y="-10" />
										</Offset>
									</Anchor>
								</Anchors>
							</CheckButton>
							<!-- Party frame percentage toggle -->
							<CheckButton name="Gypsy_Option222" inherits="Gypsy_OptionsCheckButtonTemplate" id="222">
								<Anchors>
									<Anchor point="CENTER" relativeTo="Gypsy_Option224" relativePoint="BOTTOM">
										<Offset>
											<AbsDimension x="0" y="-10" />
										</Offset>
									</Anchor>
								</Anchors>
							</CheckButton>
							<!-- Party frame target binding toggle -->
							<CheckButton name="Gypsy_Option223" inherits="Gypsy_OptionsCheckButtonTemplate" id="223">
								<Anchors>
									<Anchor point="CENTER" relativeTo="Gypsy_Option222" relativePoint="BOTTOM">
										<Offset>
											<AbsDimension x="0" y="-10" />
										</Offset>
									</Anchor>
								</Anchors>
							</CheckButton>
							<!-- Target frame options header -->
							<Frame name="Gypsy_Header230" inherits="Gypsy_OptionsHeaderTemplate" id="230">
								<Anchors>
									<Anchor point="CENTER" relativePoint="TOP">
										<Offset>
											<AbsDimension x="0" y="-350"/>
										</Offset>
									</Anchor>
								</Anchors>
							</Frame>
							<!-- Color target health bar option -->
							<CheckButton name="Gypsy_Option231" inherits="Gypsy_OptionsCheckButtonTemplate" id="231">
								<Anchors>
									<Anchor point="CENTER" relativeTo="Gypsy_Option222" relativePoint="BOTTOM">
										<Offset>
											<AbsDimension x="0" y="-70" />
										</Offset>
									</Anchor>
								</Anchors>
							</CheckButton>
						</Frames>
					</Frame>
				</Frames>
			</Frame>

			<!-- * END OPTIONS FRAMES * -->

			<!-- Close Button -->
			<Button name="Gypsy_OptionsClose" inherits="GameMenuButtonTemplate" text="Close">
				<Anchors>
					<Anchor point="CENTER" relativePoint="BOTTOM">
						<Offset>
							<AbsDimension x="0" y="15"/>
						</Offset>
					</Anchor>
				</Anchors>
				<Scripts>
					<OnClick>
						Gypsy_OptionsFrameToggle();
					</OnClick>
				</Scripts>
			</Button>
			<!-- Display frame for no-addons message -->
			<Frame name="Gypsy_NoCategories" hidden="false">
				<Size>
					<AbsDimension x="380" y="100"/>
				</Size>
				<Anchors>
					<Anchor point="CENTER" relativeTo="Gypsy_OptionsFrame"/>
				</Anchors>
				<Backdrop name="Gypsy_NoCategoriesBackdrop" bgFile="Interface\Tooltips\UI-Tooltip-Background" edgeFile="Interface\Tooltips\UI-Tooltip-Border" tile="true">
					<EdgeSize>
						<AbsValue val="16"/>
					</EdgeSize>
					<TileSize>
						<AbsValue val="16"/>
					</TileSize>
					<BackgroundInsets>
						<AbsInset left="5" right="5" top="5" bottom="5"/>
					</BackgroundInsets>
				</Backdrop>
				<Scripts>
					<OnLoad>
						this:SetBackdropBorderColor(1, 1, 1);
						this:SetBackdropColor(0.1, 0.1, 0.1);
					</OnLoad>
					<OnShow>
						if (Gypsy_VisibleTab ~= nil) then
							this:Hide();
						end
					</OnShow>
				</Scripts>
				<Layers>
					<Layer level="ARTWORK">
						<FontString name="Gypsy_NoCategoriesText1" inherits="GameFontNormal" text="GYPSY_TEXT_SHELL_NOADDONS1">
							<Size>
								<AbsDimension x="360" y="30"/>
							</Size>
							<Anchors>
								<Anchor point="CENTER">
									<Offset>
										<AbsDimension x="0" y="30"/>
									</Offset>
								</Anchor>
							</Anchors>
							<Color r="1" g="0.89" b="0.01"/>
						</FontString>
						<FontString name="Gypsy_NoCategoriesText2" inherits="GameFontNormal" text="GYPSY_TEXT_SHELL_NOADDONS2">
							<Size>
								<AbsDimension x="360" y="30"/>
							</Size>
							<Anchors>
								<Anchor point="CENTER"/>
							</Anchors>
							<Color r="1" g="1" b="1"/>
						</FontString>
						<FontString name="Gypsy_NoCategoriesText3" inherits="GameFontNormal" text="GYPSY_TEXT_SHELL_NOADDONS3">
							<Size>
								<AbsDimension x="360" y="30"/>
							</Size>
							<Anchors>
								<Anchor point="CENTER">
									<Offset>
										<AbsDimension x="0" y="-30"/>
									</Offset>
								</Anchor>
							</Anchors>
							<Color r="1" g="1" b="1"/>
						</FontString>
					</Layer>
				</Layers>
			</Frame>
		</Frames>
	</Frame>
	<!-- Options menu button, displayed around the minimap cluster -->
	<Include file="Gypsy_Buttons.xml"/>

	<!-- ### Example code for adding frames ###

		#Tab & Panel#
		<CheckButton name="Gypsy_Tab###Button" inherits="Gypsy_OptionsTabButtonTemplate" id="###">
			<Anchors>
				<Anchor point="TOP" relativeTo="Gypsy_Tab###Button" relativePoint="BOTTOM">
					<Offset>
						<AbsDimension x="0" y="0"/>
					</Offset>
				</Anchor>
			</Anchors>
			<Scripts>
				<OnClick>
					Gypsy_OptionsTabOnClick();
				</OnClick>
			</Scripts>
		</CheckButton>
		<Frame name="Gypsy_Tab###Text" inherits="Gypsy_OptionsTabTextTemplate" id="###">
			<Anchors>
				<Anchor point="LEFT" relativeTo="Gypsy_Tab###Button" relativePoint="LEFT"/>
			</Anchors>
			<Scripts>
				<OnShow>
					Gypsy_OptionsTabOnShow();
				</OnShow>
			</Scripts>
		</Frame>
		<Frame name="Gypsy_OptionsPanel###" hidden="true" inherits="Gypsy_OptionsPanelTemplate">
			<Frames>
				OPTIONS FRAMES HERE, EXAMPLES FROM BELOW
			</Frames>
		</Frame>

		#Header#
		<Frame name="Gypsy_Header###" inherits="Gypsy_OptionsHeaderTemplate" id="###">
			<Anchors>
				<Anchor point="TOP">
					<Offset>
						<AbsDimension x="0" y="-30"/>
					</Offset>
				</Anchor>
			</Anchors>
		</Frame>

		#CheckButton#
		<Frame name="Gypsy_Option###" id="###">
			<Anchors>
				<Anchor point="TOPLEFT" relativePoint="TOPLEFT">
					<Offset>
						<AbsDimension x="10" y="-10"/>
					</Offset>
				</Anchor>
			</Anchors>
			<Size>
				<AbsDimension x="300" y="32"/>
			</Size>
			<Frames>
				<CheckButton name="$parentCheckButton" inherits="Gypsy_OptionsCheckButtonTemplate" id="#">
					<Anchors>
						<Anchor point="LEFT" relativePoint="LEFT"/>
					</Anchors>
					<Scripts>
						<OnShow>
							Gypsy_OptionsCheckButtonOnShow();
						</OnShow>
						<OnClick>
							Gypsy_OptionsCheckButtonOnClick();
						</OnClick>
					</Scripts>
				</CheckButton>
			</Frames>
		</Frame>

		#PushButton#
		<Button name="Gypsy_Option###" inherits="Gypsy_OptionsButtonTemplate" text="" id="###">
			<Size>
				<AbsDimension x="80" y="20" />
			</Size>
			<Anchors>
				<Anchor point="TOPRIGHT">
					<Offset>
						<AbsDimension x="-10" y="-10"/>
					</Offset>
				</Anchor>
			</Anchors>
		</Button>

		#Slider#
		<Slider name="Gypsy_Option###" inherits="Gypsy_OptionsSliderTemplate" id="###">
			<Anchors>
				<Anchor point="TOPRIGHT">
					<Offset>
						<AbsDimension x="-18" y="-90"/>
					</Offset>
				</Anchor>
			</Anchors>
		</Slider>

	-->

</Ui>