<Bindings>
	<Binding name="RAIDHEAL_MT1_BIGHEAL" header="RAIDHEAL_BIGHEAL">
		RaidHeal_HealMainTank(1, 1)
	</Binding>
	<Binding name="RAIDHEAL_MT2_BIGHEAL">
		RaidHeal_HealMainTank(2, 1)
	</Binding>
	<Binding name="RAIDHEAL_MT3_BIGHEAL">
		RaidHeal_HealMainTank(3, 1)
	</Binding>
	<Binding name="RAIDHEAL_MT4_BIGHEAL">
		RaidHeal_HealMainTank(4, 1)
	</Binding>
	<Binding name="RAIDHEAL_MT5_BIGHEAL">
		RaidHeal_HealMainTank(5, 1)
	</Binding>

	<Binding name="RAIDHEAL_MT1_FASTHEAL" header="RAIDHEAL_FASTHEAL">
		RaidHeal_HealMainTank(1, 2)
	</Binding>
	<Binding name="RAIDHEAL_MT2_FASTHEAL">
		RaidHeal_HealMainTank(2, 2)
	</Binding>
	<Binding name="RAIDHEAL_MT3_FASTHEAL">
		RaidHeal_HealMainTank(3, 2)
	</Binding>
	<Binding name="RAIDHEAL_MT4_FASTHEAL">
		RaidHeal_HealMainTank(4, 2)
	</Binding>
	<Binding name="RAIDHEAL_MT5_FASTHEAL">
		RaidHeal_HealMainTank(5, 2)
	</Binding>
	
	<Binding name="RAIDHEAL_MT1_OVERTIMEHEAL" header="RAIDHEAL_OVERTIMEHEAL">
		RaidHeal_HealMainTank(1, 3)
	</Binding>
	<Binding name="RAIDHEAL_MT2_OVERTIMEHEAL">
		RaidHeal_HealMainTank(2, 3)
	</Binding>
	<Binding name="RAIDHEAL_MT3_OVERTIMEHEAL">
		RaidHeal_HealMainTank(3, 3)
	</Binding>
	<Binding name="RAIDHEAL_MT4_OVERTIMEHEAL">
		RaidHeal_HealMainTank(4, 3)
	</Binding>
	<Binding name="RAIDHEAL_MT5_OVERTIMEHEAL">
		RaidHeal_HealMainTank(5, 3)
	</Binding>
	
	<Binding name="RAIDHEAL_MT1_SHIELD" header="RAIDHEAL_SHIELD">
		RaidHeal_HealMainTank(1, 4)
	</Binding>
	<Binding name="RAIDHEAL_MT2_SHIELD">
		RaidHeal_HealMainTank(2, 4)
	</Binding>
	<Binding name="RAIDHEAL_MT3_SHIELD">
		RaidHeal_HealMainTank(3, 4)
	</Binding>
	<Binding name="RAIDHEAL_MT4_SHIELD">
		RaidHeal_HealMainTank(4, 4)
	</Binding>
	<Binding name="RAIDHEAL_MT5_SHIELD">
		RaidHeal_HealMainTank(5, 4)
	</Binding>
</Bindings>
