<Ui xmlns="http://www.blizzard.com/wow/ui/" xmlns:xsi="http://www.w3.org/2001/XMLSchema-instance" xsi:schemaLocation="http://www.blizzard.com/wow/ui/
..\FrameXML\UI.xsd">
	<Frame name="RaidHeal_HiddenParent" parent="UIParent" hidden="true">
		<Size>
			<AbsDimension x="15" y="15"/>
		</Size>
	</Frame>
	<CheckButton name="RaidHealButtonTemplate" parent="RaidHeal_HiddenParent" inherits="GroupHealButtonTemplate" virtual="true">
		<Size>
			<AbsDimension x="15" y="15"/>
		</Size>
		<Scripts>
			<OnLoad>
				GroupHeal_HealButton_OnLoad();
				RaidHeal_HealButton_OnLoad();
			</OnLoad>
		</Scripts>
	</CheckButton>


	<CheckButton name="RaidHeal_Player1" inherits="RaidHealButtonTemplate" id="106" />
	<CheckButton name="RaidHeal_Player2" inherits="RaidHealButtonTemplate" id="107" />
	<CheckButton name="RaidHeal_Player3" inherits="RaidHealButtonTemplate" id="108" />
	<CheckButton name="RaidHeal_Player4" inherits="RaidHealButtonTemplate" id="109" />
	<CheckButton name="RaidHeal_Player5" inherits="RaidHealButtonTemplate" id="110" />
	<CheckButton name="RaidHeal_Player6" inherits="RaidHealButtonTemplate" id="111" />
	<CheckButton name="RaidHeal_Player7" inherits="RaidHealButtonTemplate" id="112" />
	<CheckButton name="RaidHeal_Player8" inherits="RaidHealButtonTemplate" id="113" />
	<CheckButton name="RaidHeal_Player9" inherits="RaidHealButtonTemplate" id="114" />
	<CheckButton name="RaidHeal_Player10" inherits="RaidHealButtonTemplate" id="115" />
	<CheckButton name="RaidHeal_Player11" inherits="RaidHealButtonTemplate" id="116" />
	<CheckButton name="RaidHeal_Player12" inherits="RaidHealButtonTemplate" id="117" />
	<CheckButton name="RaidHeal_Player13" inherits="RaidHealButtonTemplate" id="118" />
	<CheckButton name="RaidHeal_Player14" inherits="RaidHealButtonTemplate" id="119" />
	<CheckButton name="RaidHeal_Player15" inherits="RaidHealButtonTemplate" id="120" />
	<CheckButton name="RaidHeal_Player16" inherits="RaidHealButtonTemplate" id="121" />
	<CheckButton name="RaidHeal_Player17" inherits="RaidHealButtonTemplate" id="122" />
	<CheckButton name="RaidHeal_Player18" inherits="RaidHealButtonTemplate" id="123" />
	<CheckButton name="RaidHeal_Player19" inherits="RaidHealButtonTemplate" id="124" />
	<CheckButton name="RaidHeal_Player20" inherits="RaidHealButtonTemplate" id="125" />
	<CheckButton name="RaidHeal_Player21" inherits="RaidHealButtonTemplate" id="126" />
	<CheckButton name="RaidHeal_Player22" inherits="RaidHealButtonTemplate" id="127" />
	<CheckButton name="RaidHeal_Player23" inherits="RaidHealButtonTemplate" id="128" />
	<CheckButton name="RaidHeal_Player24" inherits="RaidHealButtonTemplate" id="129" />
	<CheckButton name="RaidHeal_Player25" inherits="RaidHealButtonTemplate" id="130" />
	<CheckButton name="RaidHeal_Player26" inherits="RaidHealButtonTemplate" id="131" />
	<CheckButton name="RaidHeal_Player27" inherits="RaidHealButtonTemplate" id="132" />
	<CheckButton name="RaidHeal_Player28" inherits="RaidHealButtonTemplate" id="133" />
	<CheckButton name="RaidHeal_Player29" inherits="RaidHealButtonTemplate" id="134" />
	<CheckButton name="RaidHeal_Player30" inherits="RaidHealButtonTemplate" id="135" />
	<CheckButton name="RaidHeal_Player31" inherits="RaidHealButtonTemplate" id="136" />
	<CheckButton name="RaidHeal_Player32" inherits="RaidHealButtonTemplate" id="137" />
	<CheckButton name="RaidHeal_Player33" inherits="RaidHealButtonTemplate" id="138" />
	<CheckButton name="RaidHeal_Player34" inherits="RaidHealButtonTemplate" id="139" />
	<CheckButton name="RaidHeal_Player35" inherits="RaidHealButtonTemplate" id="140" />
	<CheckButton name="RaidHeal_Player36" inherits="RaidHealButtonTemplate" id="141" />
	<CheckButton name="RaidHeal_Player37" inherits="RaidHealButtonTemplate" id="142" />
	<CheckButton name="RaidHeal_Player38" inherits="RaidHealButtonTemplate" id="143" />
	<CheckButton name="RaidHeal_Player39" inherits="RaidHealButtonTemplate" id="144" />
	<CheckButton name="RaidHeal_Player40" inherits="RaidHealButtonTemplate" id="145" />

	<CheckButton name="RaidHeal_FastHeal_Player1" inherits="RaidHealButtonTemplate" id="206" />
	<CheckButton name="RaidHeal_FastHeal_Player2" inherits="RaidHealButtonTemplate" id="207" />
	<CheckButton name="RaidHeal_FastHeal_Player3" inherits="RaidHealButtonTemplate" id="208" />
	<CheckButton name="RaidHeal_FastHeal_Player4" inherits="RaidHealButtonTemplate" id="209" />
	<CheckButton name="RaidHeal_FastHeal_Player5" inherits="RaidHealButtonTemplate" id="210" />
	<CheckButton name="RaidHeal_FastHeal_Player6" inherits="RaidHealButtonTemplate" id="211" />
	<CheckButton name="RaidHeal_FastHeal_Player7" inherits="RaidHealButtonTemplate" id="212" />
	<CheckButton name="RaidHeal_FastHeal_Player8" inherits="RaidHealButtonTemplate" id="213" />
	<CheckButton name="RaidHeal_FastHeal_Player9" inherits="RaidHealButtonTemplate" id="214" />
	<CheckButton name="RaidHeal_FastHeal_Player10" inherits="RaidHealButtonTemplate" id="215" />
	<CheckButton name="RaidHeal_FastHeal_Player11" inherits="RaidHealButtonTemplate" id="216" />
	<CheckButton name="RaidHeal_FastHeal_Player12" inherits="RaidHealButtonTemplate" id="217" />
	<CheckButton name="RaidHeal_FastHeal_Player13" inherits="RaidHealButtonTemplate" id="218" />
	<CheckButton name="RaidHeal_FastHeal_Player14" inherits="RaidHealButtonTemplate" id="219" />
	<CheckButton name="RaidHeal_FastHeal_Player15" inherits="RaidHealButtonTemplate" id="220" />
	<CheckButton name="RaidHeal_FastHeal_Player16" inherits="RaidHealButtonTemplate" id="221" />
	<CheckButton name="RaidHeal_FastHeal_Player17" inherits="RaidHealButtonTemplate" id="222" />
	<CheckButton name="RaidHeal_FastHeal_Player18" inherits="RaidHealButtonTemplate" id="223" />
	<CheckButton name="RaidHeal_FastHeal_Player19" inherits="RaidHealButtonTemplate" id="224" />
	<CheckButton name="RaidHeal_FastHeal_Player20" inherits="RaidHealButtonTemplate" id="225" />
	<CheckButton name="RaidHeal_FastHeal_Player21" inherits="RaidHealButtonTemplate" id="226" />
	<CheckButton name="RaidHeal_FastHeal_Player22" inherits="RaidHealButtonTemplate" id="227" />
	<CheckButton name="RaidHeal_FastHeal_Player23" inherits="RaidHealButtonTemplate" id="228" />
	<CheckButton name="RaidHeal_FastHeal_Player24" inherits="RaidHealButtonTemplate" id="229" />
	<CheckButton name="RaidHeal_FastHeal_Player25" inherits="RaidHealButtonTemplate" id="230" />
	<CheckButton name="RaidHeal_FastHeal_Player26" inherits="RaidHealButtonTemplate" id="231" />
	<CheckButton name="RaidHeal_FastHeal_Player27" inherits="RaidHealButtonTemplate" id="232" />
	<CheckButton name="RaidHeal_FastHeal_Player28" inherits="RaidHealButtonTemplate" id="233" />
	<CheckButton name="RaidHeal_FastHeal_Player29" inherits="RaidHealButtonTemplate" id="234" />
	<CheckButton name="RaidHeal_FastHeal_Player30" inherits="RaidHealButtonTemplate" id="235" />
	<CheckButton name="RaidHeal_FastHeal_Player31" inherits="RaidHealButtonTemplate" id="236" />
	<CheckButton name="RaidHeal_FastHeal_Player32" inherits="RaidHealButtonTemplate" id="237" />
	<CheckButton name="RaidHeal_FastHeal_Player33" inherits="RaidHealButtonTemplate" id="238" />
	<CheckButton name="RaidHeal_FastHeal_Player34" inherits="RaidHealButtonTemplate" id="239" />
	<CheckButton name="RaidHeal_FastHeal_Player35" inherits="RaidHealButtonTemplate" id="240" />
	<CheckButton name="RaidHeal_FastHeal_Player36" inherits="RaidHealButtonTemplate" id="241" />
	<CheckButton name="RaidHeal_FastHeal_Player37" inherits="RaidHealButtonTemplate" id="242" />
	<CheckButton name="RaidHeal_FastHeal_Player38" inherits="RaidHealButtonTemplate" id="243" />
	<CheckButton name="RaidHeal_FastHeal_Player39" inherits="RaidHealButtonTemplate" id="244" />
	<CheckButton name="RaidHeal_FastHeal_Player40" inherits="RaidHealButtonTemplate" id="245" />
	
	<CheckButton name="RaidHeal_OverTimeHeal_Player1" inherits="RaidHealButtonTemplate" id="306" />
	<CheckButton name="RaidHeal_OverTimeHeal_Player2" inherits="RaidHealButtonTemplate" id="307" />
	<CheckButton name="RaidHeal_OverTimeHeal_Player3" inherits="RaidHealButtonTemplate" id="308" />
	<CheckButton name="RaidHeal_OverTimeHeal_Player4" inherits="RaidHealButtonTemplate" id="309" />
	<CheckButton name="RaidHeal_OverTimeHeal_Player5" inherits="RaidHealButtonTemplate" id="310" />
	<CheckButton name="RaidHeal_OverTimeHeal_Player6" inherits="RaidHealButtonTemplate" id="311" />
	<CheckButton name="RaidHeal_OverTimeHeal_Player7" inherits="RaidHealButtonTemplate" id="312" />
	<CheckButton name="RaidHeal_OverTimeHeal_Player8" inherits="RaidHealButtonTemplate" id="313" />
	<CheckButton name="RaidHeal_OverTimeHeal_Player9" inherits="RaidHealButtonTemplate" id="314" />
	<CheckButton name="RaidHeal_OverTimeHeal_Player10" inherits="RaidHealButtonTemplate" id="315" />
	<CheckButton name="RaidHeal_OverTimeHeal_Player11" inherits="RaidHealButtonTemplate" id="316" />
	<CheckButton name="RaidHeal_OverTimeHeal_Player12" inherits="RaidHealButtonTemplate" id="317" />
	<CheckButton name="RaidHeal_OverTimeHeal_Player13" inherits="RaidHealButtonTemplate" id="318" />
	<CheckButton name="RaidHeal_OverTimeHeal_Player14" inherits="RaidHealButtonTemplate" id="319" />
	<CheckButton name="RaidHeal_OverTimeHeal_Player15" inherits="RaidHealButtonTemplate" id="320" />
	<CheckButton name="RaidHeal_OverTimeHeal_Player16" inherits="RaidHealButtonTemplate" id="321" />
	<CheckButton name="RaidHeal_OverTimeHeal_Player17" inherits="RaidHealButtonTemplate" id="322" />
	<CheckButton name="RaidHeal_OverTimeHeal_Player18" inherits="RaidHealButtonTemplate" id="323" />
	<CheckButton name="RaidHeal_OverTimeHeal_Player19" inherits="RaidHealButtonTemplate" id="324" />
	<CheckButton name="RaidHeal_OverTimeHeal_Player20" inherits="RaidHealButtonTemplate" id="325" />
	<CheckButton name="RaidHeal_OverTimeHeal_Player21" inherits="RaidHealButtonTemplate" id="326" />
	<CheckButton name="RaidHeal_OverTimeHeal_Player22" inherits="RaidHealButtonTemplate" id="327" />
	<CheckButton name="RaidHeal_OverTimeHeal_Player23" inherits="RaidHealButtonTemplate" id="328" />
	<CheckButton name="RaidHeal_OverTimeHeal_Player24" inherits="RaidHealButtonTemplate" id="329" />
	<CheckButton name="RaidHeal_OverTimeHeal_Player25" inherits="RaidHealButtonTemplate" id="330" />
	<CheckButton name="RaidHeal_OverTimeHeal_Player26" inherits="RaidHealButtonTemplate" id="331" />
	<CheckButton name="RaidHeal_OverTimeHeal_Player27" inherits="RaidHealButtonTemplate" id="332" />
	<CheckButton name="RaidHeal_OverTimeHeal_Player28" inherits="RaidHealButtonTemplate" id="333" />
	<CheckButton name="RaidHeal_OverTimeHeal_Player29" inherits="RaidHealButtonTemplate" id="334" />
	<CheckButton name="RaidHeal_OverTimeHeal_Player30" inherits="RaidHealButtonTemplate" id="335" />
	<CheckButton name="RaidHeal_OverTimeHeal_Player31" inherits="RaidHealButtonTemplate" id="336" />
	<CheckButton name="RaidHeal_OverTimeHeal_Player32" inherits="RaidHealButtonTemplate" id="337" />
	<CheckButton name="RaidHeal_OverTimeHeal_Player33" inherits="RaidHealButtonTemplate" id="338" />
	<CheckButton name="RaidHeal_OverTimeHeal_Player34" inherits="RaidHealButtonTemplate" id="339" />
	<CheckButton name="RaidHeal_OverTimeHeal_Player35" inherits="RaidHealButtonTemplate" id="340" />
	<CheckButton name="RaidHeal_OverTimeHeal_Player36" inherits="RaidHealButtonTemplate" id="341" />
	<CheckButton name="RaidHeal_OverTimeHeal_Player37" inherits="RaidHealButtonTemplate" id="342" />
	<CheckButton name="RaidHeal_OverTimeHeal_Player38" inherits="RaidHealButtonTemplate" id="343" />
	<CheckButton name="RaidHeal_OverTimeHeal_Player39" inherits="RaidHealButtonTemplate" id="344" />
	<CheckButton name="RaidHeal_OverTimeHeal_Player40" inherits="RaidHealButtonTemplate" id="345" />

	<CheckButton name="RaidHeal_Shield_Player1" inherits="RaidHealButtonTemplate" id="406" />
	<CheckButton name="RaidHeal_Shield_Player2" inherits="RaidHealButtonTemplate" id="407" />
	<CheckButton name="RaidHeal_Shield_Player3" inherits="RaidHealButtonTemplate" id="408" />
	<CheckButton name="RaidHeal_Shield_Player4" inherits="RaidHealButtonTemplate" id="409" />
	<CheckButton name="RaidHeal_Shield_Player5" inherits="RaidHealButtonTemplate" id="410" />
	<CheckButton name="RaidHeal_Shield_Player6" inherits="RaidHealButtonTemplate" id="411" />
	<CheckButton name="RaidHeal_Shield_Player7" inherits="RaidHealButtonTemplate" id="412" />
	<CheckButton name="RaidHeal_Shield_Player8" inherits="RaidHealButtonTemplate" id="413" />
	<CheckButton name="RaidHeal_Shield_Player9" inherits="RaidHealButtonTemplate" id="414" />
	<CheckButton name="RaidHeal_Shield_Player10" inherits="RaidHealButtonTemplate" id="415" />
	<CheckButton name="RaidHeal_Shield_Player11" inherits="RaidHealButtonTemplate" id="416" />
	<CheckButton name="RaidHeal_Shield_Player12" inherits="RaidHealButtonTemplate" id="417" />
	<CheckButton name="RaidHeal_Shield_Player13" inherits="RaidHealButtonTemplate" id="418" />
	<CheckButton name="RaidHeal_Shield_Player14" inherits="RaidHealButtonTemplate" id="419" />
	<CheckButton name="RaidHeal_Shield_Player15" inherits="RaidHealButtonTemplate" id="420" />
	<CheckButton name="RaidHeal_Shield_Player16" inherits="RaidHealButtonTemplate" id="421" />
	<CheckButton name="RaidHeal_Shield_Player17" inherits="RaidHealButtonTemplate" id="422" />
	<CheckButton name="RaidHeal_Shield_Player18" inherits="RaidHealButtonTemplate" id="423" />
	<CheckButton name="RaidHeal_Shield_Player19" inherits="RaidHealButtonTemplate" id="424" />
	<CheckButton name="RaidHeal_Shield_Player20" inherits="RaidHealButtonTemplate" id="425" />
	<CheckButton name="RaidHeal_Shield_Player21" inherits="RaidHealButtonTemplate" id="426" />
	<CheckButton name="RaidHeal_Shield_Player22" inherits="RaidHealButtonTemplate" id="427" />
	<CheckButton name="RaidHeal_Shield_Player23" inherits="RaidHealButtonTemplate" id="428" />
	<CheckButton name="RaidHeal_Shield_Player24" inherits="RaidHealButtonTemplate" id="429" />
	<CheckButton name="RaidHeal_Shield_Player25" inherits="RaidHealButtonTemplate" id="430" />
	<CheckButton name="RaidHeal_Shield_Player26" inherits="RaidHealButtonTemplate" id="431" />
	<CheckButton name="RaidHeal_Shield_Player27" inherits="RaidHealButtonTemplate" id="432" />
	<CheckButton name="RaidHeal_Shield_Player28" inherits="RaidHealButtonTemplate" id="433" />
	<CheckButton name="RaidHeal_Shield_Player29" inherits="RaidHealButtonTemplate" id="434" />
	<CheckButton name="RaidHeal_Shield_Player30" inherits="RaidHealButtonTemplate" id="435" />
	<CheckButton name="RaidHeal_Shield_Player31" inherits="RaidHealButtonTemplate" id="436" />
	<CheckButton name="RaidHeal_Shield_Player32" inherits="RaidHealButtonTemplate" id="437" />
	<CheckButton name="RaidHeal_Shield_Player33" inherits="RaidHealButtonTemplate" id="438" />
	<CheckButton name="RaidHeal_Shield_Player34" inherits="RaidHealButtonTemplate" id="439" />
	<CheckButton name="RaidHeal_Shield_Player35" inherits="RaidHealButtonTemplate" id="440" />
	<CheckButton name="RaidHeal_Shield_Player36" inherits="RaidHealButtonTemplate" id="441" />
	<CheckButton name="RaidHeal_Shield_Player37" inherits="RaidHealButtonTemplate" id="442" />
	<CheckButton name="RaidHeal_Shield_Player38" inherits="RaidHealButtonTemplate" id="443" />
	<CheckButton name="RaidHeal_Shield_Player39" inherits="RaidHealButtonTemplate" id="444" />
	<CheckButton name="RaidHeal_Shield_Player40" inherits="RaidHealButtonTemplate" id="445" />
	
	<Frame name="RaidHealFrame" >
		<Scripts>
			<OnLoad>
				RaidHeal_OnLoad()
			</OnLoad>
			<OnEvent>
				RaidHeal_OnEvent(event)
			</OnEvent>
			<OnUpdate>
				RaidHeal_OnUpdate(arg1)
			</OnUpdate>
		</Scripts>
	</Frame>
</Ui>
