<Ui xmlns="http://www.blizzard.com/wow/ui/"
xmlns:xsi="http://www.w3.org/2001/XMLSchema-instance"
xsi:schemaLocation="http://www.blizzard.com/wow/ui/">
<Script file="TotemTimer.lua"/>

<Frame name="TotemTimerTemplate" virtual="true" toplevel="true" hidden="true">
	<Size>
		<AbsDimension x="159" y="41"/>
	</Size>
	<Backdrop edgeFile="Interface\DialogFrame\UI-DialogBox-Border" tile="true">
		<BackgroundInsets>
			<AbsInset left="11" right="12" top="12" bottom="11"/>
		</BackgroundInsets>
		<EdgeSize><AbsValue val="30"/></EdgeSize>
	</Backdrop>
	<Frames>
	<Button name="$parent_Icon" framestrata="BACKGROUND">
		<Size>
			<AbsDimension x="22" y="22"/>
		</Size>
		<Anchors>
			<Anchor point="CENTER" relativeTo="$parent">
				<Offset><AbsDimension x="-57" y="0"/></Offset>
			</Anchor>
		</Anchors>
	</Button>
	</Frames>
	<Scripts>
			<OnShow>TotemTimer_Icon_OnShow()</OnShow>
	</Scripts>
</Frame>
<Fonstring name="TimerDescTemplate" inherits="GameFontNormalSmall" virtual="true">
	<Anchors>
		<Anchor point="CENTER" relativeTo="$parent">
					<Offset><AbsDimension x="10" y="0"/></Offset>
					</Anchor>
				</Anchors>
</Fonstring>

<GameTooltip name="TotemTimerTooltip" inherits="GameTooltipTemplate">
	<Scripts>
		<Onload>
			this:SetOwner(this, "ANCHOR_NONE");
			TotemTimer_OnLoad();
		</Onload>
	</Scripts>
</GameTooltip>

<StatusBar name="TotemTimerDurationTemplate" virtual="true" framestrata="BACKGROUND">
				
				<Size>
					<AbsDimension x="115" y="19"/>
				</Size>
				<Anchors>
					<Anchor point="LEFT" relativeTo="$parent_Icon" relativePoint="RIGHT">
						<Offset><AbsDimension x="0" y="0"/></Offset>
					</Anchor>
				</Anchors>
				<BarTexture file="Interface\TargetingFrame\UI-StatusBar"/>
</StatusBar>

<Frame name="TotemTimerTimers" parent="UIParent" visible="true">
	<Size>
		<AbsDimension x="140" y="138"/>
	</Size>
	
	<Frames>
		<Frame name="$parent_Earth" inherits="TotemTimerTemplate">
			<Anchors>
				<Anchor point="TOPLEFT" relativeTo="$parent">
					<Offset><AbsDimension x="0" y="0"/></Offset>
				</Anchor>
			</Anchors>
			
		<Layers>
		<Layer level="ARTWORK">
			<Fontstring name="$parent_Description" inherits="TimerDescTemplate">
			
			</Fontstring>
		</Layer>
		</Layers>
		<Scripts>
			<OnLoad>
				getglobal(this:GetName().."_Description"):SetText("Earth")
			</OnLoad>
		</Scripts>
		</Frame>
		<Frame name="$parent_Fire" inherits="TotemTimerTemplate">
			<Anchors>
				<Anchor point="TOPLEFT" relativeTo="$parent_Earth">
					<Offset><AbsDimension x="0" y="-30"/></Offset>
				</Anchor>
			</Anchors>
		<Layers>
		<Layer level="ARTWORK">
			<Fontstring name="$parent_Description" inherits="TimerDescTemplate">
			
			</Fontstring>
		</Layer>
		</Layers>
		<Scripts>
			<OnLoad>
				getglobal(this:GetName().."_Description"):SetText("Fire")
			</OnLoad>
		</Scripts>
		</Frame>

<Frame name="$parent_Water" inherits="TotemTimerTemplate">
			<Anchors>
				<Anchor point="TOPLEFT" relativeTo="$parent_Fire">
					<Offset><AbsDimension x="0" y="-30"/></Offset>
				</Anchor>
			</Anchors>
		<Layers>
		<Layer level="ARTWORK">
			<Fontstring name="$parent_Description" inherits="TimerDescTemplate">
			
			</Fontstring>
		</Layer>
		</Layers>
		<Scripts>
			<OnLoad>
				getglobal(this:GetName().."_Description"):SetText("Water")
			</OnLoad>
		</Scripts>
		</Frame>

<Frame name="$parent_Air" inherits="TotemTimerTemplate">
			<Anchors>
				<Anchor point="TOPLEFT" relativeTo="$parent_Water">
					<Offset><AbsDimension x="0" y="-30"/></Offset>
				</Anchor>
			</Anchors>
		<Layers>
		<Layer level="ARTWORK">
			<Fontstring name="$parent_Description" inherits="TimerDescTemplate">
			
			</Fontstring>
		</Layer>
		</Layers>
		<Scripts>
			<OnLoad>
				getglobal(this:GetName().."_Description"):SetText("Air")
			</OnLoad>
		</Scripts>
		</Frame>			
		
		</Frames>
	<Scripts>
	<OnLoad>
		this:RegisterEvent("VARIABLES_LOADED");
	</OnLoad>
	<OnMouseDown>
		TotemTimer_OnMouseDown()
	</OnMouseDown>
	<OnMouseUp>
		TotemTimer_OnMouseUp()
	</OnMouseUp>
	<OnEvent>
		TotemTimer_OnEvent(event)
	</OnEvent>
	<OnUpdate>
		TotemTimer_OnUpdate()
	</OnUpdate>
</Scripts>
</Frame>


</Ui>