<Ui xmlns="http://www.blizzard.com/wow/ui/"  
xmlns:xsi="http://www.w3.org/2001/XMLSchema-instance" 
xsi:schemaLocation="http://www.blizzard.com/wow/ui/ C:\Projects\WoW\Bin\Interface\FrameXML\UI.xsd">
	<!-- $Id$ -->
	
	<!-- Localization -->
	<Script file="Localization.lua"/>
	<Script file="Localization.de.lua"/>
	<Script file="Localization.fr.lua"/>
	
	<!-- My Script -->
	<Script file="Fury.lua"/>

	<!-- My AddOn Frames -->
	<Frame name="FuryFrame" parent="UIParent">
		<Scripts>
			<OnLoad>
				Fury_OnLoad();
			</OnLoad>
			<OnEvent>
				Fury_OnEvent(event);
			</OnEvent>
		</Scripts>
	</Frame>
</Ui>