<Ui xmlns="http://www.blizzard.com/wow/ui/" xmlns:xsi="http://www.w3.org/2001/XMLSchema-instance" xsi:schemaLocation="http://www.blizzard.com/wow/ui/
..\FrameXML\UI.xsd">
	<Script file="localization.lua"/>
	<Script file="BMRecLevel.lua"/>
	<Frame name="BM_Rec_Level_Frame">
		<Scripts>
			<OnLoad>
				BM_Rec_Level_OnLoad();
			</OnLoad>
			<OnEvent>
				BM_Rec_Level_OnEvent();
			</OnEvent>
		</Scripts>
	</Frame>
	
	
	<!-- Button -->
	<Button name="BM_Rec_Level" frameStrata="LOW" toplevel="true" enableMouse="true" movable="true" parent="UIParent">
		<TitleRegion setAllPoints="true"/>
		<Scripts>
			<OnClick>
				BRL_OnShow();
			</OnClick>
			<OnEnter>
				BM_Rec_Level_OnEnter();
			</OnEnter>
			<OnLeave>
				BM_Rec_Level_OnLeave();
			</OnLeave>
		</Scripts>
		<Size>
			<AbsDimension x="145" y="24"/>
		</Size>
		<Anchors>
			<Anchor point="CENTER"/>
		</Anchors>
		<Backdrop name="SFBItemsBackdrop" edgeFile="Interface\Tooltips\UI-Tooltip-Border" tile="false">
			<EdgeSize>
				<AbsValue val="16"/>
			</EdgeSize>
			<TileSize>
				<AbsValue val="16"/>
			</TileSize>
			<BackgroundInsets>
				<AbsInset left="5" right="5" top="5" bottom="5"/>
			</BackgroundInsets>
		</Backdrop>
	</Button>

	<!-- Text -->
	<Frame name="BM_Rec_Level_Text_Frame" parent="UIParent">
		<Layers>
			<Layer level="OVERLAY">
				<FontString name="BM_Rec_Level_Text" inherits="GameFontNormal" text="Recommend" justifyH="CENTER">
					<Size>
						<AbsDimension x="145" y="24"/>
					</Size>
					<Anchors>
						<Anchor point="CENTER" relativeTo="BM_Rec_Level" relativePoint="CENTER">
							<Offset>
								<AbsDimension x="0" y="0"/>
							</Offset>
						</Anchor>
					</Anchors>
				</FontString>
			</Layer>
		</Layers>
	</Frame>
	
	<!-- Map Text -->
	<Frame name="BM_Rec_WorldMap_Frame" parent="WorldMapFrame">
		<Scripts>
			<OnUpdate>
					BM_WorldMapButton_OnUpdate();
			</OnUpdate>
		</Scripts>
		<Layers>
			<Layer level="OVERLAY">
				<FontString name="BM_Rec_WorldMap_Text" inherits="GameFontNormalSmall" outline="THICK" virtual="true">
					<Anchors>
						<Anchor point="TOP" relativeTo="WorldMapFrameAreaLabel" relativePoint="BOTTOM">
							<Offset>
								<AbsDimension x="0" y="-5"/>
							</Offset>
						</Anchor>
					</Anchors>
				</FontString>
			</Layer>
		</Layers>
	</Frame>
</Ui>