<Bindings>
	<Binding name="GROUPBUTTONS_OPTIONS" header="GROUPBUTTONS">
		GB_Show_OptionsFrame("main");
	</Binding>
	<Binding name="GROUPBUTTONS_LABELS">
		GB_Toggle_Labels();
	</Binding>
	<Binding name="GROUPBUTTONS_EMPTY">
		GB_Toggle_EmptyButtons();
	</Binding>
	<Binding name="GROUPBUTTONS_SPELLBOOK">
		GB_Toggle_MiniSpellbook();
	</Binding>
	<Binding name="GROUPBUTTONS_BARLOCK">
		GB_Toggle_BarLock();
	</Binding>
	<Binding name="GROUPBUTTONS_BUTTONLOCK">
		GB_Toggle_ButtonsLock();
	</Binding>
	<Binding name="GROUPBUTTONS_CLICKBOXES">
		GB_Toggle_Clickboxes();
	</Binding>
	<Binding name="GROUPBUTTONS_BARS">
		GB_Toggle_Bars();
	</Binding>

	<Binding name="GB_SETDYNAMICKBTOBAR_SELF" header="GB_SETDYNAMICKBTOBAR">
		GB_Set_CurrentKeybindingBar("GB_PlayerBar");
	</Binding>
	<Binding name="GB_SETDYNAMICKBTOBAR_PARTY1">
		GB_Set_CurrentKeybindingBar("GB_PartyBar1");
	</Binding>
	<Binding name="GB_SETDYNAMICKBTOBAR_PARTY2">
		GB_Set_CurrentKeybindingBar("GB_PartyBar2");
	</Binding>
	<Binding name="GB_SETDYNAMICKBTOBAR_PARTY3">
		GB_Set_CurrentKeybindingBar("GB_PartyBar3");
	</Binding>
	<Binding name="GB_SETDYNAMICKBTOBAR_PARTY4">
		GB_Set_CurrentKeybindingBar("GB_PartyBar4");
	</Binding>
	<Binding name="GB_SETDYNAMICKBTOBAR_TARGET">
		GB_Set_CurrentKeybindingBar("target");
	</Binding>
	<Binding name="GB_SETDYNAMICKBTOBAR_LOWESTHEALTH">
		GB_Set_CurrentKeybindingBar("GB_LowestHealthBar");
	</Binding>

	<Binding name="GB_DYNAMICKB1" header="GB_DYNAMICKB">
		GB_ActionButton_OnClick(GB_CURRENT_KB_BAR, 1, 1);
	</Binding>
	<Binding name="GB_DYNAMICKB2">
		GB_ActionButton_OnClick(GB_CURRENT_KB_BAR, 2, 1);
	</Binding>
	<Binding name="GB_DYNAMICKB3">
		GB_ActionButton_OnClick(GB_CURRENT_KB_BAR, 3, 1);
	</Binding>
	<Binding name="GB_DYNAMICKB4">
		GB_ActionButton_OnClick(GB_CURRENT_KB_BAR, 4, 1);
	</Binding>
	<Binding name="GB_DYNAMICKB5">
		GB_ActionButton_OnClick(GB_CURRENT_KB_BAR, 5, 1);
	</Binding>
	<Binding name="GB_DYNAMICKB6">
		GB_ActionButton_OnClick(GB_CURRENT_KB_BAR, 6, 1);
	</Binding>
	<Binding name="GB_DYNAMICKB7">
		GB_ActionButton_OnClick(GB_CURRENT_KB_BAR, 7, 1);
	</Binding>
	<Binding name="GB_DYNAMICKB8">
		GB_ActionButton_OnClick(GB_CURRENT_KB_BAR, 8, 1);
	</Binding>
	<Binding name="GB_DYNAMICKB9">
		GB_ActionButton_OnClick(GB_CURRENT_KB_BAR, 9, 1);
	</Binding>
	<Binding name="GB_DYNAMICKB10">
		GB_ActionButton_OnClick(GB_CURRENT_KB_BAR, 10, 1);
	</Binding>
	<Binding name="GB_DYNAMICKB11">
		GB_ActionButton_OnClick(GB_CURRENT_KB_BAR, 11, 1);
	</Binding>
	<Binding name="GB_DYNAMICKB12">
		GB_ActionButton_OnClick(GB_CURRENT_KB_BAR, 12, 1);
	</Binding>
	<Binding name="GB_DYNAMICKB13">
		GB_ActionButton_OnClick(GB_CURRENT_KB_BAR, 13, 1);
	</Binding>
	<Binding name="GB_DYNAMICKB14">
		GB_ActionButton_OnClick(GB_CURRENT_KB_BAR, 14, 1);
	</Binding>
	<Binding name="GB_DYNAMICKB15">
		GB_ActionButton_OnClick(GB_CURRENT_KB_BAR, 15, 1);
	</Binding>
	<Binding name="GB_DYNAMICKB16">
		GB_ActionButton_OnClick(GB_CURRENT_KB_BAR, 16, 1);
	</Binding>
	<Binding name="GB_DYNAMICKB17">
		GB_ActionButton_OnClick(GB_CURRENT_KB_BAR, 17, 1);
	</Binding>
	<Binding name="GB_DYNAMICKB18">
		GB_ActionButton_OnClick(GB_CURRENT_KB_BAR, 18, 1);
	</Binding>
	<Binding name="GB_DYNAMICKB19">
		GB_ActionButton_OnClick(GB_CURRENT_KB_BAR, 19, 1);
	</Binding>
	<Binding name="GB_DYNAMICKB20">
		GB_ActionButton_OnClick(GB_CURRENT_KB_BAR, 20, 1);
	</Binding>

	<Binding name="GB_PLAYER1" header="GB_PLAYER">
		GB_ActionButton_OnClick("GB_PlayerBar", 1, 1);
	</Binding>
	<Binding name="GB_PLAYER2">
		GB_ActionButton_OnClick("GB_PlayerBar", 2, 1);
	</Binding>
	<Binding name="GB_PLAYER3">
		GB_ActionButton_OnClick("GB_PlayerBar", 3, 1);
	</Binding>
	<Binding name="GB_PLAYER4">
		GB_ActionButton_OnClick("GB_PlayerBar", 4, 1);
	</Binding>
	<Binding name="GB_PLAYER5">
		GB_ActionButton_OnClick("GB_PlayerBar", 5, 1);
	</Binding>
	<Binding name="GB_PLAYER6">
		GB_ActionButton_OnClick("GB_PlayerBar", 6, 1);
	</Binding>
	<Binding name="GB_PLAYER7">
		GB_ActionButton_OnClick("GB_PlayerBar", 7, 1);
	</Binding>
	<Binding name="GB_PLAYER8">
		GB_ActionButton_OnClick("GB_PlayerBar", 8, 1);
	</Binding>
	<Binding name="GB_PLAYER9">
		GB_ActionButton_OnClick("GB_PlayerBar", 9, 1);
	</Binding>
	<Binding name="GB_PLAYER10">
		GB_ActionButton_OnClick("GB_PlayerBar", 10, 1);
	</Binding>
	<Binding name="GB_PLAYER11">
		GB_ActionButton_OnClick("GB_PlayerBar", 11, 1);
	</Binding>
	<Binding name="GB_PLAYER12">
		GB_ActionButton_OnClick("GB_PlayerBar", 12, 1);
	</Binding>
	<Binding name="GB_PLAYER13">
		GB_ActionButton_OnClick("GB_PlayerBar", 13, 1);
	</Binding>
	<Binding name="GB_PLAYER14">
		GB_ActionButton_OnClick("GB_PlayerBar", 14, 1);
	</Binding>
	<Binding name="GB_PLAYER15">
		GB_ActionButton_OnClick("GB_PlayerBar", 15, 1);
	</Binding>
	<Binding name="GB_PLAYER16">
		GB_ActionButton_OnClick("GB_PlayerBar", 16, 1);
	</Binding>
	<Binding name="GB_PLAYER17">
		GB_ActionButton_OnClick("GB_PlayerBar", 17, 1);
	</Binding>
	<Binding name="GB_PLAYER18">
		GB_ActionButton_OnClick("GB_PlayerBar", 18, 1);
	</Binding>
	<Binding name="GB_PLAYER19">
		GB_ActionButton_OnClick("GB_PlayerBar", 19, 1);
	</Binding>
	<Binding name="GB_PLAYER20">
		GB_ActionButton_OnClick("GB_PlayerBar", 20, 1);
	</Binding>

	<Binding name="GB_PARTY1_1" header="GB_PARTY1">
		GB_ActionButton_OnClick("GB_PartyBar1", 1, 1);
	</Binding>
	<Binding name="GB_PARTY1_2">
		GB_ActionButton_OnClick("GB_PartyBar1", 2, 1);
	</Binding>
	<Binding name="GB_PARTY1_3">
		GB_ActionButton_OnClick("GB_PartyBar1", 3, 1);
	</Binding>
	<Binding name="GB_PARTY1_4">
		GB_ActionButton_OnClick("GB_PartyBar1", 4, 1);
	</Binding>
	<Binding name="GB_PARTY1_5">
		GB_ActionButton_OnClick("GB_PartyBar1", 5, 1);
	</Binding>
	<Binding name="GB_PARTY1_6">
		GB_ActionButton_OnClick("GB_PartyBar1", 6, 1);
	</Binding>
	<Binding name="GB_PARTY1_7">
		GB_ActionButton_OnClick("GB_PartyBar1", 7, 1);
	</Binding>
	<Binding name="GB_PARTY1_8">
		GB_ActionButton_OnClick("GB_PartyBar1", 8, 1);
	</Binding>
	<Binding name="GB_PARTY1_9">
		GB_ActionButton_OnClick("GB_PartyBar1", 9, 1);
	</Binding>
	<Binding name="GB_PARTY1_10">
		GB_ActionButton_OnClick("GB_PartyBar1", 10, 1);
	</Binding>
	<Binding name="GB_PARTY1_11">
		GB_ActionButton_OnClick("GB_PartyBar1", 11, 1);
	</Binding>
	<Binding name="GB_PARTY1_12">
		GB_ActionButton_OnClick("GB_PartyBar1", 12, 1);
	</Binding>
	<Binding name="GB_PARTY1_13">
		GB_ActionButton_OnClick("GB_PartyBar1", 13, 1);
	</Binding>
	<Binding name="GB_PARTY1_14">
		GB_ActionButton_OnClick("GB_PartyBar1", 14, 1);
	</Binding>
	<Binding name="GB_PARTY1_15">
		GB_ActionButton_OnClick("GB_PartyBar1", 15, 1);
	</Binding>
	<Binding name="GB_PARTY1_16">
		GB_ActionButton_OnClick("GB_PartyBar1", 16, 1);
	</Binding>
	<Binding name="GB_PARTY1_17">
		GB_ActionButton_OnClick("GB_PartyBar1", 17, 1);
	</Binding>
	<Binding name="GB_PARTY1_18">
		GB_ActionButton_OnClick("GB_PartyBar1", 18, 1);
	</Binding>
	<Binding name="GB_PARTY1_19">
		GB_ActionButton_OnClick("GB_PartyBar1", 19, 1);
	</Binding>
	<Binding name="GB_PARTY1_20">
		GB_ActionButton_OnClick("GB_PartyBar1", 20, 1);
	</Binding>

	<Binding name="GB_PARTY2_1" header="GB_PARTY2">
		GB_ActionButton_OnClick("GB_PartyBar2", 1, 1);
	</Binding>
	<Binding name="GB_PARTY2_2">
		GB_ActionButton_OnClick("GB_PartyBar2", 2, 1);
	</Binding>
	<Binding name="GB_PARTY2_3">
		GB_ActionButton_OnClick("GB_PartyBar2", 3, 1);
	</Binding>
	<Binding name="GB_PARTY2_4">
		GB_ActionButton_OnClick("GB_PartyBar2", 4, 1);
	</Binding>
	<Binding name="GB_PARTY2_5">
		GB_ActionButton_OnClick("GB_PartyBar2", 5, 1);
	</Binding>
	<Binding name="GB_PARTY2_6">
		GB_ActionButton_OnClick("GB_PartyBar2", 6, 1);
	</Binding>
	<Binding name="GB_PARTY2_7">
		GB_ActionButton_OnClick("GB_PartyBar2", 7, 1);
	</Binding>
	<Binding name="GB_PARTY2_8">
		GB_ActionButton_OnClick("GB_PartyBar2", 8, 1);
	</Binding>
	<Binding name="GB_PARTY2_9">
		GB_ActionButton_OnClick("GB_PartyBar2", 9, 1);
	</Binding>
	<Binding name="GB_PARTY2_10">
		GB_ActionButton_OnClick("GB_PartyBar2", 10, 1);
	</Binding>
	<Binding name="GB_PARTY2_11">
		GB_ActionButton_OnClick("GB_PartyBar2", 11, 1);
	</Binding>
	<Binding name="GB_PARTY2_12">
		GB_ActionButton_OnClick("GB_PartyBar2", 12, 1);
	</Binding>
	<Binding name="GB_PARTY2_13">
		GB_ActionButton_OnClick("GB_PartyBar2", 13, 1);
	</Binding>
	<Binding name="GB_PARTY2_14">
		GB_ActionButton_OnClick("GB_PartyBar2", 14, 1);
	</Binding>
	<Binding name="GB_PARTY2_15">
		GB_ActionButton_OnClick("GB_PartyBar2", 15, 1);
	</Binding>
	<Binding name="GB_PARTY2_16">
		GB_ActionButton_OnClick("GB_PartyBar2", 16, 1);
	</Binding>
	<Binding name="GB_PARTY2_17">
		GB_ActionButton_OnClick("GB_PartyBar2", 17, 1);
	</Binding>
	<Binding name="GB_PARTY2_18">
		GB_ActionButton_OnClick("GB_PartyBar2", 18, 1);
	</Binding>
	<Binding name="GB_PARTY2_19">
		GB_ActionButton_OnClick("GB_PartyBar2", 19, 1);
	</Binding>
	<Binding name="GB_PARTY2_20">
		GB_ActionButton_OnClick("GB_PartyBar2", 20, 1);
	</Binding>

	<Binding name="GB_PARTY3_1" header="GB_PARTY3">
		GB_ActionButton_OnClick("GB_PartyBar3", 1, 1);
	</Binding>
	<Binding name="GB_PARTY3_2">
		GB_ActionButton_OnClick("GB_PartyBar3", 2, 1);
	</Binding>
	<Binding name="GB_PARTY3_3">
		GB_ActionButton_OnClick("GB_PartyBar3", 3, 1);
	</Binding>
	<Binding name="GB_PARTY3_4">
		GB_ActionButton_OnClick("GB_PartyBar3", 4, 1);
	</Binding>
	<Binding name="GB_PARTY3_5">
		GB_ActionButton_OnClick("GB_PartyBar3", 5, 1);
	</Binding>
	<Binding name="GB_PARTY3_6">
		GB_ActionButton_OnClick("GB_PartyBar3", 6, 1);
	</Binding>
	<Binding name="GB_PARTY3_7">
		GB_ActionButton_OnClick("GB_PartyBar3", 7, 1);
	</Binding>
	<Binding name="GB_PARTY3_8">
		GB_ActionButton_OnClick("GB_PartyBar3", 8, 1);
	</Binding>
	<Binding name="GB_PARTY3_9">
		GB_ActionButton_OnClick("GB_PartyBar3", 9, 1);
	</Binding>
	<Binding name="GB_PARTY3_10">
		GB_ActionButton_OnClick("GB_PartyBar3", 10, 1);
	</Binding>
	<Binding name="GB_PARTY3_11">
		GB_ActionButton_OnClick("GB_PartyBar3", 11, 1);
	</Binding>
	<Binding name="GB_PARTY3_12">
		GB_ActionButton_OnClick("GB_PartyBar3", 12, 1);
	</Binding>
	<Binding name="GB_PARTY3_13">
		GB_ActionButton_OnClick("GB_PartyBar3", 13, 1);
	</Binding>
	<Binding name="GB_PARTY3_14">
		GB_ActionButton_OnClick("GB_PartyBar3", 14, 1);
	</Binding>
	<Binding name="GB_PARTY3_15">
		GB_ActionButton_OnClick("GB_PartyBar3", 15, 1);
	</Binding>
	<Binding name="GB_PARTY3_16">
		GB_ActionButton_OnClick("GB_PartyBar3", 16, 1);
	</Binding>
	<Binding name="GB_PARTY3_17">
		GB_ActionButton_OnClick("GB_PartyBar3", 17, 1);
	</Binding>
	<Binding name="GB_PARTY3_18">
		GB_ActionButton_OnClick("GB_PartyBar3", 18, 1);
	</Binding>
	<Binding name="GB_PARTY3_19">
		GB_ActionButton_OnClick("GB_PartyBar3", 19, 1);
	</Binding>
	<Binding name="GB_PARTY3_20">
		GB_ActionButton_OnClick("GB_PartyBar3", 20, 1);
	</Binding>

	<Binding name="GB_PARTY4_1" header="GB_PARTY4">
		GB_ActionButton_OnClick("GB_PartyBar4", 1, 1);
	</Binding>
	<Binding name="GB_PARTY4_2">
		GB_ActionButton_OnClick("GB_PartyBar4", 2, 1);
	</Binding>
	<Binding name="GB_PARTY4_3">
		GB_ActionButton_OnClick("GB_PartyBar4", 3, 1);
	</Binding>
	<Binding name="GB_PARTY4_4">
		GB_ActionButton_OnClick("GB_PartyBar4", 4, 1);
	</Binding>
	<Binding name="GB_PARTY4_5">
		GB_ActionButton_OnClick("GB_PartyBar4", 5, 1);
	</Binding>
	<Binding name="GB_PARTY4_6">
		GB_ActionButton_OnClick("GB_PartyBar4", 6, 1);
	</Binding>
	<Binding name="GB_PARTY4_7">
		GB_ActionButton_OnClick("GB_PartyBar4", 7, 1);
	</Binding>
	<Binding name="GB_PARTY4_8">
		GB_ActionButton_OnClick("GB_PartyBar4", 8, 1);
	</Binding>
	<Binding name="GB_PARTY4_9">
		GB_ActionButton_OnClick("GB_PartyBar4", 9, 1);
	</Binding>
	<Binding name="GB_PARTY4_10">
		GB_ActionButton_OnClick("GB_PartyBar4", 10, 1);
	</Binding>
	<Binding name="GB_PARTY4_11">
		GB_ActionButton_OnClick("GB_PartyBar4", 11, 1);
	</Binding>
	<Binding name="GB_PARTY4_12">
		GB_ActionButton_OnClick("GB_PartyBar4", 12, 1);
	</Binding>
	<Binding name="GB_PARTY4_13">
		GB_ActionButton_OnClick("GB_PartyBar4", 13, 1);
	</Binding>
	<Binding name="GB_PARTY4_14">
		GB_ActionButton_OnClick("GB_PartyBar4", 14, 1);
	</Binding>
	<Binding name="GB_PARTY4_15">
		GB_ActionButton_OnClick("GB_PartyBar4", 15, 1);
	</Binding>
	<Binding name="GB_PARTY4_16">
		GB_ActionButton_OnClick("GB_PartyBar4", 16, 1);
	</Binding>
	<Binding name="GB_PARTY4_17">
		GB_ActionButton_OnClick("GB_PartyBar4", 17, 1);
	</Binding>
	<Binding name="GB_PARTY4_18">
		GB_ActionButton_OnClick("GB_PartyBar4", 18, 1);
	</Binding>
	<Binding name="GB_PARTY4_19">
		GB_ActionButton_OnClick("GB_PartyBar4", 19, 1);
	</Binding>
	<Binding name="GB_PARTY4_20">
		GB_ActionButton_OnClick("GB_PartyBar4", 20, 1);
	</Binding>

	<Binding name="GB_TARGET1" header="GB_TARGET">
		GB_ActionButton_OnClick("target", 1, 1);
	</Binding>
	<Binding name="GB_TARGET2">
		GB_ActionButton_OnClick("target", 2, 1);
	</Binding>
	<Binding name="GB_TARGET3">
		GB_ActionButton_OnClick("target", 3, 1);
	</Binding>
	<Binding name="GB_TARGET4">
		GB_ActionButton_OnClick("target", 4, 1);
	</Binding>
	<Binding name="GB_TARGET5">
		GB_ActionButton_OnClick("target", 5, 1);
	</Binding>
	<Binding name="GB_TARGET6">
		GB_ActionButton_OnClick("target", 6, 1);
	</Binding>
	<Binding name="GB_TARGET7">
		GB_ActionButton_OnClick("target", 7, 1);
	</Binding>
	<Binding name="GB_TARGET8">
		GB_ActionButton_OnClick("target", 8, 1);
	</Binding>
	<Binding name="GB_TARGET9">
		GB_ActionButton_OnClick("target", 9, 1);
	</Binding>
	<Binding name="GB_TARGET10">
		GB_ActionButton_OnClick("target", 10, 1);
	</Binding>
	<Binding name="GB_TARGET11">
		GB_ActionButton_OnClick("target", 11, 1);
	</Binding>
	<Binding name="GB_TARGET12">
		GB_ActionButton_OnClick("target", 12, 1);
	</Binding>
	<Binding name="GB_TARGET13">
		GB_ActionButton_OnClick("target", 13, 1);
	</Binding>
	<Binding name="GB_TARGET14">
		GB_ActionButton_OnClick("target", 14, 1);
	</Binding>
	<Binding name="GB_TARGET15">
		GB_ActionButton_OnClick("target", 15, 1);
	</Binding>
	<Binding name="GB_TARGET16">
		GB_ActionButton_OnClick("target", 16, 1);
	</Binding>
	<Binding name="GB_TARGET17">
		GB_ActionButton_OnClick("target", 17, 1);
	</Binding>
	<Binding name="GB_TARGET18">
		GB_ActionButton_OnClick("target", 18, 1);
	</Binding>
	<Binding name="GB_TARGET19">
		GB_ActionButton_OnClick("target", 19, 1);
	</Binding>
	<Binding name="GB_TARGET20">
		GB_ActionButton_OnClick("target", 20, 1);
	</Binding>

	<Binding name="GB_LOWESTHEALTH1" header="GB_LOWESTHEALTH">
		GB_ActionButton_OnClick("GB_LowestHealthBar", 1, 1);
	</Binding>
	<Binding name="GB_LOWESTHEALTH2">
		GB_ActionButton_OnClick("GB_LowestHealthBar", 2, 1);
	</Binding>
	<Binding name="GB_LOWESTHEALTH3">
		GB_ActionButton_OnClick("GB_LowestHealthBar", 3, 1);
	</Binding>
	<Binding name="GB_LOWESTHEALTH4">
		GB_ActionButton_OnClick("GB_LowestHealthBar", 4, 1);
	</Binding>
	<Binding name="GB_LOWESTHEALTH5">
		GB_ActionButton_OnClick("GB_LowestHealthBar", 5, 1);
	</Binding>
	<Binding name="GB_LOWESTHEALTH6">
		GB_ActionButton_OnClick("GB_LowestHealthBar", 6, 1);
	</Binding>
	<Binding name="GB_LOWESTHEALTH7">
		GB_ActionButton_OnClick("GB_LowestHealthBar", 7, 1);
	</Binding>
	<Binding name="GB_LOWESTHEALTH8">
		GB_ActionButton_OnClick("GB_LowestHealthBar", 8, 1);
	</Binding>
	<Binding name="GB_LOWESTHEALTH9">
		GB_ActionButton_OnClick("GB_LowestHealthBar", 9, 1);
	</Binding>
	<Binding name="GB_LOWESTHEALTH10">
		GB_ActionButton_OnClick("GB_LowestHealthBar", 10, 1);
	</Binding>
	<Binding name="GB_LOWESTHEALTH11">
		GB_ActionButton_OnClick("GB_LowestHealthBar", 11, 1);
	</Binding>
	<Binding name="GB_LOWESTHEALTH12">
		GB_ActionButton_OnClick("GB_LowestHealthBar", 12, 1);
	</Binding>
	<Binding name="GB_LOWESTHEALTH13">
		GB_ActionButton_OnClick("GB_LowestHealthBar", 13, 1);
	</Binding>
	<Binding name="GB_LOWESTHEALTH14">
		GB_ActionButton_OnClick("GB_LowestHealthBar", 14, 1);
	</Binding>
	<Binding name="GB_LOWESTHEALTH15">
		GB_ActionButton_OnClick("GB_LowestHealthBar", 15, 1);
	</Binding>
	<Binding name="GB_LOWESTHEALTH16">
		GB_ActionButton_OnClick("GB_LowestHealthBar", 16, 1);
	</Binding>
	<Binding name="GB_LOWESTHEALTH17">
		GB_ActionButton_OnClick("GB_LowestHealthBar", 17, 1);
	</Binding>
	<Binding name="GB_LOWESTHEALTH18">
		GB_ActionButton_OnClick("GB_LowestHealthBar", 18, 1);
	</Binding>
	<Binding name="GB_LOWESTHEALTH19">
		GB_ActionButton_OnClick("GB_LowestHealthBar", 19, 1);
	</Binding>
	<Binding name="GB_LOWESTHEALTH20">
		GB_ActionButton_OnClick("GB_LowestHealthBar", 20, 1);
	</Binding>
</Bindings>