<Ui xmlns="http://www.blizzard.com/wow/ui/" xmlns:xsi="http://www.w3.org/2001/XMLSchema-instance" xsi:schemaLocation="http://www.blizzard.com/wow/ui/"> 

<FontString name="GB_KeybindingsFont" font="Fonts\ARIALN.TTF" outline="THICK" virtual="true" monochrome="true">
	<Color r="0.6" g="0.6" b="0.6"/>
	<FontHeight>
		<AbsValue val="12"/>
	</FontHeight>
</FontString>

<FontString name="GB_DynamicKeybindingsFont" font="Fonts\ARIALN.TTF" outline="THICK" monochrome="true" virtual="true">
	<Color r=".9" g=".9" b="0"/>
	<FontHeight>
		<AbsValue val="12"/>
	</FontHeight>
</FontString>

<FontString name="GB_ItemCountFont"  font="Fonts\ARIALN.TTF" outline="NORMAL" virtual="true">
	<FontHeight>
		<AbsValue val="14"/>
	</FontHeight>
	<Color r="1.0" g="1.0" b="1.0"/>
</FontString>

<FontString name="GB_CooldownCountFont"  font="Fonts\ARIALN.TTF" virtual="true">
	<Shadow>
		<Offset>
			<AbsDimension x="1" y="-1"/>
		</Offset>
		<Color r="0" g="0" b="0"/>
	</Shadow>
	<FontHeight>
		<AbsValue val="18"/>
	</FontHeight>
	<Color r=".8" g=".8" b="0"/>
</FontString>

<FontString name="GB_MacroNameFont" font="Fonts\FRIZQT__.TTF" virtual="true">
	<Shadow>
		<Offset>
			<AbsDimension x="1" y="-1"/>
		</Offset>
		<Color r="0" g="0" b="0"/>
	</Shadow>
	<FontHeight>
		<AbsValue val="10"/>
	</FontHeight>
	<Color r="1.0" g="1.0" b="1.0"/>
</FontString>

</Ui>