<Ui xmlns="http://www.blizzard.com/wow/ui/" xmlns:xsi="http://www.w3.org/2001/XMLSchema-instance" xsi:schemaLocation="http://www.blizzard.com/wow/ui/"> 

<Frame name="GB_Menu_Contexts" inherits="GB_MenuTemplate" frameStrata="DIALOG">
	<Size><AbsDimension x="10" y="10"/></Size>
	<Frames>
		<Button name="$parent_Option1" inherits="GB_MenuOptionTemplate">
			<Anchors>
				<Anchor point="TOPLEFT">
					<Offset><AbsDimension x="10" y="-10"/></Offset>
				</Anchor>
			</Anchors>
		</Button>
		<Button name="$parent_Option2" inherits="GB_MenuOptionTemplate">
			<Anchors>
				<Anchor point="TOPLEFT" relativeTo="$parent_Option1" relativePoint="BOTTOMLEFT"/>
			</Anchors>
		</Button>
		<Button name="$parent_Option3" inherits="GB_MenuOptionTemplate">
			<Anchors>
				<Anchor point="TOPLEFT" relativeTo="$parent_Option2" relativePoint="BOTTOMLEFT"/>
			</Anchors>
		</Button>
		<Button name="$parent_Option4" inherits="GB_MenuOptionTemplate">
			<Anchors>
				<Anchor point="TOPLEFT" relativeTo="$parent_Option3" relativePoint="BOTTOMLEFT"/>
			</Anchors>
		</Button>
		<Button name="$parent_Option5" inherits="GB_MenuOptionTemplate">
			<Anchors>
				<Anchor point="TOPLEFT" relativeTo="$parent_Option4" relativePoint="BOTTOMLEFT"/>
			</Anchors>
		</Button>
		<Button name="$parent_Option6" inherits="GB_MenuOptionTemplate">
			<Anchors>
				<Anchor point="TOPLEFT" relativeTo="$parent_Option5" relativePoint="BOTTOMLEFT"/>
			</Anchors>
		</Button>
		<Button name="$parent_Option7" inherits="GB_MenuOptionTemplate">
			<Anchors>
				<Anchor point="TOPLEFT" relativeTo="$parent_Option6" relativePoint="BOTTOMLEFT"/>
			</Anchors>
		</Button>
		<Button name="$parent_Option8" inherits="GB_MenuOptionTemplate">
			<Anchors>
				<Anchor point="TOPLEFT" relativeTo="$parent_Option7" relativePoint="BOTTOMLEFT"/>
			</Anchors>
		</Button>
		<Button name="$parent_Option9" inherits="GB_MenuOptionTemplate">
			<Anchors>
				<Anchor point="TOPLEFT" relativeTo="$parent_Option8" relativePoint="BOTTOMLEFT"/>
			</Anchors>
		</Button>
		<Button name="$parent_Option10" inherits="GB_MenuOptionTemplate">
			<Anchors>
				<Anchor point="TOPLEFT" relativeTo="$parent_Option9" relativePoint="BOTTOMLEFT"/>
			</Anchors>
		</Button>
		<Button name="$parent_Option11" inherits="GB_MenuOptionTemplate">
			<Anchors>
				<Anchor point="TOPLEFT" relativeTo="$parent_Option10" relativePoint="BOTTOMLEFT"/>
			</Anchors>
		</Button>
		<Button name="$parent_Option12" inherits="GB_MenuOptionTemplate">
			<Anchors>
				<Anchor point="TOPLEFT" relativeTo="$parent_Option11" relativePoint="BOTTOMLEFT"/>
			</Anchors>
		</Button>
		<Button name="$parent_Option13" inherits="GB_MenuOptionTemplate">
			<Anchors>
				<Anchor point="TOPLEFT" relativeTo="$parent_Option12" relativePoint="BOTTOMLEFT"/>
			</Anchors>
		</Button>
		<Button name="$parent_Option14" inherits="GB_MenuOptionTemplate">
			<Anchors>
				<Anchor point="TOPLEFT" relativeTo="$parent_Option13" relativePoint="BOTTOMLEFT"/>
			</Anchors>
		</Button>
		<Button name="$parent_Option15" inherits="GB_MenuOptionTemplate">
			<Anchors>
				<Anchor point="TOPLEFT" relativeTo="$parent_Option14" relativePoint="BOTTOMLEFT"/>
			</Anchors>
		</Button>
	</Frames>
	<Scripts>
		<OnLoad>
			this:SetBackdropColor(.2,.2,.2);
			this.onclick = GB_Menu_Contexts_OnClick;
			this:SetHeight(15 * 15 + 20);
		</OnLoad>
	</Scripts>
</Frame>

<Frame name="GB_Menu_Forms" inherits="GB_MenuTemplate" frameStrata="DIALOG">
	<Size><AbsDimension x="10" y="10"/></Size>
	<Frames>
		<Button name="$parent_Option99" inherits="GB_MenuOptionTemplate" id="99">
			<Anchors>
				<Anchor point="TOPLEFT">
					<Offset><AbsDimension x="10" y="-10"/></Offset>
				</Anchor>
			</Anchors>
		</Button>
		<Button name="$parent_Option0" inherits="GB_MenuOptionTemplate" id="0">
			<Anchors>
				<Anchor point="TOPLEFT" relativeTo="$parent_Option99" relativePoint="BOTTOMLEFT"/>
			</Anchors>
		</Button>
		<Button name="$parent_Option1" inherits="GB_MenuOptionTemplate" id="1">
			<Anchors>
				<Anchor point="TOPLEFT" relativeTo="$parent_Option0" relativePoint="BOTTOMLEFT"/>
			</Anchors>
		</Button>
		<Button name="$parent_Option2" inherits="GB_MenuOptionTemplate" id="2">
			<Anchors>
				<Anchor point="TOPLEFT" relativeTo="$parent_Option1" relativePoint="BOTTOMLEFT"/>
			</Anchors>
		</Button>
		<Button name="$parent_Option3" inherits="GB_MenuOptionTemplate" id="3">
			<Anchors>
				<Anchor point="TOPLEFT" relativeTo="$parent_Option2" relativePoint="BOTTOMLEFT"/>
			</Anchors>
		</Button>
		<Button name="$parent_Option4" inherits="GB_MenuOptionTemplate" id="4">
			<Anchors>
				<Anchor point="TOPLEFT" relativeTo="$parent_Option3" relativePoint="BOTTOMLEFT"/>
			</Anchors>
		</Button>
		<Button name="$parent_Option5" inherits="GB_MenuOptionTemplate" id="5">
			<Anchors>
				<Anchor point="TOPLEFT" relativeTo="$parent_Option4" relativePoint="BOTTOMLEFT"/>
			</Anchors>
		</Button>
		<Button name="$parent_Option6" inherits="GB_MenuOptionTemplate" id="6">
			<Anchors>
				<Anchor point="TOPLEFT" relativeTo="$parent_Option5" relativePoint="BOTTOMLEFT"/>
			</Anchors>
		</Button>
		<Button name="$parent_Option7" inherits="GB_MenuOptionTemplate" id="7">
			<Anchors>
				<Anchor point="TOPLEFT" relativeTo="$parent_Option6" relativePoint="BOTTOMLEFT"/>
			</Anchors>
		</Button>
		<Button name="$parent_Option8" inherits="GB_MenuOptionTemplate" id="8">
			<Anchors>
				<Anchor point="TOPLEFT" relativeTo="$parent_Option7" relativePoint="BOTTOMLEFT"/>
			</Anchors>
		</Button>
		<Button name="$parent_Option9" inherits="GB_MenuOptionTemplate" id="9">
			<Anchors>
				<Anchor point="TOPLEFT" relativeTo="$parent_Option8" relativePoint="BOTTOMLEFT"/>
			</Anchors>
		</Button>
		<Button name="$parent_Option10" inherits="GB_MenuOptionTemplate" id="10">
			<Anchors>
				<Anchor point="TOPLEFT" relativeTo="$parent_Option9" relativePoint="BOTTOMLEFT"/>
			</Anchors>
		</Button>
	</Frames>
	<Scripts>
		<OnLoad>
			this:SetBackdropColor(.2,.2,.2);
			this.onclick = GB_Menu_Forms_OnClick;
		</OnLoad>
	</Scripts>
</Frame>

<Frame name="GB_Menu_Announce" inherits="GB_MenuTemplate" frameStrata="DIALOG">
	<Size><AbsDimension x="10" y="10"/></Size>
	<Frames>
		<Button name="$parent_Option1" inherits="GB_MenuOptionTemplate" id="1">
			<Anchors>
				<Anchor point="TOPLEFT">
					<Offset><AbsDimension x="10" y="-10"/></Offset>
				</Anchor>
			</Anchors>
		</Button>
		<Button name="$parent_Option2" inherits="GB_MenuOptionTemplate" id="2">
			<Anchors>
				<Anchor point="TOPLEFT" relativeTo="$parent_Option1" relativePoint="BOTTOMLEFT"/>
			</Anchors>
		</Button>
		<Button name="$parent_Option3" inherits="GB_MenuOptionTemplate" id="3">
			<Anchors>
				<Anchor point="TOPLEFT" relativeTo="$parent_Option2" relativePoint="BOTTOMLEFT"/>
			</Anchors>
		</Button>
		<Button name="$parent_Option4" inherits="GB_MenuOptionTemplate" id="4">
			<Anchors>
				<Anchor point="TOPLEFT" relativeTo="$parent_Option3" relativePoint="BOTTOMLEFT"/>
			</Anchors>
		</Button>
		<Button name="$parent_Option5" inherits="GB_MenuOptionTemplate" id="5">
			<Anchors>
				<Anchor point="TOPLEFT" relativeTo="$parent_Option4" relativePoint="BOTTOMLEFT"/>
			</Anchors>
		</Button>
	</Frames>
	<Scripts>
		<OnLoad>
			this:SetBackdropColor(.2,.2,.2);
			this.onclick = GB_Menu_Announce_OnClick;
			this:SetHeight(5 * 15 + 20);
		</OnLoad>
	</Scripts>
</Frame>

<Frame name="GB_Menu_ClickCast" inherits="GB_MenuTemplate" frameStrata="DIALOG">
	<Size><AbsDimension x="10" y="10"/></Size>
	<Frames>
		<Button name="$parent_Option1" inherits="GB_MenuOptionTemplate">
			<Anchors>
				<Anchor point="TOPLEFT">
					<Offset><AbsDimension x="10" y="-10"/></Offset>
				</Anchor>
			</Anchors>
		</Button>
		<Button name="$parent_Option2" inherits="GB_MenuOptionTemplate">
			<Anchors>
				<Anchor point="TOPLEFT" relativeTo="$parent_Option1" relativePoint="BOTTOMLEFT"/>
			</Anchors>
		</Button>
		<Button name="$parent_Option3" inherits="GB_MenuOptionTemplate">
			<Anchors>
				<Anchor point="TOPLEFT" relativeTo="$parent_Option2" relativePoint="BOTTOMLEFT"/>
			</Anchors>
		</Button>
		<Button name="$parent_Option4" inherits="GB_MenuOptionTemplate">
			<Anchors>
				<Anchor point="TOPLEFT" relativeTo="$parent_Option3" relativePoint="BOTTOMLEFT"/>
			</Anchors>
		</Button>
		<Button name="$parent_Option5" inherits="GB_MenuOptionTemplate">
			<Anchors>
				<Anchor point="TOPLEFT" relativeTo="$parent_Option4" relativePoint="BOTTOMLEFT"/>
			</Anchors>
		</Button>
		<Button name="$parent_Option6" inherits="GB_MenuOptionTemplate">
			<Anchors>
				<Anchor point="TOPLEFT" relativeTo="$parent_Option5" relativePoint="BOTTOMLEFT"/>
			</Anchors>
		</Button>
		<Button name="$parent_Option7" inherits="GB_MenuOptionTemplate">
			<Anchors>
				<Anchor point="TOPLEFT" relativeTo="$parent_Option6" relativePoint="BOTTOMLEFT"/>
			</Anchors>
		</Button>
		<Button name="$parent_Option8" inherits="GB_MenuOptionTemplate">
			<Anchors>
				<Anchor point="TOPLEFT" relativeTo="$parent_Option7" relativePoint="BOTTOMLEFT"/>
			</Anchors>
		</Button>
		<Button name="$parent_Option9" inherits="GB_MenuOptionTemplate">
			<Anchors>
				<Anchor point="TOPLEFT" relativeTo="$parent_Option8" relativePoint="BOTTOMLEFT"/>
			</Anchors>
		</Button>
		<Button name="$parent_Option10" inherits="GB_MenuOptionTemplate">
			<Anchors>
				<Anchor point="TOPLEFT" relativeTo="$parent_Option9" relativePoint="BOTTOMLEFT"/>
			</Anchors>
		</Button>
		<Button name="$parent_Option11" inherits="GB_MenuOptionTemplate">
			<Anchors>
				<Anchor point="TOPLEFT" relativeTo="$parent_Option10" relativePoint="BOTTOMLEFT"/>
			</Anchors>
		</Button>
		<Button name="$parent_Option12" inherits="GB_MenuOptionTemplate">
			<Anchors>
				<Anchor point="TOPLEFT" relativeTo="$parent_Option11" relativePoint="BOTTOMLEFT"/>
			</Anchors>
		</Button>
		<Button name="$parent_Option13" inherits="GB_MenuOptionTemplate">
			<Anchors>
				<Anchor point="TOPLEFT" relativeTo="$parent_Option12" relativePoint="BOTTOMLEFT"/>
			</Anchors>
		</Button>
		<Button name="$parent_Option14" inherits="GB_MenuOptionTemplate">
			<Anchors>
				<Anchor point="TOPLEFT" relativeTo="$parent_Option13" relativePoint="BOTTOMLEFT"/>
			</Anchors>
		</Button>
		<Button name="$parent_Option15" inherits="GB_MenuOptionTemplate">
			<Anchors>
				<Anchor point="TOPLEFT" relativeTo="$parent_Option14" relativePoint="BOTTOMLEFT"/>
			</Anchors>
		</Button>
		<Button name="$parent_Option16" inherits="GB_MenuOptionTemplate">
			<Anchors>
				<Anchor point="TOPLEFT" relativeTo="$parent_Option15" relativePoint="BOTTOMLEFT"/>
			</Anchors>
		</Button>
		<Button name="$parent_Option17" inherits="GB_MenuOptionTemplate">
			<Anchors>
				<Anchor point="TOPLEFT" relativeTo="$parent_Option16" relativePoint="BOTTOMLEFT"/>
			</Anchors>
		</Button>
		<Button name="$parent_Option18" inherits="GB_MenuOptionTemplate">
			<Anchors>
				<Anchor point="TOPLEFT" relativeTo="$parent_Option17" relativePoint="BOTTOMLEFT"/>
			</Anchors>
		</Button>
		<Button name="$parent_Option19" inherits="GB_MenuOptionTemplate">
			<Anchors>
				<Anchor point="TOPLEFT" relativeTo="$parent_Option18" relativePoint="BOTTOMLEFT"/>
			</Anchors>
		</Button>
		<Button name="$parent_Option20" inherits="GB_MenuOptionTemplate">
			<Anchors>
				<Anchor point="TOPLEFT" relativeTo="$parent_Option19" relativePoint="BOTTOMLEFT"/>
			</Anchors>
		</Button>
		<Button name="$parent_Option21" inherits="GB_MenuOptionTemplate">
			<Anchors>
				<Anchor point="TOPLEFT" relativeTo="$parent_Option20" relativePoint="BOTTOMLEFT"/>
			</Anchors>
		</Button>
		<Button name="$parent_Option22" inherits="GB_MenuOptionTemplate">
			<Anchors>
				<Anchor point="TOPLEFT" relativeTo="$parent_Option21" relativePoint="BOTTOMLEFT"/>
			</Anchors>
		</Button>
		<Button name="$parent_Option23" inherits="GB_MenuOptionTemplate">
			<Anchors>
				<Anchor point="TOPLEFT" relativeTo="$parent_Option22" relativePoint="BOTTOMLEFT"/>
			</Anchors>
		</Button>
		<Button name="$parent_Option24" inherits="GB_MenuOptionTemplate">
			<Anchors>
				<Anchor point="TOPLEFT" relativeTo="$parent_Option23" relativePoint="BOTTOMLEFT"/>
			</Anchors>
		</Button>
		<Button name="$parent_Option25" inherits="GB_MenuOptionTemplate">
			<Anchors>
				<Anchor point="TOPLEFT" relativeTo="$parent_Option24" relativePoint="BOTTOMLEFT"/>
			</Anchors>
		</Button>
		<Button name="$parent_Option26" inherits="GB_MenuOptionTemplate">
			<Anchors>
				<Anchor point="TOPLEFT" relativeTo="$parent_Option25" relativePoint="BOTTOMLEFT"/>
			</Anchors>
		</Button>
		<Button name="$parent_Option27" inherits="GB_MenuOptionTemplate">
			<Anchors>
				<Anchor point="TOPLEFT" relativeTo="$parent_Option26" relativePoint="BOTTOMLEFT"/>
			</Anchors>
		</Button>
	</Frames>
	<Scripts>
		<OnLoad>
			this:SetBackdropColor(.2,.2,.2);
			this.onclick = GB_Menu_ClickCast_OnClick;
			this:SetHeight(15 * 15 + 20);
		</OnLoad>
	</Scripts>
</Frame>

<Frame name="GB_Menu_Anchors" inherits="GB_MenuTemplate" frameStrata="DIALOG">
	<Size><AbsDimension x="10" y="10"/></Size>
	<Frames>
		<Button name="$parent_Option1" inherits="GB_MenuOptionTemplate" id="1">
			<Anchors>
				<Anchor point="TOPLEFT">
					<Offset><AbsDimension x="10" y="-10"/></Offset>
				</Anchor>
			</Anchors>
		</Button>
		<Button name="$parent_Option2" inherits="GB_MenuOptionTemplate" id="2">
			<Anchors>
				<Anchor point="TOPLEFT" relativeTo="$parent_Option1" relativePoint="BOTTOMLEFT"/>
			</Anchors>
		</Button>
		<Button name="$parent_Option3" inherits="GB_MenuOptionTemplate" id="3">
			<Anchors>
				<Anchor point="TOPLEFT" relativeTo="$parent_Option2" relativePoint="BOTTOMLEFT"/>
			</Anchors>
		</Button>
		<Button name="$parent_Option4" inherits="GB_MenuOptionTemplate" id="4">
			<Anchors>
				<Anchor point="TOPLEFT" relativeTo="$parent_Option3" relativePoint="BOTTOMLEFT"/>
			</Anchors>
		</Button>
		<Button name="$parent_Option5" inherits="GB_MenuOptionTemplate" id="5">
			<Anchors>
				<Anchor point="TOPLEFT" relativeTo="$parent_Option4" relativePoint="BOTTOMLEFT"/>
			</Anchors>
		</Button>
		<Button name="$parent_Option6" inherits="GB_MenuOptionTemplate" id="6">
			<Anchors>
				<Anchor point="TOPLEFT" relativeTo="$parent_Option5" relativePoint="BOTTOMLEFT"/>
			</Anchors>
		</Button>
		<Button name="$parent_Option7" inherits="GB_MenuOptionTemplate" id="7">
			<Anchors>
				<Anchor point="TOPLEFT" relativeTo="$parent_Option6" relativePoint="BOTTOMLEFT"/>
			</Anchors>
		</Button>
		<Button name="$parent_Option8" inherits="GB_MenuOptionTemplate" id="8">
			<Anchors>
				<Anchor point="TOPLEFT" relativeTo="$parent_Option7" relativePoint="BOTTOMLEFT"/>
			</Anchors>
		</Button>
		<Button name="$parent_Option9" inherits="GB_MenuOptionTemplate" id="9">
			<Anchors>
				<Anchor point="TOPLEFT" relativeTo="$parent_Option8" relativePoint="BOTTOMLEFT"/>
			</Anchors>
		</Button>
	</Frames>
	<Scripts>
		<OnLoad>
			this:SetBackdropColor(.2,.2,.2);
			this.onclick = GB_Menu_Anchors_OnClick;
			this:SetHeight(9 * 15 + 20);
		</OnLoad>
	</Scripts>
</Frame>

<Frame name="GB_Menu_CopyBar" inherits="GB_MenuTemplate" frameStrata="DIALOG">
	<Size><AbsDimension x="10" y="10"/></Size>
	<Frames>
		<Button name="$parent_Option1" inherits="GB_MenuOptionTemplate" id="1">
			<Anchors>
				<Anchor point="TOPLEFT">
					<Offset><AbsDimension x="10" y="-10"/></Offset>
				</Anchor>
			</Anchors>
		</Button>
		<Button name="$parent_Option2" inherits="GB_MenuOptionTemplate" id="2">
			<Anchors>
				<Anchor point="TOPLEFT" relativeTo="$parent_Option1" relativePoint="BOTTOMLEFT"/>
			</Anchors>
		</Button>
		<Button name="$parent_Option3" inherits="GB_MenuOptionTemplate" id="3">
			<Anchors>
				<Anchor point="TOPLEFT" relativeTo="$parent_Option2" relativePoint="BOTTOMLEFT"/>
			</Anchors>
		</Button>
		<Button name="$parent_Option4" inherits="GB_MenuOptionTemplate" id="4">
			<Anchors>
				<Anchor point="TOPLEFT" relativeTo="$parent_Option3" relativePoint="BOTTOMLEFT"/>
			</Anchors>
		</Button>
		<Button name="$parent_Option5" inherits="GB_MenuOptionTemplate" id="5">
			<Anchors>
				<Anchor point="TOPLEFT" relativeTo="$parent_Option4" relativePoint="BOTTOMLEFT"/>
			</Anchors>
		</Button>
		</Frames>
	<Scripts>
		<OnLoad>
			this:SetBackdropColor(.2,.2,.2);
			this.onclick = GB_Menu_CopyBar_OnClick;
			this:SetHeight(5 * 15 + 20);
		</OnLoad>
	</Scripts>
</Frame>

<Frame name="GB_Menu_NumParty" inherits="GB_MenuTemplate" frameStrata="DIALOG">
	<Size><AbsDimension x="10" y="10"/></Size>
	<Frames>
		<Button name="$parent_Option1" inherits="GB_MenuOptionTemplate" id="1">
			<Anchors>
				<Anchor point="TOPLEFT">
					<Offset><AbsDimension x="10" y="-10"/></Offset>
				</Anchor>
			</Anchors>
		</Button>
		<Button name="$parent_Option2" inherits="GB_MenuOptionTemplate" id="2">
			<Anchors>
				<Anchor point="TOPLEFT" relativeTo="$parent_Option1" relativePoint="BOTTOMLEFT"/>
			</Anchors>
		</Button>
		<Button name="$parent_Option3" inherits="GB_MenuOptionTemplate" id="3">
			<Anchors>
				<Anchor point="TOPLEFT" relativeTo="$parent_Option2" relativePoint="BOTTOMLEFT"/>
			</Anchors>
		</Button>
		<Button name="$parent_Option4" inherits="GB_MenuOptionTemplate" id="4">
			<Anchors>
				<Anchor point="TOPLEFT" relativeTo="$parent_Option3" relativePoint="BOTTOMLEFT"/>
			</Anchors>
		</Button>
		<Button name="$parent_Option5" inherits="GB_MenuOptionTemplate" id="5">
			<Anchors>
				<Anchor point="TOPLEFT" relativeTo="$parent_Option4" relativePoint="BOTTOMLEFT"/>
			</Anchors>
		</Button>
		</Frames>
	<Scripts>
		<OnLoad>
			this:SetBackdropColor(.2,.2,.2);
			this.onclick = GB_Menu_NumParty_OnClick;
			this:SetHeight(5 * 15 + 20);
		</OnLoad>
	</Scripts>
</Frame>

<Frame name="GB_Menu_Clickboxes" inherits="GB_MenuTemplate" frameStrata="DIALOG">
	<Size><AbsDimension x="10" y="10"/></Size>
	<Frames>
		<Button name="$parent_Option1" inherits="GB_MenuOptionTemplate" id="1">
			<Anchors>
				<Anchor point="TOPLEFT">
					<Offset><AbsDimension x="10" y="-10"/></Offset>
				</Anchor>
			</Anchors>
		</Button>
		<Button name="$parent_Option2" inherits="GB_MenuOptionTemplate" id="2">
			<Anchors>
				<Anchor point="TOPLEFT" relativeTo="$parent_Option1" relativePoint="BOTTOMLEFT"/>
			</Anchors>
		</Button>
		<Button name="$parent_Option3" inherits="GB_MenuOptionTemplate" id="3">
			<Anchors>
				<Anchor point="TOPLEFT" relativeTo="$parent_Option2" relativePoint="BOTTOMLEFT"/>
			</Anchors>
		</Button>
		<Button name="$parent_Option4" inherits="GB_MenuOptionTemplate" id="4">
			<Anchors>
				<Anchor point="TOPLEFT" relativeTo="$parent_Option3" relativePoint="BOTTOMLEFT"/>
			</Anchors>
		</Button>
		<Button name="$parent_Option5" inherits="GB_MenuOptionTemplate" id="5">
			<Anchors>
				<Anchor point="TOPLEFT" relativeTo="$parent_Option4" relativePoint="BOTTOMLEFT"/>
			</Anchors>
		</Button>
	</Frames>
	<Scripts>
		<OnLoad>
			this:SetBackdropColor(.2,.2,.2);
			this.onclick = GB_Menu_Clickboxes_OnClick;
			this:SetHeight(5 * 15 + 20);
		</OnLoad>
	</Scripts>
</Frame>

<Frame name="GB_Menu_OutOfContext" inherits="GB_MenuTemplate" frameStrata="DIALOG">
	<Size><AbsDimension x="10" y="10"/></Size>
	<Frames>
		<Button name="$parent_Option1" inherits="GB_MenuOptionTemplate" id="1">
			<Anchors>
				<Anchor point="TOPLEFT">
					<Offset><AbsDimension x="10" y="-10"/></Offset>
				</Anchor>
			</Anchors>
		</Button>
		<Button name="$parent_Option2" inherits="GB_MenuOptionTemplate" id="2">
			<Anchors>
				<Anchor point="TOPLEFT" relativeTo="$parent_Option1" relativePoint="BOTTOMLEFT"/>
			</Anchors>
		</Button>
		<Button name="$parent_Option3" inherits="GB_MenuOptionTemplate" id="3">
			<Anchors>
				<Anchor point="TOPLEFT" relativeTo="$parent_Option2" relativePoint="BOTTOMLEFT"/>
			</Anchors>
		</Button>
	</Frames>
	<Scripts>
		<OnLoad>
			this:SetBackdropColor(.2,.2,.2);
			this.onclick = GB_Menu_OutOfContext_OnClick;
			this:SetHeight(3 * 15 + 20);
		</OnLoad>
	</Scripts>
</Frame>
</Ui>