<Ui xmlns="http://www.blizzard.com/wow/ui/" xmlns:xsi="http://www.w3.org/2001/XMLSchema-instance" xsi:schemaLocation="http://www.blizzard.com/wow/ui/"> 

<Frame name="GB_ThresholdsOptions" parent="GB_Options" inherits="GB_BGTemplate" hidden="true">
	<Size><AbsDimension x="545" y="540"/></Size>
	<Anchors>
		<Anchor point="TOPLEFT" relativeTo="GB_OptionsTitle" relativePoint="BOTTOMLEFT"/>
	</Anchors>
	<Frames>
		<EditBox name="$parent_HealthThreshold1" inherits="GB_EditBoxTemplate" letters="5" autoFocus="false" id="101">
			<Size><AbsDimension x="50" y="20"/></Size>
			<Scripts>
				<OnLoad>
					this.index = "healthThresholds";
					GB_Set_Label(GB_TEXT.HealthThreshold1);
					GB_Set_Anchor("", 10, 510);
				</OnLoad>
			</Scripts>
		</EditBox>
		<EditBox name="$parent_HealthThreshold2" inherits="GB_EditBoxTemplate" letters="5" autoFocus="false" id="102">
			<Size><AbsDimension x="50" y="20"/></Size>
			<Scripts>
				<OnLoad>
					this.index = "healthThresholds";
					GB_Set_Label(GB_TEXT.HealthThreshold2);
					GB_Set_Anchor("", 10, 480);
				</OnLoad>
			</Scripts>
		</EditBox>
		<EditBox name="$parent_HealthThreshold3" inherits="GB_EditBoxTemplate" letters="5" autoFocus="false" id="103">
			<Size><AbsDimension x="50" y="20"/></Size>
			<Scripts>
				<OnLoad>
					this.index = "healthThresholds";
					GB_Set_Label(GB_TEXT.HealthThreshold3);
					GB_Set_Anchor("", 10, 450);
				</OnLoad>
			</Scripts>
		</EditBox>
		<EditBox name="$parent_HealthThreshold4" inherits="GB_EditBoxTemplate" letters="5" autoFocus="false" id="104">
			<Size><AbsDimension x="50" y="20"/></Size>
			<Scripts>
				<OnLoad>
					this.index = "healthThresholds";
					GB_Set_Label(GB_TEXT.HealthThreshold4);
					GB_Set_Anchor("", 10, 420);
				</OnLoad>
			</Scripts>
		</EditBox>
		<EditBox name="$parent_ManaThreshold" inherits="GB_EditBoxTemplate" letters="5" autoFocus="false" id="99">
			<Size><AbsDimension x="50" y="20"/></Size>
			<Scripts>
				<OnLoad>
					this.index = "manaThreshold";
					GB_Set_Label(GB_TEXT.ManaThreshold);
					GB_Set_Anchor("", 10, 390);
				</OnLoad>
			</Scripts>
		</EditBox>
		<EditBox name="$parent_AreaHealThreshold" inherits="GB_EditBoxTemplate" letters="5" autoFocus="false" id="99">
			<Size><AbsDimension x="50" y="20"/></Size>
			<Scripts>
				<OnLoad>
					this.index = "aeThreshold";
					GB_Set_Label(GB_TEXT.AreaHealThreshold);
					GB_Set_Anchor("", 10, 360);
				</OnLoad>
			</Scripts>
		</EditBox>
		<Frame name="$parent_NumPartyToCheck" inherits="GB_MenuControlTemplate">
			<Size><AbsDimension x="50" y="26"/></Size>
			<Scripts>
				<OnLoad>
					this:SetBackdropColor(0.0, 0.0, 0.0);
					this.menu = "GB_Menu_NumParty";
					GB_Set_Label(GB_TEXT.NumPartyToCheck);
					GB_Set_Anchor("", 30, 335);
				</OnLoad>
			</Scripts>
		</Frame>
		<EditBox name="$parent_CancelHealThreshold" inherits="GB_EditBoxTemplate" letters="5" autoFocus="false" id="99">
			<Size><AbsDimension x="50" y="20"/></Size>
			<Scripts>
				<OnLoad>
					this.index = "cancelHealThreshold";
					GB_Set_Label(GB_TEXT.CancelHealThreshold);
					GB_Set_Anchor("", 10, 305);
				</OnLoad>
			</Scripts>
		</EditBox>
	</Frames>
	<Scripts>
		<OnLoad>
			this:SetBackdropColor(.2, .2, .2);			
		</OnLoad>
	</Scripts>
</Frame>

</Ui>