<Ui xmlns="http://www.blizzard.com/wow/ui/" xmlns:xsi="http://www.w3.org/2001/XMLSchema-instance" xsi:schemaLocation="http://www.blizzard.com/wow/ui/"> 

<Frame name="GB_AnnounceOptions" parent="GB_Options" inherits="GB_BGTemplate" hidden="true">
	<Size><AbsDimension x="545" y="540"/></Size>
	<Anchors>
		<Anchor point="TOPLEFT" relativeTo="GB_OptionsTitle" relativePoint="BOTTOMLEFT"/>
	</Anchors>
	<Frames>
		<EditBox name="$parent_Text1" inherits="GB_EditBoxTemplate" letters="1000" autoFocus="false" id="1">
			<Scripts>
				<OnLoad>
					GB_Set_Label(GB_TEXT.AnnounceText..this:GetID());
					GB_Set_Anchor("", 10, 470);
				</OnLoad>
			</Scripts>
		</EditBox>
		<EditBox name="$parent_Text2" inherits="GB_EditBoxTemplate" letters="1000" autoFocus="false" id="2">
			<Scripts>
				<OnLoad>
					GB_Set_Label(GB_TEXT.AnnounceText..this:GetID());
					GB_Set_Anchor("", 10, 445);
				</OnLoad>
			</Scripts>
		</EditBox>
		<EditBox name="$parent_Text3" inherits="GB_EditBoxTemplate" letters="1000" autoFocus="false" id="3">
			<Scripts>
				<OnLoad>
					GB_Set_Label(GB_TEXT.AnnounceText..this:GetID());
					GB_Set_Anchor("", 10, 420);
				</OnLoad>
			</Scripts>
		</EditBox>
		<EditBox name="$parent_Text4" inherits="GB_EditBoxTemplate" letters="1000" autoFocus="false" id="4">
			<Scripts>
				<OnLoad>
					GB_Set_Label(GB_TEXT.AnnounceText..this:GetID());
					GB_Set_Anchor("", 10, 395);
				</OnLoad>
			</Scripts>
		</EditBox>
		<EditBox name="$parent_Text5" inherits="GB_EditBoxTemplate" letters="1000" autoFocus="false" id="5">
			<Scripts>
				<OnLoad>
					GB_Set_Label(GB_TEXT.AnnounceText..this:GetID());
					GB_Set_Anchor("", 10, 370);
				</OnLoad>
			</Scripts>
		</EditBox>
		<EditBox name="$parent_FailedText" inherits="GB_EditBoxTemplate" letters="1000" autoFocus="false" id="99">
			<Scripts>
				<OnLoad>
					this.index = "failedText";
					GB_Set_Label(GB_TEXT.FailedText);
					GB_Set_Anchor("", 10, 345);
				</OnLoad>
			</Scripts>
		</EditBox>
		<EditBox name="$parent_InterruptedText" inherits="GB_EditBoxTemplate" letters="1000" autoFocus="false" id="99">
			<Scripts>
				<OnLoad>
					this.index = "interruptedText";
					GB_Set_Label(GB_TEXT.InterruptedText);
					GB_Set_Anchor("", 10, 320);
				</OnLoad>
			</Scripts>
		</EditBox>
		<CheckButton name="$parent_AnnounceInterrupts" inherits="GB_CheckboxTemplate">
			<Anchors>
				<Anchor point="TOPLEFT">
					<Offset><AbsDimension x="10" y="-245"/></Offset>
				</Anchor>
			</Anchors>
			<Scripts>
				<OnLoad>
					this.index = "announceInterrupted";
					GB_Set_Label(GB_TEXT.AnnounceInterrupts);
				</OnLoad>
			</Scripts>
		</CheckButton>
		<CheckButton name="$parent_AnnounceFailures" inherits="GB_CheckboxTemplate">
			<Anchors>
				<Anchor point="TOP" relativeTo="$parent_AnnounceInterrupts" relativePoint="BOTTOM"/>
			</Anchors>
			<Scripts>
				<OnLoad>
					this.index = "announceFailed";
					GB_Set_Label(GB_TEXT.AnnounceFailures);
				</OnLoad>
			</Scripts>
		</CheckButton>
		<CheckButton name="$parent_DoNotUseSay" inherits="GB_CheckboxTemplate">
			<Anchors>
				<Anchor point="TOP" relativeTo="$parent_AnnounceFailures" relativePoint="BOTTOM"/>
			</Anchors>
			<Scripts>
				<OnLoad>
					this.index = "doNotUseSay";
					GB_Set_Label(GB_TEXT.DoNotUseSay);
				</OnLoad>
			</Scripts>
		</CheckButton>
		<CheckButton name="$parent_DoNotUseParty" inherits="GB_CheckboxTemplate">
			<Anchors>
				<Anchor point="TOP" relativeTo="$parent_DoNotUseSay" relativePoint="BOTTOM"/>
			</Anchors>
			<Scripts>
				<OnLoad>
					this.index = "doNotUseParty";
					GB_Set_Label(GB_TEXT.DoNotUseParty);
				</OnLoad>
			</Scripts>
		</CheckButton>
		<CheckButton name="$parent_DoNotUseRaid" inherits="GB_CheckboxTemplate">
			<Anchors>
				<Anchor point="TOP" relativeTo="$parent_DoNotUseParty" relativePoint="BOTTOM"/>
			</Anchors>
			<Scripts>
				<OnLoad>
					this.index = "doNotUseRaid";
					GB_Set_Label(GB_TEXT.DoNotUseRaid);
				</OnLoad>
			</Scripts>
		</CheckButton>
		<CheckButton name="$parent_DoNotAnnounceSolo" inherits="GB_CheckboxTemplate">
			<Anchors>
				<Anchor point="TOP" relativeTo="$parent_DoNotUseRaid" relativePoint="BOTTOM"/>
			</Anchors>
			<Scripts>
				<OnLoad>
					this.index = "doNotAnnounceSolo";
					GB_Set_Label(GB_TEXT.DoNotAnnounceSolo);
				</OnLoad>
			</Scripts>
		</CheckButton>
		<CheckButton name="$parent_TurnOffAllAnnouncements" inherits="GB_CheckboxTemplate">
			<Anchors>
				<Anchor point="TOP" relativeTo="$parent_DoNotAnnounceSolo" relativePoint="BOTTOM"/>
			</Anchors>
			<Scripts>
				<OnLoad>
					this.index = "announceDisabled";
					GB_Set_Label(GB_TEXT.TurnOffAllAnnouncements);
				</OnLoad>
			</Scripts>
		</CheckButton>
		<CheckButton name="$parent_SendToChannel" inherits="GB_CheckboxTemplate">
			<Anchors>
				<Anchor point="TOP" relativeTo="$parent_TurnOffAllAnnouncements" relativePoint="BOTTOM"/>
			</Anchors>
			<Scripts>
				<OnLoad>
					this.index = "sendToChannel";
				</OnLoad>
			</Scripts>
		</CheckButton>
		<EditBox name="$parent_AnnounceChannel" inherits="GB_EditBoxTemplate" letters="1000" autoFocus="false" id="99">
			<Size><AbsDimension x="100" y="16"/></Size>
			<Scripts>
				<OnLoad>
					this.index = "announceChannel";
					GB_Set_Label(GB_TEXT.SendToChannel);
					GB_Set_Anchor("_SendToChannel", 24, 24);
				</OnLoad>
			</Scripts>
		</EditBox>
	</Frames>
	<Layers>
		<Layer level="BACKGROUND">
			<FontString name="$parent_Text" inherits="GameFontNormal" text="GB_ANNOUNCE_HELP_TEXT">
				<Color r="1" g="1" b="1"/>
				<Anchors>
					<Anchor point="TOP">
						<Offset><AbsDimension x="0" y="-15"/></Offset>
					</Anchor>
				</Anchors>
			</FontString>
		</Layer>
	</Layers>
	<Scripts>
		<OnLoad>
			this:SetBackdropColor(.2, .2, .2);			
		</OnLoad>
	</Scripts>
</Frame>

</Ui>