<Ui xmlns="http://www.blizzard.com/wow/ui/" xmlns:xsi="http://www.w3.org/2001/XMLSchema-instance" xsi:schemaLocation="http://www.blizzard.com/wow/ui/"> 

<Frame name="GB_DefineUnitFrames" parent="GB_Options" inherits="DUF_BGTemplate" hidden="true">
	<Size><AbsDimension x="545" y="520"/></Size>
	<Anchors>
		<Anchor point="TOPLEFT" relativeTo="GB_OptionsTitle" relativePoint="BOTTOMLEFT"/>
	</Anchors>
	<Frames>
	</Frames>
	<Scripts>
		<OnLoad>
			this:SetBackdropColor(.2, .2, .2);			
		</OnLoad>
	</Scripts>
</Frame>

</Ui>