<Ui xmlns="http://www.blizzard.com/wow/ui/" xmlns:xsi="http://www.w3.org/2001/XMLSchema-instance" xsi:schemaLocation="http://www.blizzard.com/wow/ui/"> 

<CheckButton name="GB_RaidMemberTemplate" inherits="UICheckButtonTemplate" virtual="true">
	<Size><AbsDimension x="24" y="24"/></Size>
	<Layers>
		<Layer level="ARTWORK">
			<FontString name="$parent_Label" inherits="GameFontNormal" justifyH="LEFT">
				<Color r="1.0" g="1.0" b="1.0"/>
				<Size><AbsDimension x="250" y="20"/></Size>
				<Anchors>
					<Anchor point="LEFT" relativeTo="$parent" relativePoint="RIGHT">
						<Offset><AbsDimension x="5" y="1"/></Offset>
					</Anchor>
				</Anchors>
			</FontString>
		</Layer>
	</Layers>
	<Scripts>
		<OnClick>
			GB_RaidMemberSelect_OnClick();
		</OnClick>
	</Scripts>
</CheckButton>

<Frame name="GB_RaidMemberSelect" parent="GB_Options" inherits="GB_BGTemplate" hidden="true">
	<Size><AbsDimension x="545" y="540"/></Size>
	<Anchors>
		<Anchor point="TOPLEFT" relativeTo="GB_OptionsTitle" relativePoint="BOTTOMLEFT"/>
	</Anchors>
	<Frames>
		<Button name="GB_CheckAllRaidMembersButton" inherits="UIPanelButtonTemplate" hidden="false">
			<Size><AbsDimension x="80" y="26"/></Size>
			<Anchors>
				<Anchor point="TOPRIGHT">
					<Offset><AbsDimension x="-5" y="-5"/></Offset>
				</Anchor>
			</Anchors>
			<Scripts>
				<OnLoad>
					this:SetText(GB_TEXT.CheckAll);
				</OnLoad>
				<OnClick>
					GB_Options_CheckAllRaidMembers();
				</OnClick>
			</Scripts>
		</Button>
		<CheckButton name="GB_RaidMemberSelect1" inherits="GB_RaidMemberTemplate" id="1"/>
		<CheckButton name="GB_RaidMemberSelect2" inherits="GB_RaidMemberTemplate" id="2"/>
		<CheckButton name="GB_RaidMemberSelect3" inherits="GB_RaidMemberTemplate" id="3"/>
		<CheckButton name="GB_RaidMemberSelect4" inherits="GB_RaidMemberTemplate" id="4"/>
		<CheckButton name="GB_RaidMemberSelect5" inherits="GB_RaidMemberTemplate" id="5"/>
		<CheckButton name="GB_RaidMemberSelect6" inherits="GB_RaidMemberTemplate" id="6"/>
		<CheckButton name="GB_RaidMemberSelect7" inherits="GB_RaidMemberTemplate" id="7"/>
		<CheckButton name="GB_RaidMemberSelect8" inherits="GB_RaidMemberTemplate" id="8"/>
		<CheckButton name="GB_RaidMemberSelect9" inherits="GB_RaidMemberTemplate" id="9"/>
		<CheckButton name="GB_RaidMemberSelect10" inherits="GB_RaidMemberTemplate" id="10"/>
		<CheckButton name="GB_RaidMemberSelect11" inherits="GB_RaidMemberTemplate" id="11"/>
		<CheckButton name="GB_RaidMemberSelect12" inherits="GB_RaidMemberTemplate" id="12"/>
		<CheckButton name="GB_RaidMemberSelect13" inherits="GB_RaidMemberTemplate" id="13"/>
		<CheckButton name="GB_RaidMemberSelect14" inherits="GB_RaidMemberTemplate" id="14"/>
		<CheckButton name="GB_RaidMemberSelect15" inherits="GB_RaidMemberTemplate" id="15"/>
		<CheckButton name="GB_RaidMemberSelect16" inherits="GB_RaidMemberTemplate" id="16"/>
		<CheckButton name="GB_RaidMemberSelect17" inherits="GB_RaidMemberTemplate" id="17"/>
		<CheckButton name="GB_RaidMemberSelect18" inherits="GB_RaidMemberTemplate" id="18"/>
		<CheckButton name="GB_RaidMemberSelect19" inherits="GB_RaidMemberTemplate" id="19"/>
		<CheckButton name="GB_RaidMemberSelect20" inherits="GB_RaidMemberTemplate" id="20"/>
		<CheckButton name="GB_RaidMemberSelect21" inherits="GB_RaidMemberTemplate" id="21"/>
		<CheckButton name="GB_RaidMemberSelect22" inherits="GB_RaidMemberTemplate" id="22"/>
		<CheckButton name="GB_RaidMemberSelect23" inherits="GB_RaidMemberTemplate" id="23"/>
		<CheckButton name="GB_RaidMemberSelect24" inherits="GB_RaidMemberTemplate" id="24"/>
		<CheckButton name="GB_RaidMemberSelect25" inherits="GB_RaidMemberTemplate" id="25"/>
		<CheckButton name="GB_RaidMemberSelect26" inherits="GB_RaidMemberTemplate" id="26"/>
		<CheckButton name="GB_RaidMemberSelect27" inherits="GB_RaidMemberTemplate" id="27"/>
		<CheckButton name="GB_RaidMemberSelect28" inherits="GB_RaidMemberTemplate" id="28"/>
		<CheckButton name="GB_RaidMemberSelect29" inherits="GB_RaidMemberTemplate" id="29"/>
		<CheckButton name="GB_RaidMemberSelect30" inherits="GB_RaidMemberTemplate" id="30"/>
		<CheckButton name="GB_RaidMemberSelect31" inherits="GB_RaidMemberTemplate" id="31"/>
		<CheckButton name="GB_RaidMemberSelect32" inherits="GB_RaidMemberTemplate" id="32"/>
		<CheckButton name="GB_RaidMemberSelect33" inherits="GB_RaidMemberTemplate" id="33"/>
		<CheckButton name="GB_RaidMemberSelect34" inherits="GB_RaidMemberTemplate" id="34"/>
		<CheckButton name="GB_RaidMemberSelect35" inherits="GB_RaidMemberTemplate" id="35"/>
		<CheckButton name="GB_RaidMemberSelect36" inherits="GB_RaidMemberTemplate" id="36"/>
		<CheckButton name="GB_RaidMemberSelect37" inherits="GB_RaidMemberTemplate" id="37"/>
		<CheckButton name="GB_RaidMemberSelect38" inherits="GB_RaidMemberTemplate" id="38"/>
		<CheckButton name="GB_RaidMemberSelect39" inherits="GB_RaidMemberTemplate" id="39"/>
		<CheckButton name="GB_RaidMemberSelect40" inherits="GB_RaidMemberTemplate" id="40"/>
	</Frames>
	<Layers>
		<Layer level="ARTWORK">
			<FontString inherits="GameFontNormal" text="GB_RAID_MEMBER_HEADER">
				<Color r="1.0" g="1.0" b="1.0"/>
				<Anchors>
					<Anchor point="TOP">
						<Offset><AbsDimension x="0" y="-15"/></Offset>
					</Anchor>
				</Anchors>
			</FontString>
		</Layer>
	</Layers>
	<Scripts>
		<OnLoad>
			this:SetBackdropColor(.2, .2, .2);			
		</OnLoad>
	</Scripts>
</Frame>
</Ui>