<Ui xmlns="http://www.blizzard.com/wow/ui/" 
	xmlns:xsi="http://www.w3.org/2001/XMLSchema-instance" 
	xsi:schemaLocation="http://www.blizzard.com/wow/ui/..\FrameXML\UI.xsd">
	<Script file="RaidTarget.lua"/>
	<Frame name="RaidTarget" frameStrata="HIGH" toplevel="true" enableMouse="true" movable="true" parent="UIParent">
		<Size>
			<AbsDimension x="146" y="94"/>
		</Size>
		<Anchors>
			<Anchor point="CENTER"/>
		</Anchors>
		<Backdrop bgFile="Interface\TutorialFrame\TutorialFrameBackground" edgeFile="Interface\DialogFrame\UI-DialogBox-Border" tile="true">
			<EdgeSize>
				<AbsValue val="16"/>
			</EdgeSize>
			<TileSize>
				<AbsValue val="32"/>
			</TileSize>
			<BackgroundInsets>
				<AbsInset left="5" right="5" top="5" bottom="5"/>
			</BackgroundInsets>
		</Backdrop>
  
  	<Scripts>
		<OnLoad>
			RaidTargetOnLoad();
			this:RegisterForDrag("LeftButton");
			this:EnableMouse(1);
			RaidTarget:Hide();
		</OnLoad>
		<OnDragStart>
				this:StartMoving();
		</OnDragStart>
		<OnDragStop>
			this:StopMovingOrSizing();
		</OnDragStop>
	</Scripts>

<Frames>
<Button name="$parentButtonStar" inherits="OptionsButtonTemplate" text="Star">
	<Anchors>
		<Anchor point="TOPLEFT">
			<Offset>
				<AbsDimension x="0" y="0"/>
			</Offset>
		</Anchor>
	</Anchors>
	<Size>
		<AbsDimension x="40" y="30"/>
	</Size>
	<Scripts>
		<OnClick> RaidTargetSlash("star"); </OnClick>
	</Scripts>
</Button>

<Button name="$parentButtonCircle" inherits="OptionsButtonTemplate" text="Circle">
	<Anchors>
		<Anchor point="TOPLEFT">
			<Offset>
				<AbsDimension x="40" y="0"/>
			</Offset>
		</Anchor>
	</Anchors>
	<Size>
		<AbsDimension x="40" y="30"/>
	</Size>
	<Scripts>
		<OnClick> RaidTargetSlash("circle"); </OnClick>
	</Scripts>
</Button>



<Button name="$parentButtonDiamond" inherits="OptionsButtonTemplate" text="Diamond">
	<Anchors>
		<Anchor point="TOPRIGHT">
			<Offset>
				<AbsDimension x="0" y="0"/>
			</Offset>
		</Anchor>
	</Anchors>
	<Size>
		<AbsDimension x="60" y="30"/>
	</Size>
	<Scripts>
		<OnClick> RaidTargetSlash("diamond"); </OnClick>
	</Scripts>
</Button>

<Button name="$parentButtonMoon" inherits="OptionsButtonTemplate" text="Moon">
	<Anchors>
		<Anchor point="TOPLEFT">
			<Offset>
				<AbsDimension x="0" y="-30"/>
			</Offset>
		</Anchor>
	</Anchors>
	<Size>
		<AbsDimension x="40" y="30"/>
	</Size>
	<Scripts>
		<OnClick> RaidTargetSlash("moon"); </OnClick>
	</Scripts>
</Button>

<Button name="$parentButtonSquare" inherits="OptionsButtonTemplate" text="Square">
	<Anchors>
		<Anchor point="TOPLEFT">
			<Offset>
				<AbsDimension x="40" y="-30"/>
			</Offset>
		</Anchor>
	</Anchors>
	<Size>
		<AbsDimension x="42" y="30"/>
	</Size>
	<Scripts>
		<OnClick> RaidTargetSlash("square"); </OnClick>
	</Scripts>
</Button>

<Button name="$parentButtonTriangle" inherits="OptionsButtonTemplate" text="Triangle">
	<Anchors>
		<Anchor point="TOPRIGHT">
			<Offset>
				<AbsDimension x="0" y="-30"/>
			</Offset>
		</Anchor>
	</Anchors>
	<Size>
		<AbsDimension x="60" y="30"/>
	</Size>
	<Scripts>
		<OnClick> RaidTargetSlash("triangle"); </OnClick>
	</Scripts>
</Button>

<Button name="$parentButtonCross" inherits="OptionsButtonTemplate" text="Cross">
	<Anchors>
		<Anchor point="TOPLEFT">
			<Offset>
				<AbsDimension x="0" y="-60"/>
			</Offset>
		</Anchor>
	</Anchors>
	<Size>
		<AbsDimension x="40" y="30"/>
	</Size>
	<Scripts>
		<OnClick> RaidTargetSlash("cross"); </OnClick>
	</Scripts>
</Button>

<Button name="$parentButtonSkull" inherits="OptionsButtonTemplate" text="Skull">
	<Anchors>
		<Anchor point="TOPLEFT">
			<Offset>
				<AbsDimension x="42" y="-60"/>
			</Offset>
		</Anchor>
	</Anchors>
	<Size>
		<AbsDimension x="40" y="30"/>
	</Size>
	<Scripts>
		<OnClick> RaidTargetSlash("skull"); </OnClick>
	</Scripts>
</Button>

<Button name="$parentButtonClose" inherits="OptionsButtonTemplate" text="Close">
	<Anchors>

		<Anchor point="TOPRIGHT">
			<Offset>
				<AbsDimension x="0" y="-60"/>
			</Offset>
		</Anchor>
	</Anchors>
	<Size>
		<AbsDimension x="40" y="30"/>
	</Size>
	<Scripts>
		<OnClick> RaidTarget:Hide(); </OnClick>
	</Scripts>
</Button>
       
    </Frames>
  </Frame>
</Ui>