<Ui xmlns="http://www.blizzard.com/wow/ui/"
	xmlns:xsi="http://www.w3.org/2001/XMLSchema-instance"
	xsi:schemaLocation="http://www.blizzard.com/wow/ui/FrameXML/UI.xsd">

	<Script file="AceGUIFrame.lua"/>

	<!-- Very basic frame -->
	<Frame name="AceGUIFrameTemplate" virtual="true">
		<Scripts>
			<OnShow>
				this:CallHandler("OnShow")
			</OnShow>
			<OnHide>
				this:CallHandler("OnHide")
			</OnHide>
		</Scripts>
	</Frame>

	<!-- Simple bordered frame template -->
	<Frame name="AceGUIBorderFrameTemplate" inherits="AceGUIFrameTemplate" virtual="true">
		<Frames>
			<Frame name="$parentNormalBackdrop" hidden="true">
				<Anchors>
					<Anchor point="TOPLEFT">
						<Offset>
							<AbsDimension x="0" y="0"/>
						</Offset>
					</Anchor>
					<Anchor point="TOPRIGHT">
						<Offset>
							<AbsDimension x="0" y="0"/>
						</Offset>
					</Anchor>
					<Anchor point="BOTTOMLEFT">
						<Offset>
							<AbsDimension x="0" y="0"/>
						</Offset>
					</Anchor>
					<Anchor point="BOTTOMRIGHT">
						<Offset>
							<AbsDimension x="0" y="0"/>
						</Offset>
					</Anchor>
				</Anchors>
				<Backdrop bgFile="Interface\DialogFrame\UI-DialogBox-Background"
						  edgeFile="Interface\DialogFrame\UI-DialogBox-Border" tile="true">
					<BackgroundInsets>
						<AbsInset left="8" right="8" top="8" bottom="8"/>
					</BackgroundInsets>
					<EdgeSize>
						<AbsValue val="32"/>
					</EdgeSize>
					<TileSize>
						<AbsValue val="32"/>
					</TileSize>
				</Backdrop>
			</Frame>
			<Frame name="$parentSmallBackdrop" hidden="false">
				<Anchors>
					<Anchor point="TOPLEFT">
						<Offset>
							<AbsDimension x="0" y="0"/>
						</Offset>
					</Anchor>
					<Anchor point="TOPRIGHT">
						<Offset>
							<AbsDimension x="0" y="0"/>
						</Offset>
					</Anchor>
					<Anchor point="BOTTOMLEFT">
						<Offset>
							<AbsDimension x="0" y="0"/>
						</Offset>
					</Anchor>
					<Anchor point="BOTTOMRIGHT">
						<Offset>
							<AbsDimension x="0" y="0"/>
						</Offset>
					</Anchor>
				</Anchors>
				<Backdrop bgFile="Interface\Tooltips\UI-Tooltip-Background"
						  edgeFile="Interface\Tooltips\UI-Tooltip-Border" tile="true">
					<BackgroundInsets>
						<AbsInset left="3" right="3" top="3" bottom="3"/>
					</BackgroundInsets>
					<EdgeSize>
						<AbsValue val="16"/>
					</EdgeSize>
					<TileSize>
						<AbsValue val="16"/>
					</TileSize>
				</Backdrop>
			</Frame>
		</Frames>
	</Frame>
</Ui>