<Ui xmlns="http://www.blizzard.com/wow/ui/" xmlns:xsi="http://www.w3.org/2001/XMLSchema-instance" xsi:schemaLocation="http://www.blizzard.com/wow/ui/
..\FrameXML\UI.xsd">
	<Script file="TitanZeppelinMaster.lua"/>
	<Frame parent="UIParent">
		<Frames>
			<Button name="TitanPanelZeppelinMasterButton" inherits="TitanPanelComboTemplate" frameStrata="FULLSCREEN" toplevel="true">
				<Scripts>
					<OnEvent>
							TitanPanelZeppelinMasterButton_OnEvent(arg1);
					</OnEvent>
					<OnLoad>
						TitanPanelZeppelinMasterButton_OnLoad();
						TitanPanelButton_OnLoad();
					</OnLoad>				
					<OnClick>
						TitanPanelZeppelinMasterButton_OnClick(arg1);
						TitanPanelButton_OnClick(arg1);
					</OnClick>					
				</Scripts>
			</Button>

		</Frames>
		
	</Frame>	
</Ui>