<Ui xmlns="http://www.blizzard.com/wow/ui/" xmlns:xsi="http://www.w3.org/2001/XMLSchema-instance" xsi:schemaLocation="http://www.blizzard.com/wow/ui/ ..\FrameXML\UI.xsd">

<Script file="TalentSafe.lua"/>

<Frame name="TalentSafeFrame">
<Scripts>
    <OnLoad>
        TalentSafe_Loaded = nil
        this:RegisterEvent("VARIABLES_LOADED")
        this:RegisterEvent("ADDON_LOADED")        
    </OnLoad>
    <OnEvent>
        if (event == "VARIABLES_LOADED") then
          if (myAddOnsFrame) then
              myAddOnsList.TalentSafe = {
                  name = "TalentSafe", 
                  description = "Confirm talent choices",
                  version = "1.1",
                  category = MYADDONS_CATEGORY_OTHERS,
                  frame = "TalentSafeFrame"
              }
          end
        else
          if (IsAddOnLoaded("Blizzard_TalentUI") and
              not TalentSafe_Loaded) then
            TalentFrameTalent_OnClick = TalentSafe_OnClick
            TalentSafe_Loaded = true
            DEFAULT_CHAT_FRAME:AddMessage("TalentSafe loaded", 1.0, 1.0, 1.0)
          end
        end
    </OnEvent>
</Scripts>
</Frame>
</Ui>
