<Ui xmlns="http://www.blizzard.com/wow/ui/" xmlns:xsi="http://www.w3.org/2001/XMLSchema-instance" xsi:schemaLocation="http://www.blizzard.com/wow/ui/ ..\FrameXML\UI.xsd">

<Frame name="WIM_urlCopy" movable="true" enableMouse="true" toplevel="true" frameStrata="DIALOG" parent="UIParent" hidden="true">
		<Size>
			<AbsDimension x="400" y="20"/> 
		</Size>
		<Anchors>
			<Anchor point="TOPLEFT">
				<Offset>
					<AbsDimension x="100" y="-125"/>
				</Offset>
			</Anchor>
		</Anchors>
		<Layers>
			<Layer level="BACKGROUND">
				<Texture file="Interface\AddOns\WIM\Images\urlCopy">
					<Size>
						<AbsDimension x="512" y="64"/>
					</Size>
					<Anchors>
						<Anchor point="TOPLEFT">
							<Offset>
								<AbsDimension x="0" y="10"/>
							</Offset>
						</Anchor>
					</Anchors>
				</Texture>
				<FontString name="$parentTitleBar" inherits="GameFontNormal" text="Copy URL">
					<Anchors>
						<Anchor point="TOPLEFT">
							<Offset>
								<AbsDimension x="18" y="-8"/>
							</Offset>
						</Anchor>
					</Anchors>
				</FontString>
			</Layer>
		</Layers>
		<Frames>
			<Button name="$parentExitButton">
				<Size>
					<AbsDimension x="32" y="32"/>
				</Size>
				<Anchors>
					<Anchor point="TOPLEFT">
						<Offset>
							<AbsDimension x="385" y="-17"/>
						</Offset>
					</Anchor>
				</Anchors>
				<NormalTexture file="Interface\Buttons\UI-Panel-MinimizeButton-Up"/>
				<PushedTexture file="Interface\Buttons\UI-Panel-MinimizeButton-Down"/>
				<HighlightTexture alphaMode="ADD" file="Interface\Buttons\UI-Panel-MinimizeButton-Highlight"/>
				<Scripts>
					<OnLoad>
						this:RegisterForClicks("LeftButtonUp", "RightButtonUp");
					</OnLoad>
					<OnClick>
						this:GetParent():Hide();
					</OnClick>
				</Scripts>
			</Button>
			<EditBox name="$parentUrlBox" enableMouse="true" ignoreArrows="false" frameStrata="DIALOG" toplevel="true" autoFocus="true">
				<Size>
					<AbsDimension x="370" y="20" />
				</Size>
				<Anchors>
					<Anchor point="TOPLEFT">
						<Offset>
							<AbsDimension x="12" y="-22" />
						</Offset>
					</Anchor>
				</Anchors>
				<FontString font="Fonts\ARIALN.TTF">
					<FontHeight>
						<AbsValue val="14" />
					</FontHeight>
					<Color r="1" g="1" b="1" />
					<Shadow>
						<Color r="0" g="0" b="0" />
						<Offset>
							<AbsDimension x="1" y="-1" />
						</Offset>
					</Shadow>
				</FontString>
				<Scripts>
					<OnEscapePressed>
						this:GetParent():Hide();
					</OnEscapePressed>
					<OnEditFocusGained>
						this:HighlightText(0);
					</OnEditFocusGained>
				</Scripts>
			</EditBox>
		</Frames>
		<Scripts>
			<OnLoad>
				this:RegisterForDrag("LeftButton");
			</OnLoad>
			<OnDragStart>
				this:StartMoving();
				this.isMoving = true;
			</OnDragStart>
			<OnDragStop>
				this:StopMovingOrSizing();
				this.isMoving = false;
			</OnDragStop>
		</Scripts>
	</Frame>

</Ui>