<!-- $Header: /usr/local/cvsroot/WoW/Interface/AddOns/TargetOfTarget/HoTT_InputBoxTemplate.xml,v 1.5 2005/05/29 19:39:34 jeff Exp $ -->
<!-- From FrameXML/UIPanelTemplates.xml -->
<!-- Borders are now symmetric -->

<Ui xmlns="http://www.blizzard.com/wow/ui/" xmlns:xsi="http://www.w3.org/2001/XMLSchema-instance" xsi:schemaLocation="http://www.blizzard.com/wow/ui/
../../FrameXML/UI.xsd">

  <EditBox name="HoTT_InputBoxTemplate" 
	   enableMouse="true" 
	   virtual="true">
    <Layers>
      <Layer level="BACKGROUND">
	<Texture name="$parentLeft" 
		 file="Interface\Common\Common-Input-Border">
	  <Size>
	    <AbsDimension x="8" y="20"/>
	  </Size>
	  <Anchors>
	    <Anchor point="LEFT">
	      <Offset>
		<AbsDimension x="-5" y="0"/>
	      </Offset>
	    </Anchor>
	  </Anchors>
	  <TexCoords left="0" right="0.0625" top="0" bottom="0.625"/>
	</Texture>
	<Texture name="$parentRight" 
		 file="Interface\Common\Common-Input-Border">
	  <Size>
	    <AbsDimension x="8" y="20"/>
	  </Size>
	  <Anchors>
	    <Anchor point="RIGHT">
	      <Offset>
		<AbsDimension x="5" y="0"/>
	      </Offset>
	    </Anchor>
	  </Anchors>
	  <TexCoords left="0.9375" right="1.0" top="0" bottom="0.625"/>
	</Texture>
	<Texture name="$parentMiddle" 
		 file="Interface\Common\Common-Input-Border">
	  <Size>
	    <AbsDimension x="10" y="20"/>
	  </Size>
	  <Anchors>
	    <Anchor point="LEFT" 
		    relativeTo="$parentLeft" 
		    relativePoint="RIGHT"/>
	    <Anchor point="RIGHT" 
		    relativeTo="$parentRight" 
		    relativePoint="LEFT"/>
	  </Anchors>
	  <TexCoords left="0.0625" right="0.9375" top="0" bottom="0.625"/>
	</Texture>
      </Layer>
    </Layers>
<!-- The scripts contained here are Copyright (c) 2005 Itchyban of Veeshan -->
    <Scripts>
      <OnShow>
	this:ClearFocus();
      </OnShow>

      <OnEscapePressed>
	HoTT_Params_Frame_LoadValues();
      </OnEscapePressed>

      <OnEditFocusGained>
	HoTT_Params_Frame_CheckRefocus();
      </OnEditFocusGained>
    </Scripts>
    <FontString inherits="ChatFontNormal"/>
  </EditBox>
</Ui>