<Ui xmlns="http://www.blizzard.com/wow/ui/" xmlns:xsi="http://www.w3.org/2001/XMLSchema-instance"   xsi:schemaLocation="http://www.blizzard.com/wow/ui/"> 
	
	<Frame name="EavesDropEventTemplate" virtual="true">
		<Size>
			<AbsDimension x="200" y="21"/>
		</Size>
		<Backdrop bgFile="Interface\QuestFrame\UI-QuestTitleHighlight">
			<BackgroundInsets>
				<AbsInset left="2" right="2" top="2" bottom="2"/>
			</BackgroundInsets>
		</Backdrop>
		<Frames>
			<!-- incoming texture -->
			<Frame name="$parentIncoming">
				<Size>
					<AbsDimension x="20" y="20"/>
				</Size>
				<Anchors>
					<Anchor point="TOPLEFT">
						<Offset>
							<AbsDimension x="5" y="0"/>
						</Offset>
					</Anchor>
				</Anchors>
				<Layers>
					<Layer>
						<Texture name="$parentTexture">
							<Size>
								<AbsDimension x="20" y="20"/>
							</Size>
						</Texture>
					</Layer>
				</Layers>
			</Frame>
			
			<!-- misc text -->
			<Frame>
				<Layers>
					<Layer level="BORDER">
						<FontString name="$parentEventText" inherits="GameFontNormal" justifyH="CENTER">
							<Size>
								<AbsDimension x="140" y="20"/>
							</Size>
							<Anchors>
								<Anchor point="LEFT" relativeTo="$parent" relativePoint="RIGHT">
									<Offset>
										<AbsDimension x="5" y="0"/>
									</Offset>
								</Anchor>
							</Anchors>
						</FontString>
					</Layer>
				</Layers>
			</Frame>
						
			<!-- outgoing texture -->
			<Frame name="$parentOutgoing">
				<Size>
					<AbsDimension x="20" y="20"/>
				</Size>
				<Anchors>
					<Anchor point="LEFT" relativeTo="$parentEventText" relativePoint="RIGHT">
						<Offset>
							<AbsDimension x="5" y="0"/>
						</Offset>
					</Anchor>
				</Anchors>
				<Layers>
					<Layer>
						<Texture name = "$parentTexture">
							<Size>
								<AbsDimension x="20" y="20"/>
							</Size>
						</Texture>
					</Layer>
				</Layers>
			</Frame>
			
		</Frames>
		<Scripts>
			<OnLoad>
				this:SetBackdropColor(0, 0, 0, 0);
			</OnLoad>
			<OnEnter>
				this:SetBackdropColor(1, 1, 1, .2);
				GameTooltip:SetOwner(this, "ANCHOR_RIGHT");
				GameTooltip:SetText(this.tooltipText, nil, nil, nil, nil, 1);
			</OnEnter>
			<OnLeave>
				this:SetBackdropColor(0, 0, 0, 0);
				GameTooltip:Hide();
			</OnLeave>
		</Scripts>
	</Frame>
	
	<Frame name="EavesDropFrame" enableMouse="true" movable="true" frameStrata="LOW" parent="UIParent">
		<Backdrop bgFile="Interface\ChatFrame\ChatFrameBackground" edgeFile="Interface\Tooltips\UI-Tooltip-Border" tile="true">
			<EdgeSize>
				<AbsValue val="16"/>
			</EdgeSize>
			<TileSize>
				<AbsValue val="16"/>
			</TileSize>
			<BackgroundInsets>
				<AbsInset left="5" right="5" top="5" bottom="5"/>
			</BackgroundInsets>
		</Backdrop>
		<Size>
			<AbsDimension x="200" y="260"/>
		</Size>
		<Anchors>
			<Anchor point="CENTER" />
		</Anchors>
		<Layers>
			<Layer level="ARTWORK">
				<Texture name="EavesDropTopBar" file="Interface\ChatFrame\ChatFrameBackground">
					<Size>
						<AbsDimension x="190" y="20"/>
					</Size>
					<Anchors>
						<Anchor point="TOP">
							<Offset>
								<AbsDimension x="0" y="-5"/>
							</Offset>
						</Anchor>
					</Anchors>
				</Texture>
				<Texture name="EavesDropBottomBar" file="Interface\ChatFrame\ChatFrameBackground">
					<Size>
						<AbsDimension x="190" y="20"/>
					</Size>
					<Anchors>
						<Anchor point="BOTTOM">
							<Offset>
								<AbsDimension x="0" y="5"/>
							</Offset>
						</Anchor>
					</Anchors>
				</Texture>
				<FontString name="$parentPlayerText" inherits="GameFontNormal" justifyH="CENTER">
					<Size>
						<AbsDimension x="95" y="20"/>
					</Size>
					<Anchors>
						<Anchor point="TOPLEFT" relativeTo="$parent" relativePoint="TOPLEFT">
							<Offset>
								<AbsDimension x="0" y="-3"/>
							</Offset>
						</Anchor>
					</Anchors>
				</FontString>
				<FontString name="$parentTargetText" inherits="GameFontNormal" justifyH="CENTER">
					<Size>
						<AbsDimension x="95" y="20"/>
					</Size>
					<Anchors>
						<Anchor point="TOPRIGHT" relativeTo="$parent" relativePoint="TOPRIGHT">
							<Offset>
								<AbsDimension x="0" y="-3"/>
							</Offset>
						</Anchor>
					</Anchors>
				</FontString>
			</Layer>
		</Layers>
		<Frames>
			<Frame name="EavesDropEvent1" inherits="EavesDropEventTemplate" hidden="true">
				<Anchors>
					<Anchor point="TOP" relativeTo="EavesDropFrame" relativePoint="TOP">
						<Offset>
							<AbsDimension x="0" y="-25"/>
						</Offset>
					</Anchor>
				</Anchors>
			</Frame>
			<Frame name="EavesDropEvent2" inherits="EavesDropEventTemplate" hidden="true">
				<Anchors>
					<Anchor point="TOPLEFT" relativeTo="EavesDropEvent1" relativePoint="BOTTOMLEFT"/>
				</Anchors>
			</Frame>
			<Frame name="EavesDropEvent3" inherits="EavesDropEventTemplate" hidden="true">
				<Anchors>
					<Anchor point="TOPLEFT" relativeTo="EavesDropEvent2" relativePoint="BOTTOMLEFT"/>
				</Anchors>
			</Frame>
			<Frame name="EavesDropEvent4" inherits="EavesDropEventTemplate" hidden="true">
				<Anchors>
					<Anchor point="TOPLEFT" relativeTo="EavesDropEvent3" relativePoint="BOTTOMLEFT"/>
				</Anchors>
			</Frame>
			<Frame name="EavesDropEvent5" inherits="EavesDropEventTemplate" hidden="true">
				<Anchors>
					<Anchor point="TOPLEFT" relativeTo="EavesDropEvent4" relativePoint="BOTTOMLEFT"/>
				</Anchors>
			</Frame>
			<Frame name="EavesDropEvent6" inherits="EavesDropEventTemplate" hidden="true">
				<Anchors>
					<Anchor point="TOPLEFT" relativeTo="EavesDropEvent5" relativePoint="BOTTOMLEFT"/>
				</Anchors>
			</Frame>
			<Frame name="EavesDropEvent7" inherits="EavesDropEventTemplate" hidden="true">
				<Anchors>
					<Anchor point="TOPLEFT" relativeTo="EavesDropEvent6" relativePoint="BOTTOMLEFT"/>
				</Anchors>
			</Frame>
			<Frame name="EavesDropEvent8" inherits="EavesDropEventTemplate" hidden="true">
				<Anchors>
					<Anchor point="TOPLEFT" relativeTo="EavesDropEvent7" relativePoint="BOTTOMLEFT"/>
				</Anchors>
			</Frame>
			<Frame name="EavesDropEvent9" inherits="EavesDropEventTemplate" hidden="true">
				<Anchors>
					<Anchor point="TOPLEFT" relativeTo="EavesDropEvent8" relativePoint="BOTTOMLEFT"/>
				</Anchors>
			</Frame>
			<Frame name="EavesDropEvent10" inherits="EavesDropEventTemplate" hidden="true">
				<Anchors>
					<Anchor point="TOPLEFT" relativeTo="EavesDropEvent9" relativePoint="BOTTOMLEFT"/>
				</Anchors>
			</Frame>
			<Frame name="EavesDropEvent11" inherits="EavesDropEventTemplate" hidden="true">
				<Anchors>
					<Anchor point="TOPLEFT" relativeTo="EavesDropEvent10" relativePoint="BOTTOMLEFT"/>
				</Anchors>
			</Frame>
			<Frame name="EavesDropEvent12" inherits="EavesDropEventTemplate" hidden="true">
				<Anchors>
					<Anchor point="TOPLEFT" relativeTo="EavesDropEvent11" relativePoint="BOTTOMLEFT"/>
				</Anchors>
			</Frame>
			<Frame name="EavesDropEvent13" inherits="EavesDropEventTemplate" hidden="true">
				<Anchors>
					<Anchor point="TOPLEFT" relativeTo="EavesDropEvent12" relativePoint="BOTTOMLEFT"/>
				</Anchors>
			</Frame>
			<Frame name="EavesDropEvent14" inherits="EavesDropEventTemplate" hidden="true">
				<Anchors>
					<Anchor point="TOPLEFT" relativeTo="EavesDropEvent13" relativePoint="BOTTOMLEFT"/>
				</Anchors>
			</Frame>
			<Frame name="EavesDropEvent15" inherits="EavesDropEventTemplate" hidden="true">
				<Anchors>
					<Anchor point="TOPLEFT" relativeTo="EavesDropEvent14" relativePoint="BOTTOMLEFT"/>
				</Anchors>
			</Frame>
			<Frame name="EavesDropEvent16" inherits="EavesDropEventTemplate" hidden="true">
				<Anchors>
					<Anchor point="TOPLEFT" relativeTo="EavesDropEvent15" relativePoint="BOTTOMLEFT"/>
				</Anchors>
			</Frame>
			<Frame name="EavesDropEvent17" inherits="EavesDropEventTemplate" hidden="true">
				<Anchors>
					<Anchor point="TOPLEFT" relativeTo="EavesDropEvent16" relativePoint="BOTTOMLEFT"/>
				</Anchors>
			</Frame>
			<Frame name="EavesDropEvent18" inherits="EavesDropEventTemplate" hidden="true">
				<Anchors>
					<Anchor point="TOPLEFT" relativeTo="EavesDropEvent17" relativePoint="BOTTOMLEFT"/>
				</Anchors>
			</Frame>
			<Frame name="EavesDropEvent19" inherits="EavesDropEventTemplate" hidden="true">
				<Anchors>
					<Anchor point="TOPLEFT" relativeTo="EavesDropEvent18" relativePoint="BOTTOMLEFT"/>
				</Anchors>
			</Frame>
			<Frame name="EavesDropEvent20" inherits="EavesDropEventTemplate" hidden="true">
				<Anchors>
					<Anchor point="TOPLEFT" relativeTo="EavesDropEvent19" relativePoint="BOTTOMLEFT"/>
				</Anchors>
			</Frame>
			
			<!--down button-->
			<Button name="$parentDownButton" hidden="true">
				<Size>
					<AbsDimension x="24" y="24"/>
				</Size>
				<Anchors>
					<Anchor point="BOTTOMRIGHT">
						<Offset>
							<AbsDimension x="-2" y="2"/>
						</Offset>
					</Anchor>
				</Anchors>
				<Scripts>
					<OnClick>
						PlaySound("igChatScrollDown");
						if IsShiftKeyDown() then
		            EavesDrop:ScrollToBottom()
		        else
		            EavesDrop:ScrollDown()
		        end
					</OnClick>
					<OnEnter>
						GameTooltip:SetOwner(this, "ANCHOR_RIGHT");
						GameTooltip:SetText(this.tooltipText, nil, nil, nil, nil, 1);
					</OnEnter>
					<OnLeave>
						GameTooltip:Hide();
					</OnLeave>
				</Scripts>
				<NormalTexture file="Interface\ChatFrame\UI-ChatIcon-ScrollDown-Up"/>
				<PushedTexture file="Interface\ChatFrame\UI-ChatIcon-ScrollDown-Down"/>
				<DisabledTexture file="Interface\ChatFrame\UI-ChatIcon-ScrollDown-Disabled"/>
				<HighlightTexture file="Interface\Buttons\UI-Common-MouseHilight" alphaMode="ADD"/>
			</Button>
			
			<!--up button-->
			<Button name="$parentUpButton">
				<Size>
					<AbsDimension x="24" y="24"/>
				</Size>
				<Anchors>
					<Anchor point="TOPRIGHT">
						<Offset>
							<AbsDimension x="-2" y="-2"/>
						</Offset>
					</Anchor>
				</Anchors>
				<Scripts>
					<OnClick>
							PlaySound("igChatScrollUp");
							if IsShiftKeyDown() then
			            EavesDrop:ScrollToTop()
			        else
			            EavesDrop:ScrollUp()
			        end
					</OnClick>
					<OnEnter>
						GameTooltip:SetOwner(this, "ANCHOR_RIGHT");
						GameTooltip:SetText(this.tooltipText, nil, nil, nil, nil, 1);
					</OnEnter>
					<OnLeave>
						GameTooltip:Hide();
					</OnLeave>
				</Scripts>
				<NormalTexture file="Interface\ChatFrame\UI-ChatIcon-ScrollUp-Up"/>
				<PushedTexture file="Interface\ChatFrame\UI-ChatIcon-ScrollUp-Down"/>
				<DisabledTexture file="Interface\ChatFrame\UI-ChatIcon-ScrollUp-Disabled"/>
				<HighlightTexture file="Interface\Buttons\UI-Common-MouseHilight" alphaMode="ADD"/>
			</Button>
			
		</Frames>
		<Scripts>
			<OnMouseWheel>
				EavesDrop:Scroll();
			</OnMouseWheel>
			<OnEnter>
				EavesDropTab:SetAlpha(1);
			</OnEnter>
			<OnLeave>
				EavesDropTab:SetAlpha(0);
			</OnLeave>
		</Scripts>
	</Frame>
	
	<Button name="EavesDropTab" hidden="false" frameStrata="LOW" parent="EavesDropFrame" movable="true" clampedToScreen="true">
		<Size>
			<AbsDimension x="100" y="32"/>
		</Size>
		<Anchors>
			<Anchor point="BOTTOM" relativePoint="TOP">
				<Offset>
					<AbsDimension x="-10" y="-2
					"/>
				</Offset>
			</Anchor>
		</Anchors>
		<Layers>
			<Layer level="BACKGROUND">
				<Texture name="$parentLeft" file="Interface\ChatFrame\ChatFrameTab">
					<Size>
						<AbsDimension x="16" y="32"/>
					</Size>
					<Anchors>
						<Anchor point="TOPLEFT"/>
					</Anchors>
					<TexCoords left="0.0" right="0.25" top="0.0" bottom="1.0"/>
				</Texture>
				<Texture name="$parentMiddle" file="Interface\ChatFrame\ChatFrameTab">
					<Size>
						<AbsDimension x="80" y="32"/>
					</Size>
					<Anchors>
						<Anchor point="LEFT" relativeTo="$parentLeft" relativePoint="RIGHT"/>
					</Anchors>
					<TexCoords left="0.25" right="0.75" top="0.0" bottom="1.0"/>
				</Texture>
				<Texture name="$parentRight" file="Interface\ChatFrame\ChatFrameTab">
					<Size>
						<AbsDimension x="16" y="32"/>
					</Size>
					<Anchors>
						<Anchor point="LEFT" relativeTo="$parentMiddle" relativePoint="RIGHT"/>
					</Anchors>
					<TexCoords left="0.75" right="1.0" top="0.0" bottom="1.0"/>
				</Texture>
			</Layer>
		</Layers>
		<Scripts>
			<OnLoad>
				this:RegisterForDrag("LeftButton");
				EavesDropTab:SetAlpha(0);
			</OnLoad>
			<OnMouseDown>
				GameTooltip:Hide();
       	if arg1 == "RightButton" then
			  	EavesDrop:DropMenu()
			  end
			</OnMouseDown>
			<OnEnter>
				EavesDropTab:SetAlpha(1);
				GameTooltip:SetOwner(this, "ANCHOR_RIGHT");
				GameTooltip:SetText(this.tooltipText, nil, nil, nil, nil, 1);
			</OnEnter>
			<OnLeave>
				EavesDropTab:SetAlpha(0);
				GameTooltip:Hide();
			</OnLeave>
			<OnDragStart>
				if (not EavesDrop.db.profile["LOCKED"] ) then
			 		EavesDropFrame:StartMoving();
			 	end
			</OnDragStart>
			<OnDragStop>
				EavesDropFrame:StopMovingOrSizing();
			</OnDragStop>
		</Scripts>
		<ButtonText name="$parentText" text="EavesDrop">
			<Size>
				<AbsDimension x="86" y="8"/>
			</Size>
			<Anchors>
				<Anchor point="LEFT" relativeTo="$parentLeft" relativePoint="RIGHT">
					<Offset>
						<AbsDimension x="-2" y="-5"/>
					</Offset>
				</Anchor>
			</Anchors>
		</ButtonText>
		<NormalFont inherits="GameFontNormalSmall"/>
		<HighlightTexture file="Interface\PaperDollInfoFrame\UI-Character-Tab-Highlight" alphaMode="ADD">
			<Anchors>
				<Anchor point="LEFT" relativeTo="$parentLeft">
					<Offset>
						<AbsDimension x="0" y="-7"/>
					</Offset>
				</Anchor>
				<Anchor point="RIGHT" relativeTo="$parentRight">
					<Offset>
						<AbsDimension x="0" y="-7"/>
					</Offset>
				</Anchor>
			</Anchors>
		</HighlightTexture>
	</Button>
</Ui>