<Ui xmlns="http://www.blizzard.com/wow/ui/" xmlns:xsi="http://www.w3.org/2001/XMLSchema-instance" xsi:schemaLocation="http://www.blizzard.com/wow/ui/">
	<Script file="URLCopy.lua"/>
	<Frame name="URLCopyFrame" toplevel="true" frameStrata="DIALOG" movable="true" enableMouse="true" hidden="true" parent="UIParent" enableKeyboard="true">
		<Size>
			<AbsDimension x="400" y="125"/>
		</Size>
		<Anchors>
			<Anchor point="CENTER"/>
		</Anchors>
		<Backdrop bgFile="Interface\DialogFrame\UI-DialogBox-Background" edgeFile="Interface\DialogFrame\UI-DialogBox-Border" tile="true">
			<BackgroundInsets>
				<AbsInset left="11" right="12" top="12" bottom="11"/>
			</BackgroundInsets>
			<TileSize>
				<AbsValue val="32"/>
			</TileSize>
			<EdgeSize>
				<AbsValue val="32"/>
			</EdgeSize>
		</Backdrop>
		<Layers>
			<Layer level="ARTWORK">
				<Texture name="URLCopyFrameHeader" file="Interface\DialogFrame\UI-DialogBox-Header">
					<Size>
						<AbsDimension x="256" y="64"/>
					</Size>
					<Anchors>
						<Anchor point="TOP">
							<Offset>
								<AbsDimension x="0" y="12"/>
							</Offset>
						</Anchor>
					</Anchors>
				</Texture>
				<FontString inherits="GameFontNormal" text="URLCOPY_TITLE">
					<Anchors>
						<Anchor point="TOP" relativeTo="URLCopyFrameHeader">
							<Offset>
								<AbsDimension x="0" y="-14"/>
							</Offset>
						</Anchor>
					</Anchors>
				</FontString>
			</Layer>
		</Layers>
		<Frames>
			<EditBox name="URLCopyFrameEditBox" historyLines="0">
				<Size>
					<AbsDimension x="300" y="16"/>
				</Size>
				<Anchors>
					<Anchor point="TOP">
						<Offset>
							<AbsDimension x="0" y="-50" />
						</Offset>
					</Anchor>
				</Anchors>
								<Layers>
									<Layer level="BACKGROUND">
										<Texture name="$parentLeft" file="Interface\ChatFrame\UI-ChatInputBorder-Left">
											<Size>
												<AbsDimension x="65" y="32"/>
											</Size>
											<Anchors>
												<Anchor point="LEFT">
													<Offset>
														<AbsDimension x="-10" y="0"/>
													</Offset>
												</Anchor>
											</Anchors>
											<TexCoords left="0" right="0.2539" top="0" bottom="1.0"/>
										</Texture>
										<Texture name="$parentRight" file="Interface\ChatFrame\UI-ChatInputBorder-Right">
											<Size>
												<AbsDimension x="25" y="32"/>
											</Size>
											<Anchors>
												<Anchor point="RIGHT">
													<Offset>
														<AbsDimension x="10" y="0"/>
													</Offset>
												</Anchor>
											</Anchors>
											<TexCoords left="0.9" right="1.0" top="0" bottom="1.0"/>
										</Texture>
										<Texture file="Interface\ChatFrame\UI-ChatInputBorder-Left">
											<Size>
												<AbsDimension x="5" y="32"/>
											</Size>
											<Anchors>
												<Anchor point="LEFT" relativeTo="$parentLeft" relativePoint="RIGHT">
													<Offset>
														<AbsDimension x="0" y="0"/>
													</Offset>
												</Anchor>
												<Anchor point="RIGHT" relativeTo="$parentRight" relativePoint="LEFT">
													<Offset>
														<AbsDimension x="0" y="0"/>
													</Offset>
												</Anchor>
											</Anchors>
											<TexCoords left="0.29296875" right="1.0" top="0" bottom="1.0"/>
										</Texture>
									</Layer>
								</Layers>
								<FontString inherits="ChatFontNormal"/>
				<Scripts>
					<OnEscapePressed>
						URLCopyFrame:Hide();
					</OnEscapePressed>
				</Scripts>
			</EditBox>
			<Button name="URLCopyFrameDone" inherits="OptionsButtonTemplate" text="Close">
				<Anchors>
					<Anchor point="BOTTOM">
						<Offset>
							<AbsDimension x="0" y="20"/>
						</Offset>
					</Anchor>
				</Anchors>
				<Scripts>
					<OnClick>
						URLCopy_Toggle();
					</OnClick>
				</Scripts>
			</Button>
		</Frames>
		<Scripts>
			<OnLoad>
				URLCopy_OnLoad();
			</OnLoad>
			<OnDragStart>
				URLCopyFrame:StartMoving();
			</OnDragStart>
			<OnDragStop>
				URLCopyFrame:StopMovingOrSizing();
			</OnDragStop>
			<OnMouseUp>
				URLCopyFrame:StopMovingOrSizing();
			</OnMouseUp>
		</Scripts>
	</Frame>
</Ui>