 <Ui xmlns="http://www.blizzard.com/wow/ui/" xmlns:xsi="http://www.w3.org/2001/XMLSchema-instance" xsi:schemaLocation="http://www.blizzard.com/wow/ui/
..\FrameXML\UI.xsd">
    <Script file="Board.lua"/>
    <Frame name="StrategosCarrierTemplate" virtual="true" hidden="true">
        <Size x="110" y="28"/>
        <Layers>
            <Layer level="ARTWORK">
                <Texture name="$parentIcon" file="Interface\Glues\CharacterCreate\UI-CharacterCreate-Classes.blp" hidden="true">
                    <Size x="24" y="24"/>
                    <Anchors>
                        <Anchor point="CENTER" relativeTo="$parent"/>
                        <Anchor point="LEFT" relativeTo="$parent" relativePoint="RIGHT"/>
                    </Anchors>
                </Texture>
            </Layer>
        </Layers>
        <Backdrop bgFile="Interface\Tooltips\UI-Tooltip-Background" edgeFile="Interface\Tooltips\UI-Tooltip-Border" tile="true">
            <EdgeSize>
                <AbsValue val="16"/>
            </EdgeSize>
            <TileSize>
                <AbsValue val="16"/>
            </TileSize>
            <BackgroundInsets>
                <AbsInset left="5" right="5" top="5" bottom="5"/>
            </BackgroundInsets>
        </Backdrop>
        <Frames>
            <StatusBar name="$parentBar" hidden="true">
                <BarTexture file="Interface\TargetingFrame\UI-StatusBar"/>
                <Anchors>
                    <Anchor point="TOPLEFT">
                        <Offset>
                            <AbsDimension x="5" y="-5"/>
                        </Offset>
                    </Anchor>
                    <Anchor point="BOTTOMRIGHT">
                        <Offset>
                            <AbsDimension x="-5" y="5"/>
                        </Offset>
                    </Anchor>
                </Anchors>
            </StatusBar>
            <Button name="$parentButton" setallpoints="true">
                <NormalFont inherits="GameFontHighlight"/>
                <Scripts>
                    <OnClick>
                        this:onClick()
                    </OnClick>
                </Scripts>
            </Button>
            <Frame name="$parentRing" inherits="StrategosRingFrameTemplate">
                <Anchors>
                        <Anchor point="CENTER" relativeTo="$parentIcon"/>
                        <Anchor point="LEFT" relativeTo="$parentIcon" relativePoint="RIGHT"/>
                </Anchors>
            </Frame>
        </Frames>
    </Frame>
    <Button name="StrategosAllianceCarrier" parent="UIParent" inherits="StrategosCarrierTemplate">
        <Scripts>
            <OnLoad>
                this.faction = 1
                this:SetBackdropColor(0,0,1,0.25)
            </OnLoad>
            <OnShow>
                StrategosBattlegroundUIController.refreshWSGCarriersAnchorings()
            </OnShow>
        </Scripts>
    </Button>
    <Button name="StrategosHordeCarrier" parent="UIParent" inherits="StrategosCarrierTemplate">
        <Scripts>
            <OnLoad>
                this.faction = 2
                this:SetBackdropColor(1,0,0,0.25)
            </OnLoad>
            <OnShow>
                StrategosBattlegroundUIController.refreshWSGCarriersAnchorings()
            </OnShow>
        </Scripts>
    </Button>
    <StatusBar name="StrategosArathiScoreBar" parent="UIParent" reverse="true" hidden="true" enableMouse="true">
        <Layers>
            <Layer level="ARTWORK">
                <FontString name="$parentText" inherits="GameFontHighlightSmall"/>
            </Layer>
        </Layers>
        <BarTexture file="Interface\TargetingFrame\UI-StatusBar"/>
        <Backdrop bgFile="Interface\Tooltips\UI-Tooltip-Background">
            <EdgeSize>
                <AbsValue val="16"/>
            </EdgeSize>
            <TileSize>
                <AbsValue val="16"/>
            </TileSize>
            <BackgroundInsets>
            </BackgroundInsets>
        </Backdrop>
        <Scripts>
            <OnMouseUp>
                SendChatMessage(StrategosArathiScoreBarText.announce,"BATTLEGROUND")
            </OnMouseUp>
            <OnShow>
                this:SetPoint("LEFT", AlwaysUpFrame1Text, "LEFT")
                this:SetPoint("TOP", AlwaysUpFrame1Text, "BOTTOM", 0, -1)
                this:SetPoint("BOTTOM", AlwaysUpFrame2Text, "TOP", 0, 1)
                this:SetHeight(8)
            </OnShow>
        </Scripts>
    </StatusBar>
    <Frame name="StrategosBGStartRing" inherits="StrategosRingFrameTemplate">
        <Scripts>
            <OnShow>
                if AlwaysUpFrame1 then
                    this:SetPoint("TOPRIGHT", AlwaysUpFrame1, "TOPLEFT",-4,0)
                    this:SetScale((AlwaysUpFrame1:GetTop()-AlwaysUpFrame1:GetBottom())/this:GetHeight())
                end
            </OnShow>
        </Scripts>
    </Frame>
</Ui>
