<Ui xmlns="http://www.blizzard.com/wow/ui/" xmlns:xsi="http://www.w3.org/2001/XMLSchema-instance" xsi:schemaLocation="http://www.blizzard.com/wow/ui/
..\FrameXML\UI.xsd">
	<Script file="BIB_BMRecLevel.lua"/>
	<Frame parent="UIParent">
		<Frames>
			<Button name="BIB_BRLButton" inherits="BhaldieInfoBarTextIconTemplate" frameStrata="FULLSCREEN" toplevel="true">
				<Scripts>
					<OnLoad>
						if (IsAddOnLoaded("BhaldieInfoBar")) then
							BIB_BRLButton_OnLoad();
						end
					</OnLoad>
					<OnEvent>
						if (IsAddOnLoaded("BhaldieInfoBar")) then
							BIB_BRLButton_OnEvent();
						end
					</OnEvent>	
					<OnEnter>
						if (IsAddOnLoaded("BhaldieInfoBar")) then
							BIB_BRLButton_OnEnter(); 
						end
					</OnEnter>
					<OnLeave>
						if (IsAddOnLoaded("BhaldieInfoBar")) then
							BIB_BRLButton_OnLeave(); 
						end
					</OnLeave>
					<OnMouseDown>
						if (IsAddOnLoaded("BhaldieInfoBar")) then
							BIB_BRLButton_OnRightClick(arg1);
						end
					</OnMouseDown>
				</Scripts>
			</Button>
		</Frames>
	</Frame>
	
	<!-- New -->
	<!-- Options Frame -->
	<Frame name="BIB_BRLButtonOptions" parent="BM_Frame" inherits="BM_TempMain_Window">
		<Frames>
			<!-- No UI Menu options for this plugin -->
		</Frames>
	</Frame>
</Ui>