<Ui xmlns="http://www.blizzard.com/wow/ui/"
    xmlns:xsi="http://www.w3.org/2001/XMLSchema-instance"
    xsi:schemaLocation="http://www.blizzard.com/wow/ui/
    ..\..\..\FrameXML\UI.xsd">

  <Frame name="ManaMinder_Options_Consumables" parent="ManaMinder_Options" hidden="false" id="1">
    <Size>
      <AbsDimension x="566" y="383"/>
    </Size>
    <Anchors>
      <Anchor point="TOPLEFT" relativeTo="ManaMinder_Options" relativePoint="TOPLEFT">
        <Offset>
          <AbsDimension x="12" y="-38"/>
        </Offset>
      </Anchor>
    </Anchors>
    <Frames>

      <Frame name="$parent_Available_Section" inherits="OptionFrameBoxTemplate">
        <Size>
          <AbsDimension x="281" y="250"/>
        </Size>
        <Anchors>
          <Anchor point="TOPLEFT" />
        </Anchors>
        <Layers>
          <Layer level="ARTWORK">
            <FontString name="$parentText" inherits="GameFontHighlight" text="Available">
              <Anchors>
                <Anchor point="TOPLEFT">
                  <Offset>
                    <AbsDimension x="6" y="12"/>
                  </Offset>
                </Anchor>
              </Anchors>
            </FontString>
          </Layer>
        </Layers>
        <Frames>
          <ScrollFrame name="$parent_Scroll" hidden="false" inherits="FauxScrollFrameTemplate">
            <Size>
              <AbsDimension x="16" y="0" />
            </Size>
            <Anchors>
              <Anchor point="TOPLEFT">
                <Offset>
                  <AbsDimension x="0" y="-5" />
                </Offset>
              </Anchor>
              <Anchor point="BOTTOMRIGHT">
                <Offset>
                  <AbsDimension x="-27" y="4" />
                </Offset>
              </Anchor>
            </Anchors>
            <Scripts>
              <OnShow>
                  ManaMinder.optionsFrame.consumablesFrame:OnAvailableScroll()
              </OnShow>
              <OnVerticalScroll>
                FauxScrollFrame_OnVerticalScroll(20, function()
                ManaMinder.optionsFrame.consumablesFrame:OnAvailableScroll()
                end)
              </OnVerticalScroll>
            </Scripts>
          </ScrollFrame>
        </Frames>
        <Scripts>
          <OnLoad>
              ManaMinder.optionsFrame:OnOptionsFrameBoxLoad(this)
          </OnLoad>
        </Scripts>
      </Frame>

      <Frame name="$parent_Tracked_Section" inherits="OptionFrameBoxTemplate">
        <Size>
          <AbsDimension x="281" y="250"/>
        </Size>
        <Anchors>
          <Anchor point="TOPLEFT" relativeTo="$parent_Available_Section" relativePoint="TOPRIGHT">
            <Offset>
              <AbsDimension x="4" y="0"/>
            </Offset>
          </Anchor>
        </Anchors>
        <Layers>
          <Layer level="ARTWORK">
            <FontString name="$parentText" inherits="GameFontHighlight" text="Tracked">
              <Anchors>
                <Anchor point="TOPLEFT">
                  <Offset>
                    <AbsDimension x="6" y="12"/>
                  </Offset>
                </Anchor>
              </Anchors>
            </FontString>
          </Layer>
        </Layers>
        <Frames>
          <ScrollFrame name="$parent_Scroll" hidden="false" inherits="FauxScrollFrameTemplate">
            <Size>
              <AbsDimension x="16" y="0" />
            </Size>
            <Anchors>
              <Anchor point="TOPLEFT">
                <Offset>
                  <AbsDimension x="0" y="-5" />
                </Offset>
              </Anchor>
              <Anchor point="BOTTOMRIGHT">
                <Offset>
                  <AbsDimension x="-27" y="4" />
                </Offset>
              </Anchor>
            </Anchors>
            <Scripts>
              <OnShow>
                  ManaMinder.optionsFrame.consumablesFrame:OnTrackedScroll()
              </OnShow>
              <OnVerticalScroll>
                FauxScrollFrame_OnVerticalScroll(20, function()
                ManaMinder.optionsFrame.consumablesFrame:OnTrackedScroll()
                end)
              </OnVerticalScroll>
            </Scripts>
          </ScrollFrame>
        </Frames>
        <Scripts>
          <OnLoad>
              ManaMinder.optionsFrame:OnOptionsFrameBoxLoad(this)
          </OnLoad>
        </Scripts>
      </Frame>

      <Frame name="$parent_Shared_Section" inherits="OptionFrameBoxTemplate">
        <Size>
          <AbsDimension x="281" y="98"/>
        </Size>
        <Anchors>
          <Anchor point="TOPLEFT" relativeTo="$parent_Available_Section" relativePoint="BOTTOMLEFT">
            <Offset>
              <AbsDimension x="0" y="-20"/>
            </Offset>
          </Anchor>
        </Anchors>
        <Layers>
          <Layer level="ARTWORK">
            <FontString name="$parentText" inherits="GameFontHighlight" text="Shared Cooldowns">
              <Anchors>
                <Anchor point="TOPLEFT">
                  <Offset>
                    <AbsDimension x="6" y="12"/>
                  </Offset>
                </Anchor>
              </Anchors>
            </FontString>
          </Layer>
        </Layers>
        <Frames>

          <CheckButton name="ManaMinder_Options_Consumables_Potions_Check" inherits="OptionsCheckButtonTemplate">
            <Anchors>
              <Anchor point="TOPLEFT" relativeTo="$parent" relativePoint="TOPLEFT">
                <Offset>
                  <AbsDimension x="8" y="-6"/>
                </Offset>
              </Anchor>
            </Anchors>
            <Scripts>
              <OnLoad>
                  ManaMinder.optionsFrame.consumablesFrame:OnPotionsCheckLoad()
              </OnLoad>
              <OnClick>
                  ManaMinder:OnCheckBoxClick()
                  ManaMinder.optionsFrame.consumablesFrame:OnPotionsCheckChange(this:GetChecked())
              </OnClick>
            </Scripts>
          </CheckButton>

          <CheckButton name="ManaMinder_Options_Consumables_Runes_Check" inherits="OptionsCheckButtonTemplate">
            <Anchors>
              <Anchor point="TOPLEFT" relativeTo="ManaMinder_Options_Consumables_Potions_Check" relativePoint="BOTTOMLEFT">
                <Offset>
                  <AbsDimension x="0" y="4"/>
                </Offset>
              </Anchor>
            </Anchors>
            <Scripts>
              <OnLoad>
                  ManaMinder.optionsFrame.consumablesFrame:OnRunesCheckLoad()
              </OnLoad>
              <OnClick>
                  ManaMinder:OnCheckBoxClick()
                  ManaMinder.optionsFrame.consumablesFrame:OnRunesCheckChange(this:GetChecked())
              </OnClick>
            </Scripts>
          </CheckButton>

          <CheckButton name="ManaMinder_Options_Consumables_Gems_Check" inherits="OptionsCheckButtonTemplate">
            <Anchors>
              <Anchor point="TOPLEFT" relativeTo="ManaMinder_Options_Consumables_Runes_Check" relativePoint="BOTTOMLEFT">
                <Offset>
                  <AbsDimension x="0" y="4"/>
                </Offset>
              </Anchor>
            </Anchors>
            <Scripts>
              <OnLoad>
                  ManaMinder.optionsFrame.consumablesFrame:OnGemsCheckLoad()
              </OnLoad>
              <OnClick>
                  ManaMinder:OnCheckBoxClick()
                  ManaMinder.optionsFrame.consumablesFrame:OnGemsCheckChange(this:GetChecked())
              </OnClick>
            </Scripts>
          </CheckButton>

        </Frames>
        <Scripts>
          <OnLoad>
              ManaMinder.optionsFrame:OnOptionsFrameBoxLoad(this)
          </OnLoad>
        </Scripts>
      </Frame>

      <Frame name="$parent_Usage_Section" inherits="OptionFrameBoxTemplate">
        <Size>
          <AbsDimension x="281" y="98"/>
        </Size>
        <Anchors>
          <Anchor point="TOPLEFT" relativeTo="$parent_Shared_Section" relativePoint="TOPRIGHT">
            <Offset>
              <AbsDimension x="4" y="0"/>
            </Offset>
          </Anchor>
        </Anchors>
        <Layers>
          <Layer level="ARTWORK">
            <FontString name="$parentText" inherits="GameFontHighlight" text="Usage">
              <Anchors>
                <Anchor point="TOPLEFT">
                  <Offset>
                    <AbsDimension x="6" y="12"/>
                  </Offset>
                </Anchor>
              </Anchors>
            </FontString>
          </Layer>
        </Layers>
        <Frames>

          <CheckButton name="ManaMinder_Options_Consumables_OOC_Check" inherits="OptionsCheckButtonTemplate">
            <Anchors>
              <Anchor point="TOPLEFT" relativeTo="$parent" relativePoint="TOPLEFT">
                <Offset>
                  <AbsDimension x="8" y="-6"/>
                </Offset>
              </Anchor>
            </Anchors>
            <Scripts>
              <OnLoad>
                  ManaMinder.optionsFrame.consumablesFrame:OnOOCCheckLoad()
              </OnLoad>
              <OnClick>
                  ManaMinder:OnCheckBoxClick()
                  ManaMinder.optionsFrame.consumablesFrame:OnOOCCheckChange(this:GetChecked())
              </OnClick>
            </Scripts>
          </CheckButton>

        </Frames>
        <Scripts>
          <OnLoad>
              ManaMinder.optionsFrame:OnOptionsFrameBoxLoad(this)
          </OnLoad>
        </Scripts>
      </Frame>

    </Frames>
  </Frame>

</Ui>
