<Ui xmlns="http://www.blizzard.com/wow/ui/"
    xmlns:xsi="http://www.w3.org/2001/XMLSchema-instance"
    xsi:schemaLocation="http://www.blizzard.com/wow/ui/
    ..\..\..\FrameXML\UI.xsd">

  <Button name="ManaMinder_FrameTabButtonTemplate" virtual="true">
    <Size>
      <AbsDimension x="115" y="32"/>
    </Size>
    <Layers>
      <Layer level="BACKGROUND">
        <Texture name="$parentLeftDisabled" file="Interface\PaperDollInfoFrame\UI-Character-ActiveTab">
          <Size>
            <AbsDimension x="20" y="32"/>
          </Size>
          <Anchors>
            <Anchor point="TOPLEFT">
              <Offset>
                <AbsDimension x="0" y="5"/>
              </Offset>
            </Anchor>
          </Anchors>
          <TexCoords left="0" right="0.15625" top="0" bottom="1.0"/>
        </Texture>
        <Texture name="$parentMiddleDisabled" file="Interface\PaperDollInfoFrame\UI-Character-ActiveTab">
          <Size>
            <AbsDimension x="88" y="32"/>
          </Size>
          <Anchors>
            <Anchor point="LEFT" relativeTo="$parentLeftDisabled" relativePoint="RIGHT"/>
          </Anchors>
          <TexCoords left="0.15625" right="0.84375" top="0" bottom="1.0"/>
        </Texture>
        <Texture name="$parentRightDisabled" file="Interface\PaperDollInfoFrame\UI-Character-ActiveTab">
          <Size>
            <AbsDimension x="20" y="32"/>
          </Size>
          <Anchors>
            <Anchor point="LEFT" relativeTo="$parentMiddleDisabled" relativePoint="RIGHT"/>
          </Anchors>
          <TexCoords left="0.84375" right="1.0" top="0" bottom="1.0"/>
        </Texture>
        <Texture name="$parentLeft" file="Interface\PaperDollInfoFrame\UI-Character-InActiveTab">
          <Size>
            <AbsDimension x="20" y="32"/>
          </Size>
          <Anchors>
            <Anchor point="TOPLEFT"/>
          </Anchors>
          <TexCoords left="0" right="0.15625" top="0" bottom="1.0"/>
        </Texture>
        <Texture name="$parentMiddle" file="Interface\PaperDollInfoFrame\UI-Character-InActiveTab">
          <Size>
            <AbsDimension x="88" y="32"/>
          </Size>
          <Anchors>
            <Anchor point="LEFT" relativeTo="$parentLeft" relativePoint="RIGHT"/>
          </Anchors>
          <TexCoords left="0.15625" right="0.84375" top="0" bottom="1.0"/>
        </Texture>
        <Texture name="$parentRight" file="Interface\PaperDollInfoFrame\UI-Character-InActiveTab">
          <Size>
            <AbsDimension x="20" y="32"/>
          </Size>
          <Anchors>
            <Anchor point="LEFT" relativeTo="$parentMiddle" relativePoint="RIGHT"/>
          </Anchors>
          <TexCoords left="0.84375" right="1.0" top="0" bottom="1.0"/>
        </Texture>
      </Layer>
    </Layers>
    <NormalText name="$parentText" inherits="GameFontNormalSmall">
      <Anchors>
        <Anchor point="CENTER">
          <Offset>
            <AbsDimension x="0" y="2"/>
          </Offset>
        </Anchor>
      </Anchors>
    </NormalText>
    <HighlightText name="$parentHighlightText" inherits="GameFontHighlightSmall">
      <Anchors>
        <Anchor point="CENTER">
          <Offset>
            <AbsDimension x="0" y="2"/>
          </Offset>
        </Anchor>
      </Anchors>
    </HighlightText>
    <DisabledText name="$parentDisabledText" inherits="GameFontHighlightSmall">
      <Anchors>
        <Anchor point="CENTER">
          <Offset>
            <AbsDimension x="0" y="2"/>
          </Offset>
        </Anchor>
      </Anchors>
    </DisabledText>
    <HighlightTexture name="$parentHighlightTexture" file="Interface\PaperDollInfoFrame\UI-Character-Tab-Highlight" alphaMode="ADD">
      <Anchors>
        <Anchor point="LEFT">
          <Offset>
            <AbsDimension x="10" y="2"/>
          </Offset>
        </Anchor>
        <Anchor point="RIGHT">
          <Offset>
            <AbsDimension x="-10" y="2"/>
          </Offset>
        </Anchor>
      </Anchors>
    </HighlightTexture>
    <Scripts>
      <OnLoad>
          ManaMinder.optionsFrame:OnTabLoad(this)
      </OnLoad>
      <OnClick>
          ManaMinder.optionsFrame:OnTabClick(this)
      </OnClick>
      <OnShow>
          ManaMinder.optionsFrame:OnTabShow(this)
      </OnShow>
    </Scripts>
  </Button>

</Ui>
