<Ui xmlns="http://www.blizzard.com/wow/ui/"
    xmlns:xsi="http://www.w3.org/2001/XMLSchema-instance"
    xsi:schemaLocation="http://www.blizzard.com/wow/ui/
    ..\..\..\FrameXML\UI.xsd">

  <Frame name="ManaMinder_Tracked_Consumable" virtual="true">
    <Size>
      <AbsDimension x="100" y="20"/>
    </Size>
    <Layers>
      <Layer level="OVERLAY">
        <FontString name="$parent_Text" inherits="GameFontNormalSmall" text="Major Mana Potion" justifyH="LEFT" justifyV="CENTER">
          <Anchors>
            <Anchor point="TOPLEFT">
              <Offset>
                <AbsDimension x="20" y="0" />
              </Offset>
            </Anchor>
            <Anchor point="BOTTOMRIGHT">
              <Offset>
                <AbsDimension x="-65" y="0" />
              </Offset>
            </Anchor>
          </Anchors>
        </FontString>
      </Layer>
    </Layers>
    <Frames>

      <Button name="$parent_Icon" inherits="ActionButtonTemplate">
        <Anchors>
          <Anchor point="LEFT" relativeTo="$parent" relativePoint="LEFT" />
        </Anchors>
      </Button>

      <Button name="$parent_Remove">
        <Size>
          <AbsDimension x="20" y="20"/>
        </Size>
        <Anchors>
          <Anchor point="RIGHT" relativeTo="$parent" relativePoint="RIGHT">
            <Offset>
              <AbsDimension x="-40" y="0" />
            </Offset>
          </Anchor>
        </Anchors>
        <NormalTexture file="Interface\Buttons\UI-SpellbookIcon-PrevPage-Up" />
        <PushedTexture file="Interface\Buttons\UI-SpellbookIcon-PrevPage-Down" />
        <HighlightTexture file="Interface\Buttons\UI-Common-MouseHilight" alphaMode="ADD" />
      </Button>

      <Button name="$parent_Down">
        <Size>
          <AbsDimension x="20" y="20"/>
        </Size>
        <Anchors>
          <Anchor point="RIGHT" relativeTo="$parent" relativePoint="RIGHT">
            <Offset>
              <AbsDimension x="-20" y="0" />
            </Offset>
          </Anchor>
        </Anchors>
        <NormalTexture file="Interface\ChatFrame\UI-ChatIcon-ScrollDown-Up" />
        <PushedTexture file="Interface\ChatFrame\UI-ChatIcon-ScrollDown-Down" />
        <HighlightTexture file="Interface\Buttons\UI-Common-MouseHilight" alphaMode="ADD" />
      </Button>

      <Button name="$parent_Up">
        <Size>
          <AbsDimension x="20" y="20"/>
        </Size>
        <Anchors>
          <Anchor point="RIGHT" relativeTo="$parent" relativePoint="RIGHT" />
        </Anchors>
        <NormalTexture file="Interface\ChatFrame\UI-ChatIcon-ScrollUp-Up" />
        <PushedTexture file="Interface\ChatFrame\UI-ChatIcon-ScrollUp-Down" />
        <HighlightTexture file="Interface\Buttons\UI-Common-MouseHilight" alphaMode="ADD" />
      </Button>

    </Frames>
  </Frame>

</Ui>
