<Ui xmlns="http://www.blizzard.com/wow/ui/" xmlns:xsi="http://www.w3.org/2001/XMLSchema-instance" xsi:schemaLocation="http://www.blizzard.com/wow/ui/
..\FrameXML\UI.xsd">

	<Frame parent="UIParent">
		<Frames>
			<Button name="TitanPanelTitanBGButton" inherits="TitanPanelComboTemplate" frameStrata="FULLSCREEN" toplevel="true">
				<Scripts>
					<OnLoad>
						TitanPanelTitanBGButton_OnLoad();
						TitanPanelButton_OnLoad();
					</OnLoad>
					<OnEvent>
						TitanPanelTitanBGButton_OnEvent(event, arg1, arg2);
					</OnEvent>
					<OnClick>
						TitanPanelTitanBGButton_OnClick(arg1);
						TitanPanelButton_OnClick(arg1);
					</OnClick>
				</Scripts>
			</Button>
		</Frames>
	</Frame>

	<Frame name="TitanPanelTitanBG_Scripts" parent="UIParent">
		<Scripts>
			<OnUpdate>
				if (_addon_loaded) then
					TitanPanelTitanBG_OnUpdate();
				end
			</OnUpdate>
		</Scripts>
	</Frame>

	<Frame name="TitanPanelTitanBG_Message" inherits="DialogBoxFrame">
		<Size><AbsDimension x="384" y="128"/></Size>

		<Layers>
			<Layer level="ARTWORK">
				<FontString name="TitanPanelTitanBG_Message_Text" inherits="GameFontRed" justifyH="CENTER" justifyV="TOP" nonspacewrap="true">
					<Size><AbsDimension x="360" y="0"/></Size>

					<Anchors>
						<Anchor point="TOP">
							<Offset><AbsDimension x="0" y="-16"/></Offset>
						</Anchor>
					</Anchors>
				</FontString>
			</Layer>
		</Layers>
	</Frame>

	<Frame name="TitanPanelTitanBG_Template_Frame_CaptureTimers" parent="UIParent" frameStrata="LOW" toplevel="false" enableMouse="false" movable="true" virtual="true">
		<Size><AbsDimension x="1" y="20"/></Size>

		<Anchors>
			<Anchor point="TOPLEFT" relativePoint="TOPLEFT" relativeTo="TitanPanelTitanBG_Display_Capture">
				<Offset>
					<AbsDimension x="0" y="0"/>
				</Offset>
			</Anchor>
		</Anchors>

		<HitRectInsets><AbsInset left="0" right="0" top="0" bottom="0"/></HitRectInsets>

		<Layers>
			<Layer level="ARTWORK">
				<Texture name="$parent_Icon" file="Interface\Minimap\POIIcons" setAllPoints="true">
					<Size><AbsDimension x="16" y="16"/></Size>

					<Anchors><Anchor point="TOPLEFT">
						<Offset><AbsDimension x="0" y="0"/></Offset>
					</Anchor></Anchors>

					<TexCoords left="0.75" right="0.875" top="0.125" bottom="0.25"/>
				</Texture>
			</Layer>

			<Layer level="OVERLAY">
				<FontString name="$parent_Point" inherits="GameFontNormal" justifyH="LEFT">
					<Size><AbsDimension x="162" y="20"/></Size>

					<Anchors>
						<Anchor point="TOPLEFT" relativePoint="TOPRIGHT" relativeTo="$parent_Icon">
							<Offset><AbsDimension x="3" y="3"/></Offset>
						</Anchor>
					</Anchors>
				</FontString>

				<FontString name="$parent_Time" inherits="GameFontHighlight" justifyH="RIGHT">
					<Size><AbsDimension x="110" y="20"/></Size>

					<Anchors>
						<Anchor point="TOPLEFT" relativePoint="TOPRIGHT" relativeTo="$parent_Point">
							<Offset><AbsDimension x="0" y="0"/></Offset>
						</Anchor>
					</Anchors>
				</FontString>
			</Layer>
		</Layers>
	</Frame>

	<Frame name="TitanPanelTitanBG_Template_Frame_FlagTracker" parent="UIParent" frameStrata="LOW" movable="true" toplevel="false" enableMouse="true" virtual="true">
		<Size><AbsDimension x="1" y="22"/></Size>

		<Anchors>
			<Anchor point="TOPLEFT" relativePoint="TOPLEFT" relativeTo="TitanPanelTitanBG_Display_Capture">
				<Offset>
					<AbsDimension x="0" y="0"/>
				</Offset>
			</Anchor>
		</Anchors>

		<HitRectInsets><AbsInset left="0" right="0" top="0" bottom="0"/></HitRectInsets>

		<Frames>
			<Button name="$parent_Button">
				<Size><AbsDimension x="150" y="20"/></Size>

				<ButtonText name="$parentText"/>
				<NormalFont inherits="GameFontNormal"/>
				<HighlightFont inherits="GameFontNormal"/>
				<DisabledFont inherits="GameFontDisable"/>

				<Anchors>
					<Anchor point="TOPLEFT" relativePoint="TOPRIGHT" relativeTo="$parent_Icon">
							<Offset><AbsDimension x="0" y="-2"/></Offset>
					</Anchor>
				</Anchors>
			</Button>
		</Frames>

		<Layers>
			<Layer level="ARTWORK">
				<Texture name="$parent_Icon" file="Interface\WorldStateFrame\AllianceFlag" setAllPoints="true">
					<Size><AbsDimension x="28" y="28"/></Size>

					<Anchors><Anchor point="TOPLEFT" anchorPoint="TOPLEFT" anchorTo="$parent">
						<Offset><AbsDimension x="0" y="0"/></Offset>
					</Anchor></Anchors>
				</Texture>
			</Layer>
		</Layers>
	</Frame>

	<Frame name="TitanPanelTitanBG_Display_Capture" movable="true" enableMouse="true" frameStrata="TOOLTIP" parent="UIParent" hidden="true">
		<Size><AbsDimension x="292" y="100"/></Size>

		<Anchors>
			<Anchor point="CENTER" relativePoint="CENTER" relativeTo="UIParent">
				<Offset><AbsDimension x="0" y="0"/></Offset>
			</Anchor>
		</Anchors>

		<Backdrop bgFile="Interface\Tooltips\UI-Tooltip-Background" edgeFile="Interface\Tooltips\UI-Tooltip-Border" tile="true">
			<EdgeSize><AbsValue val="16"/></EdgeSize>
			<TileSize><AbsValue val="16"/></TileSize>

			<BackgroundInsets><AbsInset left="5" right="5" top="5" bottom="5"/></BackgroundInsets>
		</Backdrop>

		<Layers>
			<Layer level="OVERLAY">
				<FontString name="TitanPanelTitanBG_Display_Capture_Description" inherits="GameFontNormal" justifyH="CENTER">
					<Size><AbsDimension x="292" /></Size>

					<Anchors>
						<Anchor point="TOP" relativePoint="TOP" relativeTo="TitanPanelTitanBG_Display_Capture">
							<Offset><AbsDimension x="0" y="-10"/></Offset>
						</Anchor>
					</Anchors>
				</FontString>

				<FontString name="TitanPanelTitanBG_Display_Capture_Instructions" inherits="GameFontHighlight" justifyH="CENTER">
					<Size><AbsDimension x="292" /></Size>

					<Anchors>
						<Anchor point="BOTTOM" relativePoint="BOTTOM" relativeTo="TitanPanelTitanBG_Display_Capture">
							<Offset><AbsDimension x="0" y="10"/></Offset>
						</Anchor>
					</Anchors>
				</FontString>
			</Layer>
		</Layers>

		<Scripts>
			<OnLoad>
				this:RegisterForDrag("LeftButton");
				TitanPanelTitanBG_Display_Capture_Description:SetText(TITANBG_DRAGGABLE_OS_CAP);
				TitanPanelTitanBG_Display_Capture_Instructions:SetText(TITANBG_DRAGGABLE_OS_CAPINSTRUCT);
			</OnLoad>
			<OnDragStart>
				this:StartMoving();
				this.isMoving = true;
			</OnDragStart>
			<OnDragStop>
				this:StopMovingOrSizing();
				this.isMoving = false;
			</OnDragStop>
		</Scripts>
	</Frame>

	<Frame name="TitanPanelTitanBG_Display_Capture_1" inherits="TitanPanelTitanBG_Template_Frame_CaptureTimers" hidden="true"></Frame>

	<Frame name="TitanPanelTitanBG_Display_Capture_2" inherits="TitanPanelTitanBG_Template_Frame_CaptureTimers" hidden="true">
		<Anchors>
			<Anchor point="TOPLEFT" relativePoint="BOTTOMLEFT" relativeTo="TitanPanelTitanBG_Display_Capture_1"></Anchor>
		</Anchors>
	</Frame>

	<Frame name="TitanPanelTitanBG_Display_Capture_3" inherits="TitanPanelTitanBG_Template_Frame_CaptureTimers" hidden="true">
		<Anchors>
			<Anchor point="TOPLEFT" relativePoint="BOTTOMLEFT" relativeTo="TitanPanelTitanBG_Display_Capture_2"></Anchor>
		</Anchors>
	</Frame>

	<Frame name="TitanPanelTitanBG_Display_Capture_4" inherits="TitanPanelTitanBG_Template_Frame_CaptureTimers" hidden="true">
		<Anchors>
			<Anchor point="TOPLEFT" relativePoint="BOTTOMLEFT" relativeTo="TitanPanelTitanBG_Display_Capture_3"></Anchor>
		</Anchors>
	</Frame>

	<Frame name="TitanPanelTitanBG_Display_Capture_5" inherits="TitanPanelTitanBG_Template_Frame_CaptureTimers" hidden="true">
		<Anchors>
			<Anchor point="TOPLEFT" relativePoint="BOTTOMLEFT" relativeTo="TitanPanelTitanBG_Display_Capture_4"></Anchor>
		</Anchors>
	</Frame>

	<Frame name="TitanPanelTitanBG_Display_Flag_1" inherits="TitanPanelTitanBG_Template_Frame_FlagTracker" hidden="true"></Frame>

	<Frame name="TitanPanelTitanBG_Display_Flag_2" inherits="TitanPanelTitanBG_Template_Frame_FlagTracker" hidden="true">
		<Anchors>
			<Anchor point="TOPLEFT" relativePoint="BOTTOMLEFT" relativeTo="TitanPanelTitanBG_Display_Flag_1"></Anchor>
		</Anchors>
	</Frame>
</Ui>