<Bindings>
        <Binding name="TOGGLERAID" header="XPERL">
                Perl_Config.ShowRaid = abs(Perl_Config.ShowRaid - 1)
                if (XPerl_Raid_Position) then
                        XPerl_Raid_Position();
                end
	</Binding>
        <Binding name="TOGGLERAIDSORT">
                Perl_Config.SortRaidByClass = abs(Perl_Config.SortRaidByClass - 1)
                if (XPerl_Raid_Position) then
                        XPerl_Raid_Position();
                end
        </Binding>
        <Binding name="TOGGLEOPTIONS">
                XPerl_Toggle();
	</Binding>
        <Binding name="TOGGLEBUFFTYPE">
                if (XPerl_ToggleRaidBuffs) then
                        XPerl_ToggleRaidBuffs();
                end
        </Binding>
        <Binding name="TOGGLEBUFFCASTABLE">
                if (XPerl_ToggleRaidBuffs) then
                        XPerl_ToggleRaidBuffs(1);
                end
        </Binding>
</Bindings>
