<Ui xmlns="http://www.blizzard.com/wow/ui/" xmlns:xsi="http://www.w3.org/2001/XMLSchema-instance" xsi:schemaLocation="http://www.blizzard.com/wow/ui/ C:ProjectsWoWBinInterfaceFrameXMLUI.xsd">
	
	<GameTooltip name="FDPHiddenTooltip" inherits="GameTooltipTemplate" parent="UIParent" hidden="true">
		<Scripts>
			<OnLoad>
				this:SetOwner(UIParent, "ANCHOR_NONE");
			</OnLoad>
		</Scripts>
	</GameTooltip>

	<Frame name="DisenchantPredictorFrame">
		<Scripts>
			<OnEvent>
				FDP_OnEvent(event, arg1);
			</OnEvent>
		</Scripts>
	</Frame>

</Ui>