<Bindings>
	<Binding name="Attack Target" header="TACTICALEMOTEBINDINGS">
		DoEmote("ATTACKMYTARGET")
	</Binding>
	<Binding name="Charge">
		DoEmote("CHARGE")
	</Binding>
	<Binding name="Flee">
		DoEmote("FLEE")
	</Binding>
	<Binding name="Follow Me">
		DoEmote("FOLLOW")
	</Binding>
	<Binding name="Heal Me">
		DoEmote("HEALME")
	</Binding>
	<Binding name="Help Me">
		DoEmote("HELPME")
	</Binding>
	<Binding name="Incoming">
		DoEmote("INCOMING")
	</Binding>
	<Binding name="Out of Mana">
		DoEmote("OOM")
	</Binding>
	<Binding name="Open Fire">
		DoEmote("OPENFIRE")
	</Binding>
	<Binding name="Wait">
		DoEmote("WAIT")
	</Binding>
</Bindings>