<Bindings>
	<Binding name="DFM_OPTIONS" header="DFM">
		DFM_Toggle_Options();
	</Binding>
	<Binding name="DFM_ADDFRAME">
		local obj = GetMouseFocus();
		if (obj.GetName and obj:GetName()) then
			DFM_Add_Frame(obj:GetName());
		end
	</Binding>
	<Binding name="DFM_ADDFRAME2">
		local obj = GetMouseFocus();
		if (obj.GetName and obj:GetName()) then
			DFM_Add_Frame(obj:GetName(), nil, nil, 1);
		end
	</Binding>
	<Binding name="DFM_FINDER">
		DFM_Toggle_FrameFinder();
	</Binding>
	<Binding name="DFM_FREEZE">
		if (not DFM_Options) then return; end
		if (DFM_FINDER_LOCKED) then
			DFM_FINDER_LOCKED = nil;
			DFM_FrameFinder_LockText:SetText(DFM_TEXT.Unlocked);
		else
			DFM_FINDER_LOCKED = true;
			DFM_FrameFinder_LockText:SetText(DFM_TEXT.Locked);
		end
	</Binding>
</Bindings>