<Ui xmlns="http://www.blizzard.com/wow/ui/" xmlns:xsi="http://www.w3.org/2001/XMLSchema-instance" xsi:schemaLocation="http://www.blizzard.com/wow/ui/"> 

<Script file="localization.lua"/>
<Script file="DFM_Default.lua"/>
<Script file="DFM_Custom.lua"/>
<Script file="DFM_Methods.lua"/>
<Script file="DFM_Main.lua"/>

<Frame name="DFM_MainFrame" hidden="true">
	<Size><AbsDimension x="10" y="10"/></Size>
	<Scripts>
		<OnLoad>
			DFM_Main_OnLoad();
		</OnLoad>
	</Scripts>
</Frame>

<Frame name="DFM_GameTooltipAnchor">
	<Size><AbsDimension x="100" y="100"/></Size>
	<Anchors>
		<Anchor point="CENTER"/>
	</Anchors>
</Frame>

</Ui>