<Ui xmlns="http://www.blizzard.com/wow/ui/" xmlns:xsi="http://www.w3.org/2001/XMLSchema-instance" xsi:schemaLocation="http://www.blizzard.com/wow/ui/
..\FrameXML\UI.xsd">
        <Script file ="localization.lua"/>
        <Script file="AH_ShowBid.lua"/>
        <Frame name="AH_ShowBidFrame" hidden="false" parent="UIParent">
                <Scripts>
                        <OnLoad>
                                AH_ShowBid_OnLoad();
                        </OnLoad>
                        <OnEvent>
                                AH_ShowBid_OnEvent(event, arg1);
                        </OnEvent>
                </Scripts>
        </Frame>
</Ui>