<Ui xmlns="http://www.blizzard.com/wow/ui/" xmlns:xsi="http://www.w3.org/2001/XMLSchema-instance" xsi:schemaLocation="http://www.blizzard.com/wow/ui/
..\FrameXML\UI.xsd">
	
	<!-- Required Embedable Libs -->
	<Include file="SeaHooks\SeaHooks.xml"/>
	<Include file="SeaPrint\SeaPrint.xml"/>
	
	<!-- These are the localization files -->
	<Script file="localization.lua"/>
	<Script file="localization.fr.lua"/>
	<Script file="localization.de.lua"/>
	
	<!-- This is the functions file -->
	<Script file="MobileMinimapButtons.lua"/>
	
	<Frame name="MobileMinimapButtons" hidden="true">
		<Scripts>
			<OnLoad>
				MobileMinimapButtons_OnLoad();
			</OnLoad>
			<OnEvent>
				MobileMinimapButtons_OnEvent(event);
			</OnEvent>
		</Scripts>
	</Frame>
	<Frame name="MobileMinimapButtonsDropDown" inherits="UIDropDownMenuTemplate" id="1" hidden="true">
		<Size>
			<AbsDimension x="10" y="10"/>
		</Size>
		<Anchors>
			<Anchor point="TOP">
				<Offset>
					<AbsDimension x="-10" y="-50"/>
				</Offset>
			</Anchor>
		</Anchors>
		<Scripts>
			<OnLoad>
				MobileMinimapButtonsDropDown_OnLoad();
			</OnLoad>
		</Scripts>
	</Frame>
</Ui>