<Ui xmlns="http://www.blizzard.com/wow/ui/" xmlns:xsi="http://www.w3.org/2001/XMLSchema-instance" xsi:schemaLocation="http://www.blizzard.com/wow/ui/
..\FrameXML\UI.xsd">
	<Script file="localization.lua"/>
	<Script file="localization.de.lua"/>
	<Script file="localization.fr.lua"/>
	<Script file="Archaeologist.lua" />
	
	<!-- HP/MP Unit Text Templates START -->
	<FontString name="LargeTextStatusBarText" inherits="TextStatusBarText" virtual="true">
		<Size>
			<AbsDimension x="119" y="12"/>
		</Size>
	</FontString>
	<FontString name="SmallTextStatusBarText" inherits="TextStatusBarText" virtual="true">
		<Size>
			<AbsDimension x="70" y="8"/>
		</Size>
	</FontString>
	
	<Frame name="TargetFrameHPTextTemplate" virtual="true">
		<Size>
			<AbsDimension x="119" y="12"/>
		</Size>
		<Anchors>
			<Anchor point="TOPLEFT">
				<Offset>
					<AbsDimension x="-5" y="1"/>
				</Offset>
			</Anchor>
		</Anchors>
		<Layers>
			<Layer level="OVERLAY">
				<FontString name="$parentString" inherits="TextStatusBarText" setAllPoints="true" />
				<FontString name="$parentString2" inherits="LargeTextStatusBarText" justifyH="RIGHT">
					<Anchors>
						<Anchor point="RIGHT" relativeTo="$parent" relativePoint="LEFT" />
					</Anchors>
				</FontString>
			</Layer>
		</Layers>
	</Frame>
	
	<Frame name="TargetFrameMPTextTemplate" virtual="true">
		<Size>
			<AbsDimension x="119" y="12"/>
		</Size>
		<Anchors>
			<Anchor point="TOPLEFT">
				<Offset>
					<AbsDimension x="-5" y="-1"/>
				</Offset>
			</Anchor>
		</Anchors>
		<Layers>
			<Layer level="OVERLAY">
				<FontString name="$parentString" inherits="TextStatusBarText" setAllPoints="true" />
				<FontString name="$parentString2" inherits="LargeTextStatusBarText" justifyH="RIGHT">
					<Anchors>
						<Anchor point="RIGHT" relativeTo="$parent" relativePoint="LEFT" />
					</Anchors>
				</FontString>
			</Layer>
		</Layers>
	</Frame>
	
	<Frame name="PartyFrameHPTextTemplate" virtual="true">
		<Size>
			<AbsDimension x="70" y="8"/>
		</Size>
		<Anchors>
			<Anchor point="TOPLEFT">
				<Offset>
					<AbsDimension x="3" y="2"/>
				</Offset>
			</Anchor>
		</Anchors>
		<Layers>
			<Layer level="OVERLAY">
				<FontString name="$parentString" inherits="TextStatusBarText" setAllPoints="true" />
				<FontString name="$parentString2" inherits="SmallTextStatusBarText" justifyH="LEFT">
					<Anchors>
						<Anchor point="LEFT" relativeTo="$parent" relativePoint="RIGHT" />
					</Anchors>
				</FontString>
			</Layer>
		</Layers>
	</Frame>
	
	<Frame name="PartyFrameMPTextTemplate" virtual="true">
		<Size>
			<AbsDimension x="70" y="8"/>
		</Size>
		<Anchors>
			<Anchor point="TOPLEFT">
				<Offset>
					<AbsDimension x="3" y="-2"/>
				</Offset>
			</Anchor>
		</Anchors>
		<Layers>
			<Layer level="OVERLAY">
				<FontString name="$parentString" inherits="TextStatusBarText" setAllPoints="true" />
				<FontString name="$parentString2" inherits="SmallTextStatusBarText" justifyH="LEFT">
					<Anchors>
						<Anchor point="LEFT" relativeTo="$parent" relativePoint="RIGHT" />
					</Anchors>
				</FontString>
			</Layer>
		</Layers>
	</Frame>
	<!-- HP/MP Unit Text Templates END -->
	
	<!-- HP/MP target Text START -->
	<Frame name="$parentText" inherits="TargetFrameHPTextTemplate" parent="TargetFrameHealthBar" />
	<Frame name="$parentText" inherits="TargetFrameMPTextTemplate" parent="TargetFrameManaBar" />
	<!-- HP/MP target Text END-->
	
	<!-- HP/MP party member Text START -->
	<Frame name="$parentText" inherits="PartyFrameHPTextTemplate" parent="PartyMemberFrame1HealthBar" />
	<Frame name="$parentText" inherits="PartyFrameHPTextTemplate" parent="PartyMemberFrame2HealthBar" />
	<Frame name="$parentText" inherits="PartyFrameHPTextTemplate" parent="PartyMemberFrame3HealthBar" />
	<Frame name="$parentText" inherits="PartyFrameHPTextTemplate" parent="PartyMemberFrame4HealthBar" />
	
	<Frame name="$parentText" inherits="PartyFrameMPTextTemplate" parent="PartyMemberFrame1ManaBar" />
	<Frame name="$parentText" inherits="PartyFrameMPTextTemplate" parent="PartyMemberFrame2ManaBar" />
	<Frame name="$parentText" inherits="PartyFrameMPTextTemplate" parent="PartyMemberFrame3ManaBar" />
	<Frame name="$parentText" inherits="PartyFrameMPTextTemplate" parent="PartyMemberFrame4ManaBar" />
	<!-- HP/MP party member Text END-->
	
	<!-- HP/MP player Text START -->
	<Frame name="PlayerFrameHealthBarText2" parent="PlayerFrameHealthBar">
		<Size>
			<AbsDimension x="119" y="12"/>
		</Size>
		<Anchors>
			<Anchor point="LEFT" relativeTo="PlayerFrameHealthBar" relativePoint="RIGHT">
				<Offset>
					<AbsDimension x="5" y="1"/>
				</Offset>
			</Anchor>
		</Anchors>
		<Layers>
			<Layer level="OVERLAY">
				<FontString name="$parentString" inherits="TextStatusBarText" justifyH="LEFT" setAllPoints="true" />
			</Layer>
		</Layers>
	</Frame>
	
	<Frame name="PlayerFrameManaBarText2" parent="PlayerFrameManaBar">
		<Size>
			<AbsDimension x="119" y="12"/>
		</Size>
		<Anchors>
			<Anchor point="LEFT" relativeTo="$parent" relativePoint="RIGHT">
				<Offset>
					<AbsDimension x="5" y="-1"/>
				</Offset>
			</Anchor>
		</Anchors>
		<Layers>
			<Layer level="OVERLAY">
				<FontString name="$parentString" inherits="TextStatusBarText" justifyH="LEFT" setAllPoints="true" />
			</Layer>
		</Layers>
	</Frame>
	<!-- HP/MP player Text END -->
	
	<!-- HP/MP pet Text START -->
	<Frame name="PetFrameHealthBarText2" parent="PetFrameHealthBar">
		<Size>
			<AbsDimension x="70" y="8"/>
		</Size>
		<Anchors>
			<Anchor point="LEFT" relativeTo="$parent" relativePoint="RIGHT">
				<Offset>
					<AbsDimension x="3" y="2"/>
				</Offset>
			</Anchor>
		</Anchors>
		<Layers>
			<Layer level="OVERLAY">
				<FontString name="$parentString" inherits="TextStatusBarText" justifyH="LEFT" setAllPoints="true" />
			</Layer>
		</Layers>
	</Frame>
	
	<Frame name="PetFrameManaBarText2" parent="PetFrameManaBar">
		<Size>
			<AbsDimension x="70" y="8"/>
		</Size>
		<Anchors>
			<Anchor point="LEFT" relativeTo="$parent" relativePoint="RIGHT">
				<Offset>
					<AbsDimension x="3" y="-2"/>
				</Offset>
			</Anchor>
		</Anchors>
		<Layers>
			<Layer level="OVERLAY">
				<FontString name="$parentString" inherits="TextStatusBarText" justifyH="LEFT" setAllPoints="true" />
			</Layer>
		</Layers>
	</Frame>
	<!-- HP/MP pet Text END -->
	
	<!-- Dead/Offline/Ghost Status Text START-->
	<Frame name="PartyFrameStatusTextTemplate" virtual="true">
		<Size>
			<AbsDimension x="70" y="8"/>
		</Size>
		<Anchors>
			<Anchor point="TOPLEFT">
				<Offset>
					<AbsDimension x="47" y="-12"/>
				</Offset>
			</Anchor>
		</Anchors>
		<Layers>
			<Layer level="OVERLAY">
				<FontString name="$parentText" inherits="GameFontNormalSmall" text="DEAD" hidden="true">
					<Anchors>
						<Anchor point="CENTER" />
					</Anchors>
				</FontString>
			</Layer>
		</Layers>
		<Scripts>
			<OnLoad>
				this:GetParent().statusText = getglobal(this:GetName().."Text");
				this:SetFrameLevel(this:GetFrameLevel()+1);
			</OnLoad>
		</Scripts>
	</Frame>
	<Frame name="$parentStatus" inherits="PartyFrameStatusTextTemplate" parent="PartyMemberFrame1" />
	<Frame name="$parentStatus" inherits="PartyFrameStatusTextTemplate" parent="PartyMemberFrame2" />
	<Frame name="$parentStatus" inherits="PartyFrameStatusTextTemplate" parent="PartyMemberFrame3" />
	<Frame name="$parentStatus" inherits="PartyFrameStatusTextTemplate" parent="PartyMemberFrame4" />
	
	<Frame parent="PlayerFrameHealthBar" setAllPoints="true">
		<Layers>
			<Layer level="OVERLAY">
				<FontString name="PlayerStatusText" inherits="GameFontNormalSmall" text="DEAD" hidden="true">
					<Anchors>
						<Anchor point="CENTER" />
					</Anchors>
				</FontString>
			</Layer>
		</Layers>
	</Frame>
	
	<Frame parent="PetFrameHealthBar" setAllPoints="true">
		<Layers>
			<Layer level="OVERLAY">
				<FontString name="PetStatusText" inherits="GameFontNormalSmall" text="DEAD" hidden="true">
					<Anchors>
						<Anchor point="CENTER" />
					</Anchors>
				</FontString>
			</Layer>
		</Layers>
	</Frame>
	<!-- Dead/Offline/Ghost Status Text START-->
	
	<!-- Unit Small Buffs Templates START -->
	<Button name="UnitDebuffSmallButtonTemplate" inherits="PartyBuffButtonTemplate" virtual="true">
		<Scripts>
			<OnEnter>
				GameTooltip:SetOwner(this, "ANCHOR_RIGHT");
				GameTooltip:SetUnitDebuff(this:GetParent().unit, this:GetID());
			</OnEnter>
		</Scripts>
	</Button>
	
	<Button name="UnitBuffSmallButtonTemplate" inherits="PartyBuffButtonTemplate" virtual="true">
		<Layers>
			<Layer level="OVERLAY">
				<Texture name="$parentBorder" file="Interface\AddOns\Archaeologist\Skin\UI-Buff-Border">
					<Size>
						<AbsDimension x="17" y="17"/>
					</Size>
					<Anchors>
						<Anchor point="CENTER">
							<Offset>
								<AbsDimension x="0" y="0"/>
							</Offset>
						</Anchor>
					</Anchors>
				</Texture>
			</Layer>
		</Layers>
		<Scripts>
			<OnEnter>
				GameTooltip:SetOwner(this, "ANCHOR_RIGHT");
				GameTooltip:SetUnitBuff(this:GetParent().unit, this:GetID());
			</OnEnter>
		</Scripts>
	</Button>
	<!-- Unit Small Buffs Templates END -->
	
	<!-- Pet Debuffs START -->
	<Button name="$parentNewDebuff1" inherits="UnitDebuffSmallButtonTemplate" parent="PetFrame" id="1">
		<Anchors>
			<Anchor point="TOPLEFT">
				<Offset>
					<AbsDimension x="120" y="-24"/>
				</Offset>
			</Anchor>
		</Anchors>
	</Button>
	<Button name="$parentNewDebuff2" inherits="UnitDebuffSmallButtonTemplate" parent="PetFrame" id="2">
		<Anchors>
			<Anchor point="LEFT" relativeTo="$parentNewDebuff1" relativePoint="RIGHT">
				<Offset>
					<AbsDimension x="2" y="0"/>
				</Offset>
			</Anchor>
		</Anchors>
	</Button>
	<Button name="$parentNewDebuff3" inherits="UnitDebuffSmallButtonTemplate" parent="PetFrame" id="3">
		<Anchors>
			<Anchor point="LEFT" relativeTo="$parentNewDebuff2" relativePoint="RIGHT">
				<Offset>
					<AbsDimension x="2" y="0"/>
				</Offset>
			</Anchor>
		</Anchors>
	</Button>
	<Button name="$parentNewDebuff4" inherits="UnitDebuffSmallButtonTemplate" parent="PetFrame" id="4">
		<Anchors>
			<Anchor point="LEFT" relativeTo="$parentNewDebuff3" relativePoint="RIGHT">
				<Offset>
					<AbsDimension x="2" y="0"/>
				</Offset>
			</Anchor>
		</Anchors>
	</Button>
	<Button name="$parentNewDebuff5" inherits="UnitDebuffSmallButtonTemplate" parent="PetFrame" id="5">
		<Anchors>
			<Anchor point="LEFT" relativeTo="$parentNewDebuff4" relativePoint="RIGHT">
				<Offset>
					<AbsDimension x="2" y="0"/>
				</Offset>
			</Anchor>
		</Anchors>
	</Button>
	<Button name="$parentNewDebuff6" inherits="UnitDebuffSmallButtonTemplate" parent="PetFrame" id="6">
		<Anchors>
			<Anchor point="LEFT" relativeTo="$parentNewDebuff5" relativePoint="RIGHT">
				<Offset>
					<AbsDimension x="2" y="0"/>
				</Offset>
			</Anchor>
		</Anchors>
	</Button>
	<Button name="$parentNewDebuff7" inherits="UnitDebuffSmallButtonTemplate" parent="PetFrame" id="7">
		<Anchors>
			<Anchor point="LEFT" relativeTo="$parentNewDebuff6" relativePoint="RIGHT">
				<Offset>
					<AbsDimension x="2" y="0"/>
				</Offset>
			</Anchor>
		</Anchors>
	</Button>
	<Button name="$parentNewDebuff8" inherits="UnitDebuffSmallButtonTemplate" parent="PetFrame" id="8">
		<Anchors>
			<Anchor point="LEFT" relativeTo="$parentNewDebuff7" relativePoint="RIGHT">
				<Offset>
					<AbsDimension x="2" y="0"/>
				</Offset>
			</Anchor>
		</Anchors>
	</Button>
	<Button name="$parentNewDebuff9" inherits="UnitDebuffSmallButtonTemplate" parent="PetFrame" id="9">
		<Anchors>
			<Anchor point="LEFT" relativeTo="$parentNewDebuff8" relativePoint="RIGHT">
				<Offset>
					<AbsDimension x="2" y="0"/>
				</Offset>
			</Anchor>
		</Anchors>
	</Button>
	<Button name="$parentNewDebuff10" inherits="UnitDebuffSmallButtonTemplate" parent="PetFrame" id="10">
		<Anchors>
			<Anchor point="LEFT" relativeTo="$parentNewDebuff9" relativePoint="RIGHT">
				<Offset>
					<AbsDimension x="2" y="0"/>
				</Offset>
			</Anchor>
		</Anchors>
	</Button>
	<Button name="$parentNewDebuff11" inherits="UnitDebuffSmallButtonTemplate" parent="PetFrame" id="11">
		<Anchors>
			<Anchor point="LEFT" relativeTo="$parentNewDebuff10" relativePoint="RIGHT">
				<Offset>
					<AbsDimension x="2" y="0"/>
				</Offset>
			</Anchor>
		</Anchors>
	</Button>
	<Button name="$parentNewDebuff12" inherits="UnitDebuffSmallButtonTemplate" parent="PetFrame" id="12">
		<Anchors>
			<Anchor point="LEFT" relativeTo="$parentNewDebuff11" relativePoint="RIGHT">
				<Offset>
					<AbsDimension x="2" y="0"/>
				</Offset>
			</Anchor>
		</Anchors>
	</Button>
	<Button name="$parentNewDebuff13" inherits="UnitDebuffSmallButtonTemplate" parent="PetFrame" id="13">
		<Anchors>
			<Anchor point="LEFT" relativeTo="$parentNewDebuff12" relativePoint="RIGHT">
				<Offset>
					<AbsDimension x="2" y="0"/>
				</Offset>
			</Anchor>
		</Anchors>
	</Button>
	<Button name="$parentNewDebuff14" inherits="UnitDebuffSmallButtonTemplate" parent="PetFrame" id="14">
		<Anchors>
			<Anchor point="LEFT" relativeTo="$parentNewDebuff13" relativePoint="RIGHT">
				<Offset>
					<AbsDimension x="2" y="0"/>
				</Offset>
			</Anchor>
		</Anchors>
	</Button>
	<Button name="$parentNewDebuff15" inherits="UnitDebuffSmallButtonTemplate" parent="PetFrame" id="15">
		<Anchors>
			<Anchor point="LEFT" relativeTo="$parentNewDebuff14" relativePoint="RIGHT">
				<Offset>
					<AbsDimension x="2" y="0"/>
				</Offset>
			</Anchor>
		</Anchors>
	</Button>
	<Button name="$parentNewDebuff16" inherits="UnitDebuffSmallButtonTemplate" parent="PetFrame" id="16">
		<Anchors>
			<Anchor point="LEFT" relativeTo="$parentNewDebuff15" relativePoint="RIGHT">
				<Offset>
					<AbsDimension x="2" y="0"/>
				</Offset>
			</Anchor>
		</Anchors>
	</Button>
	
	<!-- Pet Debuffs END -->
	
	<!-- Pet Buffs START -->
	<Button name="$parentNewBuff1" inherits="UnitBuffSmallButtonTemplate" parent="PetFrame" id="1">
		<Anchors>
			<Anchor point="TOPLEFT">
				<Offset>
					<AbsDimension x="48" y="-42"/>
				</Offset>
			</Anchor>
		</Anchors>
	</Button>
	<Button name="$parentNewBuff2" inherits="UnitBuffSmallButtonTemplate" parent="PetFrame" id="2">
		<Anchors>
			<Anchor point="LEFT" relativeTo="$parentNewBuff1" relativePoint="RIGHT">
				<Offset>
					<AbsDimension x="2" y="0"/>
				</Offset>
			</Anchor>
		</Anchors>
	</Button>
	<Button name="$parentNewBuff3" inherits="UnitBuffSmallButtonTemplate" parent="PetFrame" id="3">
		<Anchors>
			<Anchor point="LEFT" relativeTo="$parentNewBuff2" relativePoint="RIGHT">
				<Offset>
					<AbsDimension x="2" y="0"/>
				</Offset>
			</Anchor>
		</Anchors>
	</Button>
	<Button name="$parentNewBuff4" inherits="UnitBuffSmallButtonTemplate" parent="PetFrame" id="4">
		<Anchors>
			<Anchor point="LEFT" relativeTo="$parentNewBuff3" relativePoint="RIGHT">
				<Offset>
					<AbsDimension x="2" y="0"/>
				</Offset>
			</Anchor>
		</Anchors>
	</Button>
	<Button name="$parentNewBuff5" inherits="UnitBuffSmallButtonTemplate" parent="PetFrame" id="5">
		<Anchors>
			<Anchor point="LEFT" relativeTo="$parentNewBuff4" relativePoint="RIGHT">
				<Offset>
					<AbsDimension x="2" y="0"/>
				</Offset>
			</Anchor>
		</Anchors>
	</Button>
	<Button name="$parentNewBuff6" inherits="UnitBuffSmallButtonTemplate" parent="PetFrame" id="6">
		<Anchors>
			<Anchor point="LEFT" relativeTo="$parentNewBuff5" relativePoint="RIGHT">
				<Offset>
					<AbsDimension x="2" y="0"/>
				</Offset>
			</Anchor>
		</Anchors>
	</Button>
	<Button name="$parentNewBuff7" inherits="UnitBuffSmallButtonTemplate" parent="PetFrame" id="7">
		<Anchors>
			<Anchor point="LEFT" relativeTo="$parentNewBuff6" relativePoint="RIGHT">
				<Offset>
					<AbsDimension x="2" y="0"/>
				</Offset>
			</Anchor>
		</Anchors>
	</Button>
	<Button name="$parentNewBuff8" inherits="UnitBuffSmallButtonTemplate" parent="PetFrame" id="8">
		<Anchors>
			<Anchor point="LEFT" relativeTo="$parentNewBuff7" relativePoint="RIGHT">
				<Offset>
					<AbsDimension x="2" y="0"/>
				</Offset>
			</Anchor>
		</Anchors>
	</Button>
	<Button name="$parentNewBuff9" inherits="UnitBuffSmallButtonTemplate" parent="PetFrame" id="9">
		<Anchors>
			<Anchor point="LEFT" relativeTo="$parentNewBuff8" relativePoint="RIGHT">
				<Offset>
					<AbsDimension x="2" y="0"/>
				</Offset>
			</Anchor>
		</Anchors>
	</Button>
	<Button name="$parentNewBuff10" inherits="UnitBuffSmallButtonTemplate" parent="PetFrame" id="10">
		<Anchors>
			<Anchor point="LEFT" relativeTo="$parentNewBuff9" relativePoint="RIGHT">
				<Offset>
					<AbsDimension x="2" y="0"/>
				</Offset>
			</Anchor>
		</Anchors>
	</Button>
	<Button name="$parentNewBuff11" inherits="UnitBuffSmallButtonTemplate" parent="PetFrame" id="11">
		<Anchors>
			<Anchor point="LEFT" relativeTo="$parentNewBuff10" relativePoint="RIGHT">
				<Offset>
					<AbsDimension x="2" y="0"/>
				</Offset>
			</Anchor>
		</Anchors>
	</Button>
	<Button name="$parentNewBuff12" inherits="UnitBuffSmallButtonTemplate" parent="PetFrame" id="12">
		<Anchors>
			<Anchor point="LEFT" relativeTo="$parentNewBuff11" relativePoint="RIGHT">
				<Offset>
					<AbsDimension x="2" y="0"/>
				</Offset>
			</Anchor>
		</Anchors>
	</Button>
	<Button name="$parentNewBuff13" inherits="UnitBuffSmallButtonTemplate" parent="PetFrame" id="13">
		<Anchors>
			<Anchor point="LEFT" relativeTo="$parentNewBuff12" relativePoint="RIGHT">
				<Offset>
					<AbsDimension x="2" y="0"/>
				</Offset>
			</Anchor>
		</Anchors>
	</Button>
	<Button name="$parentNewBuff14" inherits="UnitBuffSmallButtonTemplate" parent="PetFrame" id="14">
		<Anchors>
			<Anchor point="LEFT" relativeTo="$parentNewBuff13" relativePoint="RIGHT">
				<Offset>
					<AbsDimension x="2" y="0"/>
				</Offset>
			</Anchor>
		</Anchors>
	</Button>
	<Button name="$parentNewBuff15" inherits="UnitBuffSmallButtonTemplate" parent="PetFrame" id="15">
		<Anchors>
			<Anchor point="LEFT" relativeTo="$parentNewBuff14" relativePoint="RIGHT">
				<Offset>
					<AbsDimension x="2" y="0"/>
				</Offset>
			</Anchor>
		</Anchors>
	</Button>
	<Button name="$parentNewBuff16" inherits="UnitBuffSmallButtonTemplate" parent="PetFrame" id="16">
		<Anchors>
			<Anchor point="LEFT" relativeTo="$parentNewBuff15" relativePoint="RIGHT">
				<Offset>
					<AbsDimension x="2" y="0"/>
				</Offset>
			</Anchor>
		</Anchors>
	</Button>
	<!-- Pet Debuffs END -->
	
	
	<!-- Party Debuffs START -->
	<Button name="PartyNewDebuff1Template" inherits="UnitDebuffSmallButtonTemplate" virtual="true" id="1">
		<Anchors>
			<Anchor point="TOPLEFT">
				<Offset>
					<AbsDimension x="124" y="-12"/>
				</Offset>
			</Anchor>
		</Anchors>
	</Button>
	<Button name="$parentNewDebuff1" inherits="PartyNewDebuff1Template" parent="PartyMemberFrame1" />
	<Button name="$parentNewDebuff1" inherits="PartyNewDebuff1Template" parent="PartyMemberFrame2" />
	<Button name="$parentNewDebuff1" inherits="PartyNewDebuff1Template" parent="PartyMemberFrame3" />
	<Button name="$parentNewDebuff1" inherits="PartyNewDebuff1Template" parent="PartyMemberFrame4" />
	
	<Button name="PartyNewDebuff2Template" inherits="UnitDebuffSmallButtonTemplate" virtual="true" id="2">
		<Anchors>
			<Anchor point="LEFT" relativeTo="$parentNewDebuff1" relativePoint="RIGHT">
				<Offset>
					<AbsDimension x="2" y="0"/>
				</Offset>
			</Anchor>
		</Anchors>
	</Button>
	<Button name="$parentNewDebuff2" inherits="PartyNewDebuff2Template" parent="PartyMemberFrame1" />
	<Button name="$parentNewDebuff2" inherits="PartyNewDebuff2Template" parent="PartyMemberFrame2" />
	<Button name="$parentNewDebuff2" inherits="PartyNewDebuff2Template" parent="PartyMemberFrame3" />
	<Button name="$parentNewDebuff2" inherits="PartyNewDebuff2Template" parent="PartyMemberFrame4" />
	
	<Button name="PartyNewDebuff3Template" inherits="UnitDebuffSmallButtonTemplate" virtual="true" id="3">
		<Anchors>
			<Anchor point="LEFT" relativeTo="$parentNewDebuff2" relativePoint="RIGHT">
				<Offset>
					<AbsDimension x="2" y="0"/>
				</Offset>
			</Anchor>
		</Anchors>
	</Button>
	<Button name="$parentNewDebuff3" inherits="PartyNewDebuff3Template" parent="PartyMemberFrame1" />
	<Button name="$parentNewDebuff3" inherits="PartyNewDebuff3Template" parent="PartyMemberFrame2" />
	<Button name="$parentNewDebuff3" inherits="PartyNewDebuff3Template" parent="PartyMemberFrame3" />
	<Button name="$parentNewDebuff3" inherits="PartyNewDebuff3Template" parent="PartyMemberFrame4" />
	
	<Button name="PartyNewDebuff4Template" inherits="UnitDebuffSmallButtonTemplate" virtual="true" id="4">
		<Anchors>
			<Anchor point="LEFT" relativeTo="$parentNewDebuff3" relativePoint="RIGHT">
				<Offset>
					<AbsDimension x="2" y="0"/>
				</Offset>
			</Anchor>
		</Anchors>
	</Button>
	<Button name="$parentNewDebuff4" inherits="PartyNewDebuff4Template" parent="PartyMemberFrame1" />
	<Button name="$parentNewDebuff4" inherits="PartyNewDebuff4Template" parent="PartyMemberFrame2" />
	<Button name="$parentNewDebuff4" inherits="PartyNewDebuff4Template" parent="PartyMemberFrame3" />
	<Button name="$parentNewDebuff4" inherits="PartyNewDebuff4Template" parent="PartyMemberFrame4" />
	
	<Button name="PartyNewDebuff5Template" inherits="UnitDebuffSmallButtonTemplate" virtual="true" id="5">
		<Anchors>
			<Anchor point="LEFT" relativeTo="$parentNewDebuff4" relativePoint="RIGHT">
				<Offset>
					<AbsDimension x="2" y="0"/>
				</Offset>
			</Anchor>
		</Anchors>
	</Button>
	<Button name="$parentNewDebuff5" inherits="PartyNewDebuff5Template" parent="PartyMemberFrame1" />
	<Button name="$parentNewDebuff5" inherits="PartyNewDebuff5Template" parent="PartyMemberFrame2" />
	<Button name="$parentNewDebuff5" inherits="PartyNewDebuff5Template" parent="PartyMemberFrame3" />
	<Button name="$parentNewDebuff5" inherits="PartyNewDebuff5Template" parent="PartyMemberFrame4" />
	
	<Button name="PartyNewDebuff6Template" inherits="UnitDebuffSmallButtonTemplate" virtual="true" id="6">
		<Anchors>
			<Anchor point="LEFT" relativeTo="$parentNewDebuff5" relativePoint="RIGHT">
				<Offset>
					<AbsDimension x="2" y="0"/>
				</Offset>
			</Anchor>
		</Anchors>
	</Button>
	<Button name="$parentNewDebuff6" inherits="PartyNewDebuff6Template" parent="PartyMemberFrame1" />
	<Button name="$parentNewDebuff6" inherits="PartyNewDebuff6Template" parent="PartyMemberFrame2" />
	<Button name="$parentNewDebuff6" inherits="PartyNewDebuff6Template" parent="PartyMemberFrame3" />
	<Button name="$parentNewDebuff6" inherits="PartyNewDebuff6Template" parent="PartyMemberFrame4" />
	
	<Button name="PartyNewDebuff7Template" inherits="UnitDebuffSmallButtonTemplate" virtual="true" id="7">
		<Anchors>
			<Anchor point="LEFT" relativeTo="$parentNewDebuff6" relativePoint="RIGHT">
				<Offset>
					<AbsDimension x="2" y="0"/>
				</Offset>
			</Anchor>
		</Anchors>
	</Button>
	<Button name="$parentNewDebuff7" inherits="PartyNewDebuff7Template" parent="PartyMemberFrame1" />
	<Button name="$parentNewDebuff7" inherits="PartyNewDebuff7Template" parent="PartyMemberFrame2" />
	<Button name="$parentNewDebuff7" inherits="PartyNewDebuff7Template" parent="PartyMemberFrame3" />
	<Button name="$parentNewDebuff7" inherits="PartyNewDebuff7Template" parent="PartyMemberFrame4" />
	
	<Button name="PartyNewDebuff8Template" inherits="UnitDebuffSmallButtonTemplate" virtual="true" id="8">
		<Anchors>
			<Anchor point="LEFT" relativeTo="$parentNewDebuff7" relativePoint="RIGHT">
				<Offset>
					<AbsDimension x="2" y="0"/>
				</Offset>
			</Anchor>
		</Anchors>
	</Button>
	<Button name="$parentNewDebuff8" inherits="PartyNewDebuff8Template" parent="PartyMemberFrame1" />
	<Button name="$parentNewDebuff8" inherits="PartyNewDebuff8Template" parent="PartyMemberFrame2" />
	<Button name="$parentNewDebuff8" inherits="PartyNewDebuff8Template" parent="PartyMemberFrame3" />
	<Button name="$parentNewDebuff8" inherits="PartyNewDebuff8Template" parent="PartyMemberFrame4" />
	
	<Button name="PartyNewDebuff9Template" inherits="UnitDebuffSmallButtonTemplate" virtual="true" id="9">
		<Anchors>
			<Anchor point="LEFT" relativeTo="$parentNewDebuff8" relativePoint="RIGHT">
				<Offset>
					<AbsDimension x="2" y="0"/>
				</Offset>
			</Anchor>
		</Anchors>
	</Button>
	<Button name="$parentNewDebuff9" inherits="PartyNewDebuff9Template" parent="PartyMemberFrame1" />
	<Button name="$parentNewDebuff9" inherits="PartyNewDebuff9Template" parent="PartyMemberFrame2" />
	<Button name="$parentNewDebuff9" inherits="PartyNewDebuff9Template" parent="PartyMemberFrame3" />
	<Button name="$parentNewDebuff9" inherits="PartyNewDebuff9Template" parent="PartyMemberFrame4" />
	
	<Button name="PartyNewDebuff10Template" inherits="UnitDebuffSmallButtonTemplate" virtual="true" id="10">
		<Anchors>
			<Anchor point="LEFT" relativeTo="$parentNewDebuff9" relativePoint="RIGHT">
				<Offset>
					<AbsDimension x="2" y="0"/>
				</Offset>
			</Anchor>
		</Anchors>
	</Button>
	<Button name="$parentNewDebuff10" inherits="PartyNewDebuff10Template" parent="PartyMemberFrame1" />
	<Button name="$parentNewDebuff10" inherits="PartyNewDebuff10Template" parent="PartyMemberFrame2" />
	<Button name="$parentNewDebuff10" inherits="PartyNewDebuff10Template" parent="PartyMemberFrame3" />
	<Button name="$parentNewDebuff10" inherits="PartyNewDebuff10Template" parent="PartyMemberFrame4" />
	
	<Button name="PartyNewDebuff11Template" inherits="UnitDebuffSmallButtonTemplate" virtual="true" id="11">
		<Anchors>
			<Anchor point="LEFT" relativeTo="$parentNewDebuff10" relativePoint="RIGHT">
				<Offset>
					<AbsDimension x="2" y="0"/>
				</Offset>
			</Anchor>
		</Anchors>
	</Button>
	<Button name="$parentNewDebuff11" inherits="PartyNewDebuff11Template" parent="PartyMemberFrame1" />
	<Button name="$parentNewDebuff11" inherits="PartyNewDebuff11Template" parent="PartyMemberFrame2" />
	<Button name="$parentNewDebuff11" inherits="PartyNewDebuff11Template" parent="PartyMemberFrame3" />
	<Button name="$parentNewDebuff11" inherits="PartyNewDebuff11Template" parent="PartyMemberFrame4" />
	
	<Button name="PartyNewDebuff12Template" inherits="UnitDebuffSmallButtonTemplate" virtual="true" id="12">
		<Anchors>
			<Anchor point="LEFT" relativeTo="$parentNewDebuff11" relativePoint="RIGHT">
				<Offset>
					<AbsDimension x="2" y="0"/>
				</Offset>
			</Anchor>
		</Anchors>
	</Button>
	<Button name="$parentNewDebuff12" inherits="PartyNewDebuff12Template" parent="PartyMemberFrame1" />
	<Button name="$parentNewDebuff12" inherits="PartyNewDebuff12Template" parent="PartyMemberFrame2" />
	<Button name="$parentNewDebuff12" inherits="PartyNewDebuff12Template" parent="PartyMemberFrame3" />
	<Button name="$parentNewDebuff12" inherits="PartyNewDebuff12Template" parent="PartyMemberFrame4" />
	
	<Button name="PartyNewDebuff13Template" inherits="UnitDebuffSmallButtonTemplate" virtual="true" id="13">
		<Anchors>
			<Anchor point="LEFT" relativeTo="$parentNewDebuff12" relativePoint="RIGHT">
				<Offset>
					<AbsDimension x="2" y="0"/>
				</Offset>
			</Anchor>
		</Anchors>
	</Button>
	<Button name="$parentNewDebuff13" inherits="PartyNewDebuff13Template" parent="PartyMemberFrame1" />
	<Button name="$parentNewDebuff13" inherits="PartyNewDebuff13Template" parent="PartyMemberFrame2" />
	<Button name="$parentNewDebuff13" inherits="PartyNewDebuff13Template" parent="PartyMemberFrame3" />
	<Button name="$parentNewDebuff13" inherits="PartyNewDebuff13Template" parent="PartyMemberFrame4" />
	
	<Button name="PartyNewDebuff14Template" inherits="UnitDebuffSmallButtonTemplate" virtual="true" id="14">
		<Anchors>
			<Anchor point="LEFT" relativeTo="$parentNewDebuff13" relativePoint="RIGHT">
				<Offset>
					<AbsDimension x="2" y="0"/>
				</Offset>
			</Anchor>
		</Anchors>
	</Button>
	<Button name="$parentNewDebuff14" inherits="PartyNewDebuff14Template" parent="PartyMemberFrame1" />
	<Button name="$parentNewDebuff14" inherits="PartyNewDebuff14Template" parent="PartyMemberFrame2" />
	<Button name="$parentNewDebuff14" inherits="PartyNewDebuff14Template" parent="PartyMemberFrame3" />
	<Button name="$parentNewDebuff14" inherits="PartyNewDebuff14Template" parent="PartyMemberFrame4" />
	
	<Button name="PartyNewDebuff15Template" inherits="UnitDebuffSmallButtonTemplate" virtual="true" id="15">
		<Anchors>
			<Anchor point="LEFT" relativeTo="$parentNewDebuff14" relativePoint="RIGHT">
				<Offset>
					<AbsDimension x="2" y="0"/>
				</Offset>
			</Anchor>
		</Anchors>
	</Button>
	<Button name="$parentNewDebuff15" inherits="PartyNewDebuff14Template" parent="PartyMemberFrame1" />
	<Button name="$parentNewDebuff15" inherits="PartyNewDebuff14Template" parent="PartyMemberFrame2" />
	<Button name="$parentNewDebuff15" inherits="PartyNewDebuff14Template" parent="PartyMemberFrame3" />
	<Button name="$parentNewDebuff15" inherits="PartyNewDebuff14Template" parent="PartyMemberFrame4" />
	
	<Button name="PartyNewDebuff16Template" inherits="UnitDebuffSmallButtonTemplate" virtual="true" id="16">
		<Anchors>
			<Anchor point="LEFT" relativeTo="$parentNewDebuff15" relativePoint="RIGHT">
				<Offset>
					<AbsDimension x="2" y="0"/>
				</Offset>
			</Anchor>
		</Anchors>
	</Button>
	<Button name="$parentNewDebuff16" inherits="PartyNewDebuff14Template" parent="PartyMemberFrame1" />
	<Button name="$parentNewDebuff16" inherits="PartyNewDebuff14Template" parent="PartyMemberFrame2" />
	<Button name="$parentNewDebuff16" inherits="PartyNewDebuff14Template" parent="PartyMemberFrame3" />
	<Button name="$parentNewDebuff16" inherits="PartyNewDebuff14Template" parent="PartyMemberFrame4" />
	
	<!-- Party Debuffs END -->
	
	<!-- Party Buffs START -->
	
	<Button name="PartyNewBuff1Template" inherits="UnitBuffSmallButtonTemplate" virtual="true" id="1">
		<Anchors>
			<Anchor point="TOPLEFT">
				<Offset>
					<AbsDimension x="48" y="-32"/>
				</Offset>
			</Anchor>
		</Anchors>
	</Button>
	<Button name="$parentNewBuff1" inherits="PartyNewBuff1Template" parent="PartyMemberFrame1" />
	<Button name="$parentNewBuff1" inherits="PartyNewBuff1Template" parent="PartyMemberFrame2" />
	<Button name="$parentNewBuff1" inherits="PartyNewBuff1Template" parent="PartyMemberFrame3" />
	<Button name="$parentNewBuff1" inherits="PartyNewBuff1Template" parent="PartyMemberFrame4" />
	
	<Button name="PartyNewBuff2Template" inherits="UnitBuffSmallButtonTemplate" virtual="true" id="2">
		<Anchors>
			<Anchor point="LEFT" relativeTo="$parentNewBuff1" relativePoint="RIGHT">
				<Offset>
					<AbsDimension x="2" y="0"/>
				</Offset>
			</Anchor>
		</Anchors>
	</Button>
	<Button name="$parentNewBuff2" inherits="PartyNewBuff2Template" parent="PartyMemberFrame1" />
	<Button name="$parentNewBuff2" inherits="PartyNewBuff2Template" parent="PartyMemberFrame2" />
	<Button name="$parentNewBuff2" inherits="PartyNewBuff2Template" parent="PartyMemberFrame3" />
	<Button name="$parentNewBuff2" inherits="PartyNewBuff2Template" parent="PartyMemberFrame4" />
	
	<Button name="PartyNewBuff3Template" inherits="UnitBuffSmallButtonTemplate" virtual="true" id="3">
		<Anchors>
			<Anchor point="LEFT" relativeTo="$parentNewBuff2" relativePoint="RIGHT">
				<Offset>
					<AbsDimension x="2" y="0"/>
				</Offset>
			</Anchor>
		</Anchors>
	</Button>
	<Button name="$parentNewBuff3" inherits="PartyNewBuff3Template" parent="PartyMemberFrame1" />
	<Button name="$parentNewBuff3" inherits="PartyNewBuff3Template" parent="PartyMemberFrame2" />
	<Button name="$parentNewBuff3" inherits="PartyNewBuff3Template" parent="PartyMemberFrame3" />
	<Button name="$parentNewBuff3" inherits="PartyNewBuff3Template" parent="PartyMemberFrame4" />
	
	<Button name="PartyNewBuff4Template" inherits="UnitBuffSmallButtonTemplate" virtual="true" id="4">
		<Anchors>
			<Anchor point="LEFT" relativeTo="$parentNewBuff3" relativePoint="RIGHT">
				<Offset>
					<AbsDimension x="2" y="0"/>
				</Offset>
			</Anchor>
		</Anchors>
	</Button>
	<Button name="$parentNewBuff4" inherits="PartyNewBuff4Template" parent="PartyMemberFrame1" />
	<Button name="$parentNewBuff4" inherits="PartyNewBuff4Template" parent="PartyMemberFrame2" />
	<Button name="$parentNewBuff4" inherits="PartyNewBuff4Template" parent="PartyMemberFrame3" />
	<Button name="$parentNewBuff4" inherits="PartyNewBuff4Template" parent="PartyMemberFrame4" />
	
	<Button name="PartyNewBuff5Template" inherits="UnitBuffSmallButtonTemplate" virtual="true" id="5">
		<Anchors>
			<Anchor point="LEFT" relativeTo="$parentNewBuff4" relativePoint="RIGHT">
				<Offset>
					<AbsDimension x="2" y="0"/>
				</Offset>
			</Anchor>
		</Anchors>
	</Button>
	<Button name="$parentNewBuff5" inherits="PartyNewBuff5Template" parent="PartyMemberFrame1" />
	<Button name="$parentNewBuff5" inherits="PartyNewBuff5Template" parent="PartyMemberFrame2" />
	<Button name="$parentNewBuff5" inherits="PartyNewBuff5Template" parent="PartyMemberFrame3" />
	<Button name="$parentNewBuff5" inherits="PartyNewBuff5Template" parent="PartyMemberFrame4" />
	
	<Button name="PartyNewBuff6Template" inherits="UnitBuffSmallButtonTemplate" virtual="true" id="6">
		<Anchors>
			<Anchor point="LEFT" relativeTo="$parentNewBuff5" relativePoint="RIGHT">
				<Offset>
					<AbsDimension x="2" y="0"/>
				</Offset>
			</Anchor>
		</Anchors>
	</Button>
	<Button name="$parentNewBuff6" inherits="PartyNewBuff6Template" parent="PartyMemberFrame1" />
	<Button name="$parentNewBuff6" inherits="PartyNewBuff6Template" parent="PartyMemberFrame2" />
	<Button name="$parentNewBuff6" inherits="PartyNewBuff6Template" parent="PartyMemberFrame3" />
	<Button name="$parentNewBuff6" inherits="PartyNewBuff6Template" parent="PartyMemberFrame4" />
	
	<Button name="PartyNewBuff7Template" inherits="UnitBuffSmallButtonTemplate" virtual="true" id="7">
		<Anchors>
			<Anchor point="LEFT" relativeTo="$parentNewBuff6" relativePoint="RIGHT">
				<Offset>
					<AbsDimension x="2" y="0"/>
				</Offset>
			</Anchor>
		</Anchors>
	</Button>
	<Button name="$parentNewBuff7" inherits="PartyNewBuff7Template" parent="PartyMemberFrame1" />
	<Button name="$parentNewBuff7" inherits="PartyNewBuff7Template" parent="PartyMemberFrame2" />
	<Button name="$parentNewBuff7" inherits="PartyNewBuff7Template" parent="PartyMemberFrame3" />
	<Button name="$parentNewBuff7" inherits="PartyNewBuff7Template" parent="PartyMemberFrame4" />
	
	<Button name="PartyNewBuff8Template" inherits="UnitBuffSmallButtonTemplate" virtual="true" id="8">
		<Anchors>
			<Anchor point="LEFT" relativeTo="$parentNewBuff7" relativePoint="RIGHT">
				<Offset>
					<AbsDimension x="2" y="0"/>
				</Offset>
			</Anchor>
		</Anchors>
	</Button>
	<Button name="$parentNewBuff8" inherits="PartyNewBuff8Template" parent="PartyMemberFrame1" />
	<Button name="$parentNewBuff8" inherits="PartyNewBuff8Template" parent="PartyMemberFrame2" />
	<Button name="$parentNewBuff8" inherits="PartyNewBuff8Template" parent="PartyMemberFrame3" />
	<Button name="$parentNewBuff8" inherits="PartyNewBuff8Template" parent="PartyMemberFrame4" />
	
	<Button name="PartyNewBuff9Template" inherits="UnitBuffSmallButtonTemplate" virtual="true" id="9">
		<Anchors>
			<Anchor point="LEFT" relativeTo="$parentNewBuff8" relativePoint="RIGHT">
				<Offset>
					<AbsDimension x="2" y="0"/>
				</Offset>
			</Anchor>
		</Anchors>
	</Button>
	<Button name="$parentNewBuff9" inherits="PartyNewBuff9Template" parent="PartyMemberFrame1" />
	<Button name="$parentNewBuff9" inherits="PartyNewBuff9Template" parent="PartyMemberFrame2" />
	<Button name="$parentNewBuff9" inherits="PartyNewBuff9Template" parent="PartyMemberFrame3" />
	<Button name="$parentNewBuff9" inherits="PartyNewBuff9Template" parent="PartyMemberFrame4" />
	
	<Button name="PartyNewBuff10Template" inherits="UnitBuffSmallButtonTemplate" virtual="true" id="10">
		<Anchors>
			<Anchor point="LEFT" relativeTo="$parentNewBuff9" relativePoint="RIGHT">
				<Offset>
					<AbsDimension x="2" y="0"/>
				</Offset>
			</Anchor>
		</Anchors>
	</Button>
	<Button name="$parentNewBuff10" inherits="PartyNewBuff10Template" parent="PartyMemberFrame1" />
	<Button name="$parentNewBuff10" inherits="PartyNewBuff10Template" parent="PartyMemberFrame2" />
	<Button name="$parentNewBuff10" inherits="PartyNewBuff10Template" parent="PartyMemberFrame3" />
	<Button name="$parentNewBuff10" inherits="PartyNewBuff10Template" parent="PartyMemberFrame4" />
	
	<Button name="PartyNewBuff11Template" inherits="UnitBuffSmallButtonTemplate" virtual="true" id="11">
		<Anchors>
			<Anchor point="LEFT" relativeTo="$parentNewBuff10" relativePoint="RIGHT">
				<Offset>
					<AbsDimension x="2" y="0"/>
				</Offset>
			</Anchor>
		</Anchors>
	</Button>
	<Button name="$parentNewBuff11" inherits="PartyNewBuff11Template" parent="PartyMemberFrame1" />
	<Button name="$parentNewBuff11" inherits="PartyNewBuff11Template" parent="PartyMemberFrame2" />
	<Button name="$parentNewBuff11" inherits="PartyNewBuff11Template" parent="PartyMemberFrame3" />
	<Button name="$parentNewBuff11" inherits="PartyNewBuff11Template" parent="PartyMemberFrame4" />
	
	<Button name="PartyNewBuff12Template" inherits="UnitBuffSmallButtonTemplate" virtual="true" id="12">
		<Anchors>
			<Anchor point="LEFT" relativeTo="$parentNewBuff11" relativePoint="RIGHT">
				<Offset>
					<AbsDimension x="2" y="0"/>
				</Offset>
			</Anchor>
		</Anchors>
	</Button>
	<Button name="$parentNewBuff12" inherits="PartyNewBuff12Template" parent="PartyMemberFrame1" />
	<Button name="$parentNewBuff12" inherits="PartyNewBuff12Template" parent="PartyMemberFrame2" />
	<Button name="$parentNewBuff12" inherits="PartyNewBuff12Template" parent="PartyMemberFrame3" />
	<Button name="$parentNewBuff12" inherits="PartyNewBuff12Template" parent="PartyMemberFrame4" />
	
	<Button name="PartyNewBuff13Template" inherits="UnitBuffSmallButtonTemplate" virtual="true" id="13">
		<Anchors>
			<Anchor point="LEFT" relativeTo="$parentNewBuff12" relativePoint="RIGHT">
				<Offset>
					<AbsDimension x="2" y="0"/>
				</Offset>
			</Anchor>
		</Anchors>
	</Button>
	<Button name="$parentNewBuff13" inherits="PartyNewBuff13Template" parent="PartyMemberFrame1" />
	<Button name="$parentNewBuff13" inherits="PartyNewBuff13Template" parent="PartyMemberFrame2" />
	<Button name="$parentNewBuff13" inherits="PartyNewBuff13Template" parent="PartyMemberFrame3" />
	<Button name="$parentNewBuff13" inherits="PartyNewBuff13Template" parent="PartyMemberFrame4" />
	
	<Button name="PartyNewBuff14Template" inherits="UnitBuffSmallButtonTemplate" virtual="true" id="14">
		<Anchors>
			<Anchor point="LEFT" relativeTo="$parentNewBuff13" relativePoint="RIGHT">
				<Offset>
					<AbsDimension x="2" y="0"/>
				</Offset>
			</Anchor>
		</Anchors>
	</Button>
	<Button name="$parentNewBuff14" inherits="PartyNewBuff14Template" parent="PartyMemberFrame1" />
	<Button name="$parentNewBuff14" inherits="PartyNewBuff14Template" parent="PartyMemberFrame2" />
	<Button name="$parentNewBuff14" inherits="PartyNewBuff14Template" parent="PartyMemberFrame3" />
	<Button name="$parentNewBuff14" inherits="PartyNewBuff14Template" parent="PartyMemberFrame4" />
	
	<Button name="PartyNewBuff15Template" inherits="UnitBuffSmallButtonTemplate" virtual="true" id="15">
		<Anchors>
			<Anchor point="LEFT" relativeTo="$parentNewBuff14" relativePoint="RIGHT">
				<Offset>
					<AbsDimension x="2" y="0"/>
				</Offset>
			</Anchor>
		</Anchors>
	</Button>
	<Button name="$parentNewBuff15" inherits="PartyNewBuff15Template" parent="PartyMemberFrame1" />
	<Button name="$parentNewBuff15" inherits="PartyNewBuff15Template" parent="PartyMemberFrame2" />
	<Button name="$parentNewBuff15" inherits="PartyNewBuff15Template" parent="PartyMemberFrame3" />
	<Button name="$parentNewBuff15" inherits="PartyNewBuff15Template" parent="PartyMemberFrame4" />
	
	<Button name="PartyNewBuff16Template" inherits="UnitBuffSmallButtonTemplate" virtual="true" id="16">
		<Anchors>
			<Anchor point="LEFT" relativeTo="$parentNewBuff15" relativePoint="RIGHT">
				<Offset>
					<AbsDimension x="2" y="0"/>
				</Offset>
			</Anchor>
		</Anchors>
	</Button>
	<Button name="$parentNewBuff16" inherits="PartyNewBuff16Template" parent="PartyMemberFrame1" />
	<Button name="$parentNewBuff16" inherits="PartyNewBuff16Template" parent="PartyMemberFrame2" />
	<Button name="$parentNewBuff16" inherits="PartyNewBuff16Template" parent="PartyMemberFrame3" />
	<Button name="$parentNewBuff16" inherits="PartyNewBuff16Template" parent="PartyMemberFrame4" />
	
	<!-- Party Buffs END -->
	
	<!-- Party Pet Buffs START -->
	<Button name="PartyPetNewBuff1Template" inherits="UnitBuffSmallButtonTemplate" virtual="true" id="1">
		<Anchors>
			<Anchor point="TOPLEFT">
				<Offset>
					<AbsDimension x="24" y="-16"/>
				</Offset>
			</Anchor>
		</Anchors>
	</Button>
	<Button name="$parentNewBuff1" inherits="PartyPetNewBuff1Template" parent="PartyMemberFrame1PetFrame" />
	<Button name="$parentNewBuff1" inherits="PartyPetNewBuff1Template" parent="PartyMemberFrame2PetFrame" />
	<Button name="$parentNewBuff1" inherits="PartyPetNewBuff1Template" parent="PartyMemberFrame3PetFrame" />
	<Button name="$parentNewBuff1" inherits="PartyPetNewBuff1Template" parent="PartyMemberFrame4PetFrame" />
	
	<Button name="PartyPetNewBuff2Template" inherits="UnitBuffSmallButtonTemplate" virtual="true" id="2">
		<Anchors>
			<Anchor point="LEFT" relativeTo="$parentNewBuff1" relativePoint="RIGHT">
				<Offset>
					<AbsDimension x="2" y="0"/>
				</Offset>
			</Anchor>
		</Anchors>
	</Button>
	<Button name="$parentNewBuff2" inherits="PartyPetNewBuff2Template" parent="PartyMemberFrame1PetFrame" />
	<Button name="$parentNewBuff2" inherits="PartyPetNewBuff2Template" parent="PartyMemberFrame2PetFrame" />
	<Button name="$parentNewBuff2" inherits="PartyPetNewBuff2Template" parent="PartyMemberFrame3PetFrame" />
	<Button name="$parentNewBuff2" inherits="PartyPetNewBuff2Template" parent="PartyMemberFrame4PetFrame" />
	
	<Button name="PartyPetNewBuff3Template" inherits="UnitBuffSmallButtonTemplate" virtual="true" id="3">
		<Anchors>
			<Anchor point="LEFT" relativeTo="$parentNewBuff2" relativePoint="RIGHT">
				<Offset>
					<AbsDimension x="2" y="0"/>
				</Offset>
			</Anchor>
		</Anchors>
	</Button>
	<Button name="$parentNewBuff3" inherits="PartyPetNewBuff3Template" parent="PartyMemberFrame1PetFrame" />
	<Button name="$parentNewBuff3" inherits="PartyPetNewBuff3Template" parent="PartyMemberFrame2PetFrame" />
	<Button name="$parentNewBuff3" inherits="PartyPetNewBuff3Template" parent="PartyMemberFrame3PetFrame" />
	<Button name="$parentNewBuff3" inherits="PartyPetNewBuff3Template" parent="PartyMemberFrame4PetFrame" />
	
	<Button name="PartyPetNewBuff4Template" inherits="UnitBuffSmallButtonTemplate" virtual="true" id="4">
		<Anchors>
			<Anchor point="LEFT" relativeTo="$parentNewBuff3" relativePoint="RIGHT">
				<Offset>
					<AbsDimension x="2" y="0"/>
				</Offset>
			</Anchor>
		</Anchors>
	</Button>
	<Button name="$parentNewBuff4" inherits="PartyPetNewBuff4Template" parent="PartyMemberFrame1PetFrame" />
	<Button name="$parentNewBuff4" inherits="PartyPetNewBuff4Template" parent="PartyMemberFrame2PetFrame" />
	<Button name="$parentNewBuff4" inherits="PartyPetNewBuff4Template" parent="PartyMemberFrame3PetFrame" />
	<Button name="$parentNewBuff4" inherits="PartyPetNewBuff4Template" parent="PartyMemberFrame4PetFrame" />
	
	<Button name="PartyPetNewBuff5Template" inherits="UnitBuffSmallButtonTemplate" virtual="true" id="5">
		<Anchors>
			<Anchor point="LEFT" relativeTo="$parentNewBuff4" relativePoint="RIGHT">
				<Offset>
					<AbsDimension x="2" y="0"/>
				</Offset>
			</Anchor>
		</Anchors>
	</Button>
	<Button name="$parentNewBuff5" inherits="PartyPetNewBuff5Template" parent="PartyMemberFrame1PetFrame" />
	<Button name="$parentNewBuff5" inherits="PartyPetNewBuff5Template" parent="PartyMemberFrame2PetFrame" />
	<Button name="$parentNewBuff5" inherits="PartyPetNewBuff5Template" parent="PartyMemberFrame3PetFrame" />
	<Button name="$parentNewBuff5" inherits="PartyPetNewBuff5Template" parent="PartyMemberFrame4PetFrame" />
	
	<Button name="PartyPetNewBuff6Template" inherits="UnitBuffSmallButtonTemplate" virtual="true" id="6">
		<Anchors>
			<Anchor point="LEFT" relativeTo="$parentNewBuff5" relativePoint="RIGHT">
				<Offset>
					<AbsDimension x="2" y="0"/>
				</Offset>
			</Anchor>
		</Anchors>
	</Button>
	<Button name="$parentNewBuff6" inherits="PartyPetNewBuff6Template" parent="PartyMemberFrame1PetFrame" />
	<Button name="$parentNewBuff6" inherits="PartyPetNewBuff6Template" parent="PartyMemberFrame2PetFrame" />
	<Button name="$parentNewBuff6" inherits="PartyPetNewBuff6Template" parent="PartyMemberFrame3PetFrame" />
	<Button name="$parentNewBuff6" inherits="PartyPetNewBuff6Template" parent="PartyMemberFrame4PetFrame" />
	
	<Button name="PartyPetNewBuff7Template" inherits="UnitBuffSmallButtonTemplate" virtual="true" id="7">
		<Anchors>
			<Anchor point="LEFT" relativeTo="$parentNewBuff6" relativePoint="RIGHT">
				<Offset>
					<AbsDimension x="2" y="0"/>
				</Offset>
			</Anchor>
		</Anchors>
	</Button>
	<Button name="$parentNewBuff7" inherits="PartyPetNewBuff7Template" parent="PartyMemberFrame1PetFrame" />
	<Button name="$parentNewBuff7" inherits="PartyPetNewBuff7Template" parent="PartyMemberFrame2PetFrame" />
	<Button name="$parentNewBuff7" inherits="PartyPetNewBuff7Template" parent="PartyMemberFrame3PetFrame" />
	<Button name="$parentNewBuff7" inherits="PartyPetNewBuff7Template" parent="PartyMemberFrame4PetFrame" />
	
	<Button name="PartyPetNewBuff8Template" inherits="UnitBuffSmallButtonTemplate" virtual="true" id="8">
		<Anchors>
			<Anchor point="LEFT" relativeTo="$parentNewBuff7" relativePoint="RIGHT">
				<Offset>
					<AbsDimension x="2" y="0"/>
				</Offset>
			</Anchor>
		</Anchors>
	</Button>
	<Button name="$parentNewBuff8" inherits="PartyPetNewBuff8Template" parent="PartyMemberFrame1PetFrame" />
	<Button name="$parentNewBuff8" inherits="PartyPetNewBuff8Template" parent="PartyMemberFrame2PetFrame" />
	<Button name="$parentNewBuff8" inherits="PartyPetNewBuff8Template" parent="PartyMemberFrame3PetFrame" />
	<Button name="$parentNewBuff8" inherits="PartyPetNewBuff8Template" parent="PartyMemberFrame4PetFrame" />
	
	<Button name="PartyPetNewBuff9Template" inherits="UnitBuffSmallButtonTemplate" virtual="true" id="9">
		<Anchors>
			<Anchor point="LEFT" relativeTo="$parentNewBuff8" relativePoint="RIGHT">
				<Offset>
					<AbsDimension x="2" y="0"/>
				</Offset>
			</Anchor>
		</Anchors>
	</Button>
	<Button name="$parentNewBuff9" inherits="PartyPetNewBuff9Template" parent="PartyMemberFrame1PetFrame" />
	<Button name="$parentNewBuff9" inherits="PartyPetNewBuff9Template" parent="PartyMemberFrame2PetFrame" />
	<Button name="$parentNewBuff9" inherits="PartyPetNewBuff9Template" parent="PartyMemberFrame3PetFrame" />
	<Button name="$parentNewBuff9" inherits="PartyPetNewBuff9Template" parent="PartyMemberFrame4PetFrame" />
	
	<Button name="PartyPetNewBuff10Template" inherits="UnitBuffSmallButtonTemplate" virtual="true" id="10">
		<Anchors>
			<Anchor point="LEFT" relativeTo="$parentNewBuff9" relativePoint="RIGHT">
				<Offset>
					<AbsDimension x="2" y="0"/>
				</Offset>
			</Anchor>
		</Anchors>
	</Button>
	<Button name="$parentNewBuff10" inherits="PartyPetNewBuff10Template" parent="PartyMemberFrame1PetFrame" />
	<Button name="$parentNewBuff10" inherits="PartyPetNewBuff10Template" parent="PartyMemberFrame2PetFrame" />
	<Button name="$parentNewBuff10" inherits="PartyPetNewBuff10Template" parent="PartyMemberFrame3PetFrame" />
	<Button name="$parentNewBuff10" inherits="PartyPetNewBuff10Template" parent="PartyMemberFrame4PetFrame" />
	
	<Button name="PartyPetNewBuff11Template" inherits="UnitBuffSmallButtonTemplate" virtual="true" id="11">
		<Anchors>
			<Anchor point="LEFT" relativeTo="$parentNewBuff10" relativePoint="RIGHT">
				<Offset>
					<AbsDimension x="2" y="0"/>
				</Offset>
			</Anchor>
		</Anchors>
	</Button>
	<Button name="$parentNewBuff11" inherits="PartyPetNewBuff11Template" parent="PartyMemberFrame1PetFrame" />
	<Button name="$parentNewBuff11" inherits="PartyPetNewBuff11Template" parent="PartyMemberFrame2PetFrame" />
	<Button name="$parentNewBuff11" inherits="PartyPetNewBuff11Template" parent="PartyMemberFrame3PetFrame" />
	<Button name="$parentNewBuff11" inherits="PartyPetNewBuff11Template" parent="PartyMemberFrame4PetFrame" />
	
	<Button name="PartyPetNewBuff12Template" inherits="UnitBuffSmallButtonTemplate" virtual="true" id="12">
		<Anchors>
			<Anchor point="LEFT" relativeTo="$parentNewBuff11" relativePoint="RIGHT">
				<Offset>
					<AbsDimension x="2" y="0"/>
				</Offset>
			</Anchor>
		</Anchors>
	</Button>
	<Button name="$parentNewBuff12" inherits="PartyPetNewBuff12Template" parent="PartyMemberFrame1PetFrame" />
	<Button name="$parentNewBuff12" inherits="PartyPetNewBuff12Template" parent="PartyMemberFrame2PetFrame" />
	<Button name="$parentNewBuff12" inherits="PartyPetNewBuff12Template" parent="PartyMemberFrame3PetFrame" />
	<Button name="$parentNewBuff12" inherits="PartyPetNewBuff12Template" parent="PartyMemberFrame4PetFrame" />
	
	<Button name="PartyPetNewBuff13Template" inherits="UnitBuffSmallButtonTemplate" virtual="true" id="13">
		<Anchors>
			<Anchor point="LEFT" relativeTo="$parentNewBuff12" relativePoint="RIGHT">
				<Offset>
					<AbsDimension x="2" y="0"/>
				</Offset>
			</Anchor>
		</Anchors>
	</Button>
	<Button name="$parentNewBuff13" inherits="PartyPetNewBuff13Template" parent="PartyMemberFrame1PetFrame" />
	<Button name="$parentNewBuff13" inherits="PartyPetNewBuff13Template" parent="PartyMemberFrame2PetFrame" />
	<Button name="$parentNewBuff13" inherits="PartyPetNewBuff13Template" parent="PartyMemberFrame3PetFrame" />
	<Button name="$parentNewBuff13" inherits="PartyPetNewBuff13Template" parent="PartyMemberFrame4PetFrame" />
	
	<Button name="PartyPetNewBuff14Template" inherits="UnitBuffSmallButtonTemplate" virtual="true" id="14">
		<Anchors>
			<Anchor point="LEFT" relativeTo="$parentNewBuff13" relativePoint="RIGHT">
				<Offset>
					<AbsDimension x="2" y="0"/>
				</Offset>
			</Anchor>
		</Anchors>
	</Button>
	<Button name="$parentNewBuff14" inherits="PartyPetNewBuff14Template" parent="PartyMemberFrame1PetFrame" />
	<Button name="$parentNewBuff14" inherits="PartyPetNewBuff14Template" parent="PartyMemberFrame2PetFrame" />
	<Button name="$parentNewBuff14" inherits="PartyPetNewBuff14Template" parent="PartyMemberFrame3PetFrame" />
	<Button name="$parentNewBuff14" inherits="PartyPetNewBuff14Template" parent="PartyMemberFrame4PetFrame" />
	
	<Button name="PartyPetNewBuff15Template" inherits="UnitBuffSmallButtonTemplate" virtual="true" id="15">
		<Anchors>
			<Anchor point="LEFT" relativeTo="$parentNewBuff14" relativePoint="RIGHT">
				<Offset>
					<AbsDimension x="2" y="0"/>
				</Offset>
			</Anchor>
		</Anchors>
	</Button>
	<Button name="$parentNewBuff15" inherits="PartyPetNewBuff15Template" parent="PartyMemberFrame1PetFrame" />
	<Button name="$parentNewBuff15" inherits="PartyPetNewBuff15Template" parent="PartyMemberFrame2PetFrame" />
	<Button name="$parentNewBuff15" inherits="PartyPetNewBuff15Template" parent="PartyMemberFrame3PetFrame" />
	<Button name="$parentNewBuff15" inherits="PartyPetNewBuff15Template" parent="PartyMemberFrame4PetFrame" />
	
	<Button name="PartyPetNewBuff16Template" inherits="UnitBuffSmallButtonTemplate" virtual="true" id="16">
		<Anchors>
			<Anchor point="LEFT" relativeTo="$parentNewBuff15" relativePoint="RIGHT">
				<Offset>
					<AbsDimension x="2" y="0"/>
				</Offset>
			</Anchor>
		</Anchors>
	</Button>
	<Button name="$parentNewBuff16" inherits="PartyPetNewBuff16Template" parent="PartyMemberFrame1PetFrame" />
	<Button name="$parentNewBuff16" inherits="PartyPetNewBuff16Template" parent="PartyMemberFrame2PetFrame" />
	<Button name="$parentNewBuff16" inherits="PartyPetNewBuff16Template" parent="PartyMemberFrame3PetFrame" />
	<Button name="$parentNewBuff16" inherits="PartyPetNewBuff16Template" parent="PartyMemberFrame4PetFrame" />
	
	<!-- Party Pet Buffs END -->
	
	<!-- Party Pet Deuffs START -->
	<Button name="PartyPetNewDebuff1Template" inherits="UnitDebuffSmallButtonTemplate" virtual="true" id="1">
		<Anchors>
			<Anchor point="TOPLEFT">
				<Offset>
					<AbsDimension x="24" y="-36"/>
				</Offset>
			</Anchor>
		</Anchors>
	</Button>
	<Button name="$parentNewDebuff1" inherits="PartyPetNewDebuff1Template" parent="PartyMemberFrame1PetFrame" />
	<Button name="$parentNewDebuff1" inherits="PartyPetNewDebuff1Template" parent="PartyMemberFrame2PetFrame" />
	<Button name="$parentNewDebuff1" inherits="PartyPetNewDebuff1Template" parent="PartyMemberFrame3PetFrame" />
	<Button name="$parentNewDebuff1" inherits="PartyPetNewDebuff1Template" parent="PartyMemberFrame4PetFrame" />
	
	<Button name="PartyPetNewDebuff2Template" inherits="UnitDebuffSmallButtonTemplate" virtual="true" id="2">
		<Anchors>
			<Anchor point="LEFT" relativeTo="$parentNewDebuff1" relativePoint="RIGHT">
				<Offset>
					<AbsDimension x="2" y="0"/>
				</Offset>
			</Anchor>
		</Anchors>
	</Button>
	<Button name="$parentNewDebuff2" inherits="PartyPetNewDebuff2Template" parent="PartyMemberFrame1PetFrame" />
	<Button name="$parentNewDebuff2" inherits="PartyPetNewDebuff2Template" parent="PartyMemberFrame2PetFrame" />
	<Button name="$parentNewDebuff2" inherits="PartyPetNewDebuff2Template" parent="PartyMemberFrame3PetFrame" />
	<Button name="$parentNewDebuff2" inherits="PartyPetNewDebuff2Template" parent="PartyMemberFrame4PetFrame" />
	
	<Button name="PartyPetNewDebuff3Template" inherits="UnitDebuffSmallButtonTemplate" virtual="true" id="3">
		<Anchors>
			<Anchor point="LEFT" relativeTo="$parentNewDebuff2" relativePoint="RIGHT">
				<Offset>
					<AbsDimension x="2" y="0"/>
				</Offset>
			</Anchor>
		</Anchors>
	</Button>
	<Button name="$parentNewDebuff3" inherits="PartyPetNewDebuff3Template" parent="PartyMemberFrame1PetFrame" />
	<Button name="$parentNewDebuff3" inherits="PartyPetNewDebuff3Template" parent="PartyMemberFrame2PetFrame" />
	<Button name="$parentNewDebuff3" inherits="PartyPetNewDebuff3Template" parent="PartyMemberFrame3PetFrame" />
	<Button name="$parentNewDebuff3" inherits="PartyPetNewDebuff3Template" parent="PartyMemberFrame4PetFrame" />
	
	<Button name="PartyPetNewDebuff4Template" inherits="UnitDebuffSmallButtonTemplate" virtual="true" id="4">
		<Anchors>
			<Anchor point="LEFT" relativeTo="$parentNewDebuff3" relativePoint="RIGHT">
				<Offset>
					<AbsDimension x="2" y="0"/>
				</Offset>
			</Anchor>
		</Anchors>
	</Button>
	<Button name="$parentNewDebuff4" inherits="PartyPetNewDebuff4Template" parent="PartyMemberFrame1PetFrame" />
	<Button name="$parentNewDebuff4" inherits="PartyPetNewDebuff4Template" parent="PartyMemberFrame2PetFrame" />
	<Button name="$parentNewDebuff4" inherits="PartyPetNewDebuff4Template" parent="PartyMemberFrame3PetFrame" />
	<Button name="$parentNewDebuff4" inherits="PartyPetNewDebuff4Template" parent="PartyMemberFrame4PetFrame" />
	
	<Button name="PartyPetNewDebuff5Template" inherits="UnitDebuffSmallButtonTemplate" virtual="true" id="5">
		<Anchors>
			<Anchor point="LEFT" relativeTo="$parentNewDebuff4" relativePoint="RIGHT">
				<Offset>
					<AbsDimension x="2" y="0"/>
				</Offset>
			</Anchor>
		</Anchors>
	</Button>
	<Button name="$parentNewDebuff5" inherits="PartyPetNewDebuff5Template" parent="PartyMemberFrame1PetFrame" />
	<Button name="$parentNewDebuff5" inherits="PartyPetNewDebuff5Template" parent="PartyMemberFrame2PetFrame" />
	<Button name="$parentNewDebuff5" inherits="PartyPetNewDebuff5Template" parent="PartyMemberFrame3PetFrame" />
	<Button name="$parentNewDebuff5" inherits="PartyPetNewDebuff5Template" parent="PartyMemberFrame4PetFrame" />
	
	<Button name="PartyPetNewDebuff6Template" inherits="UnitDebuffSmallButtonTemplate" virtual="true" id="6">
		<Anchors>
			<Anchor point="LEFT" relativeTo="$parentNewDebuff5" relativePoint="RIGHT">
				<Offset>
					<AbsDimension x="2" y="0"/>
				</Offset>
			</Anchor>
		</Anchors>
	</Button>
	<Button name="$parentNewDebuff6" inherits="PartyPetNewDebuff6Template" parent="PartyMemberFrame1PetFrame" />
	<Button name="$parentNewDebuff6" inherits="PartyPetNewDebuff6Template" parent="PartyMemberFrame2PetFrame" />
	<Button name="$parentNewDebuff6" inherits="PartyPetNewDebuff6Template" parent="PartyMemberFrame3PetFrame" />
	<Button name="$parentNewDebuff6" inherits="PartyPetNewDebuff6Template" parent="PartyMemberFrame4PetFrame" />
	
	<Button name="PartyPetNewDebuff7Template" inherits="UnitDebuffSmallButtonTemplate" virtual="true" id="7">
		<Anchors>
			<Anchor point="LEFT" relativeTo="$parentNewDebuff6" relativePoint="RIGHT">
				<Offset>
					<AbsDimension x="2" y="0"/>
				</Offset>
			</Anchor>
		</Anchors>
	</Button>
	<Button name="$parentNewDebuff7" inherits="PartyPetNewDebuff7Template" parent="PartyMemberFrame1PetFrame" />
	<Button name="$parentNewDebuff7" inherits="PartyPetNewDebuff7Template" parent="PartyMemberFrame2PetFrame" />
	<Button name="$parentNewDebuff7" inherits="PartyPetNewDebuff7Template" parent="PartyMemberFrame3PetFrame" />
	<Button name="$parentNewDebuff7" inherits="PartyPetNewDebuff7Template" parent="PartyMemberFrame4PetFrame" />
	
	<Button name="PartyPetNewDebuff8Template" inherits="UnitDebuffSmallButtonTemplate" virtual="true" id="8">
		<Anchors>
			<Anchor point="LEFT" relativeTo="$parentNewDebuff7" relativePoint="RIGHT">
				<Offset>
					<AbsDimension x="2" y="0"/>
				</Offset>
			</Anchor>
		</Anchors>
	</Button>
	<Button name="$parentNewDebuff8" inherits="PartyPetNewDebuff8Template" parent="PartyMemberFrame1PetFrame" />
	<Button name="$parentNewDebuff8" inherits="PartyPetNewDebuff8Template" parent="PartyMemberFrame2PetFrame" />
	<Button name="$parentNewDebuff8" inherits="PartyPetNewDebuff8Template" parent="PartyMemberFrame3PetFrame" />
	<Button name="$parentNewDebuff8" inherits="PartyPetNewDebuff8Template" parent="PartyMemberFrame4PetFrame" />
	
	<Button name="PartyPetNewDebuff9Template" inherits="UnitDebuffSmallButtonTemplate" virtual="true" id="9">
		<Anchors>
			<Anchor point="LEFT" relativeTo="$parentNewDebuff8" relativePoint="RIGHT">
				<Offset>
					<AbsDimension x="2" y="0"/>
				</Offset>
			</Anchor>
		</Anchors>
	</Button>
	<Button name="$parentNewDebuff9" inherits="PartyPetNewDebuff9Template" parent="PartyMemberFrame1PetFrame" />
	<Button name="$parentNewDebuff9" inherits="PartyPetNewDebuff9Template" parent="PartyMemberFrame2PetFrame" />
	<Button name="$parentNewDebuff9" inherits="PartyPetNewDebuff9Template" parent="PartyMemberFrame3PetFrame" />
	<Button name="$parentNewDebuff9" inherits="PartyPetNewDebuff9Template" parent="PartyMemberFrame4PetFrame" />
	
	<Button name="PartyPetNewDebuff10Template" inherits="UnitDebuffSmallButtonTemplate" virtual="true" id="10">
		<Anchors>
			<Anchor point="LEFT" relativeTo="$parentNewDebuff9" relativePoint="RIGHT">
				<Offset>
					<AbsDimension x="2" y="0"/>
				</Offset>
			</Anchor>
		</Anchors>
	</Button>
	<Button name="$parentNewDebuff10" inherits="PartyPetNewDebuff10Template" parent="PartyMemberFrame1PetFrame" />
	<Button name="$parentNewDebuff10" inherits="PartyPetNewDebuff10Template" parent="PartyMemberFrame2PetFrame" />
	<Button name="$parentNewDebuff10" inherits="PartyPetNewDebuff10Template" parent="PartyMemberFrame3PetFrame" />
	<Button name="$parentNewDebuff10" inherits="PartyPetNewDebuff10Template" parent="PartyMemberFrame4PetFrame" />
	
	<Button name="PartyPetNewDebuff11Template" inherits="UnitDebuffSmallButtonTemplate" virtual="true" id="11">
		<Anchors>
			<Anchor point="LEFT" relativeTo="$parentNewDebuff10" relativePoint="RIGHT">
				<Offset>
					<AbsDimension x="2" y="0"/>
				</Offset>
			</Anchor>
		</Anchors>
	</Button>
	<Button name="$parentNewDebuff11" inherits="PartyPetNewDebuff11Template" parent="PartyMemberFrame1PetFrame" />
	<Button name="$parentNewDebuff11" inherits="PartyPetNewDebuff11Template" parent="PartyMemberFrame2PetFrame" />
	<Button name="$parentNewDebuff11" inherits="PartyPetNewDebuff11Template" parent="PartyMemberFrame3PetFrame" />
	<Button name="$parentNewDebuff11" inherits="PartyPetNewDebuff11Template" parent="PartyMemberFrame4PetFrame" />
	
	<Button name="PartyPetNewDebuff12Template" inherits="UnitDebuffSmallButtonTemplate" virtual="true" id="12">
		<Anchors>
			<Anchor point="LEFT" relativeTo="$parentNewDebuff11" relativePoint="RIGHT">
				<Offset>
					<AbsDimension x="2" y="0"/>
				</Offset>
			</Anchor>
		</Anchors>
	</Button>
	<Button name="$parentNewDebuff12" inherits="PartyPetNewDebuff12Template" parent="PartyMemberFrame1PetFrame" />
	<Button name="$parentNewDebuff12" inherits="PartyPetNewDebuff12Template" parent="PartyMemberFrame2PetFrame" />
	<Button name="$parentNewDebuff12" inherits="PartyPetNewDebuff12Template" parent="PartyMemberFrame3PetFrame" />
	<Button name="$parentNewDebuff12" inherits="PartyPetNewDebuff12Template" parent="PartyMemberFrame4PetFrame" />
	
	<Button name="PartyPetNewDebuff13Template" inherits="UnitDebuffSmallButtonTemplate" virtual="true" id="13">
		<Anchors>
			<Anchor point="LEFT" relativeTo="$parentNewDebuff12" relativePoint="RIGHT">
				<Offset>
					<AbsDimension x="2" y="0"/>
				</Offset>
			</Anchor>
		</Anchors>
	</Button>
	<Button name="$parentNewDebuff13" inherits="PartyPetNewDebuff13Template" parent="PartyMemberFrame1PetFrame" />
	<Button name="$parentNewDebuff13" inherits="PartyPetNewDebuff13Template" parent="PartyMemberFrame2PetFrame" />
	<Button name="$parentNewDebuff13" inherits="PartyPetNewDebuff13Template" parent="PartyMemberFrame3PetFrame" />
	<Button name="$parentNewDebuff13" inherits="PartyPetNewDebuff13Template" parent="PartyMemberFrame4PetFrame" />
	
	<Button name="PartyPetNewDebuff14Template" inherits="UnitDebuffSmallButtonTemplate" virtual="true" id="14">
		<Anchors>
			<Anchor point="LEFT" relativeTo="$parentNewDebuff13" relativePoint="RIGHT">
				<Offset>
					<AbsDimension x="2" y="0"/>
				</Offset>
			</Anchor>
		</Anchors>
	</Button>
	<Button name="$parentNewDebuff14" inherits="PartyPetNewDebuff14Template" parent="PartyMemberFrame1PetFrame" />
	<Button name="$parentNewDebuff14" inherits="PartyPetNewDebuff14Template" parent="PartyMemberFrame2PetFrame" />
	<Button name="$parentNewDebuff14" inherits="PartyPetNewDebuff14Template" parent="PartyMemberFrame3PetFrame" />
	<Button name="$parentNewDebuff14" inherits="PartyPetNewDebuff14Template" parent="PartyMemberFrame4PetFrame" />
	
	<Button name="PartyPetNewDebuff15Template" inherits="UnitDebuffSmallButtonTemplate" virtual="true" id="15">
		<Anchors>
			<Anchor point="LEFT" relativeTo="$parentNewDebuff14" relativePoint="RIGHT">
				<Offset>
					<AbsDimension x="2" y="0"/>
				</Offset>
			</Anchor>
		</Anchors>
	</Button>
	<Button name="$parentNewDebuff15" inherits="PartyPetNewDebuff15Template" parent="PartyMemberFrame1PetFrame" />
	<Button name="$parentNewDebuff15" inherits="PartyPetNewDebuff15Template" parent="PartyMemberFrame2PetFrame" />
	<Button name="$parentNewDebuff15" inherits="PartyPetNewDebuff15Template" parent="PartyMemberFrame3PetFrame" />
	<Button name="$parentNewDebuff15" inherits="PartyPetNewDebuff15Template" parent="PartyMemberFrame4PetFrame" />
	
	<Button name="PartyPetNewDebuff16Template" inherits="UnitDebuffSmallButtonTemplate" virtual="true" id="16">
		<Anchors>
			<Anchor point="LEFT" relativeTo="$parentNewDebuff15" relativePoint="RIGHT">
				<Offset>
					<AbsDimension x="2" y="0"/>
				</Offset>
			</Anchor>
		</Anchors>
	</Button>
	<Button name="$parentNewDebuff16" inherits="PartyPetNewDebuff16Template" parent="PartyMemberFrame1PetFrame" />
	<Button name="$parentNewDebuff16" inherits="PartyPetNewDebuff16Template" parent="PartyMemberFrame2PetFrame" />
	<Button name="$parentNewDebuff16" inherits="PartyPetNewDebuff16Template" parent="PartyMemberFrame3PetFrame" />
	<Button name="$parentNewDebuff16" inherits="PartyPetNewDebuff16Template" parent="PartyMemberFrame4PetFrame" />
	
	<!-- Party Pet Deuffs END -->
	
	<!-- Unit Small Buffs Templates START -->
	<Button name="UnitDebuffButtonTemplate" inherits="TargetDebuffButtonTemplate" virtual="true">
		<Scripts>
			<OnLoad>
				this:SetFrameLevel(this:GetFrameLevel()+1);
			</OnLoad>
			<OnEnter>
				GameTooltip:SetOwner(this, "ANCHOR_RIGHT");
				GameTooltip:SetUnitDebuff(this:GetParent().unit, this:GetID());
			</OnEnter>
		</Scripts>
	</Button>
	
	<Button name="UnitBuffButtonTemplate" inherits="TargetBuffButtonTemplate" virtual="true">
		<Layers>
			<Layer level="OVERLAY">
				<Texture name="$parentBorder" file="Interface\AddOns\Archaeologist\Skin\UI-Buff-Border">
					<Size>
						<AbsDimension x="23" y="23"/>
					</Size>
					<Anchors>
						<Anchor point="CENTER">
							<Offset>
								<AbsDimension x="0" y="0"/>
							</Offset>
						</Anchor>
					</Anchors>
				</Texture>
			</Layer>
		</Layers>
		<Scripts>
			<OnLoad>
				this:SetFrameLevel(this:GetFrameLevel()+1);
			</OnLoad>
			<OnEnter>
				GameTooltip:SetOwner(this, "ANCHOR_RIGHT");
				GameTooltip:SetUnitBuff(this:GetParent().unit, this:GetID());
			</OnEnter>
		</Scripts>
	</Button>
	<!-- Unit Small Buffs Templates END -->
	
	<!-- Target Buffs START -->

	<Button name="$parentNewDebuff1" inherits="UnitDebuffButtonTemplate" parent="TargetFrame" id="1">
		<Anchors>
			<Anchor point="TOPLEFT" relativePoint="BOTTOMLEFT">
				<Offset>
					<AbsDimension x="5" y="32"/>
				</Offset>
			</Anchor>
		</Anchors>
	</Button>
	<Button name="$parentNewDebuff2" inherits="UnitDebuffButtonTemplate" parent="TargetFrame" id="2">
		<Anchors>
			<Anchor point="LEFT" relativeTo="$parentNewDebuff1" relativePoint="RIGHT">
				<Offset>
					<AbsDimension x="3" y="0"/>
				</Offset>
			</Anchor>
		</Anchors>
	</Button>
	<Button name="$parentNewDebuff3" inherits="UnitDebuffButtonTemplate" parent="TargetFrame" id="3">
		<Anchors>
			<Anchor point="LEFT" relativeTo="$parentNewDebuff2" relativePoint="RIGHT">
				<Offset>
					<AbsDimension x="3" y="0"/>
				</Offset>
			</Anchor>
		</Anchors>
	</Button>
	<Button name="$parentNewDebuff4" inherits="UnitDebuffButtonTemplate" parent="TargetFrame" id="4">
		<Anchors>
			<Anchor point="LEFT" relativeTo="$parentNewDebuff3" relativePoint="RIGHT">
				<Offset>
					<AbsDimension x="3" y="0"/>
				</Offset>
			</Anchor>
		</Anchors>
	</Button>
	<Button name="$parentNewDebuff5" inherits="UnitDebuffButtonTemplate" parent="TargetFrame" id="5">
		<Anchors>
			<Anchor point="LEFT" relativeTo="$parentNewDebuff4" relativePoint="RIGHT">
				<Offset>
					<AbsDimension x="3" y="0"/>
				</Offset>
			</Anchor>
		</Anchors>
	</Button>
	<Button name="$parentNewDebuff6" inherits="UnitDebuffButtonTemplate" parent="TargetFrame" id="6">
		<Anchors>
			<Anchor point="LEFT" relativeTo="$parentNewDebuff5" relativePoint="RIGHT">
				<Offset>
					<AbsDimension x="3" y="0"/>
				</Offset>
			</Anchor>
		</Anchors>
	</Button>
	<Button name="$parentNewDebuff7" inherits="UnitDebuffButtonTemplate" parent="TargetFrame" id="7">
		<Anchors>
			<Anchor point="LEFT" relativeTo="$parentNewDebuff6" relativePoint="RIGHT">
				<Offset>
					<AbsDimension x="3" y="0"/>
				</Offset>
			</Anchor>
		</Anchors>
	</Button>
	<Button name="$parentNewDebuff8" inherits="UnitDebuffButtonTemplate" parent="TargetFrame" id="8">
		<Anchors>
			<Anchor point="LEFT" relativeTo="$parentNewDebuff7" relativePoint="RIGHT">
				<Offset>
					<AbsDimension x="3" y="0"/>
				</Offset>
			</Anchor>
		</Anchors>
	</Button>
	<Button name="$parentNewDebuff9" inherits="UnitDebuffButtonTemplate" parent="TargetFrame" id="9">
		<Anchors>
			<Anchor point="LEFT" relativeTo="$parentNewDebuff8" relativePoint="RIGHT">
				<Offset>
					<AbsDimension x="3" y="0"/>
				</Offset>
			</Anchor>
		</Anchors>
	</Button>
	<Button name="$parentNewDebuff10" inherits="UnitDebuffButtonTemplate" parent="TargetFrame" id="10">
		<Anchors>
			<Anchor point="LEFT" relativeTo="$parentNewDebuff9" relativePoint="RIGHT">
				<Offset>
					<AbsDimension x="3" y="0"/>
				</Offset>
			</Anchor>
		</Anchors>
	</Button>
	<Button name="$parentNewDebuff11" inherits="UnitDebuffButtonTemplate" parent="TargetFrame" id="11">
		<Anchors>
			<Anchor point="LEFT" relativeTo="$parentNewDebuff10" relativePoint="RIGHT">
				<Offset>
					<AbsDimension x="3" y="0"/>
				</Offset>
			</Anchor>
		</Anchors>
	</Button>
	<Button name="$parentNewDebuff12" inherits="UnitDebuffButtonTemplate" parent="TargetFrame" id="12">
		<Anchors>
			<Anchor point="LEFT" relativeTo="$parentNewDebuff11" relativePoint="RIGHT">
				<Offset>
					<AbsDimension x="3" y="0"/>
				</Offset>
			</Anchor>
		</Anchors>
	</Button>
	<Button name="$parentNewDebuff13" inherits="UnitDebuffButtonTemplate" parent="TargetFrame" id="13">
		<Anchors>
			<Anchor point="LEFT" relativeTo="$parentNewDebuff12" relativePoint="RIGHT">
				<Offset>
					<AbsDimension x="3" y="0"/>
				</Offset>
			</Anchor>
		</Anchors>
	</Button>
	<Button name="$parentNewDebuff14" inherits="UnitDebuffButtonTemplate" parent="TargetFrame" id="14">
		<Anchors>
			<Anchor point="LEFT" relativeTo="$parentNewDebuff13" relativePoint="RIGHT">
				<Offset>
					<AbsDimension x="3" y="0"/>
				</Offset>
			</Anchor>
		</Anchors>
	</Button>
	<Button name="$parentNewDebuff15" inherits="UnitDebuffButtonTemplate" parent="TargetFrame" id="15">
		<Anchors>
			<Anchor point="LEFT" relativeTo="$parentNewDebuff14" relativePoint="RIGHT">
				<Offset>
					<AbsDimension x="3" y="0"/>
				</Offset>
			</Anchor>
		</Anchors>
	</Button>
	<Button name="$parentNewDebuff16" inherits="UnitDebuffButtonTemplate" parent="TargetFrame" id="16">
		<Anchors>
			<Anchor point="LEFT" relativeTo="$parentNewDebuff15" relativePoint="RIGHT">
				<Offset>
					<AbsDimension x="3" y="0"/>
				</Offset>
			</Anchor>
		</Anchors>
	</Button>
	
	
	<Button name="$parentNewBuff1" inherits="UnitBuffButtonTemplate" parent="TargetFrame" id="1">
		<Anchors>
			<Anchor point="TOPLEFT" relativeTo="$parentNewDebuff1" relativePoint="BOTTOMLEFT">
				<Offset>
					<AbsDimension x="0" y="-2"/>
				</Offset>
			</Anchor>
		</Anchors>
	</Button>
	<Button name="$parentNewBuff2" inherits="UnitBuffButtonTemplate" parent="TargetFrame" id="2">
		<Anchors>
			<Anchor point="LEFT" relativeTo="$parentNewBuff1" relativePoint="RIGHT">
				<Offset>
					<AbsDimension x="3" y="0"/>
				</Offset>
			</Anchor>
		</Anchors>
	</Button>
	<Button name="$parentNewBuff3" inherits="UnitBuffButtonTemplate" parent="TargetFrame" id="3">
		<Anchors>
			<Anchor point="LEFT" relativeTo="$parentNewBuff2" relativePoint="RIGHT">
				<Offset>
					<AbsDimension x="3" y="0"/>
				</Offset>
			</Anchor>
		</Anchors>
	</Button>
	<Button name="$parentNewBuff4" inherits="UnitBuffButtonTemplate" parent="TargetFrame" id="4">
		<Anchors>
			<Anchor point="LEFT" relativeTo="$parentNewBuff3" relativePoint="RIGHT">
				<Offset>
					<AbsDimension x="3" y="0"/>
				</Offset>
			</Anchor>
		</Anchors>
	</Button>
	<Button name="$parentNewBuff5" inherits="UnitBuffButtonTemplate" parent="TargetFrame" id="5">
		<Anchors>
			<Anchor point="LEFT" relativeTo="$parentNewBuff4" relativePoint="RIGHT">
				<Offset>
					<AbsDimension x="3" y="0"/>
				</Offset>
			</Anchor>
		</Anchors>
	</Button>
	<Button name="$parentNewBuff6" inherits="UnitBuffButtonTemplate" parent="TargetFrame" id="6">
		<Anchors>
			<Anchor point="LEFT" relativeTo="$parentNewBuff5" relativePoint="RIGHT">
				<Offset>
					<AbsDimension x="3" y="0"/>
				</Offset>
			</Anchor>
		</Anchors>
	</Button>
	<Button name="$parentNewBuff7" inherits="UnitBuffButtonTemplate" parent="TargetFrame" id="7">
		<Anchors>
			<Anchor point="LEFT" relativeTo="$parentNewBuff6" relativePoint="RIGHT">
				<Offset>
					<AbsDimension x="3" y="0"/>
				</Offset>
			</Anchor>
		</Anchors>
	</Button>
	<Button name="$parentNewBuff8" inherits="UnitBuffButtonTemplate" parent="TargetFrame" id="8">
		<Anchors>
			<Anchor point="LEFT" relativeTo="$parentNewBuff7" relativePoint="RIGHT">
				<Offset>
					<AbsDimension x="3" y="0"/>
				</Offset>
			</Anchor>
		</Anchors>
	</Button>
	<Button name="$parentNewBuff9" inherits="UnitBuffButtonTemplate" parent="TargetFrame" id="9">
		<Anchors>
			<Anchor point="LEFT" relativeTo="$parentNewBuff8" relativePoint="RIGHT">
				<Offset>
					<AbsDimension x="3" y="0"/>
				</Offset>
			</Anchor>
		</Anchors>
	</Button>
	<Button name="$parentNewBuff10" inherits="UnitBuffButtonTemplate" parent="TargetFrame" id="10">
		<Anchors>
			<Anchor point="LEFT" relativeTo="$parentNewBuff9" relativePoint="RIGHT">
				<Offset>
					<AbsDimension x="3" y="0"/>
				</Offset>
			</Anchor>
		</Anchors>
	</Button>
	<Button name="$parentNewBuff11" inherits="UnitBuffButtonTemplate" parent="TargetFrame" id="11">
		<Anchors>
			<Anchor point="LEFT" relativeTo="$parentNewBuff10" relativePoint="RIGHT">
				<Offset>
					<AbsDimension x="3" y="0"/>
				</Offset>
			</Anchor>
		</Anchors>
	</Button>
	<Button name="$parentNewBuff12" inherits="UnitBuffButtonTemplate" parent="TargetFrame" id="12">
		<Anchors>
			<Anchor point="LEFT" relativeTo="$parentNewBuff11" relativePoint="RIGHT">
				<Offset>
					<AbsDimension x="3" y="0"/>
				</Offset>
			</Anchor>
		</Anchors>
	</Button>
	<Button name="$parentNewBuff13" inherits="UnitBuffButtonTemplate" parent="TargetFrame" id="13">
		<Anchors>
			<Anchor point="LEFT" relativeTo="$parentNewBuff12" relativePoint="RIGHT">
				<Offset>
					<AbsDimension x="3" y="0"/>
				</Offset>
			</Anchor>
		</Anchors>
	</Button>
	<Button name="$parentNewBuff14" inherits="UnitBuffButtonTemplate" parent="TargetFrame" id="14">
		<Anchors>
			<Anchor point="LEFT" relativeTo="$parentNewBuff13" relativePoint="RIGHT">
				<Offset>
					<AbsDimension x="3" y="0"/>
				</Offset>
			</Anchor>
		</Anchors>
	</Button>
	<Button name="$parentNewBuff15" inherits="UnitBuffButtonTemplate" parent="TargetFrame" id="15">
		<Anchors>
			<Anchor point="LEFT" relativeTo="$parentNewBuff14" relativePoint="RIGHT">
				<Offset>
					<AbsDimension x="3" y="0"/>
				</Offset>
			</Anchor>
		</Anchors>
	</Button>
	<Button name="$parentNewBuff16" inherits="UnitBuffButtonTemplate" parent="TargetFrame" id="16">
		<Anchors>
			<Anchor point="LEFT" relativeTo="$parentNewBuff15" relativePoint="RIGHT">
				<Offset>
					<AbsDimension x="3" y="0"/>
				</Offset>
			</Anchor>
		</Anchors>
	</Button>
	
	<!-- Target Buffs END -->
	
	<!-- Class Icon Template -->
	<Frame name="UnitFrameClassIconTemplate" level="OVERLAY" hidden="true" virtual="true">
		<Size>
			<AbsDimension x="32" y="32"/>
		</Size>
		<Anchors>
			<Anchor point="TOPLEFT" relativeTo="$parent" relativePoint="TOPLEFT">
				<Offset>
					<AbsDimension x="85" y="-5"/>
				</Offset>
			</Anchor>
		</Anchors>
		<Layers>
			<Layer>
				<Texture name="$parentTexture">
					<Size>
						<AbsDimension x="32" y="32"/>
					</Size>
				</Texture>
			</Layer>
		</Layers>
		<Scripts>
			<OnLoad>
				Archaeologist_ClassIcon_OnLoad();
			</OnLoad>
		</Scripts>
	</Frame>
	
	<Frame name="$parentClassIcon" inherits="UnitFrameClassIconTemplate" parent="TargetFrame">
		<Scripts>
			<OnLoad>
				this:SetFrameLevel(this:GetFrameLevel()+2);
				this:ClearAllPoints();
				this:SetPoint("TOPRIGHT", "TargetFrame", "TOPRIGHT", -85, -5);
			</OnLoad>
		</Scripts>
	</Frame>
	<Frame name="$parentClassIcon" inherits="UnitFrameClassIconTemplate" parent="PlayerFrame" />
	
	<Frame name="UnitFrameClassIconSmallTemplate" level="OVERLAY" hidden="true" virtual="true">
		<Size>
			<AbsDimension x="20" y="20"/>
		</Size>
		<Anchors>
			<Anchor point="TOPLEFT" relativeTo="$parent" relativePoint="TOPLEFT">
				<Offset>
					<AbsDimension x="30" y="0"/>
				</Offset>
			</Anchor>
		</Anchors>
		<Layers>
			<Layer>
				<Texture name="$parentTexture">
					<Size>
						<AbsDimension x="20" y="20"/>
					</Size>
				</Texture>
			</Layer>
		</Layers>
		<Scripts>
			<OnLoad>
				Archaeologist_ClassIcon_OnLoad();
			</OnLoad>
		</Scripts>
	</Frame>
	
	<Frame name="$parentClassIcon" inherits="UnitFrameClassIconSmallTemplate" parent="PartyMemberFrame1" id="1" />
	<Frame name="$parentClassIcon" inherits="UnitFrameClassIconSmallTemplate" parent="PartyMemberFrame2" id="2" />
	<Frame name="$parentClassIcon" inherits="UnitFrameClassIconSmallTemplate" parent="PartyMemberFrame3" id="3" />
	<Frame name="$parentClassIcon" inherits="UnitFrameClassIconSmallTemplate" parent="PartyMemberFrame4" id="4" />
	
	<!-- Hidden tooltip START -->
	<!-- used for info harvesting -->
	<GameTooltip name="ArchaeologistTooltip" frameStrata="TOOLTIP" hidden="true" inherits="GameTooltipTemplate" parent="UIParent">
		<Scripts>
			<OnLoad>
				--Archaeologist_Tooltip_OnLoad();
			</OnLoad>
		</Scripts>
	</GameTooltip>
	<!-- Hidden tooltip END -->
	
	<Frame name="Archaeologist" hidden="true">
		<Scripts>
			<OnLoad>
				Archaeologist_OnLoad();
            </OnLoad>
            <OnEvent>
				Archaeologist_OnEvent(event);
            </OnEvent>
		</Scripts>
	</Frame>
	
</Ui>