<!--
path: /FlexTotem/
filename: FlexTotem.xml
version: 1.12a
author: Kasper Bruins <k.s.bruins@uvt.nl>

FlexTotem: Adds totem events to Flexbar and adds totem timers and a totem stomper option to FlexBar buttons.
-->

<Ui xmlns="http://www.blizzard.com/wow/ui/" xmlns:xsi="http://www.w3.org/2001/XMLSchema-instance" xsi:schemaLocation="http://www.blizzard.com/wow/ui/
..\FrameXML\UI.xsd">
	<Script file="localization.lua" />
	<Script file="FlexTotem.lua" />
  <Frame name="FlexTotem">
    <Scripts>
	<OnLoad>
		Totem_OnLoad();
	</OnLoad>
	<OnUpdate>
		Totem_OnUpdate(arg1);
	</OnUpdate>
	<OnEvent>
		Totem_OnEvent(event);
	</OnEvent>
    </Scripts>
  </Frame>
  <Button name="FlexTimerTemplate" virtual="true">
    <Size>
      <AbsDimension x="30" y="10" />
    </Size>
    <Layers>
      <Layer level="ARTWORK">
        <FontString name="$parentTime" inherits="GameFontNormalSmall" justifyH="CENTER">
          <Size>
            <AbsDimension x="36" y="10"/>
          </Size>
          <Anchors>
            <Anchor point="LEFT">
              <Offset>
                <AbsDimension x="0" y="0"/>
              </Offset>
            </Anchor>
          </Anchors>
        </FontString>
      </Layer>
    </Layers>
  </Button>

  <Button name="FlexTimer1" parent="FlexBarButton1" inherits="FlexTimerTemplate" id="0">
    <Anchors><Anchor point="LEFT"><Offset><AbsDimension x="0" y="-25"/></Offset></Anchor></Anchors></Button>
  <Button name="FlexTimer2" parent="FlexBarButton2" inherits="FlexTimerTemplate" id="1">
    <Anchors><Anchor point="LEFT"><Offset><AbsDimension x="0" y="-25"/></Offset></Anchor></Anchors></Button>
  <Button name="FlexTimer3" parent="FlexBarButton3" inherits="FlexTimerTemplate" id="2">
    <Anchors><Anchor point="LEFT"><Offset><AbsDimension x="0" y="-25"/></Offset></Anchor></Anchors></Button>
  <Button name="FlexTimer4" parent="FlexBarButton4" inherits="FlexTimerTemplate" id="3">
    <Anchors><Anchor point="LEFT"><Offset><AbsDimension x="0" y="-25"/></Offset></Anchor></Anchors></Button>
  <Button name="FlexTimer5" parent="FlexBarButton5" inherits="FlexTimerTemplate" id="4">
    <Anchors><Anchor point="LEFT"><Offset><AbsDimension x="0" y="-25"/></Offset></Anchor></Anchors></Button>
  <Button name="FlexTimer6" parent="FlexBarButton6" inherits="FlexTimerTemplate" id="5">
    <Anchors><Anchor point="LEFT"><Offset><AbsDimension x="0" y="-25"/></Offset></Anchor></Anchors></Button>
  <Button name="FlexTimer7" parent="FlexBarButton7" inherits="FlexTimerTemplate" id="6">
    <Anchors><Anchor point="LEFT"><Offset><AbsDimension x="0" y="-25"/></Offset></Anchor></Anchors></Button>
  <Button name="FlexTimer8" parent="FlexBarButton8" inherits="FlexTimerTemplate" id="7">
    <Anchors><Anchor point="LEFT"><Offset><AbsDimension x="0" y="-25"/></Offset></Anchor></Anchors></Button>
  <Button name="FlexTimer9" parent="FlexBarButton9" inherits="FlexTimerTemplate" id="8">
    <Anchors><Anchor point="LEFT"><Offset><AbsDimension x="0" y="-25"/></Offset></Anchor></Anchors></Button>
  <Button name="FlexTimer10" parent="FlexBarButton10" inherits="FlexTimerTemplate" id="9">
    <Anchors><Anchor point="LEFT"><Offset><AbsDimension x="0" y="-25"/></Offset></Anchor></Anchors></Button>
  <Button name="FlexTimer11" parent="FlexBarButton11" inherits="FlexTimerTemplate" id="10">
    <Anchors><Anchor point="LEFT"><Offset><AbsDimension x="0" y="-25"/></Offset></Anchor></Anchors></Button>
  <Button name="FlexTimer12" parent="FlexBarButton12" inherits="FlexTimerTemplate" id="11">
    <Anchors><Anchor point="LEFT"><Offset><AbsDimension x="0" y="-25"/></Offset></Anchor></Anchors></Button>
  <Button name="FlexTimer13" parent="FlexBarButton13" inherits="FlexTimerTemplate" id="12">
    <Anchors><Anchor point="LEFT"><Offset><AbsDimension x="0" y="-25"/></Offset></Anchor></Anchors></Button>
  <Button name="FlexTimer14" parent="FlexBarButton14" inherits="FlexTimerTemplate" id="13">
    <Anchors><Anchor point="LEFT"><Offset><AbsDimension x="0" y="-25"/></Offset></Anchor></Anchors></Button>
  <Button name="FlexTimer15" parent="FlexBarButton15" inherits="FlexTimerTemplate" id="14">
    <Anchors><Anchor point="LEFT"><Offset><AbsDimension x="0" y="-25"/></Offset></Anchor></Anchors></Button>
  <Button name="FlexTimer16" parent="FlexBarButton16" inherits="FlexTimerTemplate" id="15">
    <Anchors><Anchor point="LEFT"><Offset><AbsDimension x="0" y="-25"/></Offset></Anchor></Anchors></Button>
  <Button name="FlexTimer17" parent="FlexBarButton17" inherits="FlexTimerTemplate" id="16">
    <Anchors><Anchor point="LEFT"><Offset><AbsDimension x="0" y="-25"/></Offset></Anchor></Anchors></Button>
  <Button name="FlexTimer18" parent="FlexBarButton18" inherits="FlexTimerTemplate" id="17">
    <Anchors><Anchor point="LEFT"><Offset><AbsDimension x="0" y="-25"/></Offset></Anchor></Anchors></Button>
  <Button name="FlexTimer19" parent="FlexBarButton19" inherits="FlexTimerTemplate" id="18">
    <Anchors><Anchor point="LEFT"><Offset><AbsDimension x="0" y="-25"/></Offset></Anchor></Anchors></Button>
  <Button name="FlexTimer20" parent="FlexBarButton20" inherits="FlexTimerTemplate" id="19">
    <Anchors><Anchor point="LEFT"><Offset><AbsDimension x="0" y="-25"/></Offset></Anchor></Anchors></Button>
  <Button name="FlexTimer21" parent="FlexBarButton21" inherits="FlexTimerTemplate" id="20">
    <Anchors><Anchor point="LEFT"><Offset><AbsDimension x="0" y="-25"/></Offset></Anchor></Anchors></Button>
  <Button name="FlexTimer22" parent="FlexBarButton22" inherits="FlexTimerTemplate" id="21">
    <Anchors><Anchor point="LEFT"><Offset><AbsDimension x="0" y="-25"/></Offset></Anchor></Anchors></Button>
  <Button name="FlexTimer23" parent="FlexBarButton23" inherits="FlexTimerTemplate" id="22">
    <Anchors><Anchor point="LEFT"><Offset><AbsDimension x="0" y="-25"/></Offset></Anchor></Anchors></Button>
  <Button name="FlexTimer24" parent="FlexBarButton24" inherits="FlexTimerTemplate" id="23">
    <Anchors><Anchor point="LEFT"><Offset><AbsDimension x="0" y="-25"/></Offset></Anchor></Anchors></Button>
  <Button name="FlexTimer25" parent="FlexBarButton25" inherits="FlexTimerTemplate" id="24">
    <Anchors><Anchor point="LEFT"><Offset><AbsDimension x="0" y="-25"/></Offset></Anchor></Anchors></Button>
  <Button name="FlexTimer26" parent="FlexBarButton26" inherits="FlexTimerTemplate" id="25">
    <Anchors><Anchor point="LEFT"><Offset><AbsDimension x="0" y="-25"/></Offset></Anchor></Anchors></Button>
  <Button name="FlexTimer27" parent="FlexBarButton27" inherits="FlexTimerTemplate" id="26">
    <Anchors><Anchor point="LEFT"><Offset><AbsDimension x="0" y="-25"/></Offset></Anchor></Anchors></Button>
  <Button name="FlexTimer28" parent="FlexBarButton28" inherits="FlexTimerTemplate" id="27">
    <Anchors><Anchor point="LEFT"><Offset><AbsDimension x="0" y="-25"/></Offset></Anchor></Anchors></Button>
  <Button name="FlexTimer29" parent="FlexBarButton29" inherits="FlexTimerTemplate" id="28">
    <Anchors><Anchor point="LEFT"><Offset><AbsDimension x="0" y="-25"/></Offset></Anchor></Anchors></Button>
  <Button name="FlexTimer30" parent="FlexBarButton30" inherits="FlexTimerTemplate" id="29">
    <Anchors><Anchor point="LEFT"><Offset><AbsDimension x="0" y="-25"/></Offset></Anchor></Anchors></Button>
  <Button name="FlexTimer31" parent="FlexBarButton31" inherits="FlexTimerTemplate" id="30">
    <Anchors><Anchor point="LEFT"><Offset><AbsDimension x="0" y="-25"/></Offset></Anchor></Anchors></Button>
  <Button name="FlexTimer32" parent="FlexBarButton32" inherits="FlexTimerTemplate" id="31">
    <Anchors><Anchor point="LEFT"><Offset><AbsDimension x="0" y="-25"/></Offset></Anchor></Anchors></Button>
  <Button name="FlexTimer33" parent="FlexBarButton33" inherits="FlexTimerTemplate" id="32">
    <Anchors><Anchor point="LEFT"><Offset><AbsDimension x="0" y="-25"/></Offset></Anchor></Anchors></Button>
  <Button name="FlexTimer34" parent="FlexBarButton34" inherits="FlexTimerTemplate" id="33">
    <Anchors><Anchor point="LEFT"><Offset><AbsDimension x="0" y="-25"/></Offset></Anchor></Anchors></Button>
  <Button name="FlexTimer35" parent="FlexBarButton35" inherits="FlexTimerTemplate" id="34">
    <Anchors><Anchor point="LEFT"><Offset><AbsDimension x="0" y="-25"/></Offset></Anchor></Anchors></Button>
  <Button name="FlexTimer36" parent="FlexBarButton36" inherits="FlexTimerTemplate" id="35">
    <Anchors><Anchor point="LEFT"><Offset><AbsDimension x="0" y="-25"/></Offset></Anchor></Anchors></Button>
  <Button name="FlexTimer37" parent="FlexBarButton37" inherits="FlexTimerTemplate" id="36">
    <Anchors><Anchor point="LEFT"><Offset><AbsDimension x="0" y="-25"/></Offset></Anchor></Anchors></Button>
  <Button name="FlexTimer38" parent="FlexBarButton38" inherits="FlexTimerTemplate" id="37">
    <Anchors><Anchor point="LEFT"><Offset><AbsDimension x="0" y="-25"/></Offset></Anchor></Anchors></Button>
  <Button name="FlexTimer39" parent="FlexBarButton39" inherits="FlexTimerTemplate" id="38">
    <Anchors><Anchor point="LEFT"><Offset><AbsDimension x="0" y="-25"/></Offset></Anchor></Anchors></Button>
  <Button name="FlexTimer40" parent="FlexBarButton40" inherits="FlexTimerTemplate" id="39">
    <Anchors><Anchor point="LEFT"><Offset><AbsDimension x="0" y="-25"/></Offset></Anchor></Anchors></Button>
  <Button name="FlexTimer41" parent="FlexBarButton41" inherits="FlexTimerTemplate" id="40">
    <Anchors><Anchor point="LEFT"><Offset><AbsDimension x="0" y="-25"/></Offset></Anchor></Anchors></Button>
  <Button name="FlexTimer42" parent="FlexBarButton42" inherits="FlexTimerTemplate" id="41">
    <Anchors><Anchor point="LEFT"><Offset><AbsDimension x="0" y="-25"/></Offset></Anchor></Anchors></Button>
  <Button name="FlexTimer43" parent="FlexBarButton43" inherits="FlexTimerTemplate" id="42">
    <Anchors><Anchor point="LEFT"><Offset><AbsDimension x="0" y="-25"/></Offset></Anchor></Anchors></Button>
  <Button name="FlexTimer44" parent="FlexBarButton44" inherits="FlexTimerTemplate" id="43">
    <Anchors><Anchor point="LEFT"><Offset><AbsDimension x="0" y="-25"/></Offset></Anchor></Anchors></Button>
  <Button name="FlexTimer45" parent="FlexBarButton45" inherits="FlexTimerTemplate" id="44">
    <Anchors><Anchor point="LEFT"><Offset><AbsDimension x="0" y="-25"/></Offset></Anchor></Anchors></Button>
  <Button name="FlexTimer46" parent="FlexBarButton46" inherits="FlexTimerTemplate" id="45">
    <Anchors><Anchor point="LEFT"><Offset><AbsDimension x="0" y="-25"/></Offset></Anchor></Anchors></Button>
  <Button name="FlexTimer47" parent="FlexBarButton47" inherits="FlexTimerTemplate" id="46">
    <Anchors><Anchor point="LEFT"><Offset><AbsDimension x="0" y="-25"/></Offset></Anchor></Anchors></Button>
  <Button name="FlexTimer48" parent="FlexBarButton48" inherits="FlexTimerTemplate" id="47">
    <Anchors><Anchor point="LEFT"><Offset><AbsDimension x="0" y="-25"/></Offset></Anchor></Anchors></Button>
  <Button name="FlexTimer49" parent="FlexBarButton49" inherits="FlexTimerTemplate" id="48">
    <Anchors><Anchor point="LEFT"><Offset><AbsDimension x="0" y="-25"/></Offset></Anchor></Anchors></Button>
  <Button name="FlexTimer50" parent="FlexBarButton50" inherits="FlexTimerTemplate" id="49">
    <Anchors><Anchor point="LEFT"><Offset><AbsDimension x="0" y="-25"/></Offset></Anchor></Anchors></Button>
  <Button name="FlexTimer51" parent="FlexBarButton51" inherits="FlexTimerTemplate" id="50">
    <Anchors><Anchor point="LEFT"><Offset><AbsDimension x="0" y="-25"/></Offset></Anchor></Anchors></Button>
  <Button name="FlexTimer52" parent="FlexBarButton52" inherits="FlexTimerTemplate" id="51">
    <Anchors><Anchor point="LEFT"><Offset><AbsDimension x="0" y="-25"/></Offset></Anchor></Anchors></Button>
  <Button name="FlexTimer53" parent="FlexBarButton53" inherits="FlexTimerTemplate" id="52">
    <Anchors><Anchor point="LEFT"><Offset><AbsDimension x="0" y="-25"/></Offset></Anchor></Anchors></Button>
  <Button name="FlexTimer54" parent="FlexBarButton54" inherits="FlexTimerTemplate" id="53">
    <Anchors><Anchor point="LEFT"><Offset><AbsDimension x="0" y="-25"/></Offset></Anchor></Anchors></Button>
  <Button name="FlexTimer55" parent="FlexBarButton55" inherits="FlexTimerTemplate" id="54">
    <Anchors><Anchor point="LEFT"><Offset><AbsDimension x="0" y="-25"/></Offset></Anchor></Anchors></Button>
  <Button name="FlexTimer56" parent="FlexBarButton56" inherits="FlexTimerTemplate" id="55">
    <Anchors><Anchor point="LEFT"><Offset><AbsDimension x="0" y="-25"/></Offset></Anchor></Anchors></Button>
  <Button name="FlexTimer57" parent="FlexBarButton57" inherits="FlexTimerTemplate" id="56">
    <Anchors><Anchor point="LEFT"><Offset><AbsDimension x="0" y="-25"/></Offset></Anchor></Anchors></Button>
  <Button name="FlexTimer58" parent="FlexBarButton58" inherits="FlexTimerTemplate" id="57">
    <Anchors><Anchor point="LEFT"><Offset><AbsDimension x="0" y="-25"/></Offset></Anchor></Anchors></Button>
  <Button name="FlexTimer59" parent="FlexBarButton59" inherits="FlexTimerTemplate" id="58">
    <Anchors><Anchor point="LEFT"><Offset><AbsDimension x="0" y="-25"/></Offset></Anchor></Anchors></Button>
  <Button name="FlexTimer60" parent="FlexBarButton60" inherits="FlexTimerTemplate" id="59">
    <Anchors><Anchor point="LEFT"><Offset><AbsDimension x="0" y="-25"/></Offset></Anchor></Anchors></Button>
  <Button name="FlexTimer61" parent="FlexBarButton61" inherits="FlexTimerTemplate" id="60">
    <Anchors><Anchor point="LEFT"><Offset><AbsDimension x="0" y="-25"/></Offset></Anchor></Anchors></Button>
  <Button name="FlexTimer62" parent="FlexBarButton62" inherits="FlexTimerTemplate" id="61">
    <Anchors><Anchor point="LEFT"><Offset><AbsDimension x="0" y="-25"/></Offset></Anchor></Anchors></Button>
  <Button name="FlexTimer63" parent="FlexBarButton63" inherits="FlexTimerTemplate" id="62">
    <Anchors><Anchor point="LEFT"><Offset><AbsDimension x="0" y="-25"/></Offset></Anchor></Anchors></Button>
  <Button name="FlexTimer64" parent="FlexBarButton64" inherits="FlexTimerTemplate" id="63">
    <Anchors><Anchor point="LEFT"><Offset><AbsDimension x="0" y="-25"/></Offset></Anchor></Anchors></Button>
  <Button name="FlexTimer65" parent="FlexBarButton65" inherits="FlexTimerTemplate" id="64">
    <Anchors><Anchor point="LEFT"><Offset><AbsDimension x="0" y="-25"/></Offset></Anchor></Anchors></Button>
  <Button name="FlexTimer66" parent="FlexBarButton66" inherits="FlexTimerTemplate" id="65">
    <Anchors><Anchor point="LEFT"><Offset><AbsDimension x="0" y="-25"/></Offset></Anchor></Anchors></Button>
  <Button name="FlexTimer67" parent="FlexBarButton67" inherits="FlexTimerTemplate" id="66">
    <Anchors><Anchor point="LEFT"><Offset><AbsDimension x="0" y="-25"/></Offset></Anchor></Anchors></Button>
  <Button name="FlexTimer68" parent="FlexBarButton68" inherits="FlexTimerTemplate" id="67">
    <Anchors><Anchor point="LEFT"><Offset><AbsDimension x="0" y="-25"/></Offset></Anchor></Anchors></Button>
  <Button name="FlexTimer69" parent="FlexBarButton69" inherits="FlexTimerTemplate" id="68">
    <Anchors><Anchor point="LEFT"><Offset><AbsDimension x="0" y="-25"/></Offset></Anchor></Anchors></Button>
  <Button name="FlexTimer70" parent="FlexBarButton70" inherits="FlexTimerTemplate" id="69">
    <Anchors><Anchor point="LEFT"><Offset><AbsDimension x="0" y="-25"/></Offset></Anchor></Anchors></Button>
  <Button name="FlexTimer71" parent="FlexBarButton71" inherits="FlexTimerTemplate" id="70">
    <Anchors><Anchor point="LEFT"><Offset><AbsDimension x="0" y="-25"/></Offset></Anchor></Anchors></Button>
  <Button name="FlexTimer72" parent="FlexBarButton72" inherits="FlexTimerTemplate" id="71">
    <Anchors><Anchor point="LEFT"><Offset><AbsDimension x="0" y="-25"/></Offset></Anchor></Anchors></Button>
  <Button name="FlexTimer73" parent="FlexBarButton73" inherits="FlexTimerTemplate" id="72">
    <Anchors><Anchor point="LEFT"><Offset><AbsDimension x="0" y="-25"/></Offset></Anchor></Anchors></Button>
  <Button name="FlexTimer74" parent="FlexBarButton74" inherits="FlexTimerTemplate" id="73">
    <Anchors><Anchor point="LEFT"><Offset><AbsDimension x="0" y="-25"/></Offset></Anchor></Anchors></Button>
  <Button name="FlexTimer75" parent="FlexBarButton75" inherits="FlexTimerTemplate" id="74">
    <Anchors><Anchor point="LEFT"><Offset><AbsDimension x="0" y="-25"/></Offset></Anchor></Anchors></Button>
  <Button name="FlexTimer76" parent="FlexBarButton76" inherits="FlexTimerTemplate" id="75">
    <Anchors><Anchor point="LEFT"><Offset><AbsDimension x="0" y="-25"/></Offset></Anchor></Anchors></Button>
  <Button name="FlexTimer77" parent="FlexBarButton77" inherits="FlexTimerTemplate" id="76">
    <Anchors><Anchor point="LEFT"><Offset><AbsDimension x="0" y="-25"/></Offset></Anchor></Anchors></Button>
  <Button name="FlexTimer78" parent="FlexBarButton78" inherits="FlexTimerTemplate" id="77">
    <Anchors><Anchor point="LEFT"><Offset><AbsDimension x="0" y="-25"/></Offset></Anchor></Anchors></Button>
  <Button name="FlexTimer79" parent="FlexBarButton79" inherits="FlexTimerTemplate" id="78">
    <Anchors><Anchor point="LEFT"><Offset><AbsDimension x="0" y="-25"/></Offset></Anchor></Anchors></Button>
  <Button name="FlexTimer80" parent="FlexBarButton80" inherits="FlexTimerTemplate" id="79">
    <Anchors><Anchor point="LEFT"><Offset><AbsDimension x="0" y="-25"/></Offset></Anchor></Anchors></Button>
  <Button name="FlexTimer81" parent="FlexBarButton81" inherits="FlexTimerTemplate" id="80">
    <Anchors><Anchor point="LEFT"><Offset><AbsDimension x="0" y="-25"/></Offset></Anchor></Anchors></Button>
  <Button name="FlexTimer82" parent="FlexBarButton82" inherits="FlexTimerTemplate" id="81">
    <Anchors><Anchor point="LEFT"><Offset><AbsDimension x="0" y="-25"/></Offset></Anchor></Anchors></Button>
  <Button name="FlexTimer83" parent="FlexBarButton83" inherits="FlexTimerTemplate" id="82">
    <Anchors><Anchor point="LEFT"><Offset><AbsDimension x="0" y="-25"/></Offset></Anchor></Anchors></Button>
  <Button name="FlexTimer84" parent="FlexBarButton84" inherits="FlexTimerTemplate" id="83">
    <Anchors><Anchor point="LEFT"><Offset><AbsDimension x="0" y="-25"/></Offset></Anchor></Anchors></Button>
  <Button name="FlexTimer85" parent="FlexBarButton85" inherits="FlexTimerTemplate" id="84">
    <Anchors><Anchor point="LEFT"><Offset><AbsDimension x="0" y="-25"/></Offset></Anchor></Anchors></Button>
  <Button name="FlexTimer86" parent="FlexBarButton86" inherits="FlexTimerTemplate" id="85">
    <Anchors><Anchor point="LEFT"><Offset><AbsDimension x="0" y="-25"/></Offset></Anchor></Anchors></Button>
  <Button name="FlexTimer87" parent="FlexBarButton87" inherits="FlexTimerTemplate" id="86">
    <Anchors><Anchor point="LEFT"><Offset><AbsDimension x="0" y="-25"/></Offset></Anchor></Anchors></Button>
  <Button name="FlexTimer88" parent="FlexBarButton88" inherits="FlexTimerTemplate" id="87">
    <Anchors><Anchor point="LEFT"><Offset><AbsDimension x="0" y="-25"/></Offset></Anchor></Anchors></Button>
  <Button name="FlexTimer89" parent="FlexBarButton89" inherits="FlexTimerTemplate" id="88">
    <Anchors><Anchor point="LEFT"><Offset><AbsDimension x="0" y="-25"/></Offset></Anchor></Anchors></Button>
  <Button name="FlexTimer90" parent="FlexBarButton90" inherits="FlexTimerTemplate" id="89">
    <Anchors><Anchor point="LEFT"><Offset><AbsDimension x="0" y="-25"/></Offset></Anchor></Anchors></Button>
  <Button name="FlexTimer91" parent="FlexBarButton91" inherits="FlexTimerTemplate" id="90">
    <Anchors><Anchor point="LEFT"><Offset><AbsDimension x="0" y="-25"/></Offset></Anchor></Anchors></Button>
  <Button name="FlexTimer92" parent="FlexBarButton92" inherits="FlexTimerTemplate" id="91">
    <Anchors><Anchor point="LEFT"><Offset><AbsDimension x="0" y="-25"/></Offset></Anchor></Anchors></Button>
  <Button name="FlexTimer93" parent="FlexBarButton93" inherits="FlexTimerTemplate" id="92">
    <Anchors><Anchor point="LEFT"><Offset><AbsDimension x="0" y="-25"/></Offset></Anchor></Anchors></Button>
  <Button name="FlexTimer94" parent="FlexBarButton94" inherits="FlexTimerTemplate" id="93">
    <Anchors><Anchor point="LEFT"><Offset><AbsDimension x="0" y="-25"/></Offset></Anchor></Anchors></Button>
  <Button name="FlexTimer95" parent="FlexBarButton95" inherits="FlexTimerTemplate" id="94">
    <Anchors><Anchor point="LEFT"><Offset><AbsDimension x="0" y="-25"/></Offset></Anchor></Anchors></Button>
  <Button name="FlexTimer96" parent="FlexBarButton96" inherits="FlexTimerTemplate" id="95">
    <Anchors><Anchor point="LEFT"><Offset><AbsDimension x="0" y="-25"/></Offset></Anchor></Anchors></Button>
  <Button name="FlexTimer97" parent="FlexBarButton97" inherits="FlexTimerTemplate" id="96">
    <Anchors><Anchor point="LEFT"><Offset><AbsDimension x="0" y="-25"/></Offset></Anchor></Anchors></Button>
  <Button name="FlexTimer98" parent="FlexBarButton98" inherits="FlexTimerTemplate" id="97">
    <Anchors><Anchor point="LEFT"><Offset><AbsDimension x="0" y="-25"/></Offset></Anchor></Anchors></Button>
  <Button name="FlexTimer99" parent="FlexBarButton99" inherits="FlexTimerTemplate" id="98">
    <Anchors><Anchor point="LEFT"><Offset><AbsDimension x="0" y="-25"/></Offset></Anchor></Anchors></Button>
  <Button name="FlexTimer100" parent="FlexBarButton100" inherits="FlexTimerTemplate" id="99">
    <Anchors><Anchor point="LEFT"><Offset><AbsDimension x="0" y="-25"/></Offset></Anchor></Anchors></Button>
  <Button name="FlexTimer101" parent="FlexBarButton101" inherits="FlexTimerTemplate" id="100">
    <Anchors><Anchor point="LEFT"><Offset><AbsDimension x="0" y="-25"/></Offset></Anchor></Anchors></Button>
  <Button name="FlexTimer102" parent="FlexBarButton102" inherits="FlexTimerTemplate" id="101">
    <Anchors><Anchor point="LEFT"><Offset><AbsDimension x="0" y="-25"/></Offset></Anchor></Anchors></Button>
  <Button name="FlexTimer103" parent="FlexBarButton103" inherits="FlexTimerTemplate" id="102">
    <Anchors><Anchor point="LEFT"><Offset><AbsDimension x="0" y="-25"/></Offset></Anchor></Anchors></Button>
  <Button name="FlexTimer104" parent="FlexBarButton104" inherits="FlexTimerTemplate" id="103">
    <Anchors><Anchor point="LEFT"><Offset><AbsDimension x="0" y="-25"/></Offset></Anchor></Anchors></Button>
  <Button name="FlexTimer105" parent="FlexBarButton105" inherits="FlexTimerTemplate" id="104">
    <Anchors><Anchor point="LEFT"><Offset><AbsDimension x="0" y="-25"/></Offset></Anchor></Anchors></Button>
  <Button name="FlexTimer106" parent="FlexBarButton106" inherits="FlexTimerTemplate" id="105">
    <Anchors><Anchor point="LEFT"><Offset><AbsDimension x="0" y="-25"/></Offset></Anchor></Anchors></Button>
  <Button name="FlexTimer107" parent="FlexBarButton107" inherits="FlexTimerTemplate" id="106">
    <Anchors><Anchor point="LEFT"><Offset><AbsDimension x="0" y="-25"/></Offset></Anchor></Anchors></Button>
  <Button name="FlexTimer108" parent="FlexBarButton108" inherits="FlexTimerTemplate" id="107">
    <Anchors><Anchor point="LEFT"><Offset><AbsDimension x="0" y="-25"/></Offset></Anchor></Anchors></Button>
  <Button name="FlexTimer109" parent="FlexBarButton109" inherits="FlexTimerTemplate" id="108">
    <Anchors><Anchor point="LEFT"><Offset><AbsDimension x="0" y="-25"/></Offset></Anchor></Anchors></Button>
  <Button name="FlexTimer110" parent="FlexBarButton110" inherits="FlexTimerTemplate" id="109">
    <Anchors><Anchor point="LEFT"><Offset><AbsDimension x="0" y="-25"/></Offset></Anchor></Anchors></Button>
  <Button name="FlexTimer111" parent="FlexBarButton111" inherits="FlexTimerTemplate" id="110">
    <Anchors><Anchor point="LEFT"><Offset><AbsDimension x="0" y="-25"/></Offset></Anchor></Anchors></Button>
  <Button name="FlexTimer112" parent="FlexBarButton112" inherits="FlexTimerTemplate" id="111">
    <Anchors><Anchor point="LEFT"><Offset><AbsDimension x="0" y="-25"/></Offset></Anchor></Anchors></Button>
  <Button name="FlexTimer113" parent="FlexBarButton113" inherits="FlexTimerTemplate" id="112">
    <Anchors><Anchor point="LEFT"><Offset><AbsDimension x="0" y="-25"/></Offset></Anchor></Anchors></Button>
  <Button name="FlexTimer114" parent="FlexBarButton114" inherits="FlexTimerTemplate" id="113">
    <Anchors><Anchor point="LEFT"><Offset><AbsDimension x="0" y="-25"/></Offset></Anchor></Anchors></Button>
  <Button name="FlexTimer115" parent="FlexBarButton115" inherits="FlexTimerTemplate" id="114">
    <Anchors><Anchor point="LEFT"><Offset><AbsDimension x="0" y="-25"/></Offset></Anchor></Anchors></Button>
  <Button name="FlexTimer116" parent="FlexBarButton116" inherits="FlexTimerTemplate" id="115">
    <Anchors><Anchor point="LEFT"><Offset><AbsDimension x="0" y="-25"/></Offset></Anchor></Anchors></Button>
  <Button name="FlexTimer117" parent="FlexBarButton117" inherits="FlexTimerTemplate" id="116">
    <Anchors><Anchor point="LEFT"><Offset><AbsDimension x="0" y="-25"/></Offset></Anchor></Anchors></Button>
  <Button name="FlexTimer118" parent="FlexBarButton118" inherits="FlexTimerTemplate" id="117">
    <Anchors><Anchor point="LEFT"><Offset><AbsDimension x="0" y="-25"/></Offset></Anchor></Anchors></Button>
  <Button name="FlexTimer119" parent="FlexBarButton119" inherits="FlexTimerTemplate" id="118">
    <Anchors><Anchor point="LEFT"><Offset><AbsDimension x="0" y="-25"/></Offset></Anchor></Anchors></Button>
  <Button name="FlexTimer120" parent="FlexBarButton120" inherits="FlexTimerTemplate" id="119">
    <Anchors><Anchor point="LEFT"><Offset><AbsDimension x="0" y="-25"/></Offset></Anchor></Anchors></Button>

</Ui>
