<Ui xmlns="http://www.blizzard.com/wow/ui/" xmlns:xsi="http://www.w3.org/2001/XMLSchema-instance" xsi:schemaLocation="http://www.blizzard.com/wow/ui/">
	<Script file="localization.lua"/>
	<Script file="RangeHelp.lua"/>	
	
	<GameTooltip name="RangeHelpActionTip" frameStrata="TOOLTIP" hidden="true" parent="UIParent" inherits="GameTooltipTemplate">	
	</GameTooltip>
	
	<Frame name="RangeHelp">
		<Scripts>
			<OnLoad>
				RangeHelp_OnLoad();
			</OnLoad>
         	<OnUpdate> 
         		RangeHelp_OnUpdate();
         	</OnUpdate> 
         	<OnEvent>
				RangeHelp_OnEvent(event);
         	</OnEvent>
		</Scripts>
		<Frames>
			<EditBox name="DummyEditBox" letters="255" historyLines="0" hidden="true"/>
		</Frames>
	</Frame>
	
	<Frame name="TargetRangeInfo" toplevel="true" frameStrata="DIALOG" resizable="true" movable="true" enableMouse="true" hidden="true" parent="UIParent">>
        <Size>
            <AbsDimension x="135" y="35"/>
        </Size>
        <Anchors>
            <Anchor point="TOP" relativeTo="UIParent" relativePoint="TOP">
            	<Offset>
					<AbsDimension x="0" y="-20"/>
            	</Offset>
    	    </Anchor>
        </Anchors>
		<Backdrop bgFile="Interface\Tooltips\UI-Tooltip-Background" edgeFile="Interface\Tooltips\UI-Tooltip-Border" tile="true">
			<BackgroundInsets>
				<AbsInset left="4" right="4" top="4" bottom="4"/>
			</BackgroundInsets>
			<TileSize>
				<AbsValue val="8"/>
			</TileSize>
			<EdgeSize>
				<AbsValue val="16"/>
			</EdgeSize>
		</Backdrop>
		<Frames>
			<Frame name="RangeInfoFontFrame" setAllPoints="true">
				<Layers>
					<Layer level="OVERLAY">
						<FontString name="TargetRange" inherits="GameFontNormal" text=""/>
					</Layer>
				</Layers>
			</Frame>
		</Frames>
        <Scripts>
			<OnLoad>
				this:RegisterForDrag("LeftButton");
			</OnLoad>
			<OnMouseDown>RangeHelp_OnMouseDown(); </OnMouseDown>
			<OnDragStart>RangeHelp_OnDragStart(); </OnDragStart>
			<OnDragStop>RangeHelp_OnDragStop(); </OnDragStop>
		</Scripts>
    </Frame>
</Ui>
