<Ui xmlns="http://www.blizzard.com/wow/ui/" xmlns:xsi="http://www.w3.org/2001/XMLSchema-instance" xsi:schemaLocation="http://www.blizzard.com/wow/ui/ ..\FrameXML\UI.xsd">
	<Script file="RangeHelpOption.lua"/>
	<ColorSelect name="RangeHelpColorPicker" toplevel="true" parent="UIParent" movable="true" enableMouse="true" enableKeyboard="true" hidden="true">
		<Size>
			<AbsDimension x="365" y="200"/>
		</Size>
		<Anchors>
			<Anchor point="LEFT" relativeTo="RangeHelpUISetup" relativePoint="RIGHT"/>
		</Anchors>
		<Backdrop bgFile="Interface\DialogFrame\UI-DialogBox-Background" edgeFile="Interface\DialogFrame\UI-DialogBox-Border" tile="true">
			<BackgroundInsets>
				<AbsInset left="11" right="12" top="12" bottom="11"/>
			</BackgroundInsets>
			<TileSize>
				<AbsValue val="32"/>
			</TileSize>
			<EdgeSize>
				<AbsValue val="32"/>
			</EdgeSize>
		</Backdrop>
		<Layers>
			<Layer level="ARTWORK">
				<Texture name="RangeHelpColorSwatch">
					<Size>
						<AbsDimension x="32" y="32"/>
					</Size>
					<Anchors>
						<Anchor point="TOPLEFT">
							<Offset>
								<AbsDimension x="225" y="-32"/>
							</Offset>
						</Anchor>
					</Anchors>
					<Color r="1.0" g="1.0" b="1.0" a="1.0"/>
				</Texture>
				<Texture name="RangeHelpColorPickerHeader" file="Interface\DialogFrame\UI-DialogBox-Header">
					<Size>
						<AbsDimension x="256" y="64"/>
					</Size>
					<Anchors>
						<Anchor point="TOP">
							<Offset>
								<AbsDimension x="0" y="12"/>
							</Offset>
						</Anchor>
					</Anchors>
				</Texture>
				<FontString inherits="GameFontNormal" text="Colour Picker">
					<Anchors>
						<Anchor point="TOP" relativeTo="RangeHelpColorPickerHeader">
							<Offset>
								<AbsDimension x="0" y="-14"/>
							</Offset>
						</Anchor>
					</Anchors>
				</FontString>
			</Layer>
		</Layers>
		<Frames>
			<Button name="RangeHelpColorPickerCancel" inherits="GameMenuButtonTemplate" text="CANCEL">
				<Anchors>
					<Anchor point="BOTTOMRIGHT">
						<Offset>
							<AbsDimension x="-10" y="10"/>
						</Offset>
					</Anchor>
				</Anchors>
				<Scripts>
					<OnClick>
						HideUIPanel(this:GetParent());
						RangeHelpUIOption_ColorCancel();
					</OnClick>
				</Scripts>
			</Button>
			<Button name="RangeHelpColorPickerOkay" inherits="GameMenuButtonTemplate" text="OKAY">
				<Anchors>
					<Anchor point="RIGHT" relativeTo="RangeHelpColorPickerCancel" relativePoint="LEFT">
						<Offset>
							<AbsDimension x="0" y="0"/>
						</Offset>
					</Anchor>
				</Anchors>
				<Scripts>
					<OnClick>
						HideUIPanel(this:GetParent());
						RangeHelpUIOption_ColorOkay();
					</OnClick>
				</Scripts>
			</Button>
			<Slider name="RangeHelpOpacitySlider" orientation="VERTICAL" minValue="0" maxValue="1" valueStep="0.01" defaultValue="1">
				<Size>
					<AbsDimension x="16" y="128"/>
				</Size>
				<Anchors>
					<Anchor point="TOPLEFT" relativeTo="RangeHelpColorSwatch" relativePoint="TOPRIGHT">
						<Offset>
							<AbsDimension x="32" y="0"/>
						</Offset>
					</Anchor>
				</Anchors>
				<Backdrop bgFile="Interface\Buttons\UI-SliderBar-Background" edgeFile="Interface\Buttons\UI-SliderBar-Border" tile="true">
					<EdgeSize>
						<AbsValue val="8"/>
					</EdgeSize>
					<TileSize>
						<AbsValue val="8"/>
					</TileSize>
					<BackgroundInsets>
						<AbsInset left="3" right="3" top="6" bottom="6"/>
					</BackgroundInsets>
				</Backdrop>
				<Layers>
					<Layer level="ARTWORK">
						<FontString name="$parentText" inherits="GameFontNormalSmall">
							<Anchors>
								<Anchor point="BOTTOM" relativePoint="TOP"/>
							</Anchors>
						</FontString>
						<FontString inherits="GameFontHighlightSmall" text="0%">
							<Anchors>
								<Anchor point="BOTTOMLEFT" relativePoint="BOTTOMRIGHT">
									<Offset>
										<AbsDimension x="2" y="3"/>
									</Offset>
								</Anchor>
							</Anchors>
						</FontString>
						<FontString inherits="GameFontHighlightSmall" text="100%">
							<Anchors>
								<Anchor point="TOPLEFT" relativePoint="TOPRIGHT">
									<Offset>
										<AbsDimension x="-2" y="3"/>
									</Offset>
								</Anchor>
							</Anchors>
						</FontString>
					</Layer>
				</Layers>
				<Scripts>
					<OnValueChanged>
						RangeHelpUIOption_ColorOpacityChange();
					</OnValueChanged>
				</Scripts>
				<ThumbTexture file="Interface\Buttons\UI-SliderBar-Button-Vertical">
					<Size>
						<AbsDimension x="32" y="32"/>
					</Size>
				</ThumbTexture>
			</Slider>
		</Frames>
		<Scripts>
			<OnColorSelect>
				RangeHelpColorSwatch:SetTexture(arg1, arg2, arg3);
				RangeHelpUIOption_ColorSelect();
			</OnColorSelect>
			<OnKeyDown>
				if (arg1 == "ESCAPE") then
					HideUIPanel(this);
					RangeHelpUIOption_ColorCancel();
				end
			</OnKeyDown>
		</Scripts>
		<ColorWheelTexture name="RangeHelpColorPickerWheel">
			<Size>
				<AbsDimension x="128" y="128"/>
			</Size>
			<Anchors>
				<Anchor point="TOPLEFT">
					<Offset>
						<AbsDimension x="16" y="-32"/>
					</Offset>
				</Anchor>
			</Anchors>
		</ColorWheelTexture>
		<ColorWheelThumbTexture file="Interface\Buttons\UI-ColorPicker-Buttons">
			<Size>
				<AbsDimension x="10" y="10"/>
			</Size>
			<TexCoords left="0" right="0.15625" top="0" bottom="0.625"/>
		</ColorWheelThumbTexture>
		<ColorValueTexture>
			<Size>
				<AbsDimension x="32" y="128"/>
			</Size>
			<Anchors>
				<Anchor point="LEFT" relativeTo="RangeHelpColorPickerWheel" relativePoint="RIGHT">
					<Offset>
						<AbsDimension x="24" y="0"/>
					</Offset>
				</Anchor>
			</Anchors>
		</ColorValueTexture>
		<ColorValueThumbTexture file="Interface\Buttons\UI-ColorPicker-Buttons">
			<Size>
				<AbsDimension x="48" y="14"/>
			</Size>
			<TexCoords left="0.25" right="1.0" top="0" bottom="0.875"/>
		</ColorValueThumbTexture>
	</ColorSelect>
</Ui>
