<Ui xmlns="http://www.blizzard.com/wow/ui/" xmlns:xsi="http://www.w3.org/2001/XMLSchema-instance" xsi:schemaLocation="http://www.blizzard.com/wow/ui/">
	<Script file="RangeHelpOption.lua"/>
	<EditBox name="RangeHelpEditBoxTemplate" historyLines="0"  autoFocus="false" virtual="true">
		<Size>
			<AbsDimension x="100" y="30"/>
		</Size>
		<Anchors>
			<Anchor point="TOPLEFT" relativeTo="$parent" relativePoint="BOTTOMLEFT"/>
		</Anchors>
		<Layers>
			<Layer level="BACKGROUND">
				<Texture name="$parentLeft" file="Interface\Common\Common-Input-Border">
					<Size>
						<AbsDimension x="8" y="30"/>
					</Size>
					<Anchors>
						<Anchor point="TOPLEFT">
							<Offset><AbsDimension x="-5" y="0"/></Offset>
						</Anchor>
					</Anchors>
					<TexCoords left="0" right="0.0625" top="0" bottom="0.625"/>
				</Texture>
				<Texture name="$parentRight" file="Interface\Common\Common-Input-Border">
					<Size>
						<AbsDimension x="8" y="30"/>
					</Size>
					<Anchors>
						<Anchor point="RIGHT">
							<Offset><AbsDimension x="-10" y="0"/></Offset>
						</Anchor>
					</Anchors>
					<TexCoords left="0.9375" right="1.0" top="0" bottom="0.625"/>
				</Texture>
				<Texture name="$parentMiddle" file="Interface\Common\Common-Input-Border">
					<Size>
						<AbsDimension x="10" y="30"/>
					</Size>
					<Anchors>
						<Anchor point="LEFT" relativeTo="$parentLeft" relativePoint="RIGHT"/>
						<Anchor point="RIGHT" relativeTo="$parentRight" relativePoint="LEFT"/>
					</Anchors>
					<TexCoords left="0.0625" right="0.9375" top="0" bottom="0.625"/>
				</Texture>
				<FontString name="$parent_Description" inherits="GameFontNormal" justifyH="LEFT" text="Format String">
					<Anchors><Anchor point="TOPLEFT" relativeTo="$parent" relativePoint="TOPLEFT">
							<Offset><AbsDimension x="-125" y="-8"/></Offset>
					</Anchor></Anchors>					
				</FontString>					
			</Layer>
		</Layers>				
		<FontString inherits="GameFontNormal"/>
		<TextInsets left="2" right="10" top="0" bottom="2"/>		
	</EditBox>
	
	<CheckButton name="RangeHelpCheckButtonTemplate" virtual="true">
		<Size>
			<AbsDimension x="24" y="24"/>
		</Size>
		<Layers>
			<Layer level="ARTWORK">
				<FontString name="$parentText" inherits="GameFontNormal" text="">
					<Anchors>
						<Anchor point="LEFT" relativePoint="RIGHT">
							<Offset>
								<AbsDimension x="-2" y="0"/>
							</Offset>
						</Anchor>
					</Anchors>
				</FontString>
			</Layer>
		</Layers>
		<NormalTexture file="Interface\Buttons\UI-CheckBox-Up"/>
		<PushedTexture file="Interface\Buttons\UI-CheckBox-Down"/>
		<HighlightTexture file="Interface\Buttons\UI-CheckBox-Highlight" alphaMode="ADD"/>
		<CheckedTexture file="Interface\Buttons\UI-CheckBox-Check"/>
		<DisabledCheckedTexture file="Interface\Buttons\UI-CheckBox-Check-Disabled"/>
	</CheckButton>	
	
	<Frame name="RangeHelpSetup" toplevel="true" frameStrata="DIALOG" movable="true" enableMouse="true" hidden="true" parent="UIParent">
		<Size>
			<AbsDimension x="270" y="400"/>
		</Size>
		
		<Anchors>
			<Anchor point="TOP">
				<Offset>
					<AbsDimension x="0" y="-40"/>
				</Offset>
			</Anchor>
		</Anchors>
		
		<Backdrop bgFile="Interface\DialogFrame\UI-DialogBox-Background" edgeFile="Interface\DialogFrame\UI-DialogBox-Border" tile="true">
			<BackgroundInsets>
				<AbsInset left="11" bottom="11" right="11" top="11"/>
			</BackgroundInsets>
			<TileSize>
				<AbsValue val="32"/>
			</TileSize>
			<EdgeSize>
				<AbsValue val="32"/>
			</EdgeSize>
		</Backdrop>	
		
		<Layers>
			<Layer level="ARTWORK">
				<Texture name="TitleFrame" file="Interface\DialogFrame\UI-DialogBox-Header">
					<Size>
						<AbsDimension x="256" y="64"/>
					</Size>
					<Anchors>
						<Anchor point="TOP">
							<Offset>
								<AbsDimension x="0" y="12"/>
							</Offset>
						</Anchor>
					</Anchors>
				</Texture>
				<FontString name="SetupVersionText" inherits="GameFontNormal" text="">
					<Anchors>
						<Anchor point="TOP" relativeTo="TitleFrame">
							<Offset>
								<AbsDimension x="0" y="-14"/>
							</Offset>
						</Anchor>
					</Anchors>
				</FontString>
			</Layer>
		</Layers>		
		<Frames>
			<EditBox name="MeleeSpell" inherits="RangeHelpEditBoxTemplate" letters="50">
				<Anchors>
					<Anchor point="TOPLEFT" relativePoint="TOPLEFT" relativeTo="$parent">
						<Offset><AbsDimension x="150" y="-30" /></Offset>
					</Anchor>
				</Anchors>
			</EditBox>
			<EditBox name="RangeSpell" inherits="RangeHelpEditBoxTemplate" parent="MeleeSpell" letters="50"/>
			<EditBox name="MeleeBar" inherits="RangeHelpEditBoxTemplate" parent="RangeSpell" letters="2">
				<Size>
					<AbsDimension x="30" y="30"/>
				</Size>
			</EditBox>
			<EditBox name="RangeBar" inherits="RangeHelpEditBoxTemplate" parent="MeleeBar" letters="2">
				<Size>
					<AbsDimension x="30" y="30"/>
				</Size>
			</EditBox>
			<CheckButton name="LockCombatBar" inherits="RangeHelpCheckButtonTemplate">
				<Anchors><Anchor point="TOPLEFT" relativeTo="RangeBar_Description" relativePoint="BOTTOMLEFT">
					<Offset>
						<AbsDimension x="0" y="-14"/>
					</Offset>
				</Anchor></Anchors>
			</CheckButton>
			<CheckButton name="HideRangeInfo" inherits="RangeHelpCheckButtonTemplate">
				<Anchors><Anchor point="TOPLEFT" relativeTo="LockCombatBar" relativePoint="BOTTOMLEFT">
				</Anchor></Anchors>
			</CheckButton>
			<CheckButton name="DeadZoneBarSwitch" inherits="RangeHelpCheckButtonTemplate">
				<Anchors><Anchor point="TOPLEFT" relativeTo="HideRangeInfo" relativePoint="BOTTOMLEFT">
				</Anchor></Anchors>
			</CheckButton>
			<CheckButton name="DisableBarSwitch" inherits="RangeHelpCheckButtonTemplate">
				<Anchors><Anchor point="TOPLEFT" relativeTo="DeadZoneBarSwitch" relativePoint="BOTTOMLEFT">
				</Anchor></Anchors>
			</CheckButton>
			<CheckButton name="EnableRangeHelp" inherits="RangeHelpCheckButtonTemplate">
				<Anchors><Anchor point="TOPLEFT" relativeTo="DisableBarSwitch" relativePoint="BOTTOMLEFT">
				</Anchor></Anchors>
			</CheckButton>
			
			<Button name="OptionApply" inherits="GameMenuButtonTemplate" text="">
				<Size>
					<AbsDimension x="75" y="25"/>
				</Size>
				<Anchors>
					<Anchor point="TOPLEFT" relativePoint="BOTTOMLEFT" relativeTo="EnableRangeHelp">
						<Offset><AbsDimension x="0" y="-35" /></Offset>
					</Anchor>
				</Anchors>
				<Scripts><OnClick>RangeHelpOption_ApplyBut();</OnClick></Scripts>
			</Button>
			<Button name="OptionConfirm" inherits="GameMenuButtonTemplate" text="">
				<Size>
					<AbsDimension x="75" y="25"/>
				</Size>
				<Anchors>
					<Anchor point="TOPLEFT" relativePoint="TOPRIGHT" relativeTo="OptionApply">
					</Anchor>
				</Anchors>
				<Scripts><OnClick>RangeHelpOption_ConfirmBut();</OnClick></Scripts>
			</Button>
			<Button name="OptionCancel" inherits="GameMenuButtonTemplate" text="">
				<Size>
					<AbsDimension x="75" y="25"/>
				</Size>
				<Anchors>
					<Anchor point="TOPLEFT" relativePoint="TOPRIGHT" relativeTo="OptionConfirm">
					</Anchor>
				</Anchors>
				<Scripts><OnClick>RangeHelpOption_CancelBut();</OnClick></Scripts>
			</Button>			
			<Button name="OptionCust" inherits="GameMenuButtonTemplate" text="">
				<Size>
					<AbsDimension x="250" y="25"/>
				</Size>
				<Anchors>
					<Anchor point="TOP" relativePoint="BOTTOM" relativeTo="OptionConfirm">
					</Anchor>
				</Anchors>
				<Scripts><OnClick>RangeHelpOption_CustBut();</OnClick></Scripts>
			</Button>	
			<Button name="OptionSpellKeyBind" inherits="GameMenuButtonTemplate" text="">
				<Size>
					<AbsDimension x="250" y="25"/>
				</Size>
				<Anchors>
					<Anchor point="TOP" relativePoint="BOTTOM" relativeTo="OptionCust">
					</Anchor>
				</Anchors>
				<Scripts><OnClick>ShowUIPanel(RangeHelpKeySpellSetup);</OnClick></Scripts>
			</Button>	
			<Button name="OptionCustSpell" inherits="GameMenuButtonTemplate" text="">
				<Size>
					<AbsDimension x="250" y="25"/>
				</Size>
				<Anchors>
					<Anchor point="BOTTOM" relativePoint="TOP" relativeTo="OptionConfirm">
					</Anchor>
				</Anchors>
				<Scripts><OnClick>RangeHelpOption_CustSpell();</OnClick></Scripts>
			</Button>		
		</Frames>
		
		<Scripts>
			<OnLoad>
				RangeHelpOption_OnLoad();
				this:RegisterForDrag("LeftButton");
			</OnLoad>
			<OnShow>
				RangeHelpOption_OnShow();
			</OnShow>
			<OnDragStart>this:StartMoving(); </OnDragStart>
			<OnDragStop>this:StopMovingOrSizing(); </OnDragStop>
		</Scripts>
	</Frame>
	
	<Frame name="RangeHelpUISetup" toplevel="true" frameStrata="DIALOG" movable="true" enableMouse="true" hidden="true" parent="UIParent">
		<Size>
			<AbsDimension x="270" y="495"/>
		</Size>
		
		<Anchors>
			<Anchor point="TOP">
				<Offset>
					<AbsDimension x="0" y="-40"/>
				</Offset>
			</Anchor>
		</Anchors>
		
		<Backdrop bgFile="Interface\DialogFrame\UI-DialogBox-Background" edgeFile="Interface\DialogFrame\UI-DialogBox-Border" tile="true">
			<BackgroundInsets>
				<AbsInset left="11" bottom="11" right="11" top="11"/>
			</BackgroundInsets>
			<TileSize>
				<AbsValue val="32"/>
			</TileSize>
			<EdgeSize>
				<AbsValue val="32"/>
			</EdgeSize>
		</Backdrop>	
		
		<Layers>
			<Layer level="ARTWORK">
				<Texture name="UITitleFrame" file="Interface\DialogFrame\UI-DialogBox-Header">
					<Size>
						<AbsDimension x="256" y="64"/>
					</Size>
					<Anchors>
						<Anchor point="TOP">
							<Offset>
								<AbsDimension x="0" y="12"/>
							</Offset>
						</Anchor>
					</Anchors>
				</Texture>
				<FontString name="UIVersionText" inherits="GameFontNormal" text="">
					<Anchors>
						<Anchor point="TOP" relativeTo="UITitleFrame">
							<Offset>
								<AbsDimension x="0" y="-14"/>
							</Offset>
						</Anchor>
					</Anchors>
				</FontString>
			</Layer>
		</Layers>			
		
		<Frames>
			<CheckButton name="ResizeCheck" inherits="RangeHelpCheckButtonTemplate">
				<Anchors><Anchor point="TOPLEFT" relativeTo="$parent" relativePoint="TOPLEFT">
					<Offset><AbsDimension x="15" y="-25"/></Offset>
				</Anchor></Anchors>
				<Scripts><OnClick>RangeHelpUIOption_ResizeCheck();</OnClick></Scripts>
			</CheckButton>
			<CheckButton name="MoveCheck" parent="ResizeCheck" inherits="RangeHelpCheckButtonTemplate">
				<Anchors><Anchor point="TOPLEFT" relativeTo="$parent" relativePoint="BOTTOMLEFT"/></Anchors>
				<Scripts><OnClick>RangeHelpUIOption_MoveCheck();</OnClick></Scripts>
			</CheckButton>
			<Slider name="FontHeight" inherits="OptionsSliderTemplate">
				<Size x="120" y="17"/>
				<Anchors><Anchor point="TOPRIGHT" relativeTo="RangeHelpUISetup" relativePoint="TOPRIGHT">
					<Offset><AbsDimension x="-20" y="-40"/></Offset>
				</Anchor></Anchors>
				<Scripts><OnValueChanged>RangeHelpUIOption_FontHeightChanged();</OnValueChanged></Scripts>
			</Slider>
			<CheckButton name="BGLock" parent="MoveCheck" inherits="RangeHelpCheckButtonTemplate">
				<Anchors><Anchor point="TOPLEFT" relativeTo="$parent" relativePoint="BOTTOMLEFT">
					<Offset><AbsDimension x="0" y="-30"/></Offset>
				</Anchor></Anchors>
				<Scripts><OnClick>RangeHelpUIOption_ColorSetup();</OnClick></Scripts>				
			</CheckButton>
			<CheckButton name="BorderLock" parent="BGLock" inherits="RangeHelpCheckButtonTemplate">
				<Anchors><Anchor point="TOPLEFT" relativeTo="$parent" relativePoint="BOTTOMLEFT"/></Anchors>
				<Scripts><OnClick>RangeHelpUIOption_ColorSetup();</OnClick></Scripts>
			</CheckButton>
			<CheckButton name="FontLock" parent="BorderLock" inherits="RangeHelpCheckButtonTemplate">
				<Anchors><Anchor point="TOPLEFT" relativeTo="$parent" relativePoint="BOTTOMLEFT"/></Anchors>
				<Scripts><OnClick>RangeHelpUIOption_ColorSetup();</OnClick></Scripts>				
			</CheckButton>
			<CheckButton name="BGBorLink" parent="FontLock" inherits="RangeHelpCheckButtonTemplate">
				<Anchors><Anchor point="TOPLEFT" relativeTo="$parent" relativePoint="BOTTOMLEFT"/></Anchors>
				<Scripts><OnClick>
					if(BGBorLink:GetChecked() == 1) then
						BorderLock:SetChecked(0);
						BorderLock:Disable();
					else
						BorderLock:Enable();
					end
					RangeHelpUIOption_ColorSetup();
				</OnClick></Scripts>				
			</CheckButton>
			<Frame name="RangeDropDown" inherits="UIDropDownMenuTemplate" id="1">
				<Anchors>
					<Anchor point="TOP" relativeTo="BGBorLink" relativePoint="BOTTOM">
						<Offset>
							<AbsDimension x="50" y="-20"/>
						</Offset>
					</Anchor>
				</Anchors>
				<Layers>
					<Layer level="OVERLAY">
						<FontString name="RangeStateText" inherits="GameFontNormal" text="">
							<Anchors>
								<Anchor point="BOTTOMLEFT" relativePoint="TOPLEFT">
									<Offset>
										<AbsDimension x="40" y="0"/>
									</Offset>
								</Anchor>
							</Anchors>
						</FontString>
					</Layer>
				</Layers>
				<Scripts>
					<OnLoad>
						RangeDropDown_OnLoad();
					</OnLoad>
				</Scripts>
			</Frame>
			<Button name="BGColorSel" inherits="GameMenuButtonTemplate" text="">
				<Size>
					<AbsDimension x="140" y="25"/>
				</Size>
				<Anchors>
					<Anchor point="TOP" relativePoint="BOTTOMRIGHT" relativeTo="RangeDropDown">
						<Offset>
							<AbsDimension x="40" y="0"/>
						</Offset>
					</Anchor>
				</Anchors>
				<Scripts><OnClick>RangeHelpUIOption_BGColourSel();</OnClick></Scripts>
			</Button>
			<Button name="BorColorSel" inherits="GameMenuButtonTemplate" text="">
				<Size>
					<AbsDimension x="140" y="25"/>
				</Size>
				<Anchors>
					<Anchor point="TOP" relativePoint="BOTTOM" relativeTo="BGColorSel">
					</Anchor>
				</Anchors>
				<Scripts><OnClick>RangeHelpUIOption_BorColourSel();</OnClick></Scripts>
			</Button>
			<Button name="FontColorSel" inherits="GameMenuButtonTemplate" text="">
				<Size>
					<AbsDimension x="140" y="25"/>
				</Size>
				<Anchors>
					<Anchor point="TOP" relativePoint="BOTTOM" relativeTo="BorColorSel">
					</Anchor>
				</Anchors>
				<Scripts><OnClick>RangeHelpUIOption_FontColourSel();</OnClick></Scripts>
			</Button>
			<EditBox name="StateText" inherits="RangeHelpEditBoxTemplate" parent="FontColorSel" letters="50">
				<Size>
					<AbsDimension x="100" y="30"/>
				</Size>
				<Anchors><Anchor point="TOPLEFT" relativeTo="$parent" relativePoint="BOTTOMLEFT">
					<Offset><AbsDimension x="45" y="0"/></Offset>
				</Anchor></Anchors>
				<Scripts><OnTextChanged>RangeHelpUIOption_StateTextChanged();</OnTextChanged></Scripts>
			</EditBox>
			
			<Button name="UIOptionApply" inherits="GameMenuButtonTemplate" text="">
				<Size>
					<AbsDimension x="75" y="25"/>
				</Size>
				<Anchors>
					<Anchor point="BOTTOMLEFT" relativePoint="BOTTOMLEFT" relativeTo="$parent">
						<Offset><AbsDimension x="25" y="40" /></Offset>
					</Anchor>
				</Anchors>
				<Scripts><OnClick>RangeHelpUIOption_ApplyBut();</OnClick></Scripts>
			</Button>
			<Button name="UIOptionConfirm" inherits="GameMenuButtonTemplate" text="">
				<Size>
					<AbsDimension x="75" y="25"/>
				</Size>
				<Anchors>
					<Anchor point="TOPLEFT" relativePoint="TOPRIGHT" relativeTo="UIOptionApply">
					</Anchor>
				</Anchors>
				<Scripts><OnClick>RangeHelpUIOption_ConfirmBut();</OnClick></Scripts>
			</Button>
			<Button name="UIOptionCancel" inherits="GameMenuButtonTemplate" text="">
				<Size>
					<AbsDimension x="75" y="25"/>
				</Size>
				<Anchors>
					<Anchor point="TOPLEFT" relativePoint="TOPRIGHT" relativeTo="UIOptionConfirm">
					</Anchor>
				</Anchors>
				<Scripts><OnClick>RangeHelpUIOption_CancelBut();</OnClick></Scripts>
			</Button>			
			<Button name="UIOptionDefault" inherits="GameMenuButtonTemplate" text="">
				<Size>
					<AbsDimension x="100" y="25"/>
				</Size>
				<Anchors>
					<Anchor point="TOP" relativePoint="BOTTOM" relativeTo="UIOptionConfirm">
					</Anchor>
				</Anchors>
				<Scripts><OnClick>RangeHelpUIOption_DefaultBut();</OnClick></Scripts>
			</Button>	
			<Button name="UIOptionResetFrameLoc" inherits="GameMenuButtonTemplate" text="">
				<Size>
					<AbsDimension x="200" y="25"/>
				</Size>
				<Anchors>
					<Anchor point="BOTTOM" relativePoint="TOP" relativeTo="UIOptionConfirm">
					</Anchor>
				</Anchors>
				<Scripts><OnClick>RangeHelpUIOption_ResetFrameLocBut();</OnClick></Scripts>
			</Button>						
		</Frames>
		
		<Scripts>
			<OnLoad>
				RangeHelpUIOption_OnLoad();
				this:RegisterForDrag("LeftButton");
			</OnLoad>
			<OnShow>
				RangeHelpUIOption_OnShow();
			</OnShow>
			<OnEvent>
				RangeHelpUIOption_OnEvent(event);
			</OnEvent>
			<OnDragStart>this:StartMoving(); </OnDragStart>
			<OnDragStop>this:StopMovingOrSizing(); </OnDragStop>
		</Scripts>

	</Frame>
	
	<Frame name="RangeHelpKeySpellSetup" toplevel="true" frameStrata="DIALOG" movable="true" enableMouse="true" hidden="true" parent="UIParent">
		<Size>
			<AbsDimension x="270" y="390"/>
		</Size>
		
		<Anchors>
			<Anchor point="TOP">
				<Offset>
					<AbsDimension x="0" y="-40"/>
				</Offset>
			</Anchor>
		</Anchors>
		
		<Backdrop bgFile="Interface\DialogFrame\UI-DialogBox-Background" edgeFile="Interface\DialogFrame\UI-DialogBox-Border" tile="true">
			<BackgroundInsets>
				<AbsInset left="11" bottom="11" right="11" top="11"/>
			</BackgroundInsets>
			<TileSize>
				<AbsValue val="32"/>
			</TileSize>
			<EdgeSize>
				<AbsValue val="32"/>
			</EdgeSize>
		</Backdrop>	
		
		<Layers>
			<Layer level="ARTWORK">
				<Texture name="RHKeySpellTitleFrame" file="Interface\DialogFrame\UI-DialogBox-Header">
					<Size>
						<AbsDimension x="256" y="64"/>
					</Size>
					<Anchors>
						<Anchor point="TOP">
							<Offset>
								<AbsDimension x="0" y="12"/>
							</Offset>
						</Anchor>
					</Anchors>
				</Texture>
				<FontString name="RHKeySpellVersionText" inherits="GameFontNormal" text="">
					<Anchors>
						<Anchor point="TOP" relativeTo="RHKeySpellTitleFrame">
							<Offset>
								<AbsDimension x="0" y="-14"/>
							</Offset>
						</Anchor>
					</Anchors>
				</FontString>
			</Layer>
		</Layers>			
		
		<Frames>
			<Frame name="RHKeySpellDropDown" inherits="UIDropDownMenuTemplate" id="2">
				<Anchors>
					<Anchor point="TOP" relativePoint="TOP">
						<Offset>
							<AbsDimension x="0" y="-50"/>
						</Offset>
					</Anchor>
				</Anchors>
				<Layers>
					<Layer level="OVERLAY">
						<FontString name="RHKeySpellDDText" inherits="GameFontNormal" justifyH="CENTER" text="">
							<Anchors>
								<Anchor point="BOTTOM" relativePoint="TOP">
									<Offset>
										<AbsDimension x="0" y="10"/>
									</Offset>
								</Anchor>
							</Anchors>
						</FontString>
					</Layer>
				</Layers>
				<Scripts>
					<OnLoad>
						RHKeySpellDropDown_OnLoad();
					</OnLoad>
					<OnShow>
						RHKeySpellDropDown_OnLoad();
					</OnShow>
					<OnEnter>
						GameTooltip:SetOwner(this, "ANCHOR_RIGHT");
						GameTooltip:SetText(RHKEYSPELL_DROPINSTR, 1, 1, 1, 1, 1);
					</OnEnter>
					<OnLeave>
						GameTooltip:Hide();
					</OnLeave>
				</Scripts>
			</Frame>
			<CheckButton name="RHKeySpellOORButt" inherits="ActionButtonTemplate">
				<Anchors>
					<Anchor point="TOPLEFT" relativeTo="$parent" relativePoint="TOPRIGHT">
						<Offset>
							<AbsDimension x="-100" y="-100"/>
						</Offset>
					</Anchor>
				</Anchors>
				<Layers>
					<Layer level="OVERLAY">
						<FontString name="RHKeySpellOORText" inherits="GameFontNormal" justifyH="LEFT" text="">
							<Anchors>
								<Anchor point="RIGHT" relativeTo="RHKeySpellOORButt" relativePoint="LEFT">
									<Offset>
										<AbsDimension x="-10" y="0"/>
									</Offset>
								</Anchor>
							</Anchors>
						</FontString>		
					</Layer>
				</Layers>
				<Scripts>
					<OnLoad>
						this:RegisterForDrag("LeftButton", "RightButton");
					</OnLoad>
					<OnClick>
						this:SetChecked(0);
					</OnClick>
					<OnEnter>
						RHKeySpellButt_OnEnter("oorange ui");
					</OnEnter>
					<OnReceiveDrag>
						RHKeySpellButt_OnReceiveDrag("oorange ui");
					</OnReceiveDrag>
					<OnDragStart>
						RHKeySpellButt_OnDragStart("oorange ui");
					</OnDragStart>
					<OnLeave>
						GameTooltip:Hide();
					</OnLeave>
				</Scripts>
			</CheckButton>
			<CheckButton name="RHKeySpellOORCheck" inherits="RangeHelpCheckButtonTemplate">
				<Anchors><Anchor point="LEFT" relativeTo="RHKeySpellOORButt" relativePoint="RIGHT">
					<Offset><AbsDimension x="15" y="0"/></Offset>
				</Anchor></Anchors>
				<Scripts>
					<OnEnter>
						GameTooltip:SetOwner(this, "ANCHOR_RIGHT");
						GameTooltip:SetText(RHKEYSPELL_CHECKINSTR, 1, 1, 1, 1, 1);
					</OnEnter>
					<OnLeave>
						GameTooltip:Hide();
					</OnLeave>
					<OnClick>
						RHKeySpellButt_OnCheckClick("oorange ui");
					</OnClick>
				</Scripts>
			</CheckButton>
			<CheckButton name="RHKeySpellRangeButt" inherits="ActionButtonTemplate">
				<Anchors>
					<Anchor point="TOPLEFT" relativeTo="RHKeySpellOORButt" relativePoint="BOTTOMLEFT">
						<Offset>
							<AbsDimension x="0" y="-8"/>
						</Offset>
					</Anchor>
				</Anchors>					
				<Layers>
					<Layer level="OVERLAY">
						<FontString name="RHKeySpellRangeText" inherits="GameFontNormal" justifyH="LEFT" text="">
							<Anchors>
								<Anchor point="RIGHT" relativeTo="RHKeySpellRangeButt" relativePoint="LEFT">
									<Offset>
										<AbsDimension x="-10" y="0"/>
									</Offset>
								</Anchor>
							</Anchors>
						</FontString>		
					</Layer>
				</Layers>
				<Scripts>
					<OnLoad>
						this:RegisterForDrag("LeftButton", "RightButton");
					</OnLoad>
					<OnClick>
						this:SetChecked(0);
					</OnClick>
					<OnEnter>
						RHKeySpellButt_OnEnter("range ui");
					</OnEnter>
					<OnReceiveDrag>
						RHKeySpellButt_OnReceiveDrag("range ui");
					</OnReceiveDrag>
					<OnDragStart>
						RHKeySpellButt_OnDragStart("range ui");
					</OnDragStart>
					<OnLeave>
						GameTooltip:Hide();
					</OnLeave>
				</Scripts>				
			</CheckButton>
			<CheckButton name="RHKeySpellRangeCheck" inherits="RangeHelpCheckButtonTemplate">
				<Anchors><Anchor point="LEFT" relativeTo="RHKeySpellRangeButt" relativePoint="RIGHT">
					<Offset><AbsDimension x="15" y="0"/></Offset>
				</Anchor></Anchors>
				<Scripts>
					<OnEnter>
						GameTooltip:SetOwner(this, "ANCHOR_RIGHT");
						GameTooltip:SetText(RHKEYSPELL_CHECKINSTR, 1, 1, 1, 1, 1);
					</OnEnter>
					<OnLeave>
						GameTooltip:Hide();
					</OnLeave>
					<OnClick>
						RHKeySpellButt_OnCheckClick("range ui");
					</OnClick>
				</Scripts>
			</CheckButton>
			<CheckButton name="RHKeySpellDZButt" inherits="ActionButtonTemplate">
				<Anchors>
					<Anchor point="TOPLEFT" relativeTo="RHKeySpellRangeButt" relativePoint="BOTTOMLEFT">
						<Offset>
							<AbsDimension x="0" y="-8"/>
						</Offset>
					</Anchor>
				</Anchors>
				<Layers>
					<Layer level="OVERLAY">
						<FontString name="RHKeySpellDZText" inherits="GameFontNormal" justifyH="LEFT" text="">
							<Anchors>
								<Anchor point="RIGHT" relativeTo="RHKeySpellDZButt" relativePoint="LEFT">
									<Offset>
										<AbsDimension x="-10" y="0"/>
									</Offset>
								</Anchor>
							</Anchors>
						</FontString>		
					</Layer>
				</Layers>
				<Scripts>
					<OnLoad>
						this:RegisterForDrag("LeftButton", "RightButton");
					</OnLoad>
					<OnClick>
						this:SetChecked(0);
					</OnClick>
					<OnEnter>
						RHKeySpellButt_OnEnter("dead ui");
					</OnEnter>
					<OnReceiveDrag>
						RHKeySpellButt_OnReceiveDrag("dead ui");
					</OnReceiveDrag>
					<OnDragStart>
						RHKeySpellButt_OnDragStart("dead ui");
					</OnDragStart>
					<OnLeave>
						GameTooltip:Hide();
					</OnLeave>
				</Scripts>
			</CheckButton>
			<CheckButton name="RHKeySpellDZCheck" inherits="RangeHelpCheckButtonTemplate">
				<Anchors><Anchor point="LEFT" relativeTo="RHKeySpellDZButt" relativePoint="RIGHT">
					<Offset><AbsDimension x="15" y="0"/></Offset>
				</Anchor></Anchors>
				<Scripts>
					<OnEnter>
						GameTooltip:SetOwner(this, "ANCHOR_RIGHT");
						GameTooltip:SetText(RHKEYSPELL_CHECKINSTR, 1, 1, 1, 1, 1);
					</OnEnter>
					<OnLeave>
						GameTooltip:Hide();
					</OnLeave>
					<OnClick>
						RHKeySpellButt_OnCheckClick("dead ui");
					</OnClick>
				</Scripts>
			</CheckButton>			
			<CheckButton name="RHKeySpellMeleeButt" inherits="ActionButtonTemplate">
				<Anchors>
					<Anchor point="TOPLEFT" relativeTo="RHKeySpellDZButt" relativePoint="BOTTOMLEFT">
						<Offset>
							<AbsDimension x="0" y="-8"/>
						</Offset>
					</Anchor>
				</Anchors>
				<Layers>
					<Layer level="OVERLAY">
						<FontString name="RHKeySpellMeleeText" inherits="GameFontNormal" justifyH="LEFT" text="">
							<Anchors>
								<Anchor point="RIGHT" relativeTo="RHKeySpellMeleeButt" relativePoint="LEFT">
									<Offset>
										<AbsDimension x="-10" y="0"/>
									</Offset>
								</Anchor>
							</Anchors>
						</FontString>		
					</Layer>
				</Layers>
				<Scripts>
					<OnLoad>
						this:RegisterForDrag("LeftButton", "RightButton");
					</OnLoad>
					<OnClick>
						this:SetChecked(0);
					</OnClick>					
					<OnEnter>
						RHKeySpellButt_OnEnter("melee ui");
					</OnEnter>
					<OnReceiveDrag>
						RHKeySpellButt_OnReceiveDrag("melee ui");
					</OnReceiveDrag>
					<OnDragStart>
						RHKeySpellButt_OnDragStart("melee ui");
					</OnDragStart>
					<OnLeave>
						GameTooltip:Hide();
					</OnLeave>
				</Scripts>
			</CheckButton>
			<CheckButton name="RHKeySpellMeleeCheck" inherits="RangeHelpCheckButtonTemplate">
				<Anchors><Anchor point="LEFT" relativeTo="RHKeySpellMeleeButt" relativePoint="RIGHT">
					<Offset><AbsDimension x="15" y="0"/></Offset>
				</Anchor></Anchors>
				<Scripts>
					<OnEnter>
						GameTooltip:SetOwner(this, "ANCHOR_RIGHT");
						GameTooltip:SetText(RHKEYSPELL_CHECKINSTR, 1, 1, 1, 1, 1);
					</OnEnter>
					<OnLeave>
						GameTooltip:Hide();
					</OnLeave>
					<OnClick>
						RHKeySpellButt_OnCheckClick("melee ui");
					</OnClick>
				</Scripts>
			</CheckButton>		
			<CheckButton name="RHKeySpellNoTargButt" inherits="ActionButtonTemplate">
				<Anchors>
					<Anchor point="TOPLEFT" relativeTo="RHKeySpellMeleeButt" relativePoint="BOTTOMLEFT">
						<Offset>
							<AbsDimension x="0" y="-8"/>
						</Offset>
					</Anchor>
				</Anchors>
				<Layers>
					<Layer level="OVERLAY">
						<FontString name="RHKeySpellNoTargText" inherits="GameFontNormal" justifyH="LEFT" text="">
							<Anchors>
								<Anchor point="RIGHT" relativeTo="RHKeySpellNoTargButt" relativePoint="LEFT">
									<Offset>
										<AbsDimension x="-10" y="0"/>
									</Offset>
								</Anchor>
							</Anchors>
						</FontString>		
					</Layer>
				</Layers>
				<Scripts>
					<OnLoad>
						this:RegisterForDrag("LeftButton", "RightButton");
					</OnLoad>
					<OnClick>
						this:SetChecked(0);
					</OnClick>					
					<OnEnter>
						RHKeySpellButt_OnEnter("notarg ui");
					</OnEnter>
					<OnReceiveDrag>
						RHKeySpellButt_OnReceiveDrag("notarg ui");
					</OnReceiveDrag>
					<OnDragStart>
						RHKeySpellButt_OnDragStart("notarg ui");
					</OnDragStart>
					<OnLeave>
						GameTooltip:Hide();
					</OnLeave>
				</Scripts>
			</CheckButton>
			<CheckButton name="RHKeySpellNoTargCheck" inherits="RangeHelpCheckButtonTemplate">
				<Anchors><Anchor point="LEFT" relativeTo="RHKeySpellNoTargButt" relativePoint="RIGHT">
					<Offset><AbsDimension x="15" y="0"/></Offset>
				</Anchor></Anchors>
				<Scripts>
					<OnEnter>
						GameTooltip:SetOwner(this, "ANCHOR_RIGHT");
						GameTooltip:SetText(RHKEYSPELL_CHECKINSTR, 1, 1, 1, 1, 1);
					</OnEnter>
					<OnLeave>
						GameTooltip:Hide();
					</OnLeave>
					<OnClick>
						RHKeySpellButt_OnCheckClick("notarg ui");
					</OnClick>
				</Scripts>
			</CheckButton>		
			<Button name="RHKeySpellOptionApply" inherits="GameMenuButtonTemplate" text="">
				<Size>
					<AbsDimension x="75" y="25"/>
				</Size>
				<Anchors>
					<Anchor point="BOTTOMLEFT" relativePoint="BOTTOMLEFT" relativeTo="$parent">
						<Offset><AbsDimension x="25" y="25" /></Offset>
					</Anchor>
				</Anchors>
				<Scripts><OnClick>RHKeySpellOption_ApplyBut();</OnClick></Scripts>
			</Button>
			<Button name="RHKeySpellOptionConfirm" inherits="GameMenuButtonTemplate" text="">
				<Size>
					<AbsDimension x="75" y="25"/>
				</Size>
				<Anchors>
					<Anchor point="TOPLEFT" relativePoint="TOPRIGHT" relativeTo="RHKeySpellOptionApply">
					</Anchor>
				</Anchors>
				<Scripts><OnClick>RHKeySpellUIOption_ConfirmBut();</OnClick></Scripts>
			</Button>
			<Button name="RHKeySpellOptionCancel" inherits="GameMenuButtonTemplate" text="">
				<Size>
					<AbsDimension x="75" y="25"/>
				</Size>
				<Anchors>
					<Anchor point="TOPLEFT" relativePoint="TOPRIGHT" relativeTo="RHKeySpellOptionConfirm">
					</Anchor>
				</Anchors>
				<Scripts><OnClick>RHKeySpellUIOption_CancelBut();</OnClick></Scripts>
			</Button>									
		</Frames>
		
		<Scripts>
			<OnLoad>
				RHKeySpellOption_OnLoad();
				this:RegisterForDrag("LeftButton");
			</OnLoad>
			<OnShow>
				RHKeySpellOption_OnShow();
			</OnShow>
			<OnEvent>
				RHKeySpellOption_OnEvent(event);
			</OnEvent>
			<OnDragStart>this:StartMoving(); </OnDragStart>
			<OnDragStop>this:StopMovingOrSizing(); </OnDragStop>
		</Scripts>

	</Frame>
</Ui>
