<Ui xmlns="http://www.blizzard.com/wow/ui/" xmlns:xsi="http://www.w3.org/2001/XMLSchema-instance" xsi:schemaLocation="http://www.blizzard.com/wow/ui/ ..\FrameXML\UI.xsd">
	<!-- These are the dropdowns for the Enchantment window -->
	<!-- They are defined here as hidden to allow them to properly inherit the UIDropDownTemplate -->
	<Frame name="SortEnchant_ArmorDropDown" inherits="UIDropDownMenuTemplate" parent="CraftFrame" id="2">
		<Anchors>
			<Anchor point="TOPRIGHT">
				<Offset>
					<AbsDimension x="-25" y="-66"/>
				</Offset>
			</Anchor>
		</Anchors>
		<Scripts>
			<OnLoad>
				SortEnchant.ArmorDropDown = this;
				this.Button = SortEnchant_ArmorDropDownButton;
				SortEnchant:ArmorDropDown_OnLoad();
			</OnLoad>
			<OnShow>
				SortEnchant:ArmorDropDown_OnShow();
			</OnShow>
		</Scripts>
	</Frame>
	<Frame name="SortEnchant_BonusDropDown" inherits="UIDropDownMenuTemplate" parent="CraftFrame" id="1">
		<Anchors>
			<Anchor point="RIGHT" relativeTo="SortEnchant_ArmorDropDown" relativePoint="LEFT">
				<Offset>
					<AbsDimension x="35" y="0"/>
				</Offset>
			</Anchor>
		</Anchors>
		<Scripts>
			<OnLoad>
				SortEnchant.BonusDropDown = this;
				this.Button = SortEnchant_BonusDropDownButton;
				SortEnchant:BonusDropDown_OnLoad();
			</OnLoad>
			<OnShow>
				SortEnchant:BonusDropDown_OnShow();
			</OnShow>
		</Scripts>
	</Frame>
</Ui>