<Ui xmlns="http://www.blizzard.com/wow/ui" xmlns:xsi="http://www.w3.org/2001/XMLSchema-instance">
  <!--Autogenerated by wowuides, Version=1.0.300.0, Culture=neutral, PublicKeyToken=null-->
  <Frame name="SCCNScrollDown" hidden="true" toplevel="true" movable="true" frameLevel="5" enableMouse="true">
    <!--<FrameSkin skinid="f15d4970-d66d-444e-bb2d-1ad102c87fed" frameid="f15d4971-d66d-444e-bb2d-1ad102c87fed" />-->
    <Size>
      <AbsDimension x="21" y="20" />
    </Size>
    <Anchors>
      <Anchor point="CENTER" relativeTo="UIParent">
        <Offset>
          <AbsDimension x="0" y="0" />
        </Offset>
      </Anchor>
    </Anchors>
    <Frames>
      <Button name="$parentButton1" toplevel="true" frameLevel="5" enableMouse="true">
        <!--<FrameSkin skinid="f15d4970-d66d-444e-bb2d-1ad102c87fed" frameid="f15d4973-d66d-444e-bb2d-1ad102c87fed" />-->
        <Size>
          <AbsDimension x="12" y="12" />
        </Size>
        <Anchors>
          <Anchor point="TOPLEFT">
            <Offset>
              <AbsDimension x="0" y="0" />
            </Offset>
          </Anchor>
        </Anchors>
        <Scripts>
          <OnHide>if ( SCCNScrollDown.isMoving ) then
SCCNScrollDown:StopMovingOrSizing();
SCCNScrollDown.isMoving = false;
end
</OnHide>
          <OnMouseDown>if ( ( ( not SCCNScrollDown.isLocked ) or ( SCCNScrollDown.isLocked == 0 ) ) and ( arg1 == "LeftButton" ) ) and IsControlKeyDown() then
SCCNScrollDown:StartMoving();
SCCNScrollDown.isMoving = true;
end
</OnMouseDown>
          <OnMouseUp>if ( SCCNScrollDown.isMoving ) then
SCCNScrollDown:StopMovingOrSizing();
SCCNScrollDown.isMoving = false;
SCCNScrollDown_X = SCCNScrollDown:GetRight();
SCCNScrollDown_Y = SCCNScrollDown:GetBottom();
end

</OnMouseUp>
          <OnClick>
if not IsControlKeyDown() then
local frame = "";
for i=1,7 do
frame = getglobal("ChatFrame"..i)
if frame then
frame:ScrollToBottom();
end
end
SCCNScrollDown:Hide();
end
</OnClick>
        </Scripts>
        <NormalTexture file="interface\buttons\ui-guildbutton-publicnote-up" />
        <PushedTexture file="Interface\Buttons\UI-Panel-Button-Down">
          <TexCoords left="0" right="0.625" top="0" bottom="0.6875" />
        </PushedTexture>
        <HighlightTexture file="interface\buttons\ui-common-mousehilight" alphaMode="ADD" />
        <PushedTextOffset x="0" y="0" />
      </Button>
    </Frames>
  </Frame>
</Ui>