<Ui xmlns="http://www.blizzard.com/wow/ui/" xmlns:xsi="http://www.w3.org/2001/XMLSchema-instance" xsi:schemaLocation="http://www.blizzard.com/wow/ui/">

    <Script file="util.lua"/>

    <Script file="localization.lua"/>
    <Script file="localization.fr.lua"/>
    <Script file="localization.de.lua"/>
    <Script file="localization.zh.lua"/>
    <Script file="localization.kr.lua"/>

    <Script file="WhisperCast.lua"/>

    <!-- The WhisperCast monitor -->
    <Frame name="WhisperCastFrame" frameStrata="LOW" enableMouse="false" movable="false" parent="UIParent" hidden="false">
        <Scripts>
            <OnLoad>
				if ( WhisperCast_OnLoad ) then
	                WhisperCast_OnLoad();
				end
            </OnLoad>
            <OnEvent>
				if ( WhisperCast_OnEvent ) then
	                WhisperCast_OnEvent(event);
				end
            </OnEvent>
            <OnUpdate>
				if ( WhisperCast_OnUpdate ) then
	                WhisperCast_OnUpdate(arg1);
				end
            </OnUpdate>
        </Scripts>
    </Frame>
	<GameTooltip name="WCTooltip" frameStrata="TOOLTIP" hidden="true" parent="UIParent" inherits="GameTooltipTemplate"/>
</Ui>
