<Bindings>
    <Binding name="WARDROBE1_BINDING" header="WARDROBE_HEADER">
        Wardrobe.Keybinding(1);
    </Binding>
    <Binding name="WARDROBE2_BINDING">
        Wardrobe.Keybinding(2);
    </Binding>
    <Binding name="WARDROBE3_BINDING">
        Wardrobe.Keybinding(3);
    </Binding>
    <Binding name="WARDROBE4_BINDING">
        Wardrobe.Keybinding(4);
    </Binding>
    <Binding name="WARDROBE5_BINDING">
        Wardrobe.Keybinding(5);
    </Binding>
    <Binding name="WARDROBE6_BINDING">
        Wardrobe.Keybinding(6);
    </Binding>
    <Binding name="WARDROBE7_BINDING">
        Wardrobe.Keybinding(7);
    </Binding>
    <Binding name="WARDROBE8_BINDING">
        Wardrobe.Keybinding(8);
    </Binding>
    <Binding name="WARDROBE9_BINDING">
        Wardrobe.Keybinding(9);
    </Binding>
    <Binding name="WARDROBE10_BINDING">
        Wardrobe.Keybinding(10);
    </Binding>
    <Binding name="WARDROBE11_BINDING">
        Wardrobe.Keybinding(11);
    </Binding>
    <Binding name="WARDROBE12_BINDING">
        Wardrobe.Keybinding(12);
    </Binding>
    <Binding name="WARDROBE13_BINDING">
        Wardrobe.Keybinding(13);
    </Binding>
    <Binding name="WARDROBE14_BINDING">
        Wardrobe.Keybinding(14);
    </Binding>
    <Binding name="WARDROBE15_BINDING">
        Wardrobe.Keybinding(15);
    </Binding>
    <Binding name="WARDROBE16_BINDING">
        Wardrobe.Keybinding(16);
    </Binding>
    <Binding name="WARDROBE17_BINDING">
        Wardrobe.Keybinding(17);
    </Binding>
    <Binding name="WARDROBE18_BINDING">
        Wardrobe.Keybinding(18);
    </Binding>
    <Binding name="WARDROBE19_BINDING">
        Wardrobe.Keybinding(19);
    </Binding>
    <Binding name="WARDROBE20_BINDING">
        Wardrobe.Keybinding(20);
    </Binding>
</Bindings>
